Price,Close,High,Low
Ticker,^TNX,^TNX,^TNX
Date,,,
1987-12-30 00:00:00,8.779999732971191,8.779999732971191,8.779999732971191
1987-12-31 00:00:00,8.829999923706055,8.829999923706055,8.829999923706055
1988-01-04 00:00:00,8.829999923706055,8.829999923706055,8.829999923706055
1988-01-05 00:00:00,8.760000228881836,8.760000228881836,8.760000228881836
1988-01-06 00:00:00,8.819999694824219,8.819999694824219,8.819999694824219
1988-01-07 00:00:00,8.829999923706055,8.829999923706055,8.829999923706055
1988-01-08 00:00:00,8.970000267028809,8.970000267028809,8.970000267028809
1988-01-11 00:00:00,8.9399995803833,8.9399995803833,8.9399995803833
1988-01-12 00:00:00,8.930000305175781,8.930000305175781,8.930000305175781
1988-01-13 00:00:00,8.869999885559082,8.869999885559082,8.869999885559082
1988-01-14 00:00:00,8.859999656677246,8.859999656677246,8.859999656677246
1988-01-15 00:00:00,8.600000381469727,8.600000381469727,8.600000381469727
1988-01-19 00:00:00,8.649999618530273,8.649999618530273,8.649999618530273
1988-01-20 00:00:00,8.609999656677246,8.609999656677246,8.609999656677246
1988-01-21 00:00:00,8.529999732971191,8.529999732971191,8.529999732971191
1988-01-22 00:00:00,8.489999771118164,8.489999771118164,8.489999771118164
1988-01-25 00:00:00,8.449999809265137,8.449999809265137,8.449999809265137
1988-01-26 00:00:00,8.539999961853027,8.539999961853027,8.539999961853027
1988-01-27 00:00:00,8.380000114440918,8.380000114440918,8.380000114440918
1988-01-28 00:00:00,8.329999923706055,8.329999923706055,8.329999923706055
1988-01-29 00:00:00,8.260000228881836,8.260000228881836,8.260000228881836
1988-02-01 00:00:00,8.260000228881836,8.260000228881836,8.260000228881836
1988-02-02 00:00:00,8.180000305175781,8.180000305175781,8.180000305175781
1988-02-03 00:00:00,8.210000038146973,8.210000038146973,8.210000038146973
1988-02-04 00:00:00,8.239999771118164,8.239999771118164,8.239999771118164
1988-02-05 00:00:00,8.119999885559082,8.119999885559082,8.119999885559082
1988-02-08 00:00:00,8.1899995803833,8.1899995803833,8.1899995803833
1988-02-09 00:00:00,8.15999984741211,8.15999984741211,8.15999984741211
1988-02-10 00:00:00,8.109999656677246,8.109999656677246,8.109999656677246
1988-02-11 00:00:00,8.15999984741211,8.15999984741211,8.15999984741211
1988-02-12 00:00:00,8.279999732971191,8.279999732971191,8.279999732971191
1988-02-16 00:00:00,8.3100004196167,8.3100004196167,8.3100004196167
1988-02-17 00:00:00,8.319999694824219,8.319999694824219,8.319999694824219
1988-02-18 00:00:00,8.279999732971191,8.279999732971191,8.279999732971191
1988-02-19 00:00:00,8.260000228881836,8.260000228881836,8.260000228881836
1988-02-22 00:00:00,8.239999771118164,8.239999771118164,8.239999771118164
1988-02-23 00:00:00,8.170000076293945,8.170000076293945,8.170000076293945
1988-02-24 00:00:00,8.180000305175781,8.180000305175781,8.180000305175781
1988-02-25 00:00:00,8.229999542236328,8.229999542236328,8.229999542236328
1988-02-26 00:00:00,8.180000305175781,8.180000305175781,8.180000305175781
1988-02-29 00:00:00,8.15999984741211,8.15999984741211,8.15999984741211
1988-03-01 00:00:00,8.149999618530273,8.149999618530273,8.149999618530273
1988-03-02 00:00:00,8.130000114440918,8.130000114440918,8.130000114440918
1988-03-03 00:00:00,8.119999885559082,8.119999885559082,8.119999885559082
1988-03-04 00:00:00,8.279999732971191,8.279999732971191,8.279999732971191
1988-03-07 00:00:00,8.300000190734863,8.300000190734863,8.300000190734863
1988-03-08 00:00:00,8.329999923706055,8.329999923706055,8.329999923706055
1988-03-09 00:00:00,8.319999694824219,8.319999694824219,8.319999694824219
1988-03-10 00:00:00,8.350000381469727,8.350000381469727,8.350000381469727
1988-03-11 00:00:00,8.289999961853027,8.289999961853027,8.289999961853027
1988-03-14 00:00:00,8.289999961853027,8.289999961853027,8.289999961853027
1988-03-15 00:00:00,8.300000190734863,8.300000190734863,8.300000190734863
1988-03-16 00:00:00,8.359999656677246,8.359999656677246,8.359999656677246
1988-03-17 00:00:00,8.300000190734863,8.300000190734863,8.300000190734863
1988-03-18 00:00:00,8.40999984741211,8.40999984741211,8.40999984741211
1988-03-21 00:00:00,8.470000267028809,8.470000267028809,8.470000267028809
1988-03-22 00:00:00,8.460000038146973,8.460000038146973,8.460000038146973
1988-03-23 00:00:00,8.470000267028809,8.470000267028809,8.470000267028809
1988-03-24 00:00:00,8.510000228881836,8.510000228881836,8.510000228881836
1988-03-25 00:00:00,8.470000267028809,8.470000267028809,8.470000267028809
1988-03-28 00:00:00,8.579999923706055,8.579999923706055,8.579999923706055
1988-03-29 00:00:00,8.5600004196167,8.5600004196167,8.5600004196167
1988-03-30 00:00:00,8.569999694824219,8.569999694824219,8.569999694824219
1988-03-31 00:00:00,8.569999694824219,8.569999694824219,8.569999694824219
1988-04-04 00:00:00,8.680000305175781,8.680000305175781,8.680000305175781
1988-04-05 00:00:00,8.670000076293945,8.670000076293945,8.670000076293945
1988-04-06 00:00:00,8.609999656677246,8.609999656677246,8.609999656677246
1988-04-07 00:00:00,8.600000381469727,8.600000381469727,8.600000381469727
1988-04-08 00:00:00,8.520000457763672,8.520000457763672,8.520000457763672
1988-04-11 00:00:00,8.59000015258789,8.59000015258789,8.59000015258789
1988-04-12 00:00:00,8.569999694824219,8.569999694824219,8.569999694824219
1988-04-13 00:00:00,8.5600004196167,8.5600004196167,8.5600004196167
1988-04-14 00:00:00,8.670000076293945,8.670000076293945,8.670000076293945
1988-04-15 00:00:00,8.739999771118164,8.739999771118164,8.739999771118164
1988-04-18 00:00:00,8.8100004196167,8.8100004196167,8.8100004196167
1988-04-19 00:00:00,8.8100004196167,8.8100004196167,8.8100004196167
1988-04-20 00:00:00,8.829999923706055,8.829999923706055,8.829999923706055
1988-04-21 00:00:00,8.819999694824219,8.819999694824219,8.819999694824219
1988-04-22 00:00:00,8.779999732971191,8.779999732971191,8.779999732971191
1988-04-25 00:00:00,8.779999732971191,8.779999732971191,8.779999732971191
1988-04-26 00:00:00,8.800000190734863,8.800000190734863,8.800000190734863
1988-04-27 00:00:00,8.800000190734863,8.800000190734863,8.800000190734863
1988-04-28 00:00:00,8.859999656677246,8.859999656677246,8.859999656677246
1988-04-29 00:00:00,8.869999885559082,8.869999885559082,8.869999885559082
1988-05-02 00:00:00,8.9399995803833,8.9399995803833,8.9399995803833
1988-05-03 00:00:00,8.890000343322754,8.890000343322754,8.890000343322754
1988-05-04 00:00:00,8.899999618530273,8.899999618530273,8.899999618530273
1988-05-05 00:00:00,8.920000076293945,8.920000076293945,8.920000076293945
1988-05-06 00:00:00,9.010000228881836,9.010000228881836,9.010000228881836
1988-05-09 00:00:00,9.029999732971191,9.029999732971191,9.029999732971191
1988-05-10 00:00:00,9.069999694824219,9.069999694824219,9.069999694824219
1988-05-11 00:00:00,9.050000190734863,9.050000190734863,9.050000190734863
1988-05-12 00:00:00,9.039999961853027,9.039999961853027,9.039999961853027
1988-05-13 00:00:00,9.0,9.0,9.0
1988-05-16 00:00:00,9.010000228881836,9.010000228881836,9.010000228881836
1988-05-17 00:00:00,9.119999885559082,9.119999885559082,9.119999885559082
1988-05-18 00:00:00,9.1899995803833,9.1899995803833,9.1899995803833
1988-05-19 00:00:00,9.180000305175781,9.180000305175781,9.180000305175781
1988-05-20 00:00:00,9.220000267028809,9.220000267028809,9.220000267028809
1988-05-23 00:00:00,9.229999542236328,9.229999542236328,9.229999542236328
1988-05-24 00:00:00,9.220000267028809,9.220000267028809,9.220000267028809
1988-05-25 00:00:00,9.199999809265137,9.199999809265137,9.199999809265137
1988-05-26 00:00:00,9.210000038146973,9.210000038146973,9.210000038146973
1988-05-27 00:00:00,9.239999771118164,9.239999771118164,9.239999771118164
1988-05-31 00:00:00,9.199999809265137,9.199999809265137,9.199999809265137
1988-06-01 00:00:00,9.029999732971191,9.029999732971191,9.029999732971191
1988-06-02 00:00:00,9.069999694824219,9.069999694824219,9.069999694824219
1988-06-03 00:00:00,8.970000267028809,8.970000267028809,8.970000267028809
1988-06-06 00:00:00,8.970000267028809,8.970000267028809,8.970000267028809
1988-06-07 00:00:00,9.020000457763672,9.020000457763672,9.020000457763672
1988-06-08 00:00:00,8.920000076293945,8.920000076293945,8.920000076293945
1988-06-09 00:00:00,8.960000038146973,8.960000038146973,8.960000038146973
1988-06-10 00:00:00,8.920000076293945,8.920000076293945,8.920000076293945
1988-06-13 00:00:00,8.90999984741211,8.90999984741211,8.90999984741211
1988-06-14 00:00:00,8.6899995803833,8.6899995803833,8.6899995803833
1988-06-15 00:00:00,8.710000038146973,8.710000038146973,8.710000038146973
1988-06-16 00:00:00,8.890000343322754,8.890000343322754,8.890000343322754
1988-06-17 00:00:00,9.020000457763672,9.020000457763672,9.020000457763672
1988-06-20 00:00:00,9.020000457763672,9.020000457763672,9.020000457763672
1988-06-21 00:00:00,9.029999732971191,9.029999732971191,9.029999732971191
1988-06-22 00:00:00,8.899999618530273,8.899999618530273,8.899999618530273
1988-06-23 00:00:00,8.880000114440918,8.880000114440918,8.880000114440918
1988-06-24 00:00:00,8.850000381469727,8.850000381469727,8.850000381469727
1988-06-27 00:00:00,8.9399995803833,8.9399995803833,8.9399995803833
1988-06-28 00:00:00,8.869999885559082,8.869999885559082,8.869999885559082
1988-06-29 00:00:00,8.880000114440918,8.880000114440918,8.880000114440918
1988-06-30 00:00:00,8.819999694824219,8.819999694824219,8.819999694824219
1988-07-01 00:00:00,8.770000457763672,8.770000457763672,8.770000457763672
1988-07-05 00:00:00,8.819999694824219,8.819999694824219,8.819999694824219
1988-07-06 00:00:00,8.90999984741211,8.90999984741211,8.90999984741211
1988-07-07 00:00:00,8.949999809265137,8.949999809265137,8.949999809265137
1988-07-08 00:00:00,9.039999961853027,9.039999961853027,9.039999961853027
1988-07-11 00:00:00,9.020000457763672,9.020000457763672,9.020000457763672
1988-07-12 00:00:00,9.079999923706055,9.079999923706055,9.079999923706055
1988-07-13 00:00:00,9.119999885559082,9.119999885559082,9.119999885559082
1988-07-14 00:00:00,9.119999885559082,9.119999885559082,9.119999885559082
1988-07-15 00:00:00,9.079999923706055,9.079999923706055,9.079999923706055
1988-07-18 00:00:00,9.149999618530273,9.149999618530273,9.149999618530273
1988-07-19 00:00:00,9.100000381469727,9.100000381469727,9.100000381469727
1988-07-20 00:00:00,9.109999656677246,9.109999656677246,9.109999656677246
1988-07-21 00:00:00,9.15999984741211,9.15999984741211,9.15999984741211
1988-07-22 00:00:00,9.109999656677246,9.109999656677246,9.109999656677246
1988-07-25 00:00:00,9.069999694824219,9.069999694824219,9.069999694824219
1988-07-26 00:00:00,9.09000015258789,9.09000015258789,9.09000015258789
1988-07-27 00:00:00,9.140000343322754,9.140000343322754,9.140000343322754
1988-07-28 00:00:00,9.15999984741211,9.15999984741211,9.15999984741211
1988-07-29 00:00:00,9.119999885559082,9.119999885559082,9.119999885559082
1988-08-01 00:00:00,9.069999694824219,9.069999694824219,9.069999694824219
1988-08-02 00:00:00,9.0,9.0,9.0
1988-08-03 00:00:00,9.039999961853027,9.039999961853027,9.039999961853027
1988-08-04 00:00:00,8.989999771118164,8.989999771118164,8.989999771118164
1988-08-05 00:00:00,9.119999885559082,9.119999885559082,9.119999885559082
1988-08-08 00:00:00,9.119999885559082,9.119999885559082,9.119999885559082
1988-08-09 00:00:00,9.199999809265137,9.199999809265137,9.199999809265137
1988-08-10 00:00:00,9.300000190734863,9.300000190734863,9.300000190734863
1988-08-11 00:00:00,9.350000381469727,9.350000381469727,9.350000381469727
1988-08-12 00:00:00,9.359999656677246,9.359999656677246,9.359999656677246
1988-08-15 00:00:00,9.369999885559082,9.369999885559082,9.369999885559082
1988-08-16 00:00:00,9.350000381469727,9.350000381469727,9.350000381469727
1988-08-17 00:00:00,9.380000114440918,9.380000114440918,9.380000114440918
1988-08-18 00:00:00,9.350000381469727,9.350000381469727,9.350000381469727
1988-08-19 00:00:00,9.350000381469727,9.350000381469727,9.350000381469727
1988-08-22 00:00:00,9.369999885559082,9.369999885559082,9.369999885559082
1988-08-23 00:00:00,9.319999694824219,9.319999694824219,9.319999694824219
1988-08-24 00:00:00,9.34000015258789,9.34000015258789,9.34000015258789
1988-08-25 00:00:00,9.40999984741211,9.40999984741211,9.40999984741211
1988-08-26 00:00:00,9.380000114440918,9.380000114440918,9.380000114440918
1988-08-29 00:00:00,9.300000190734863,9.300000190734863,9.300000190734863
1988-08-30 00:00:00,9.270000457763672,9.270000457763672,9.270000457763672
1988-08-31 00:00:00,9.25,9.25,9.25
1988-09-01 00:00:00,9.25,9.25,9.25
1988-09-02 00:00:00,9.0,9.0,9.0
1988-09-06 00:00:00,8.989999771118164,8.989999771118164,8.989999771118164
1988-09-07 00:00:00,8.989999771118164,8.989999771118164,8.989999771118164
1988-09-08 00:00:00,8.989999771118164,8.989999771118164,8.989999771118164
1988-09-09 00:00:00,8.930000305175781,8.930000305175781,8.930000305175781
1988-09-12 00:00:00,8.970000267028809,8.970000267028809,8.970000267028809
1988-09-13 00:00:00,8.9399995803833,8.9399995803833,8.9399995803833
1988-09-14 00:00:00,8.880000114440918,8.880000114440918,8.880000114440918
1988-09-15 00:00:00,8.90999984741211,8.90999984741211,8.90999984741211
1988-09-16 00:00:00,8.930000305175781,8.930000305175781,8.930000305175781
1988-09-19 00:00:00,8.970000267028809,8.970000267028809,8.970000267028809
1988-09-20 00:00:00,8.970000267028809,8.970000267028809,8.970000267028809
1988-09-21 00:00:00,8.930000305175781,8.930000305175781,8.930000305175781
1988-09-22 00:00:00,8.949999809265137,8.949999809265137,8.949999809265137
1988-09-23 00:00:00,8.970000267028809,8.970000267028809,8.970000267028809
1988-09-26 00:00:00,9.0,9.0,9.0
1988-09-27 00:00:00,9.039999961853027,9.039999961853027,9.039999961853027
1988-09-28 00:00:00,9.0600004196167,9.0600004196167,9.0600004196167
1988-09-29 00:00:00,8.979999542236328,8.979999542236328,8.979999542236328
1988-09-30 00:00:00,8.869999885559082,8.869999885559082,8.869999885559082
1988-10-03 00:00:00,8.84000015258789,8.84000015258789,8.84000015258789
1988-10-04 00:00:00,8.869999885559082,8.869999885559082,8.869999885559082
1988-10-05 00:00:00,8.869999885559082,8.869999885559082,8.869999885559082
1988-10-06 00:00:00,8.869999885559082,8.869999885559082,8.869999885559082
1988-10-07 00:00:00,8.699999809265137,8.699999809265137,8.699999809265137
1988-10-11 00:00:00,8.75,8.75,8.75
1988-10-12 00:00:00,8.84000015258789,8.84000015258789,8.84000015258789
1988-10-13 00:00:00,8.84000015258789,8.84000015258789,8.84000015258789
1988-10-14 00:00:00,8.8100004196167,8.8100004196167,8.8100004196167
1988-10-17 00:00:00,8.789999961853027,8.789999961853027,8.789999961853027
1988-10-18 00:00:00,8.779999732971191,8.779999732971191,8.779999732971191
1988-10-19 00:00:00,8.819999694824219,8.819999694824219,8.819999694824219
1988-10-20 00:00:00,8.789999961853027,8.789999961853027,8.789999961853027
1988-10-21 00:00:00,8.829999923706055,8.829999923706055,8.829999923706055
1988-10-24 00:00:00,8.829999923706055,8.829999923706055,8.829999923706055
1988-10-25 00:00:00,8.829999923706055,8.829999923706055,8.829999923706055
1988-10-26 00:00:00,8.789999961853027,8.789999961853027,8.789999961853027
1988-10-27 00:00:00,8.720000267028809,8.720000267028809,8.720000267028809
1988-10-28 00:00:00,8.6899995803833,8.6899995803833,8.6899995803833
1988-10-31 00:00:00,8.649999618530273,8.649999618530273,8.649999618530273
1988-11-01 00:00:00,8.680000305175781,8.680000305175781,8.680000305175781
1988-11-02 00:00:00,8.729999542236328,8.729999542236328,8.729999542236328
1988-11-03 00:00:00,8.6899995803833,8.6899995803833,8.6899995803833
1988-11-04 00:00:00,8.850000381469727,8.850000381469727,8.850000381469727
1988-11-07 00:00:00,8.90999984741211,8.90999984741211,8.90999984741211
1988-11-08 00:00:00,8.90999984741211,8.90999984741211,8.90999984741211
1988-11-09 00:00:00,8.90999984741211,8.90999984741211,8.90999984741211
1988-11-10 00:00:00,8.899999618530273,8.899999618530273,8.899999618530273
1988-11-14 00:00:00,8.90999984741211,8.90999984741211,8.90999984741211
1988-11-15 00:00:00,8.920000076293945,8.920000076293945,8.920000076293945
1988-11-16 00:00:00,9.0,9.0,9.0
1988-11-17 00:00:00,9.0600004196167,9.0600004196167,9.0600004196167
1988-11-18 00:00:00,9.050000190734863,9.050000190734863,9.050000190734863
1988-11-21 00:00:00,9.039999961853027,9.039999961853027,9.039999961853027
1988-11-22 00:00:00,9.09000015258789,9.09000015258789,9.09000015258789
1988-11-23 00:00:00,9.079999923706055,9.079999923706055,9.079999923706055
1988-11-25 00:00:00,9.170000076293945,9.170000076293945,9.170000076293945
1988-11-28 00:00:00,9.15999984741211,9.15999984741211,9.15999984741211
1988-11-29 00:00:00,9.130000114440918,9.130000114440918,9.130000114440918
1988-11-30 00:00:00,9.0600004196167,9.0600004196167,9.0600004196167
1988-12-01 00:00:00,9.010000228881836,9.010000228881836,9.010000228881836
1988-12-02 00:00:00,9.180000305175781,9.180000305175781,9.180000305175781
1988-12-05 00:00:00,9.130000114440918,9.130000114440918,9.130000114440918
1988-12-06 00:00:00,8.949999809265137,8.949999809265137,8.949999809265137
1988-12-07 00:00:00,9.0,9.0,9.0
1988-12-08 00:00:00,9.020000457763672,9.020000457763672,9.020000457763672
1988-12-09 00:00:00,9.069999694824219,9.069999694824219,9.069999694824219
1988-12-12 00:00:00,9.079999923706055,9.079999923706055,9.079999923706055
1988-12-13 00:00:00,9.149999618530273,9.149999618530273,9.149999618530273
1988-12-14 00:00:00,9.1899995803833,9.1899995803833,9.1899995803833
1988-12-15 00:00:00,9.1899995803833,9.1899995803833,9.1899995803833
1988-12-16 00:00:00,9.170000076293945,9.170000076293945,9.170000076293945
1988-12-19 00:00:00,9.149999618530273,9.149999618530273,9.149999618530273
1988-12-20 00:00:00,9.079999923706055,9.079999923706055,9.079999923706055
1988-12-21 00:00:00,9.069999694824219,9.069999694824219,9.069999694824219
1988-12-22 00:00:00,9.069999694824219,9.069999694824219,9.069999694824219
1988-12-23 00:00:00,9.050000190734863,9.050000190734863,9.050000190734863
1988-12-27 00:00:00,9.130000114440918,9.130000114440918,9.130000114440918
1988-12-28 00:00:00,9.210000038146973,9.210000038146973,9.210000038146973
1988-12-29 00:00:00,9.180000305175781,9.180000305175781,9.180000305175781
1988-12-30 00:00:00,9.140000343322754,9.140000343322754,9.140000343322754
1989-01-03 00:00:00,9.229999542236328,9.229999542236328,9.229999542236328
1989-01-04 00:00:00,9.220000267028809,9.220000267028809,9.220000267028809
1989-01-05 00:00:00,9.270000457763672,9.270000457763672,9.270000457763672
1989-01-06 00:00:00,9.25,9.25,9.25
1989-01-09 00:00:00,9.229999542236328,9.229999542236328,9.229999542236328
1989-01-10 00:00:00,9.239999771118164,9.239999771118164,9.239999771118164
1989-01-11 00:00:00,9.239999771118164,9.239999771118164,9.239999771118164
1989-01-12 00:00:00,9.140000343322754,9.140000343322754,9.140000343322754
1989-01-13 00:00:00,9.0600004196167,9.0600004196167,9.0600004196167
1989-01-17 00:00:00,9.0600004196167,9.0600004196167,9.0600004196167
1989-01-18 00:00:00,8.989999771118164,8.989999771118164,8.989999771118164
1989-01-19 00:00:00,9.0,9.0,9.0
1989-01-20 00:00:00,9.029999732971191,9.029999732971191,9.029999732971191
1989-01-23 00:00:00,9.0,9.0,9.0
1989-01-24 00:00:00,8.930000305175781,8.930000305175781,8.930000305175781
1989-01-25 00:00:00,8.989999771118164,8.989999771118164,8.989999771118164
1989-01-26 00:00:00,8.989999771118164,8.989999771118164,8.989999771118164
1989-01-27 00:00:00,8.949999809265137,8.949999809265137,8.949999809265137
1989-01-30 00:00:00,9.0,9.0,9.0
1989-01-31 00:00:00,9.010000228881836,9.010000228881836,9.010000228881836
1989-02-01 00:00:00,8.989999771118164,8.989999771118164,8.989999771118164
1989-02-02 00:00:00,8.979999542236328,8.979999542236328,8.979999542236328
1989-02-03 00:00:00,9.010000228881836,9.010000228881836,9.010000228881836
1989-02-06 00:00:00,9.010000228881836,9.010000228881836,9.010000228881836
1989-02-07 00:00:00,8.960000038146973,8.960000038146973,8.960000038146973
1989-02-08 00:00:00,8.949999809265137,8.949999809265137,8.949999809265137
1989-02-09 00:00:00,9.130000114440918,9.130000114440918,9.130000114440918
1989-02-10 00:00:00,9.1899995803833,9.1899995803833,9.1899995803833
1989-02-13 00:00:00,9.199999809265137,9.199999809265137,9.199999809265137
1989-02-14 00:00:00,9.229999542236328,9.229999542236328,9.229999542236328
1989-02-15 00:00:00,9.220000267028809,9.220000267028809,9.220000267028809
1989-02-16 00:00:00,9.210000038146973,9.210000038146973,9.210000038146973
1989-02-17 00:00:00,9.199999809265137,9.199999809265137,9.199999809265137
1989-02-21 00:00:00,9.220000267028809,9.220000267028809,9.220000267028809
1989-02-22 00:00:00,9.289999961853027,9.289999961853027,9.289999961853027
1989-02-23 00:00:00,9.359999656677246,9.359999656677246,9.359999656677246
1989-02-24 00:00:00,9.380000114440918,9.380000114440918,9.380000114440918
1989-02-27 00:00:00,9.359999656677246,9.359999656677246,9.359999656677246
1989-02-28 00:00:00,9.319999694824219,9.319999694824219,9.319999694824219
1989-03-01 00:00:00,9.359999656677246,9.359999656677246,9.359999656677246
1989-03-02 00:00:00,9.3100004196167,9.3100004196167,9.3100004196167
1989-03-03 00:00:00,9.3100004196167,9.3100004196167,9.3100004196167
1989-03-06 00:00:00,9.260000228881836,9.260000228881836,9.260000228881836
1989-03-07 00:00:00,9.260000228881836,9.260000228881836,9.260000228881836
1989-03-08 00:00:00,9.229999542236328,9.229999542236328,9.229999542236328
1989-03-09 00:00:00,9.239999771118164,9.239999771118164,9.239999771118164
1989-03-10 00:00:00,9.34000015258789,9.34000015258789,9.34000015258789
1989-03-13 00:00:00,9.350000381469727,9.350000381469727,9.350000381469727
1989-03-14 00:00:00,9.319999694824219,9.319999694824219,9.319999694824219
1989-03-15 00:00:00,9.3100004196167,9.3100004196167,9.3100004196167
1989-03-16 00:00:00,9.300000190734863,9.300000190734863,9.300000190734863
1989-03-17 00:00:00,9.489999771118164,9.489999771118164,9.489999771118164
1989-03-20 00:00:00,9.529999732971191,9.529999732971191,9.529999732971191
1989-03-21 00:00:00,9.529999732971191,9.529999732971191,9.529999732971191
1989-03-22 00:00:00,9.449999809265137,9.449999809265137,9.449999809265137
1989-03-23 00:00:00,9.430000305175781,9.430000305175781,9.430000305175781
1989-03-27 00:00:00,9.4399995803833,9.4399995803833,9.4399995803833
1989-03-28 00:00:00,9.40999984741211,9.40999984741211,9.40999984741211
1989-03-29 00:00:00,9.359999656677246,9.359999656677246,9.359999656677246
1989-03-30 00:00:00,9.34000015258789,9.34000015258789,9.34000015258789
1989-03-31 00:00:00,9.300000190734863,9.300000190734863,9.300000190734863
1989-04-03 00:00:00,9.210000038146973,9.210000038146973,9.210000038146973
1989-04-04 00:00:00,9.170000076293945,9.170000076293945,9.170000076293945
1989-04-05 00:00:00,9.170000076293945,9.170000076293945,9.170000076293945
1989-04-06 00:00:00,9.199999809265137,9.199999809265137,9.199999809265137
1989-04-07 00:00:00,9.270000457763672,9.270000457763672,9.270000457763672
1989-04-10 00:00:00,9.270000457763672,9.270000457763672,9.270000457763672
1989-04-11 00:00:00,9.270000457763672,9.270000457763672,9.270000457763672
1989-04-12 00:00:00,9.289999961853027,9.289999961853027,9.289999961853027
1989-04-13 00:00:00,9.34000015258789,9.34000015258789,9.34000015258789
1989-04-14 00:00:00,9.180000305175781,9.180000305175781,9.180000305175781
1989-04-17 00:00:00,9.199999809265137,9.199999809265137,9.199999809265137
1989-04-18 00:00:00,9.0600004196167,9.0600004196167,9.0600004196167
1989-04-19 00:00:00,9.079999923706055,9.079999923706055,9.079999923706055
1989-04-20 00:00:00,9.199999809265137,9.199999809265137,9.199999809265137
1989-04-21 00:00:00,9.149999618530273,9.149999618530273,9.149999618530273
1989-04-24 00:00:00,9.149999618530273,9.149999618530273,9.149999618530273
1989-04-25 00:00:00,9.119999885559082,9.119999885559082,9.119999885559082
1989-04-26 00:00:00,9.109999656677246,9.109999656677246,9.109999656677246
1989-04-27 00:00:00,9.050000190734863,9.050000190734863,9.050000190734863
1989-04-28 00:00:00,9.020000457763672,9.020000457763672,9.020000457763672
1989-05-01 00:00:00,9.140000343322754,9.140000343322754,9.140000343322754
1989-05-02 00:00:00,9.079999923706055,9.079999923706055,9.079999923706055
1989-05-03 00:00:00,9.0600004196167,9.0600004196167,9.0600004196167
1989-05-04 00:00:00,9.0600004196167,9.0600004196167,9.0600004196167
1989-05-05 00:00:00,8.989999771118164,8.989999771118164,8.989999771118164
1989-05-08 00:00:00,9.039999961853027,9.039999961853027,9.039999961853027
1989-05-09 00:00:00,9.149999618530273,9.149999618530273,9.149999618530273
1989-05-10 00:00:00,9.15999984741211,9.15999984741211,9.15999984741211
1989-05-11 00:00:00,9.100000381469727,9.100000381469727,9.100000381469727
1989-05-12 00:00:00,8.8100004196167,8.8100004196167,8.8100004196167
1989-05-15 00:00:00,8.819999694824219,8.819999694824219,8.819999694824219
1989-05-16 00:00:00,8.819999694824219,8.819999694824219,8.819999694824219
1989-05-17 00:00:00,8.800000190734863,8.800000190734863,8.800000190734863
1989-05-18 00:00:00,8.779999732971191,8.779999732971191,8.779999732971191
1989-05-19 00:00:00,8.710000038146973,8.710000038146973,8.710000038146973
1989-05-22 00:00:00,8.579999923706055,8.579999923706055,8.579999923706055
1989-05-23 00:00:00,8.600000381469727,8.600000381469727,8.600000381469727
1989-05-24 00:00:00,8.630000114440918,8.630000114440918,8.630000114440918
1989-05-25 00:00:00,8.670000076293945,8.670000076293945,8.670000076293945
1989-05-26 00:00:00,8.65999984741211,8.65999984741211,8.65999984741211
1989-05-30 00:00:00,8.640000343322754,8.640000343322754,8.640000343322754
1989-05-31 00:00:00,8.600000381469727,8.600000381469727,8.600000381469727
1989-06-01 00:00:00,8.609999656677246,8.609999656677246,8.609999656677246
1989-06-02 00:00:00,8.430000305175781,8.430000305175781,8.430000305175781
1989-06-05 00:00:00,8.359999656677246,8.359999656677246,8.359999656677246
1989-06-06 00:00:00,8.359999656677246,8.359999656677246,8.359999656677246
1989-06-07 00:00:00,8.270000457763672,8.270000457763672,8.270000457763672
1989-06-08 00:00:00,8.270000457763672,8.270000457763672,8.270000457763672
1989-06-09 00:00:00,8.149999618530273,8.149999618530273,8.149999618530273
1989-06-12 00:00:00,8.15999984741211,8.15999984741211,8.15999984741211
1989-06-13 00:00:00,8.25,8.25,8.25
1989-06-14 00:00:00,8.199999809265137,8.199999809265137,8.199999809265137
1989-06-15 00:00:00,8.329999923706055,8.329999923706055,8.329999923706055
1989-06-16 00:00:00,8.350000381469727,8.350000381469727,8.350000381469727
1989-06-19 00:00:00,8.369999885559082,8.369999885559082,8.369999885559082
1989-06-20 00:00:00,8.3100004196167,8.3100004196167,8.3100004196167
1989-06-21 00:00:00,8.369999885559082,8.369999885559082,8.369999885559082
1989-06-22 00:00:00,8.380000114440918,8.380000114440918,8.380000114440918
1989-06-23 00:00:00,8.25,8.25,8.25
1989-06-26 00:00:00,8.180000305175781,8.180000305175781,8.180000305175781
1989-06-27 00:00:00,8.109999656677246,8.109999656677246,8.109999656677246
1989-06-28 00:00:00,8.170000076293945,8.170000076293945,8.170000076293945
1989-06-29 00:00:00,8.119999885559082,8.119999885559082,8.119999885559082
1989-06-30 00:00:00,8.100000381469727,8.100000381469727,8.100000381469727
1989-07-03 00:00:00,8.09000015258789,8.09000015258789,8.09000015258789
1989-07-05 00:00:00,8.109999656677246,8.109999656677246,8.109999656677246
1989-07-06 00:00:00,8.079999923706055,8.079999923706055,8.079999923706055
1989-07-07 00:00:00,8.020000457763672,8.020000457763672,8.020000457763672
1989-07-10 00:00:00,7.989999771118164,7.989999771118164,7.989999771118164
1989-07-11 00:00:00,8.0,8.0,8.0
1989-07-12 00:00:00,8.0,8.0,8.0
1989-07-13 00:00:00,8.0,8.0,8.0
1989-07-14 00:00:00,8.039999961853027,8.039999961853027,8.039999961853027
1989-07-17 00:00:00,8.050000190734863,8.050000190734863,8.050000190734863
1989-07-18 00:00:00,8.130000114440918,8.130000114440918,8.130000114440918
1989-07-19 00:00:00,8.09000015258789,8.09000015258789,8.09000015258789
1989-07-20 00:00:00,8.010000228881836,8.010000228881836,8.010000228881836
1989-07-21 00:00:00,8.069999694824219,8.069999694824219,8.069999694824219
1989-07-24 00:00:00,8.050000190734863,8.050000190734863,8.050000190734863
1989-07-25 00:00:00,8.010000228881836,8.010000228881836,8.010000228881836
1989-07-26 00:00:00,8.020000457763672,8.020000457763672,8.020000457763672
1989-07-27 00:00:00,7.920000076293945,7.920000076293945,7.920000076293945
1989-07-28 00:00:00,7.869999885559082,7.869999885559082,7.869999885559082
1989-07-31 00:00:00,7.820000171661377,7.820000171661377,7.820000171661377
1989-08-01 00:00:00,7.739999771118164,7.739999771118164,7.739999771118164
1989-08-02 00:00:00,7.760000228881836,7.760000228881836,7.760000228881836
1989-08-03 00:00:00,7.800000190734863,7.800000190734863,7.800000190734863
1989-08-04 00:00:00,8.0,8.0,8.0
1989-08-07 00:00:00,8.029999732971191,8.029999732971191,8.029999732971191
1989-08-08 00:00:00,8.0,8.0,8.0
1989-08-09 00:00:00,8.050000190734863,8.050000190734863,8.050000190734863
1989-08-10 00:00:00,8.020000457763672,8.020000457763672,8.020000457763672
1989-08-11 00:00:00,8.09000015258789,8.09000015258789,8.09000015258789
1989-08-14 00:00:00,8.239999771118164,8.239999771118164,8.239999771118164
1989-08-15 00:00:00,8.210000038146973,8.210000038146973,8.210000038146973
1989-08-16 00:00:00,8.119999885559082,8.119999885559082,8.119999885559082
1989-08-17 00:00:00,8.180000305175781,8.180000305175781,8.180000305175781
1989-08-18 00:00:00,8.149999618530273,8.149999618530273,8.149999618530273
1989-08-21 00:00:00,8.199999809265137,8.199999809265137,8.199999809265137
1989-08-22 00:00:00,8.289999961853027,8.289999961853027,8.289999961853027
1989-08-23 00:00:00,8.25,8.25,8.25
1989-08-24 00:00:00,8.199999809265137,8.199999809265137,8.199999809265137
1989-08-25 00:00:00,8.210000038146973,8.210000038146973,8.210000038146973
1989-08-28 00:00:00,8.270000457763672,8.270000457763672,8.270000457763672
1989-08-29 00:00:00,8.270000457763672,8.270000457763672,8.270000457763672
1989-08-30 00:00:00,8.25,8.25,8.25
1989-08-31 00:00:00,8.260000228881836,8.260000228881836,8.260000228881836
1989-09-01 00:00:00,8.1899995803833,8.1899995803833,8.1899995803833
1989-09-05 00:00:00,8.1899995803833,8.1899995803833,8.1899995803833
1989-09-06 00:00:00,8.170000076293945,8.170000076293945,8.170000076293945
1989-09-07 00:00:00,8.170000076293945,8.170000076293945,8.170000076293945
1989-09-08 00:00:00,8.140000343322754,8.140000343322754,8.140000343322754
1989-09-11 00:00:00,8.130000114440918,8.130000114440918,8.130000114440918
1989-09-12 00:00:00,8.130000114440918,8.130000114440918,8.130000114440918
1989-09-13 00:00:00,8.180000305175781,8.180000305175781,8.180000305175781
1989-09-14 00:00:00,8.130000114440918,8.130000114440918,8.130000114440918
1989-09-15 00:00:00,8.09000015258789,8.09000015258789,8.09000015258789
1989-09-18 00:00:00,8.100000381469727,8.100000381469727,8.100000381469727
1989-09-19 00:00:00,8.09000015258789,8.09000015258789,8.09000015258789
1989-09-20 00:00:00,8.149999618530273,8.149999618530273,8.149999618530273
1989-09-21 00:00:00,8.199999809265137,8.199999809265137,8.199999809265137
1989-09-22 00:00:00,8.220000267028809,8.220000267028809,8.220000267028809
1989-09-25 00:00:00,8.319999694824219,8.319999694824219,8.319999694824219
1989-09-26 00:00:00,8.300000190734863,8.300000190734863,8.300000190734863
1989-09-27 00:00:00,8.300000190734863,8.300000190734863,8.300000190734863
1989-09-28 00:00:00,8.300000190734863,8.300000190734863,8.300000190734863
1989-09-29 00:00:00,8.3100004196167,8.3100004196167,8.3100004196167
1989-10-02 00:00:00,8.279999732971191,8.279999732971191,8.279999732971191
1989-10-03 00:00:00,8.229999542236328,8.229999542236328,8.229999542236328
1989-10-04 00:00:00,8.220000267028809,8.220000267028809,8.220000267028809
1989-10-05 00:00:00,8.149999618530273,8.149999618530273,8.149999618530273
1989-10-06 00:00:00,8.029999732971191,8.029999732971191,8.029999732971191
1989-10-10 00:00:00,8.029999732971191,8.029999732971191,8.029999732971191
1989-10-11 00:00:00,8.069999694824219,8.069999694824219,8.069999694824219
1989-10-12 00:00:00,8.039999961853027,8.039999961853027,8.039999961853027
1989-10-13 00:00:00,7.869999885559082,7.869999885559082,7.869999885559082
1989-10-16 00:00:00,7.980000019073486,7.980000019073486,7.980000019073486
1989-10-17 00:00:00,8.0,8.0,8.0
1989-10-18 00:00:00,8.010000228881836,8.010000228881836,8.010000228881836
1989-10-19 00:00:00,7.960000038146973,7.960000038146973,7.960000038146973
1989-10-20 00:00:00,7.980000019073486,7.980000019073486,7.980000019073486
1989-10-23 00:00:00,7.920000076293945,7.920000076293945,7.920000076293945
1989-10-24 00:00:00,7.869999885559082,7.869999885559082,7.869999885559082
1989-10-25 00:00:00,7.860000133514404,7.860000133514404,7.860000133514404
1989-10-26 00:00:00,7.880000114440918,7.880000114440918,7.880000114440918
1989-10-27 00:00:00,7.940000057220459,7.940000057220459,7.940000057220459
1989-10-30 00:00:00,7.920000076293945,7.920000076293945,7.920000076293945
1989-10-31 00:00:00,7.920000076293945,7.920000076293945,7.920000076293945
1989-11-01 00:00:00,7.909999847412109,7.909999847412109,7.909999847412109
1989-11-02 00:00:00,7.869999885559082,7.869999885559082,7.869999885559082
1989-11-03 00:00:00,7.960000038146973,7.960000038146973,7.960000038146973
1989-11-06 00:00:00,8.0,8.0,8.0
1989-11-07 00:00:00,7.900000095367432,7.900000095367432,7.900000095367432
1989-11-08 00:00:00,7.869999885559082,7.869999885559082,7.869999885559082
1989-11-09 00:00:00,7.900000095367432,7.900000095367432,7.900000095367432
1989-11-10 00:00:00,7.920000076293945,7.920000076293945,7.920000076293945
1989-11-13 00:00:00,7.889999866485596,7.889999866485596,7.889999866485596
1989-11-14 00:00:00,7.869999885559082,7.869999885559082,7.869999885559082
1989-11-15 00:00:00,7.820000171661377,7.820000171661377,7.820000171661377
1989-11-16 00:00:00,7.820000171661377,7.820000171661377,7.820000171661377
1989-11-17 00:00:00,7.880000114440918,7.880000114440918,7.880000114440918
1989-11-20 00:00:00,7.860000133514404,7.860000133514404,7.860000133514404
1989-11-21 00:00:00,7.849999904632568,7.849999904632568,7.849999904632568
1989-11-22 00:00:00,7.809999942779541,7.809999942779541,7.809999942779541
1989-11-24 00:00:00,7.800000190734863,7.800000190734863,7.800000190734863
1989-11-27 00:00:00,7.849999904632568,7.849999904632568,7.849999904632568
1989-11-28 00:00:00,7.860000133514404,7.860000133514404,7.860000133514404
1989-11-29 00:00:00,7.880000114440918,7.880000114440918,7.880000114440918
1989-11-30 00:00:00,7.840000152587891,7.840000152587891,7.840000152587891
1989-12-01 00:00:00,7.809999942779541,7.809999942779541,7.809999942779541
1989-12-04 00:00:00,7.820000171661377,7.820000171661377,7.820000171661377
1989-12-05 00:00:00,7.820000171661377,7.820000171661377,7.820000171661377
1989-12-06 00:00:00,7.849999904632568,7.849999904632568,7.849999904632568
1989-12-07 00:00:00,7.880000114440918,7.880000114440918,7.880000114440918
1989-12-08 00:00:00,7.820000171661377,7.820000171661377,7.820000171661377
1989-12-11 00:00:00,7.829999923706055,7.829999923706055,7.829999923706055
1989-12-12 00:00:00,7.840000152587891,7.840000152587891,7.840000152587891
1989-12-13 00:00:00,7.820000171661377,7.820000171661377,7.820000171661377
1989-12-14 00:00:00,7.789999961853027,7.789999961853027,7.789999961853027
1989-12-15 00:00:00,7.800000190734863,7.800000190734863,7.800000190734863
1989-12-18 00:00:00,7.769999980926514,7.769999980926514,7.769999980926514
1989-12-19 00:00:00,7.78000020980835,7.78000020980835,7.78000020980835
1989-12-20 00:00:00,7.769999980926514,7.769999980926514,7.769999980926514
1989-12-21 00:00:00,7.769999980926514,7.769999980926514,7.769999980926514
1989-12-22 00:00:00,7.820000171661377,7.820000171661377,7.820000171661377
1989-12-26 00:00:00,7.949999809265137,7.949999809265137,7.949999809265137
1989-12-27 00:00:00,7.940000057220459,7.940000057220459,7.940000057220459
1989-12-28 00:00:00,7.909999847412109,7.909999847412109,7.909999847412109
1989-12-29 00:00:00,7.929999828338623,7.929999828338623,7.929999828338623
1990-01-02 00:00:00,7.940000057220459,7.940000057220459,7.940000057220459
1990-01-03 00:00:00,7.989999771118164,7.989999771118164,7.989999771118164
1990-01-04 00:00:00,7.980000019073486,7.980000019073486,7.980000019073486
1990-01-05 00:00:00,7.989999771118164,7.989999771118164,7.989999771118164
1990-01-08 00:00:00,8.020000457763672,8.020000457763672,8.020000457763672
1990-01-09 00:00:00,8.020000457763672,8.020000457763672,8.020000457763672
1990-01-10 00:00:00,8.029999732971191,8.029999732971191,8.029999732971191
1990-01-11 00:00:00,8.039999961853027,8.039999961853027,8.039999961853027
1990-01-12 00:00:00,8.100000381469727,8.100000381469727,8.100000381469727
1990-01-16 00:00:00,8.199999809265137,8.199999809265137,8.199999809265137
1990-01-17 00:00:00,8.1899995803833,8.1899995803833,8.1899995803833
1990-01-18 00:00:00,8.319999694824219,8.319999694824219,8.319999694824219
1990-01-19 00:00:00,8.260000228881836,8.260000228881836,8.260000228881836
1990-01-22 00:00:00,8.270000457763672,8.270000457763672,8.270000457763672
1990-01-23 00:00:00,8.260000228881836,8.260000228881836,8.260000228881836
1990-01-24 00:00:00,8.380000114440918,8.380000114440918,8.380000114440918
1990-01-25 00:00:00,8.420000076293945,8.420000076293945,8.420000076293945
1990-01-26 00:00:00,8.489999771118164,8.489999771118164,8.489999771118164
1990-01-29 00:00:00,8.5,8.5,8.5
1990-01-30 00:00:00,8.510000228881836,8.510000228881836,8.510000228881836
1990-01-31 00:00:00,8.430000305175781,8.430000305175781,8.430000305175781
1990-02-01 00:00:00,8.420000076293945,8.420000076293945,8.420000076293945
1990-02-02 00:00:00,8.5,8.5,8.5
1990-02-05 00:00:00,8.529999732971191,8.529999732971191,8.529999732971191
1990-02-06 00:00:00,8.569999694824219,8.569999694824219,8.569999694824219
1990-02-07 00:00:00,8.520000457763672,8.520000457763672,8.520000457763672
1990-02-08 00:00:00,8.489999771118164,8.489999771118164,8.489999771118164
1990-02-09 00:00:00,8.3100004196167,8.3100004196167,8.3100004196167
1990-02-12 00:00:00,8.399999618530273,8.399999618530273,8.399999618530273
1990-02-13 00:00:00,8.350000381469727,8.350000381469727,8.350000381469727
1990-02-14 00:00:00,8.359999656677246,8.359999656677246,8.359999656677246
1990-02-15 00:00:00,8.430000305175781,8.430000305175781,8.430000305175781
1990-02-16 00:00:00,8.420000076293945,8.420000076293945,8.420000076293945
1990-02-20 00:00:00,8.619999885559082,8.619999885559082,8.619999885559082
1990-02-21 00:00:00,8.619999885559082,8.619999885559082,8.619999885559082
1990-02-22 00:00:00,8.539999961853027,8.539999961853027,8.539999961853027
1990-02-23 00:00:00,8.529999732971191,8.529999732971191,8.529999732971191
1990-02-26 00:00:00,8.460000038146973,8.460000038146973,8.460000038146973
1990-02-27 00:00:00,8.40999984741211,8.40999984741211,8.40999984741211
1990-02-28 00:00:00,8.510000228881836,8.510000228881836,8.510000228881836
1990-03-01 00:00:00,8.59000015258789,8.59000015258789,8.59000015258789
1990-03-02 00:00:00,8.539999961853027,8.539999961853027,8.539999961853027
1990-03-05 00:00:00,8.649999618530273,8.649999618530273,8.649999618530273
1990-03-06 00:00:00,8.59000015258789,8.59000015258789,8.59000015258789
1990-03-07 00:00:00,8.579999923706055,8.579999923706055,8.579999923706055
1990-03-08 00:00:00,8.569999694824219,8.569999694824219,8.569999694824219
1990-03-09 00:00:00,8.649999618530273,8.649999618530273,8.649999618530273
1990-03-12 00:00:00,8.630000114440918,8.630000114440918,8.630000114440918
1990-03-13 00:00:00,8.729999542236328,8.729999542236328,8.729999542236328
1990-03-14 00:00:00,8.649999618530273,8.649999618530273,8.649999618530273
1990-03-15 00:00:00,8.65999984741211,8.65999984741211,8.65999984741211
1990-03-16 00:00:00,8.59000015258789,8.59000015258789,8.59000015258789
1990-03-19 00:00:00,8.59000015258789,8.59000015258789,8.59000015258789
1990-03-20 00:00:00,8.539999961853027,8.539999961853027,8.539999961853027
1990-03-21 00:00:00,8.550000190734863,8.550000190734863,8.550000190734863
1990-03-22 00:00:00,8.529999732971191,8.529999732971191,8.529999732971191
1990-03-23 00:00:00,8.520000457763672,8.520000457763672,8.520000457763672
1990-03-26 00:00:00,8.510000228881836,8.510000228881836,8.510000228881836
1990-03-27 00:00:00,8.520000457763672,8.520000457763672,8.520000457763672
1990-03-28 00:00:00,8.510000228881836,8.510000228881836,8.510000228881836
1990-03-29 00:00:00,8.600000381469727,8.600000381469727,8.600000381469727
1990-03-30 00:00:00,8.649999618530273,8.649999618530273,8.649999618530273
1990-04-02 00:00:00,8.649999618530273,8.649999618530273,8.649999618530273
1990-04-03 00:00:00,8.630000114440918,8.630000114440918,8.630000114440918
1990-04-04 00:00:00,8.550000190734863,8.550000190734863,8.550000190734863
1990-04-05 00:00:00,8.569999694824219,8.569999694824219,8.569999694824219
1990-04-06 00:00:00,8.5600004196167,8.5600004196167,8.5600004196167
1990-04-09 00:00:00,8.59000015258789,8.59000015258789,8.59000015258789
1990-04-10 00:00:00,8.600000381469727,8.600000381469727,8.600000381469727
1990-04-11 00:00:00,8.630000114440918,8.630000114440918,8.630000114440918
1990-04-12 00:00:00,8.640000343322754,8.640000343322754,8.640000343322754
1990-04-16 00:00:00,8.680000305175781,8.680000305175781,8.680000305175781
1990-04-17 00:00:00,8.770000457763672,8.770000457763672,8.770000457763672
1990-04-18 00:00:00,8.859999656677246,8.859999656677246,8.859999656677246
1990-04-19 00:00:00,8.869999885559082,8.869999885559082,8.869999885559082
1990-04-20 00:00:00,8.949999809265137,8.949999809265137,8.949999809265137
1990-04-23 00:00:00,8.979999542236328,8.979999542236328,8.979999542236328
1990-04-24 00:00:00,9.0,9.0,9.0
1990-04-25 00:00:00,9.010000228881836,9.010000228881836,9.010000228881836
1990-04-26 00:00:00,9.069999694824219,9.069999694824219,9.069999694824219
1990-04-27 00:00:00,9.0600004196167,9.0600004196167,9.0600004196167
1990-04-30 00:00:00,9.039999961853027,9.039999961853027,9.039999961853027
1990-05-01 00:00:00,9.079999923706055,9.079999923706055,9.079999923706055
1990-05-02 00:00:00,9.09000015258789,9.09000015258789,9.09000015258789
1990-05-03 00:00:00,9.039999961853027,9.039999961853027,9.039999961853027
1990-05-04 00:00:00,8.84000015258789,8.84000015258789,8.84000015258789
1990-05-07 00:00:00,8.869999885559082,8.869999885559082,8.869999885559082
1990-05-08 00:00:00,8.84000015258789,8.84000015258789,8.84000015258789
1990-05-09 00:00:00,8.880000114440918,8.880000114440918,8.880000114440918
1990-05-10 00:00:00,8.819999694824219,8.819999694824219,8.819999694824219
1990-05-11 00:00:00,8.640000343322754,8.640000343322754,8.640000343322754
1990-05-14 00:00:00,8.609999656677246,8.609999656677246,8.609999656677246
1990-05-15 00:00:00,8.649999618530273,8.649999618530273,8.649999618530273
1990-05-16 00:00:00,8.680000305175781,8.680000305175781,8.680000305175781
1990-05-17 00:00:00,8.6899995803833,8.6899995803833,8.6899995803833
1990-05-18 00:00:00,8.75,8.75,8.75
1990-05-21 00:00:00,8.739999771118164,8.739999771118164,8.739999771118164
1990-05-22 00:00:00,8.649999618530273,8.649999618530273,8.649999618530273
1990-05-23 00:00:00,8.609999656677246,8.609999656677246,8.609999656677246
1990-05-24 00:00:00,8.630000114440918,8.630000114440918,8.630000114440918
1990-05-25 00:00:00,8.6899995803833,8.6899995803833,8.6899995803833
1990-05-29 00:00:00,8.65999984741211,8.65999984741211,8.65999984741211
1990-05-30 00:00:00,8.619999885559082,8.619999885559082,8.619999885559082
1990-05-31 00:00:00,8.600000381469727,8.600000381469727,8.600000381469727
1990-06-01 00:00:00,8.4399995803833,8.4399995803833,8.4399995803833
1990-06-04 00:00:00,8.4399995803833,8.4399995803833,8.4399995803833
1990-06-05 00:00:00,8.470000267028809,8.470000267028809,8.470000267028809
1990-06-06 00:00:00,8.460000038146973,8.460000038146973,8.460000038146973
1990-06-07 00:00:00,8.460000038146973,8.460000038146973,8.460000038146973
1990-06-08 00:00:00,8.460000038146973,8.460000038146973,8.460000038146973
1990-06-11 00:00:00,8.479999542236328,8.479999542236328,8.479999542236328
1990-06-12 00:00:00,8.479999542236328,8.479999542236328,8.479999542236328
1990-06-13 00:00:00,8.399999618530273,8.399999618530273,8.399999618530273
1990-06-14 00:00:00,8.380000114440918,8.380000114440918,8.380000114440918
1990-06-15 00:00:00,8.460000038146973,8.460000038146973,8.460000038146973
1990-06-18 00:00:00,8.5,8.5,8.5
1990-06-19 00:00:00,8.510000228881836,8.510000228881836,8.510000228881836
1990-06-20 00:00:00,8.550000190734863,8.550000190734863,8.550000190734863
1990-06-21 00:00:00,8.520000457763672,8.520000457763672,8.520000457763672
1990-06-22 00:00:00,8.510000228881836,8.510000228881836,8.510000228881836
1990-06-25 00:00:00,8.579999923706055,8.579999923706055,8.579999923706055
1990-06-26 00:00:00,8.5600004196167,8.5600004196167,8.5600004196167
1990-06-27 00:00:00,8.520000457763672,8.520000457763672,8.520000457763672
1990-06-28 00:00:00,8.470000267028809,8.470000267028809,8.470000267028809
1990-06-29 00:00:00,8.430000305175781,8.430000305175781,8.430000305175781
1990-07-02 00:00:00,8.430000305175781,8.430000305175781,8.430000305175781
1990-07-03 00:00:00,8.399999618530273,8.399999618530273,8.399999618530273
1990-07-05 00:00:00,8.420000076293945,8.420000076293945,8.420000076293945
1990-07-06 00:00:00,8.510000228881836,8.510000228881836,8.510000228881836
1990-07-09 00:00:00,8.569999694824219,8.569999694824219,8.569999694824219
1990-07-10 00:00:00,8.569999694824219,8.569999694824219,8.569999694824219
1990-07-11 00:00:00,8.569999694824219,8.569999694824219,8.569999694824219
1990-07-12 00:00:00,8.5,8.5,8.5
1990-07-13 00:00:00,8.449999809265137,8.449999809265137,8.449999809265137
1990-07-16 00:00:00,8.4399995803833,8.4399995803833,8.4399995803833
1990-07-17 00:00:00,8.4399995803833,8.4399995803833,8.4399995803833
1990-07-18 00:00:00,8.5,8.5,8.5
1990-07-19 00:00:00,8.510000228881836,8.510000228881836,8.510000228881836
1990-07-20 00:00:00,8.479999542236328,8.479999542236328,8.479999542236328
1990-07-23 00:00:00,8.479999542236328,8.479999542236328,8.479999542236328
1990-07-24 00:00:00,8.529999732971191,8.529999732971191,8.529999732971191
1990-07-25 00:00:00,8.489999771118164,8.489999771118164,8.489999771118164
1990-07-26 00:00:00,8.489999771118164,8.489999771118164,8.489999771118164
1990-07-27 00:00:00,8.420000076293945,8.420000076293945,8.420000076293945
1990-07-30 00:00:00,8.34000015258789,8.34000015258789,8.34000015258789
1990-07-31 00:00:00,8.359999656677246,8.359999656677246,8.359999656677246
1990-08-01 00:00:00,8.289999961853027,8.289999961853027,8.289999961853027
1990-08-02 00:00:00,8.40999984741211,8.40999984741211,8.40999984741211
1990-08-03 00:00:00,8.430000305175781,8.430000305175781,8.430000305175781
1990-08-06 00:00:00,8.710000038146973,8.710000038146973,8.710000038146973
1990-08-07 00:00:00,8.779999732971191,8.779999732971191,8.779999732971191
1990-08-08 00:00:00,8.770000457763672,8.770000457763672,8.770000457763672
1990-08-09 00:00:00,8.65999984741211,8.65999984741211,8.65999984741211
1990-08-10 00:00:00,8.680000305175781,8.680000305175781,8.680000305175781
1990-08-13 00:00:00,8.710000038146973,8.710000038146973,8.710000038146973
1990-08-14 00:00:00,8.65999984741211,8.65999984741211,8.65999984741211
1990-08-15 00:00:00,8.640000343322754,8.640000343322754,8.640000343322754
1990-08-16 00:00:00,8.760000228881836,8.760000228881836,8.760000228881836
1990-08-17 00:00:00,8.800000190734863,8.800000190734863,8.800000190734863
1990-08-20 00:00:00,8.8100004196167,8.8100004196167,8.8100004196167
1990-08-21 00:00:00,8.84000015258789,8.84000015258789,8.84000015258789
1990-08-22 00:00:00,8.90999984741211,8.90999984741211,8.90999984741211
1990-08-23 00:00:00,9.0,9.0,9.0
1990-08-24 00:00:00,9.050000190734863,9.050000190734863,9.050000190734863
1990-08-27 00:00:00,8.899999618530273,8.899999618530273,8.899999618530273
1990-08-28 00:00:00,8.9399995803833,8.9399995803833,8.9399995803833
1990-08-29 00:00:00,8.84000015258789,8.84000015258789,8.84000015258789
1990-08-30 00:00:00,8.859999656677246,8.859999656677246,8.859999656677246
1990-08-31 00:00:00,8.859999656677246,8.859999656677246,8.859999656677246
1990-09-04 00:00:00,8.899999618530273,8.899999618530273,8.899999618530273
1990-09-05 00:00:00,8.859999656677246,8.859999656677246,8.859999656677246
1990-09-06 00:00:00,8.84000015258789,8.84000015258789,8.84000015258789
1990-09-07 00:00:00,8.8100004196167,8.8100004196167,8.8100004196167
1990-09-10 00:00:00,8.850000381469727,8.850000381469727,8.850000381469727
1990-09-11 00:00:00,8.829999923706055,8.829999923706055,8.829999923706055
1990-09-12 00:00:00,8.819999694824219,8.819999694824219,8.819999694824219
1990-09-13 00:00:00,8.819999694824219,8.819999694824219,8.819999694824219
1990-09-14 00:00:00,8.869999885559082,8.869999885559082,8.869999885559082
1990-09-17 00:00:00,8.899999618530273,8.899999618530273,8.899999618530273
1990-09-18 00:00:00,8.899999618530273,8.899999618530273,8.899999618530273
1990-09-19 00:00:00,8.880000114440918,8.880000114440918,8.880000114440918
1990-09-20 00:00:00,8.90999984741211,8.90999984741211,8.90999984741211
1990-09-21 00:00:00,8.989999771118164,8.989999771118164,8.989999771118164
1990-09-24 00:00:00,9.039999961853027,9.039999961853027,9.039999961853027
1990-09-25 00:00:00,9.020000457763672,9.020000457763672,9.020000457763672
1990-09-26 00:00:00,9.0,9.0,9.0
1990-09-27 00:00:00,8.90999984741211,8.90999984741211,8.90999984741211
1990-09-28 00:00:00,8.819999694824219,8.819999694824219,8.819999694824219
1990-10-01 00:00:00,8.710000038146973,8.710000038146973,8.710000038146973
1990-10-02 00:00:00,8.6899995803833,8.6899995803833,8.6899995803833
1990-10-03 00:00:00,8.710000038146973,8.710000038146973,8.710000038146973
1990-10-04 00:00:00,8.670000076293945,8.670000076293945,8.670000076293945
1990-10-05 00:00:00,8.649999618530273,8.649999618530273,8.649999618530273
1990-10-09 00:00:00,8.829999923706055,8.829999923706055,8.829999923706055
1990-10-10 00:00:00,8.890000343322754,8.890000343322754,8.890000343322754
1990-10-11 00:00:00,8.920000076293945,8.920000076293945,8.920000076293945
1990-10-12 00:00:00,8.84000015258789,8.84000015258789,8.84000015258789
1990-10-15 00:00:00,8.800000190734863,8.800000190734863,8.800000190734863
1990-10-16 00:00:00,8.789999961853027,8.789999961853027,8.789999961853027
1990-10-17 00:00:00,8.760000228881836,8.760000228881836,8.760000228881836
1990-10-18 00:00:00,8.710000038146973,8.710000038146973,8.710000038146973
1990-10-19 00:00:00,8.619999885559082,8.619999885559082,8.619999885559082
1990-10-22 00:00:00,8.630000114440918,8.630000114440918,8.630000114440918
1990-10-23 00:00:00,8.649999618530273,8.649999618530273,8.649999618530273
1990-10-24 00:00:00,8.65999984741211,8.65999984741211,8.65999984741211
1990-10-25 00:00:00,8.619999885559082,8.619999885559082,8.619999885559082
1990-10-26 00:00:00,8.630000114440918,8.630000114440918,8.630000114440918
1990-10-29 00:00:00,8.699999809265137,8.699999809265137,8.699999809265137
1990-10-30 00:00:00,8.699999809265137,8.699999809265137,8.699999809265137
1990-10-31 00:00:00,8.649999618530273,8.649999618530273,8.649999618530273
1990-11-01 00:00:00,8.569999694824219,8.569999694824219,8.569999694824219
1990-11-02 00:00:00,8.569999694824219,8.569999694824219,8.569999694824219
1990-11-05 00:00:00,8.5,8.5,8.5
1990-11-06 00:00:00,8.520000457763672,8.520000457763672,8.520000457763672
1990-11-07 00:00:00,8.569999694824219,8.569999694824219,8.569999694824219
1990-11-08 00:00:00,8.579999923706055,8.579999923706055,8.579999923706055
1990-11-09 00:00:00,8.489999771118164,8.489999771118164,8.489999771118164
1990-11-13 00:00:00,8.369999885559082,8.369999885559082,8.369999885559082
1990-11-14 00:00:00,8.359999656677246,8.359999656677246,8.359999656677246
1990-11-15 00:00:00,8.369999885559082,8.369999885559082,8.369999885559082
1990-11-16 00:00:00,8.300000190734863,8.300000190734863,8.300000190734863
1990-11-19 00:00:00,8.350000381469727,8.350000381469727,8.350000381469727
1990-11-20 00:00:00,8.3100004196167,8.3100004196167,8.3100004196167
1990-11-21 00:00:00,8.270000457763672,8.270000457763672,8.270000457763672
1990-11-23 00:00:00,8.279999732971191,8.279999732971191,8.279999732971191
1990-11-26 00:00:00,8.270000457763672,8.270000457763672,8.270000457763672
1990-11-27 00:00:00,8.279999732971191,8.279999732971191,8.279999732971191
1990-11-28 00:00:00,8.300000190734863,8.300000190734863,8.300000190734863
1990-11-29 00:00:00,8.319999694824219,8.319999694824219,8.319999694824219
1990-11-30 00:00:00,8.260000228881836,8.260000228881836,8.260000228881836
1990-12-03 00:00:00,8.220000267028809,8.220000267028809,8.220000267028809
1990-12-04 00:00:00,8.199999809265137,8.199999809265137,8.199999809265137
1990-12-05 00:00:00,8.15999984741211,8.15999984741211,8.15999984741211
1990-12-06 00:00:00,8.180000305175781,8.180000305175781,8.180000305175781
1990-12-07 00:00:00,8.029999732971191,8.029999732971191,8.029999732971191
1990-12-10 00:00:00,7.980000019073486,7.980000019073486,7.980000019073486
1990-12-11 00:00:00,7.940000057220459,7.940000057220459,7.940000057220459
1990-12-12 00:00:00,7.909999847412109,7.909999847412109,7.909999847412109
1990-12-13 00:00:00,7.980000019073486,7.980000019073486,7.980000019073486
1990-12-14 00:00:00,8.050000190734863,8.050000190734863,8.050000190734863
1990-12-17 00:00:00,8.020000457763672,8.020000457763672,8.020000457763672
1990-12-18 00:00:00,7.989999771118164,7.989999771118164,7.989999771118164
1990-12-19 00:00:00,8.0,8.0,8.0
1990-12-20 00:00:00,8.050000190734863,8.050000190734863,8.050000190734863
1990-12-21 00:00:00,8.109999656677246,8.109999656677246,8.109999656677246
1990-12-24 00:00:00,8.199999809265137,8.199999809265137,8.199999809265137
1990-12-26 00:00:00,8.149999618530273,8.149999618530273,8.149999618530273
1990-12-27 00:00:00,8.109999656677246,8.109999656677246,8.109999656677246
1990-12-28 00:00:00,8.140000343322754,8.140000343322754,8.140000343322754
1990-12-31 00:00:00,8.079999923706055,8.079999923706055,8.079999923706055
1991-01-02 00:00:00,7.96999979019165,7.96999979019165,7.96999979019165
1991-01-03 00:00:00,7.929999828338623,7.929999828338623,7.929999828338623
1991-01-04 00:00:00,8.020000457763672,8.020000457763672,8.020000457763672
1991-01-07 00:00:00,8.130000114440918,8.130000114440918,8.130000114440918
1991-01-08 00:00:00,8.15999984741211,8.15999984741211,8.15999984741211
1991-01-09 00:00:00,8.25,8.25,8.25
1991-01-10 00:00:00,8.15999984741211,8.15999984741211,8.15999984741211
1991-01-11 00:00:00,8.199999809265137,8.199999809265137,8.199999809265137
1991-01-14 00:00:00,8.229999542236328,8.229999542236328,8.229999542236328
1991-01-15 00:00:00,8.220000267028809,8.220000267028809,8.220000267028809
1991-01-16 00:00:00,8.239999771118164,8.239999771118164,8.239999771118164
1991-01-17 00:00:00,8.050000190734863,8.050000190734863,8.050000190734863
1991-01-18 00:00:00,8.029999732971191,8.029999732971191,8.029999732971191
1991-01-22 00:00:00,8.069999694824219,8.069999694824219,8.069999694824219
1991-01-23 00:00:00,8.039999961853027,8.039999961853027,8.039999961853027
1991-01-24 00:00:00,8.0,8.0,8.0
1991-01-25 00:00:00,8.0600004196167,8.0600004196167,8.0600004196167
1991-01-28 00:00:00,8.0600004196167,8.0600004196167,8.0600004196167
1991-01-29 00:00:00,8.050000190734863,8.050000190734863,8.050000190734863
1991-01-30 00:00:00,8.050000190734863,8.050000190734863,8.050000190734863
1991-01-31 00:00:00,8.029999732971191,8.029999732971191,8.029999732971191
1991-02-01 00:00:00,7.909999847412109,7.909999847412109,7.909999847412109
1991-02-04 00:00:00,7.880000114440918,7.880000114440918,7.880000114440918
1991-02-05 00:00:00,7.849999904632568,7.849999904632568,7.849999904632568
1991-02-06 00:00:00,7.789999961853027,7.789999961853027,7.789999961853027
1991-02-07 00:00:00,7.820000171661377,7.820000171661377,7.820000171661377
1991-02-08 00:00:00,7.769999980926514,7.769999980926514,7.769999980926514
1991-02-11 00:00:00,7.78000020980835,7.78000020980835,7.78000020980835
1991-02-12 00:00:00,7.78000020980835,7.78000020980835,7.78000020980835
1991-02-13 00:00:00,7.78000020980835,7.78000020980835,7.78000020980835
1991-02-14 00:00:00,7.800000190734863,7.800000190734863,7.800000190734863
1991-02-15 00:00:00,7.78000020980835,7.78000020980835,7.78000020980835
1991-02-19 00:00:00,7.800000190734863,7.800000190734863,7.800000190734863
1991-02-20 00:00:00,7.840000152587891,7.840000152587891,7.840000152587891
1991-02-21 00:00:00,7.880000114440918,7.880000114440918,7.880000114440918
1991-02-22 00:00:00,7.909999847412109,7.909999847412109,7.909999847412109
1991-02-25 00:00:00,7.909999847412109,7.909999847412109,7.909999847412109
1991-02-26 00:00:00,7.960000038146973,7.960000038146973,7.960000038146973
1991-02-27 00:00:00,7.980000019073486,7.980000019073486,7.980000019073486
1991-02-28 00:00:00,8.020000457763672,8.020000457763672,8.020000457763672
1991-03-01 00:00:00,8.119999885559082,8.119999885559082,8.119999885559082
1991-03-04 00:00:00,8.119999885559082,8.119999885559082,8.119999885559082
1991-03-05 00:00:00,8.079999923706055,8.079999923706055,8.079999923706055
1991-03-06 00:00:00,8.109999656677246,8.109999656677246,8.109999656677246
1991-03-07 00:00:00,8.069999694824219,8.069999694824219,8.069999694824219
1991-03-08 00:00:00,8.130000114440918,8.130000114440918,8.130000114440918
1991-03-11 00:00:00,8.0600004196167,8.0600004196167,8.0600004196167
1991-03-12 00:00:00,8.09000015258789,8.09000015258789,8.09000015258789
1991-03-13 00:00:00,8.020000457763672,8.020000457763672,8.020000457763672
1991-03-14 00:00:00,8.020000457763672,8.020000457763672,8.020000457763672
1991-03-15 00:00:00,8.100000381469727,8.100000381469727,8.100000381469727
1991-03-18 00:00:00,8.149999618530273,8.149999618530273,8.149999618530273
1991-03-19 00:00:00,8.25,8.25,8.25
1991-03-20 00:00:00,8.199999809265137,8.199999809265137,8.199999809265137
1991-03-21 00:00:00,8.15999984741211,8.15999984741211,8.15999984741211
1991-03-22 00:00:00,8.130000114440918,8.130000114440918,8.130000114440918
1991-03-25 00:00:00,8.130000114440918,8.130000114440918,8.130000114440918
1991-03-26 00:00:00,8.130000114440918,8.130000114440918,8.130000114440918
1991-03-27 00:00:00,8.079999923706055,8.079999923706055,8.079999923706055
1991-03-28 00:00:00,8.050000190734863,8.050000190734863,8.050000190734863
1991-04-01 00:00:00,8.069999694824219,8.069999694824219,8.069999694824219
1991-04-02 00:00:00,8.029999732971191,8.029999732971191,8.029999732971191
1991-04-03 00:00:00,8.050000190734863,8.050000190734863,8.050000190734863
1991-04-04 00:00:00,8.0,8.0,8.0
1991-04-05 00:00:00,7.989999771118164,7.989999771118164,7.989999771118164
1991-04-08 00:00:00,7.980000019073486,7.980000019073486,7.980000019073486
1991-04-09 00:00:00,8.029999732971191,8.029999732971191,8.029999732971191
1991-04-10 00:00:00,8.100000381469727,8.100000381469727,8.100000381469727
1991-04-11 00:00:00,8.09000015258789,8.09000015258789,8.09000015258789
1991-04-12 00:00:00,7.980000019073486,7.980000019073486,7.980000019073486
1991-04-15 00:00:00,7.949999809265137,7.949999809265137,7.949999809265137
1991-04-16 00:00:00,7.96999979019165,7.96999979019165,7.96999979019165
1991-04-17 00:00:00,7.949999809265137,7.949999809265137,7.949999809265137
1991-04-18 00:00:00,8.020000457763672,8.020000457763672,8.020000457763672
1991-04-19 00:00:00,8.100000381469727,8.100000381469727,8.100000381469727
1991-04-22 00:00:00,8.149999618530273,8.149999618530273,8.149999618530273
1991-04-23 00:00:00,8.119999885559082,8.119999885559082,8.119999885559082
1991-04-24 00:00:00,8.0600004196167,8.0600004196167,8.0600004196167
1991-04-25 00:00:00,8.069999694824219,8.069999694824219,8.069999694824219
1991-04-26 00:00:00,8.0600004196167,8.0600004196167,8.0600004196167
1991-04-29 00:00:00,8.069999694824219,8.069999694824219,8.069999694824219
1991-04-30 00:00:00,8.020000457763672,8.020000457763672,8.020000457763672
1991-05-01 00:00:00,8.010000228881836,8.010000228881836,8.010000228881836
1991-05-02 00:00:00,7.96999979019165,7.96999979019165,7.96999979019165
1991-05-03 00:00:00,8.039999961853027,8.039999961853027,8.039999961853027
1991-05-06 00:00:00,8.050000190734863,8.050000190734863,8.050000190734863
1991-05-07 00:00:00,8.0600004196167,8.0600004196167,8.0600004196167
1991-05-08 00:00:00,8.039999961853027,8.039999961853027,8.039999961853027
1991-05-09 00:00:00,8.020000457763672,8.020000457763672,8.020000457763672
1991-05-10 00:00:00,8.119999885559082,8.119999885559082,8.119999885559082
1991-05-13 00:00:00,8.069999694824219,8.069999694824219,8.069999694824219
1991-05-14 00:00:00,8.140000343322754,8.140000343322754,8.140000343322754
1991-05-15 00:00:00,8.130000114440918,8.130000114440918,8.130000114440918
1991-05-16 00:00:00,8.119999885559082,8.119999885559082,8.119999885559082
1991-05-17 00:00:00,8.079999923706055,8.079999923706055,8.079999923706055
1991-05-20 00:00:00,8.100000381469727,8.100000381469727,8.100000381469727
1991-05-21 00:00:00,8.0600004196167,8.0600004196167,8.0600004196167
1991-05-22 00:00:00,8.0600004196167,8.0600004196167,8.0600004196167
1991-05-23 00:00:00,8.100000381469727,8.100000381469727,8.100000381469727
1991-05-24 00:00:00,8.100000381469727,8.100000381469727,8.100000381469727
1991-05-28 00:00:00,8.069999694824219,8.069999694824219,8.069999694824219
1991-05-29 00:00:00,8.069999694824219,8.069999694824219,8.069999694824219
1991-05-30 00:00:00,8.020000457763672,8.020000457763672,8.020000457763672
1991-05-31 00:00:00,8.0600004196167,8.0600004196167,8.0600004196167
1991-06-03 00:00:00,8.140000343322754,8.140000343322754,8.140000343322754
1991-06-04 00:00:00,8.140000343322754,8.140000343322754,8.140000343322754
1991-06-05 00:00:00,8.1899995803833,8.1899995803833,8.1899995803833
1991-06-06 00:00:00,8.229999542236328,8.229999542236328,8.229999542236328
1991-06-07 00:00:00,8.289999961853027,8.289999961853027,8.289999961853027
1991-06-10 00:00:00,8.289999961853027,8.289999961853027,8.289999961853027
1991-06-11 00:00:00,8.289999961853027,8.289999961853027,8.289999961853027
1991-06-12 00:00:00,8.359999656677246,8.359999656677246,8.359999656677246
1991-06-13 00:00:00,8.34000015258789,8.34000015258789,8.34000015258789
1991-06-14 00:00:00,8.289999961853027,8.289999961853027,8.289999961853027
1991-06-17 00:00:00,8.300000190734863,8.300000190734863,8.300000190734863
1991-06-18 00:00:00,8.319999694824219,8.319999694824219,8.319999694824219
1991-06-19 00:00:00,8.329999923706055,8.329999923706055,8.329999923706055
1991-06-20 00:00:00,8.300000190734863,8.300000190734863,8.300000190734863
1991-06-21 00:00:00,8.319999694824219,8.319999694824219,8.319999694824219
1991-06-24 00:00:00,8.329999923706055,8.329999923706055,8.329999923706055
1991-06-25 00:00:00,8.329999923706055,8.329999923706055,8.329999923706055
1991-06-26 00:00:00,8.329999923706055,8.329999923706055,8.329999923706055
1991-06-27 00:00:00,8.319999694824219,8.319999694824219,8.319999694824219
1991-06-28 00:00:00,8.239999771118164,8.239999771118164,8.239999771118164
1991-07-01 00:00:00,8.260000228881836,8.260000228881836,8.260000228881836
1991-07-02 00:00:00,8.270000457763672,8.270000457763672,8.270000457763672
1991-07-03 00:00:00,8.260000228881836,8.260000228881836,8.260000228881836
1991-07-05 00:00:00,8.34000015258789,8.34000015258789,8.34000015258789
1991-07-08 00:00:00,8.34000015258789,8.34000015258789,8.34000015258789
1991-07-09 00:00:00,8.359999656677246,8.359999656677246,8.359999656677246
1991-07-10 00:00:00,8.350000381469727,8.350000381469727,8.350000381469727
1991-07-11 00:00:00,8.300000190734863,8.300000190734863,8.300000190734863
1991-07-12 00:00:00,8.260000228881836,8.260000228881836,8.260000228881836
1991-07-15 00:00:00,8.260000228881836,8.260000228881836,8.260000228881836
1991-07-16 00:00:00,8.270000457763672,8.270000457763672,8.270000457763672
1991-07-17 00:00:00,8.300000190734863,8.300000190734863,8.300000190734863
1991-07-18 00:00:00,8.3100004196167,8.3100004196167,8.3100004196167
1991-07-19 00:00:00,8.279999732971191,8.279999732971191,8.279999732971191
1991-07-22 00:00:00,8.279999732971191,8.279999732971191,8.279999732971191
1991-07-23 00:00:00,8.3100004196167,8.3100004196167,8.3100004196167
1991-07-24 00:00:00,8.239999771118164,8.239999771118164,8.239999771118164
1991-07-25 00:00:00,8.199999809265137,8.199999809265137,8.199999809265137
1991-07-26 00:00:00,8.199999809265137,8.199999809265137,8.199999809265137
1991-07-29 00:00:00,8.199999809265137,8.199999809265137,8.199999809265137
1991-07-30 00:00:00,8.210000038146973,8.210000038146973,8.210000038146973
1991-07-31 00:00:00,8.199999809265137,8.199999809265137,8.199999809265137
1991-08-01 00:00:00,8.199999809265137,8.199999809265137,8.199999809265137
1991-08-02 00:00:00,8.0600004196167,8.0600004196167,8.0600004196167
1991-08-05 00:00:00,8.039999961853027,8.039999961853027,8.039999961853027
1991-08-06 00:00:00,7.96999979019165,7.96999979019165,7.96999979019165
1991-08-07 00:00:00,7.929999828338623,7.929999828338623,7.929999828338623
1991-08-08 00:00:00,7.980000019073486,7.980000019073486,7.980000019073486
1991-08-09 00:00:00,7.980000019073486,7.980000019073486,7.980000019073486
1991-08-12 00:00:00,7.949999809265137,7.949999809265137,7.949999809265137
1991-08-13 00:00:00,7.909999847412109,7.909999847412109,7.909999847412109
1991-08-14 00:00:00,7.820000171661377,7.820000171661377,7.820000171661377
1991-08-15 00:00:00,7.840000152587891,7.840000152587891,7.840000152587891
1991-08-16 00:00:00,7.840000152587891,7.840000152587891,7.840000152587891
1991-08-19 00:00:00,7.829999923706055,7.829999923706055,7.829999923706055
1991-08-20 00:00:00,7.809999942779541,7.809999942779541,7.809999942779541
1991-08-21 00:00:00,7.800000190734863,7.800000190734863,7.800000190734863
1991-08-22 00:00:00,7.78000020980835,7.78000020980835,7.78000020980835
1991-08-23 00:00:00,7.880000114440918,7.880000114440918,7.880000114440918
1991-08-26 00:00:00,7.909999847412109,7.909999847412109,7.909999847412109
1991-08-27 00:00:00,7.889999866485596,7.889999866485596,7.889999866485596
1991-08-28 00:00:00,7.820000171661377,7.820000171661377,7.820000171661377
1991-08-29 00:00:00,7.739999771118164,7.739999771118164,7.739999771118164
1991-08-30 00:00:00,7.820000171661377,7.820000171661377,7.820000171661377
1991-09-03 00:00:00,7.809999942779541,7.809999942779541,7.809999942779541
1991-09-04 00:00:00,7.809999942779541,7.809999942779541,7.809999942779541
1991-09-05 00:00:00,7.829999923706055,7.829999923706055,7.829999923706055
1991-09-06 00:00:00,7.760000228881836,7.760000228881836,7.760000228881836
1991-09-09 00:00:00,7.730000019073486,7.730000019073486,7.730000019073486
1991-09-10 00:00:00,7.730000019073486,7.730000019073486,7.730000019073486
1991-09-11 00:00:00,7.739999771118164,7.739999771118164,7.739999771118164
1991-09-12 00:00:00,7.670000076293945,7.670000076293945,7.670000076293945
1991-09-13 00:00:00,7.659999847412109,7.659999847412109,7.659999847412109
1991-09-16 00:00:00,7.630000114440918,7.630000114440918,7.630000114440918
1991-09-17 00:00:00,7.619999885559082,7.619999885559082,7.619999885559082
1991-09-18 00:00:00,7.619999885559082,7.619999885559082,7.619999885559082
1991-09-19 00:00:00,7.610000133514404,7.610000133514404,7.610000133514404
1991-09-20 00:00:00,7.570000171661377,7.570000171661377,7.570000171661377
1991-09-23 00:00:00,7.550000190734863,7.550000190734863,7.550000190734863
1991-09-24 00:00:00,7.559999942779541,7.559999942779541,7.559999942779541
1991-09-25 00:00:00,7.579999923706055,7.579999923706055,7.579999923706055
1991-09-26 00:00:00,7.559999942779541,7.559999942779541,7.559999942779541
1991-09-27 00:00:00,7.489999771118164,7.489999771118164,7.489999771118164
1991-09-30 00:00:00,7.46999979019165,7.46999979019165,7.46999979019165
1991-10-01 00:00:00,7.449999809265137,7.449999809265137,7.449999809265137
1991-10-02 00:00:00,7.46999979019165,7.46999979019165,7.46999979019165
1991-10-03 00:00:00,7.46999979019165,7.46999979019165,7.46999979019165
1991-10-04 00:00:00,7.389999866485596,7.389999866485596,7.389999866485596
1991-10-07 00:00:00,7.400000095367432,7.400000095367432,7.400000095367432
1991-10-08 00:00:00,7.429999828338623,7.429999828338623,7.429999828338623
1991-10-09 00:00:00,7.510000228881836,7.510000228881836,7.510000228881836
1991-10-10 00:00:00,7.579999923706055,7.579999923706055,7.579999923706055
1991-10-11 00:00:00,7.489999771118164,7.489999771118164,7.489999771118164
1991-10-15 00:00:00,7.460000038146973,7.460000038146973,7.460000038146973
1991-10-16 00:00:00,7.449999809265137,7.449999809265137,7.449999809265137
1991-10-17 00:00:00,7.550000190734863,7.550000190734863,7.550000190734863
1991-10-18 00:00:00,7.53000020980835,7.53000020980835,7.53000020980835
1991-10-21 00:00:00,7.619999885559082,7.619999885559082,7.619999885559082
1991-10-22 00:00:00,7.670000076293945,7.670000076293945,7.670000076293945
1991-10-23 00:00:00,7.690000057220459,7.690000057220459,7.690000057220459
1991-10-24 00:00:00,7.650000095367432,7.650000095367432,7.650000095367432
1991-10-25 00:00:00,7.679999828338623,7.679999828338623,7.679999828338623
1991-10-28 00:00:00,7.650000095367432,7.650000095367432,7.650000095367432
1991-10-29 00:00:00,7.510000228881836,7.510000228881836,7.510000228881836
1991-10-30 00:00:00,7.480000019073486,7.480000019073486,7.480000019073486
1991-10-31 00:00:00,7.46999979019165,7.46999979019165,7.46999979019165
1991-11-01 00:00:00,7.480000019073486,7.480000019073486,7.480000019073486
1991-11-04 00:00:00,7.5,7.5,7.5
1991-11-05 00:00:00,7.559999942779541,7.559999942779541,7.559999942779541
1991-11-06 00:00:00,7.510000228881836,7.510000228881836,7.510000228881836
1991-11-07 00:00:00,7.429999828338623,7.429999828338623,7.429999828338623
1991-11-08 00:00:00,7.409999847412109,7.409999847412109,7.409999847412109
1991-11-12 00:00:00,7.369999885559082,7.369999885559082,7.369999885559082
1991-11-13 00:00:00,7.409999847412109,7.409999847412109,7.409999847412109
1991-11-14 00:00:00,7.349999904632568,7.349999904632568,7.349999904632568
1991-11-15 00:00:00,7.329999923706055,7.329999923706055,7.329999923706055
1991-11-18 00:00:00,7.329999923706055,7.329999923706055,7.329999923706055
1991-11-19 00:00:00,7.369999885559082,7.369999885559082,7.369999885559082
1991-11-20 00:00:00,7.380000114440918,7.380000114440918,7.380000114440918
1991-11-21 00:00:00,7.389999866485596,7.389999866485596,7.389999866485596
1991-11-22 00:00:00,7.440000057220459,7.440000057220459,7.440000057220459
1991-11-25 00:00:00,7.449999809265137,7.449999809265137,7.449999809265137
1991-11-26 00:00:00,7.420000076293945,7.420000076293945,7.420000076293945
1991-11-27 00:00:00,7.420000076293945,7.420000076293945,7.420000076293945
1991-11-29 00:00:00,7.380000114440918,7.380000114440918,7.380000114440918
1991-12-02 00:00:00,7.320000171661377,7.320000171661377,7.320000171661377
1991-12-03 00:00:00,7.28000020980835,7.28000020980835,7.28000020980835
1991-12-04 00:00:00,7.170000076293945,7.170000076293945,7.170000076293945
1991-12-05 00:00:00,7.210000038146973,7.210000038146973,7.210000038146973
1991-12-06 00:00:00,7.260000228881836,7.260000228881836,7.260000228881836
1991-12-09 00:00:00,7.21999979019165,7.21999979019165,7.21999979019165
1991-12-10 00:00:00,7.210000038146973,7.210000038146973,7.210000038146973
1991-12-11 00:00:00,7.21999979019165,7.21999979019165,7.21999979019165
1991-12-12 00:00:00,7.190000057220459,7.190000057220459,7.190000057220459
1991-12-13 00:00:00,7.21999979019165,7.21999979019165,7.21999979019165
1991-12-16 00:00:00,7.210000038146973,7.210000038146973,7.210000038146973
1991-12-17 00:00:00,7.179999828338623,7.179999828338623,7.179999828338623
1991-12-18 00:00:00,7.190000057220459,7.190000057220459,7.190000057220459
1991-12-19 00:00:00,7.110000133514404,7.110000133514404,7.110000133514404
1991-12-20 00:00:00,6.96999979019165,6.96999979019165,6.96999979019165
1991-12-23 00:00:00,6.880000114440918,6.880000114440918,6.880000114440918
1991-12-24 00:00:00,6.880000114440918,6.880000114440918,6.880000114440918
1991-12-26 00:00:00,6.849999904632568,6.849999904632568,6.849999904632568
1991-12-27 00:00:00,6.820000171661377,6.820000171661377,6.820000171661377
1991-12-30 00:00:00,6.760000228881836,6.760000228881836,6.760000228881836
1991-12-31 00:00:00,6.710000038146973,6.710000038146973,6.710000038146973
1992-01-02 00:00:00,6.78000020980835,6.78000020980835,6.78000020980835
1992-01-03 00:00:00,6.849999904632568,6.849999904632568,6.849999904632568
1992-01-06 00:00:00,6.820000171661377,6.820000171661377,6.820000171661377
1992-01-07 00:00:00,6.760000228881836,6.760000228881836,6.760000228881836
1992-01-08 00:00:00,6.769999980926514,6.769999980926514,6.769999980926514
1992-01-09 00:00:00,6.789999961853027,6.789999961853027,6.789999961853027
1992-01-10 00:00:00,6.849999904632568,6.849999904632568,6.849999904632568
1992-01-13 00:00:00,6.920000076293945,6.920000076293945,6.920000076293945
1992-01-14 00:00:00,7.03000020980835,7.03000020980835,7.03000020980835
1992-01-15 00:00:00,7.050000190734863,7.050000190734863,7.050000190734863
1992-01-16 00:00:00,7.130000114440918,7.130000114440918,7.130000114440918
1992-01-17 00:00:00,7.090000152587891,7.090000152587891,7.090000152587891
1992-01-21 00:00:00,7.03000020980835,7.03000020980835,7.03000020980835
1992-01-22 00:00:00,7.090000152587891,7.090000152587891,7.090000152587891
1992-01-23 00:00:00,7.199999809265137,7.199999809265137,7.199999809265137
1992-01-24 00:00:00,7.25,7.25,7.25
1992-01-27 00:00:00,7.239999771118164,7.239999771118164,7.239999771118164
1992-01-28 00:00:00,7.159999847412109,7.159999847412109,7.159999847412109
1992-01-29 00:00:00,7.25,7.25,7.25
1992-01-30 00:00:00,7.309999942779541,7.309999942779541,7.309999942779541
1992-01-31 00:00:00,7.309999942779541,7.309999942779541,7.309999942779541
1992-02-03 00:00:00,7.360000133514404,7.360000133514404,7.360000133514404
1992-02-04 00:00:00,7.289999961853027,7.289999961853027,7.289999961853027
1992-02-05 00:00:00,7.210000038146973,7.210000038146973,7.210000038146973
1992-02-06 00:00:00,7.199999809265137,7.199999809265137,7.199999809265137
1992-02-07 00:00:00,7.199999809265137,7.199999809265137,7.199999809265137
1992-02-10 00:00:00,7.210000038146973,7.210000038146973,7.210000038146973
1992-02-11 00:00:00,7.230000019073486,7.230000019073486,7.230000019073486
1992-02-12 00:00:00,7.300000190734863,7.300000190734863,7.300000190734863
1992-02-13 00:00:00,7.400000095367432,7.400000095367432,7.400000095367432
1992-02-14 00:00:00,7.409999847412109,7.409999847412109,7.409999847412109
1992-02-18 00:00:00,7.46999979019165,7.46999979019165,7.46999979019165
1992-02-19 00:00:00,7.420000076293945,7.420000076293945,7.420000076293945
1992-02-20 00:00:00,7.409999847412109,7.409999847412109,7.409999847412109
1992-02-21 00:00:00,7.449999809265137,7.449999809265137,7.449999809265137
1992-02-24 00:00:00,7.46999979019165,7.46999979019165,7.46999979019165
1992-02-25 00:00:00,7.440000057220459,7.440000057220459,7.440000057220459
1992-02-26 00:00:00,7.329999923706055,7.329999923706055,7.329999923706055
1992-02-27 00:00:00,7.349999904632568,7.349999904632568,7.349999904632568
1992-02-28 00:00:00,7.269999980926514,7.269999980926514,7.269999980926514
1992-03-02 00:00:00,7.380000114440918,7.380000114440918,7.380000114440918
1992-03-03 00:00:00,7.429999828338623,7.429999828338623,7.429999828338623
1992-03-04 00:00:00,7.429999828338623,7.429999828338623,7.429999828338623
1992-03-05 00:00:00,7.510000228881836,7.510000228881836,7.510000228881836
1992-03-06 00:00:00,7.480000019073486,7.480000019073486,7.480000019073486
1992-03-09 00:00:00,7.420000076293945,7.420000076293945,7.420000076293945
1992-03-10 00:00:00,7.429999828338623,7.429999828338623,7.429999828338623
1992-03-11 00:00:00,7.510000228881836,7.510000228881836,7.510000228881836
1992-03-12 00:00:00,7.619999885559082,7.619999885559082,7.619999885559082
1992-03-13 00:00:00,7.710000038146973,7.710000038146973,7.710000038146973
1992-03-16 00:00:00,7.690000057220459,7.690000057220459,7.690000057220459
1992-03-17 00:00:00,7.619999885559082,7.619999885559082,7.619999885559082
1992-03-18 00:00:00,7.619999885559082,7.619999885559082,7.619999885559082
1992-03-19 00:00:00,7.570000171661377,7.570000171661377,7.570000171661377
1992-03-20 00:00:00,7.639999866485596,7.639999866485596,7.639999866485596
1992-03-23 00:00:00,7.619999885559082,7.619999885559082,7.619999885559082
1992-03-24 00:00:00,7.53000020980835,7.53000020980835,7.53000020980835
1992-03-25 00:00:00,7.53000020980835,7.53000020980835,7.53000020980835
1992-03-26 00:00:00,7.570000171661377,7.570000171661377,7.570000171661377
1992-03-27 00:00:00,7.539999961853027,7.539999961853027,7.539999961853027
1992-03-30 00:00:00,7.539999961853027,7.539999961853027,7.539999961853027
1992-03-31 00:00:00,7.539999961853027,7.539999961853027,7.539999961853027
1992-04-01 00:00:00,7.460000038146973,7.460000038146973,7.460000038146973
1992-04-02 00:00:00,7.46999979019165,7.46999979019165,7.46999979019165
1992-04-03 00:00:00,7.420000076293945,7.420000076293945,7.420000076293945
1992-04-06 00:00:00,7.409999847412109,7.409999847412109,7.409999847412109
1992-04-07 00:00:00,7.409999847412109,7.409999847412109,7.409999847412109
1992-04-08 00:00:00,7.440000057220459,7.440000057220459,7.440000057220459
1992-04-09 00:00:00,7.349999904632568,7.349999904632568,7.349999904632568
1992-04-10 00:00:00,7.369999885559082,7.369999885559082,7.369999885559082
1992-04-13 00:00:00,7.329999923706055,7.329999923706055,7.329999923706055
1992-04-14 00:00:00,7.349999904632568,7.349999904632568,7.349999904632568
1992-04-15 00:00:00,7.369999885559082,7.369999885559082,7.369999885559082
1992-04-16 00:00:00,7.449999809265137,7.449999809265137,7.449999809265137
1992-04-20 00:00:00,7.590000152587891,7.590000152587891,7.590000152587891
1992-04-21 00:00:00,7.579999923706055,7.579999923706055,7.579999923706055
1992-04-22 00:00:00,7.570000171661377,7.570000171661377,7.570000171661377
1992-04-23 00:00:00,7.590000152587891,7.590000152587891,7.590000152587891
1992-04-24 00:00:00,7.550000190734863,7.550000190734863,7.550000190734863
1992-04-27 00:00:00,7.599999904632568,7.599999904632568,7.599999904632568
1992-04-28 00:00:00,7.570000171661377,7.570000171661377,7.570000171661377
1992-04-29 00:00:00,7.599999904632568,7.599999904632568,7.599999904632568
1992-04-30 00:00:00,7.610000133514404,7.610000133514404,7.610000133514404
1992-05-01 00:00:00,7.559999942779541,7.559999942779541,7.559999942779541
1992-05-04 00:00:00,7.579999923706055,7.579999923706055,7.579999923706055
1992-05-05 00:00:00,7.559999942779541,7.559999942779541,7.559999942779541
1992-05-06 00:00:00,7.460000038146973,7.460000038146973,7.460000038146973
1992-05-07 00:00:00,7.489999771118164,7.489999771118164,7.489999771118164
1992-05-08 00:00:00,7.409999847412109,7.409999847412109,7.409999847412109
1992-05-11 00:00:00,7.400000095367432,7.400000095367432,7.400000095367432
1992-05-12 00:00:00,7.360000133514404,7.360000133514404,7.360000133514404
1992-05-13 00:00:00,7.340000152587891,7.340000152587891,7.340000152587891
1992-05-14 00:00:00,7.340000152587891,7.340000152587891,7.340000152587891
1992-05-15 00:00:00,7.28000020980835,7.28000020980835,7.28000020980835
1992-05-18 00:00:00,7.28000020980835,7.28000020980835,7.28000020980835
1992-05-19 00:00:00,7.199999809265137,7.199999809265137,7.199999809265137
1992-05-20 00:00:00,7.25,7.25,7.25
1992-05-21 00:00:00,7.389999866485596,7.389999866485596,7.389999866485596
1992-05-22 00:00:00,7.349999904632568,7.349999904632568,7.349999904632568
1992-05-26 00:00:00,7.460000038146973,7.460000038146973,7.460000038146973
1992-05-27 00:00:00,7.440000057220459,7.440000057220459,7.440000057220459
1992-05-28 00:00:00,7.360000133514404,7.360000133514404,7.360000133514404
1992-05-29 00:00:00,7.329999923706055,7.329999923706055,7.329999923706055
1992-06-01 00:00:00,7.389999866485596,7.389999866485596,7.389999866485596
1992-06-02 00:00:00,7.349999904632568,7.349999904632568,7.349999904632568
1992-06-03 00:00:00,7.340000152587891,7.340000152587891,7.340000152587891
1992-06-04 00:00:00,7.340000152587891,7.340000152587891,7.340000152587891
1992-06-05 00:00:00,7.309999942779541,7.309999942779541,7.309999942779541
1992-06-08 00:00:00,7.309999942779541,7.309999942779541,7.309999942779541
1992-06-09 00:00:00,7.329999923706055,7.329999923706055,7.329999923706055
1992-06-10 00:00:00,7.349999904632568,7.349999904632568,7.349999904632568
1992-06-11 00:00:00,7.329999923706055,7.329999923706055,7.329999923706055
1992-06-12 00:00:00,7.289999961853027,7.289999961853027,7.289999961853027
1992-06-15 00:00:00,7.28000020980835,7.28000020980835,7.28000020980835
1992-06-16 00:00:00,7.239999771118164,7.239999771118164,7.239999771118164
1992-06-17 00:00:00,7.230000019073486,7.230000019073486,7.230000019073486
1992-06-18 00:00:00,7.190000057220459,7.190000057220459,7.190000057220459
1992-06-19 00:00:00,7.239999771118164,7.239999771118164,7.239999771118164
1992-06-22 00:00:00,7.239999771118164,7.239999771118164,7.239999771118164
1992-06-23 00:00:00,7.25,7.25,7.25
1992-06-24 00:00:00,7.199999809265137,7.199999809265137,7.199999809265137
1992-06-25 00:00:00,7.139999866485596,7.139999866485596,7.139999866485596
1992-06-26 00:00:00,7.150000095367432,7.150000095367432,7.150000095367432
1992-06-29 00:00:00,7.119999885559082,7.119999885559082,7.119999885559082
1992-06-30 00:00:00,7.139999866485596,7.139999866485596,7.139999866485596
1992-07-01 00:00:00,7.099999904632568,7.099999904632568,7.099999904632568
1992-07-02 00:00:00,6.929999828338623,6.929999828338623,6.929999828338623
1992-07-06 00:00:00,6.900000095367432,6.900000095367432,6.900000095367432
1992-07-07 00:00:00,6.869999885559082,6.869999885559082,6.869999885559082
1992-07-08 00:00:00,6.909999847412109,6.909999847412109,6.909999847412109
1992-07-09 00:00:00,6.909999847412109,6.909999847412109,6.909999847412109
1992-07-10 00:00:00,6.929999828338623,6.929999828338623,6.929999828338623
1992-07-13 00:00:00,6.96999979019165,6.96999979019165,6.96999979019165
1992-07-14 00:00:00,6.96999979019165,6.96999979019165,6.96999979019165
1992-07-15 00:00:00,6.900000095367432,6.900000095367432,6.900000095367432
1992-07-16 00:00:00,6.869999885559082,6.869999885559082,6.869999885559082
1992-07-17 00:00:00,6.900000095367432,6.900000095367432,6.900000095367432
1992-07-20 00:00:00,6.900000095367432,6.900000095367432,6.900000095367432
1992-07-21 00:00:00,6.889999866485596,6.889999866485596,6.889999866485596
1992-07-22 00:00:00,6.849999904632568,6.849999904632568,6.849999904632568
1992-07-23 00:00:00,6.71999979019165,6.71999979019165,6.71999979019165
1992-07-24 00:00:00,6.730000019073486,6.730000019073486,6.730000019073486
1992-07-27 00:00:00,6.690000057220459,6.690000057220459,6.690000057220459
1992-07-28 00:00:00,6.630000114440918,6.630000114440918,6.630000114440918
1992-07-29 00:00:00,6.599999904632568,6.599999904632568,6.599999904632568
1992-07-30 00:00:00,6.690000057220459,6.690000057220459,6.690000057220459
1992-07-31 00:00:00,6.71999979019165,6.71999979019165,6.71999979019165
1992-08-03 00:00:00,6.71999979019165,6.71999979019165,6.71999979019165
1992-08-04 00:00:00,6.659999847412109,6.659999847412109,6.659999847412109
1992-08-05 00:00:00,6.639999866485596,6.639999866485596,6.639999866485596
1992-08-06 00:00:00,6.650000095367432,6.650000095367432,6.650000095367432
1992-08-07 00:00:00,6.570000171661377,6.570000171661377,6.570000171661377
1992-08-10 00:00:00,6.519999980926514,6.519999980926514,6.519999980926514
1992-08-11 00:00:00,6.5,6.5,6.5
1992-08-12 00:00:00,6.480000019073486,6.480000019073486,6.480000019073486
1992-08-13 00:00:00,6.550000190734863,6.550000190734863,6.550000190734863
1992-08-14 00:00:00,6.53000020980835,6.53000020980835,6.53000020980835
1992-08-17 00:00:00,6.559999942779541,6.559999942779541,6.559999942779541
1992-08-18 00:00:00,6.480000019073486,6.480000019073486,6.480000019073486
1992-08-19 00:00:00,6.46999979019165,6.46999979019165,6.46999979019165
1992-08-20 00:00:00,6.460000038146973,6.460000038146973,6.460000038146973
1992-08-21 00:00:00,6.53000020980835,6.53000020980835,6.53000020980835
1992-08-24 00:00:00,6.679999828338623,6.679999828338623,6.679999828338623
1992-08-25 00:00:00,6.730000019073486,6.730000019073486,6.730000019073486
1992-08-26 00:00:00,6.679999828338623,6.679999828338623,6.679999828338623
1992-08-27 00:00:00,6.639999866485596,6.639999866485596,6.639999866485596
1992-08-28 00:00:00,6.630000114440918,6.630000114440918,6.630000114440918
1992-08-31 00:00:00,6.619999885559082,6.619999885559082,6.619999885559082
1992-09-01 00:00:00,6.559999942779541,6.559999942779541,6.559999942779541
1992-09-02 00:00:00,6.539999961853027,6.539999961853027,6.539999961853027
1992-09-03 00:00:00,6.539999961853027,6.539999961853027,6.539999961853027
1992-09-04 00:00:00,6.400000095367432,6.400000095367432,6.400000095367432
1992-09-08 00:00:00,6.289999961853027,6.289999961853027,6.289999961853027
1992-09-09 00:00:00,6.309999942779541,6.309999942779541,6.309999942779541
1992-09-10 00:00:00,6.309999942779541,6.309999942779541,6.309999942779541
1992-09-11 00:00:00,6.369999885559082,6.369999885559082,6.369999885559082
1992-09-14 00:00:00,6.320000171661377,6.320000171661377,6.320000171661377
1992-09-15 00:00:00,6.400000095367432,6.400000095367432,6.400000095367432
1992-09-16 00:00:00,6.409999847412109,6.409999847412109,6.409999847412109
1992-09-17 00:00:00,6.400000095367432,6.400000095367432,6.400000095367432
1992-09-18 00:00:00,6.409999847412109,6.409999847412109,6.409999847412109
1992-09-21 00:00:00,6.420000076293945,6.420000076293945,6.420000076293945
1992-09-22 00:00:00,6.5,6.5,6.5
1992-09-23 00:00:00,6.539999961853027,6.539999961853027,6.539999961853027
1992-09-24 00:00:00,6.480000019073486,6.480000019073486,6.480000019073486
1992-09-25 00:00:00,6.409999847412109,6.409999847412109,6.409999847412109
1992-09-28 00:00:00,6.369999885559082,6.369999885559082,6.369999885559082
1992-09-29 00:00:00,6.369999885559082,6.369999885559082,6.369999885559082
1992-09-30 00:00:00,6.369999885559082,6.369999885559082,6.369999885559082
1992-10-01 00:00:00,6.230000019073486,6.230000019073486,6.230000019073486
1992-10-02 00:00:00,6.260000228881836,6.260000228881836,6.260000228881836
1992-10-05 00:00:00,6.239999771118164,6.239999771118164,6.239999771118164
1992-10-06 00:00:00,6.300000190734863,6.300000190734863,6.300000190734863
1992-10-07 00:00:00,6.460000038146973,6.460000038146973,6.460000038146973
1992-10-08 00:00:00,6.409999847412109,6.409999847412109,6.409999847412109
1992-10-09 00:00:00,6.519999980926514,6.519999980926514,6.519999980926514
1992-10-13 00:00:00,6.510000228881836,6.510000228881836,6.510000228881836
1992-10-14 00:00:00,6.510000228881836,6.510000228881836,6.510000228881836
1992-10-15 00:00:00,6.53000020980835,6.53000020980835,6.53000020980835
1992-10-16 00:00:00,6.599999904632568,6.599999904632568,6.599999904632568
1992-10-19 00:00:00,6.690000057220459,6.690000057220459,6.690000057220459
1992-10-20 00:00:00,6.860000133514404,6.860000133514404,6.860000133514404
1992-10-21 00:00:00,6.800000190734863,6.800000190734863,6.800000190734863
1992-10-22 00:00:00,6.739999771118164,6.739999771118164,6.739999771118164
1992-10-23 00:00:00,6.829999923706055,6.829999923706055,6.829999923706055
1992-10-26 00:00:00,6.829999923706055,6.829999923706055,6.829999923706055
1992-10-27 00:00:00,6.78000020980835,6.78000020980835,6.78000020980835
1992-10-28 00:00:00,6.760000228881836,6.760000228881836,6.760000228881836
1992-10-29 00:00:00,6.710000038146973,6.710000038146973,6.710000038146973
1992-10-30 00:00:00,6.800000190734863,6.800000190734863,6.800000190734863
1992-11-02 00:00:00,6.880000114440918,6.880000114440918,6.880000114440918
1992-11-03 00:00:00,6.869999885559082,6.869999885559082,6.869999885559082
1992-11-04 00:00:00,6.889999866485596,6.889999866485596,6.889999866485596
1992-11-05 00:00:00,6.869999885559082,6.869999885559082,6.869999885559082
1992-11-06 00:00:00,6.96999979019165,6.96999979019165,6.96999979019165
1992-11-09 00:00:00,7.0,7.0,7.0
1992-11-10 00:00:00,6.909999847412109,6.909999847412109,6.909999847412109
1992-11-12 00:00:00,6.789999961853027,6.789999961853027,6.789999961853027
1992-11-13 00:00:00,6.820000171661377,6.820000171661377,6.820000171661377
1992-11-16 00:00:00,6.900000095367432,6.900000095367432,6.900000095367432
1992-11-17 00:00:00,6.860000133514404,6.860000133514404,6.860000133514404
1992-11-18 00:00:00,6.78000020980835,6.78000020980835,6.78000020980835
1992-11-19 00:00:00,6.809999942779541,6.809999942779541,6.809999942779541
1992-11-20 00:00:00,6.840000152587891,6.840000152587891,6.840000152587891
1992-11-23 00:00:00,6.860000133514404,6.860000133514404,6.860000133514404
1992-11-24 00:00:00,6.820000171661377,6.820000171661377,6.820000171661377
1992-11-25 00:00:00,6.840000152587891,6.840000152587891,6.840000152587891
1992-11-27 00:00:00,6.929999828338623,6.929999828338623,6.929999828338623
1992-11-30 00:00:00,6.949999809265137,6.949999809265137,6.949999809265137
1992-12-01 00:00:00,6.940000057220459,6.940000057220459,6.940000057220459
1992-12-02 00:00:00,6.929999828338623,6.929999828338623,6.929999828338623
1992-12-03 00:00:00,6.909999847412109,6.909999847412109,6.909999847412109
1992-12-04 00:00:00,6.840000152587891,6.840000152587891,6.840000152587891
1992-12-07 00:00:00,6.78000020980835,6.78000020980835,6.78000020980835
1992-12-08 00:00:00,6.730000019073486,6.730000019073486,6.730000019073486
1992-12-09 00:00:00,6.760000228881836,6.760000228881836,6.760000228881836
1992-12-10 00:00:00,6.769999980926514,6.769999980926514,6.769999980926514
1992-12-11 00:00:00,6.800000190734863,6.800000190734863,6.800000190734863
1992-12-14 00:00:00,6.829999923706055,6.829999923706055,6.829999923706055
1992-12-15 00:00:00,6.829999923706055,6.829999923706055,6.829999923706055
1992-12-16 00:00:00,6.769999980926514,6.769999980926514,6.769999980926514
1992-12-17 00:00:00,6.769999980926514,6.769999980926514,6.769999980926514
1992-12-18 00:00:00,6.760000228881836,6.760000228881836,6.760000228881836
1992-12-21 00:00:00,6.710000038146973,6.710000038146973,6.710000038146973
1992-12-22 00:00:00,6.650000095367432,6.650000095367432,6.650000095367432
1992-12-23 00:00:00,6.679999828338623,6.679999828338623,6.679999828338623
1992-12-24 00:00:00,6.690000057220459,6.690000057220459,6.690000057220459
1992-12-28 00:00:00,6.71999979019165,6.71999979019165,6.71999979019165
1992-12-29 00:00:00,6.690000057220459,6.690000057220459,6.690000057220459
1992-12-30 00:00:00,6.679999828338623,6.679999828338623,6.679999828338623
1992-12-31 00:00:00,6.699999809265137,6.699999809265137,6.699999809265137
1993-01-04 00:00:00,6.599999904632568,6.599999904632568,6.599999904632568
1993-01-05 00:00:00,6.610000133514404,6.610000133514404,6.610000133514404
1993-01-06 00:00:00,6.630000114440918,6.630000114440918,6.630000114440918
1993-01-07 00:00:00,6.760000228881836,6.760000228881836,6.760000228881836
1993-01-08 00:00:00,6.75,6.75,6.75
1993-01-11 00:00:00,6.710000038146973,6.710000038146973,6.710000038146973
1993-01-12 00:00:00,6.71999979019165,6.71999979019165,6.71999979019165
1993-01-13 00:00:00,6.710000038146973,6.710000038146973,6.710000038146973
1993-01-14 00:00:00,6.650000095367432,6.650000095367432,6.650000095367432
1993-01-15 00:00:00,6.599999904632568,6.599999904632568,6.599999904632568
1993-01-19 00:00:00,6.590000152587891,6.590000152587891,6.590000152587891
1993-01-20 00:00:00,6.610000133514404,6.610000133514404,6.610000133514404
1993-01-21 00:00:00,6.599999904632568,6.599999904632568,6.599999904632568
1993-01-22 00:00:00,6.570000171661377,6.570000171661377,6.570000171661377
1993-01-25 00:00:00,6.480000019073486,6.480000019073486,6.480000019073486
1993-01-26 00:00:00,6.5,6.5,6.5
1993-01-27 00:00:00,6.480000019073486,6.480000019073486,6.480000019073486
1993-01-28 00:00:00,6.440000057220459,6.440000057220459,6.440000057220459
1993-01-29 00:00:00,6.389999866485596,6.389999866485596,6.389999866485596
1993-02-01 00:00:00,6.380000114440918,6.380000114440918,6.380000114440918
1993-02-02 00:00:00,6.460000038146973,6.460000038146973,6.460000038146973
1993-02-03 00:00:00,6.449999809265137,6.449999809265137,6.449999809265137
1993-02-04 00:00:00,6.389999866485596,6.389999866485596,6.389999866485596
1993-02-05 00:00:00,6.320000171661377,6.320000171661377,6.320000171661377
1993-02-08 00:00:00,6.369999885559082,6.369999885559082,6.369999885559082
1993-02-09 00:00:00,6.409999847412109,6.409999847412109,6.409999847412109
1993-02-10 00:00:00,6.400000095367432,6.400000095367432,6.400000095367432
1993-02-11 00:00:00,6.369999885559082,6.369999885559082,6.369999885559082
1993-02-12 00:00:00,6.349999904632568,6.349999904632568,6.349999904632568
1993-02-16 00:00:00,6.340000152587891,6.340000152587891,6.340000152587891
1993-02-17 00:00:00,6.28000020980835,6.28000020980835,6.28000020980835
1993-02-18 00:00:00,6.170000076293945,6.170000076293945,6.170000076293945
1993-02-19 00:00:00,6.150000095367432,6.150000095367432,6.150000095367432
1993-02-22 00:00:00,6.090000152587891,6.090000152587891,6.090000152587891
1993-02-23 00:00:00,5.920000076293945,5.920000076293945,5.920000076293945
1993-02-24 00:00:00,6.010000228881836,6.010000228881836,6.010000228881836
1993-02-25 00:00:00,6.03000020980835,6.03000020980835,6.03000020980835
1993-02-26 00:00:00,6.03000020980835,6.03000020980835,6.03000020980835
1993-03-01 00:00:00,5.940000057220459,5.940000057220459,5.940000057220459
1993-03-02 00:00:00,5.949999809265137,5.949999809265137,5.949999809265137
1993-03-03 00:00:00,5.880000114440918,5.880000114440918,5.880000114440918
1993-03-04 00:00:00,5.829999923706055,5.829999923706055,5.829999923706055
1993-03-05 00:00:00,5.900000095367432,5.900000095367432,5.900000095367432
1993-03-08 00:00:00,5.849999904632568,5.849999904632568,5.849999904632568
1993-03-09 00:00:00,5.909999847412109,5.909999847412109,5.909999847412109
1993-03-10 00:00:00,5.96999979019165,5.96999979019165,5.96999979019165
1993-03-11 00:00:00,5.960000038146973,5.960000038146973,5.960000038146973
1993-03-12 00:00:00,6.110000133514404,6.110000133514404,6.110000133514404
1993-03-15 00:00:00,6.170000076293945,6.170000076293945,6.170000076293945
1993-03-16 00:00:00,6.059999942779541,6.059999942779541,6.059999942779541
1993-03-17 00:00:00,6.019999980926514,6.019999980926514,6.019999980926514
1993-03-18 00:00:00,5.929999828338623,5.929999828338623,5.929999828338623
1993-03-19 00:00:00,5.949999809265137,5.949999809265137,5.949999809265137
1993-03-22 00:00:00,5.960000038146973,5.960000038146973,5.960000038146973
1993-03-23 00:00:00,5.909999847412109,5.909999847412109,5.909999847412109
1993-03-24 00:00:00,5.949999809265137,5.949999809265137,5.949999809265137
1993-03-25 00:00:00,5.980000019073486,5.980000019073486,5.980000019073486
1993-03-26 00:00:00,6.090000152587891,6.090000152587891,6.090000152587891
1993-03-29 00:00:00,6.059999942779541,6.059999942779541,6.059999942779541
1993-03-30 00:00:00,6.019999980926514,6.019999980926514,6.019999980926514
1993-03-31 00:00:00,6.03000020980835,6.03000020980835,6.03000020980835
1993-04-01 00:00:00,6.059999942779541,6.059999942779541,6.059999942779541
1993-04-02 00:00:00,6.159999847412109,6.159999847412109,6.159999847412109
1993-04-05 00:00:00,6.130000114440918,6.130000114440918,6.130000114440918
1993-04-06 00:00:00,6.079999923706055,6.079999923706055,6.079999923706055
1993-04-07 00:00:00,6.070000171661377,6.070000171661377,6.070000171661377
1993-04-08 00:00:00,5.96999979019165,5.96999979019165,5.96999979019165
1993-04-12 00:00:00,5.920000076293945,5.920000076293945,5.920000076293945
1993-04-13 00:00:00,5.929999828338623,5.929999828338623,5.929999828338623
1993-04-14 00:00:00,5.900000095367432,5.900000095367432,5.900000095367432
1993-04-15 00:00:00,5.880000114440918,5.880000114440918,5.880000114440918
1993-04-16 00:00:00,5.889999866485596,5.889999866485596,5.889999866485596
1993-04-19 00:00:00,5.869999885559082,5.869999885559082,5.869999885559082
1993-04-20 00:00:00,5.869999885559082,5.869999885559082,5.869999885559082
1993-04-21 00:00:00,5.860000133514404,5.860000133514404,5.860000133514404
1993-04-22 00:00:00,5.849999904632568,5.849999904632568,5.849999904632568
1993-04-23 00:00:00,5.889999866485596,5.889999866485596,5.889999866485596
1993-04-26 00:00:00,5.940000057220459,5.940000057220459,5.940000057220459
1993-04-27 00:00:00,6.019999980926514,6.019999980926514,6.019999980926514
1993-04-28 00:00:00,6.03000020980835,6.03000020980835,6.03000020980835
1993-04-29 00:00:00,5.989999771118164,5.989999771118164,5.989999771118164
1993-04-30 00:00:00,6.050000190734863,6.050000190734863,6.050000190734863
1993-05-03 00:00:00,5.960000038146973,5.960000038146973,5.960000038146973
1993-05-04 00:00:00,5.920000076293945,5.920000076293945,5.920000076293945
1993-05-05 00:00:00,5.929999828338623,5.929999828338623,5.929999828338623
1993-05-06 00:00:00,5.889999866485596,5.889999866485596,5.889999866485596
1993-05-07 00:00:00,5.920000076293945,5.920000076293945,5.920000076293945
1993-05-10 00:00:00,5.889999866485596,5.889999866485596,5.889999866485596
1993-05-11 00:00:00,5.889999866485596,5.889999866485596,5.889999866485596
1993-05-12 00:00:00,5.960000038146973,5.960000038146973,5.960000038146973
1993-05-13 00:00:00,6.019999980926514,6.019999980926514,6.019999980926514
1993-05-14 00:00:00,6.03000020980835,6.03000020980835,6.03000020980835
1993-05-17 00:00:00,6.070000171661377,6.070000171661377,6.070000171661377
1993-05-18 00:00:00,6.150000095367432,6.150000095367432,6.150000095367432
1993-05-19 00:00:00,6.110000133514404,6.110000133514404,6.110000133514404
1993-05-20 00:00:00,6.090000152587891,6.090000152587891,6.090000152587891
1993-05-21 00:00:00,6.159999847412109,6.159999847412109,6.159999847412109
1993-05-24 00:00:00,6.159999847412109,6.159999847412109,6.159999847412109
1993-05-25 00:00:00,6.170000076293945,6.170000076293945,6.170000076293945
1993-05-26 00:00:00,6.119999885559082,6.119999885559082,6.119999885559082
1993-05-27 00:00:00,6.110000133514404,6.110000133514404,6.110000133514404
1993-05-28 00:00:00,6.159999847412109,6.159999847412109,6.159999847412109
1993-06-01 00:00:00,6.070000171661377,6.070000171661377,6.070000171661377
1993-06-02 00:00:00,6.059999942779541,6.059999942779541,6.059999942779541
1993-06-03 00:00:00,6.019999980926514,6.019999980926514,6.019999980926514
1993-06-04 00:00:00,6.110000133514404,6.110000133514404,6.110000133514404
1993-06-07 00:00:00,6.079999923706055,6.079999923706055,6.079999923706055
1993-06-08 00:00:00,6.090000152587891,6.090000152587891,6.090000152587891
1993-06-09 00:00:00,6.070000171661377,6.070000171661377,6.070000171661377
1993-06-10 00:00:00,6.070000171661377,6.070000171661377,6.070000171661377
1993-06-11 00:00:00,5.96999979019165,5.96999979019165,5.96999979019165
1993-06-14 00:00:00,5.96999979019165,5.96999979019165,5.96999979019165
1993-06-15 00:00:00,5.960000038146973,5.960000038146973,5.960000038146973
1993-06-16 00:00:00,5.960000038146973,5.960000038146973,5.960000038146973
1993-06-17 00:00:00,5.929999828338623,5.929999828338623,5.929999828338623
1993-06-18 00:00:00,5.96999979019165,5.96999979019165,5.96999979019165
1993-06-21 00:00:00,5.920000076293945,5.920000076293945,5.920000076293945
1993-06-22 00:00:00,5.909999847412109,5.909999847412109,5.909999847412109
1993-06-23 00:00:00,5.909999847412109,5.909999847412109,5.909999847412109
1993-06-24 00:00:00,5.880000114440918,5.880000114440918,5.880000114440918
1993-06-25 00:00:00,5.840000152587891,5.840000152587891,5.840000152587891
1993-06-28 00:00:00,5.800000190734863,5.800000190734863,5.800000190734863
1993-06-29 00:00:00,5.789999961853027,5.789999961853027,5.789999961853027
1993-06-30 00:00:00,5.800000190734863,5.800000190734863,5.800000190734863
1993-07-01 00:00:00,5.800000190734863,5.800000190734863,5.800000190734863
1993-07-02 00:00:00,5.760000228881836,5.760000228881836,5.760000228881836
1993-07-06 00:00:00,5.800000190734863,5.800000190734863,5.800000190734863
1993-07-07 00:00:00,5.800000190734863,5.800000190734863,5.800000190734863
1993-07-08 00:00:00,5.78000020980835,5.78000020980835,5.78000020980835
1993-07-09 00:00:00,5.760000228881836,5.760000228881836,5.760000228881836
1993-07-12 00:00:00,5.75,5.75,5.75
1993-07-13 00:00:00,5.78000020980835,5.78000020980835,5.78000020980835
1993-07-14 00:00:00,5.71999979019165,5.71999979019165,5.71999979019165
1993-07-15 00:00:00,5.71999979019165,5.71999979019165,5.71999979019165
1993-07-16 00:00:00,5.710000038146973,5.710000038146973,5.710000038146973
1993-07-19 00:00:00,5.710000038146973,5.710000038146973,5.710000038146973
1993-07-20 00:00:00,5.75,5.75,5.75
1993-07-21 00:00:00,5.829999923706055,5.829999923706055,5.829999923706055
1993-07-22 00:00:00,5.900000095367432,5.900000095367432,5.900000095367432
1993-07-23 00:00:00,5.949999809265137,5.949999809265137,5.949999809265137
1993-07-26 00:00:00,5.929999828338623,5.929999828338623,5.929999828338623
1993-07-27 00:00:00,5.920000076293945,5.920000076293945,5.920000076293945
1993-07-28 00:00:00,5.900000095367432,5.900000095367432,5.900000095367432
1993-07-29 00:00:00,5.809999942779541,5.809999942779541,5.809999942779541
1993-07-30 00:00:00,5.829999923706055,5.829999923706055,5.829999923706055
1993-08-02 00:00:00,5.849999904632568,5.849999904632568,5.849999904632568
1993-08-03 00:00:00,5.829999923706055,5.829999923706055,5.829999923706055
1993-08-04 00:00:00,5.869999885559082,5.869999885559082,5.869999885559082
1993-08-05 00:00:00,5.860000133514404,5.860000133514404,5.860000133514404
1993-08-06 00:00:00,5.860000133514404,5.860000133514404,5.860000133514404
1993-08-09 00:00:00,5.820000171661377,5.820000171661377,5.820000171661377
1993-08-10 00:00:00,5.820000171661377,5.820000171661377,5.820000171661377
1993-08-11 00:00:00,5.75,5.75,5.75
1993-08-12 00:00:00,5.769999980926514,5.769999980926514,5.769999980926514
1993-08-13 00:00:00,5.71999979019165,5.71999979019165,5.71999979019165
1993-08-16 00:00:00,5.679999828338623,5.679999828338623,5.679999828338623
1993-08-17 00:00:00,5.699999809265137,5.699999809265137,5.699999809265137
1993-08-18 00:00:00,5.690000057220459,5.690000057220459,5.690000057220459
1993-08-19 00:00:00,5.639999866485596,5.639999866485596,5.639999866485596
1993-08-20 00:00:00,5.610000133514404,5.610000133514404,5.610000133514404
1993-08-23 00:00:00,5.599999904632568,5.599999904632568,5.599999904632568
1993-08-24 00:00:00,5.539999961853027,5.539999961853027,5.539999961853027
1993-08-25 00:00:00,5.510000228881836,5.510000228881836,5.510000228881836
1993-08-26 00:00:00,5.420000076293945,5.420000076293945,5.420000076293945
1993-08-27 00:00:00,5.480000019073486,5.480000019073486,5.480000019073486
1993-08-30 00:00:00,5.440000057220459,5.440000057220459,5.440000057220459
1993-08-31 00:00:00,5.449999809265137,5.449999809265137,5.449999809265137
1993-09-01 00:00:00,5.460000038146973,5.460000038146973,5.460000038146973
1993-09-02 00:00:00,5.409999847412109,5.409999847412109,5.409999847412109
1993-09-03 00:00:00,5.309999942779541,5.309999942779541,5.309999942779541
1993-09-07 00:00:00,5.230000019073486,5.230000019073486,5.230000019073486
1993-09-08 00:00:00,5.230000019073486,5.230000019073486,5.230000019073486
1993-09-09 00:00:00,5.349999904632568,5.349999904632568,5.349999904632568
1993-09-10 00:00:00,5.289999961853027,5.289999961853027,5.289999961853027
1993-09-13 00:00:00,5.260000228881836,5.260000228881836,5.260000228881836
1993-09-14 00:00:00,5.369999885559082,5.369999885559082,5.369999885559082
1993-09-15 00:00:00,5.389999866485596,5.389999866485596,5.389999866485596
1993-09-16 00:00:00,5.369999885559082,5.369999885559082,5.369999885559082
1993-09-17 00:00:00,5.380000114440918,5.380000114440918,5.380000114440918
1993-09-20 00:00:00,5.420000076293945,5.420000076293945,5.420000076293945
1993-09-21 00:00:00,5.46999979019165,5.46999979019165,5.46999979019165
1993-09-22 00:00:00,5.449999809265137,5.449999809265137,5.449999809265137
1993-09-23 00:00:00,5.420000076293945,5.420000076293945,5.420000076293945
1993-09-24 00:00:00,5.420000076293945,5.420000076293945,5.420000076293945
1993-09-27 00:00:00,5.300000190734863,5.300000190734863,5.300000190734863
1993-09-28 00:00:00,5.28000020980835,5.28000020980835,5.28000020980835
1993-09-29 00:00:00,5.349999904632568,5.349999904632568,5.349999904632568
1993-09-30 00:00:00,5.400000095367432,5.400000095367432,5.400000095367432
1993-10-01 00:00:00,5.340000152587891,5.340000152587891,5.340000152587891
1993-10-04 00:00:00,5.340000152587891,5.340000152587891,5.340000152587891
1993-10-05 00:00:00,5.349999904632568,5.349999904632568,5.349999904632568
1993-10-06 00:00:00,5.349999904632568,5.349999904632568,5.349999904632568
1993-10-07 00:00:00,5.329999923706055,5.329999923706055,5.329999923706055
1993-10-08 00:00:00,5.260000228881836,5.260000228881836,5.260000228881836
1993-10-12 00:00:00,5.269999980926514,5.269999980926514,5.269999980926514
1993-10-13 00:00:00,5.269999980926514,5.269999980926514,5.269999980926514
1993-10-14 00:00:00,5.230000019073486,5.230000019073486,5.230000019073486
1993-10-15 00:00:00,5.190000057220459,5.190000057220459,5.190000057220459
1993-10-18 00:00:00,5.269999980926514,5.269999980926514,5.269999980926514
1993-10-19 00:00:00,5.269999980926514,5.269999980926514,5.269999980926514
1993-10-20 00:00:00,5.260000228881836,5.260000228881836,5.260000228881836
1993-10-21 00:00:00,5.349999904632568,5.349999904632568,5.349999904632568
1993-10-22 00:00:00,5.420000076293945,5.420000076293945,5.420000076293945
1993-10-25 00:00:00,5.46999979019165,5.46999979019165,5.46999979019165
1993-10-26 00:00:00,5.429999828338623,5.429999828338623,5.429999828338623
1993-10-27 00:00:00,5.440000057220459,5.440000057220459,5.440000057220459
1993-10-28 00:00:00,5.409999847412109,5.409999847412109,5.409999847412109
1993-10-29 00:00:00,5.388000011444092,5.388000011444092,5.367000102996826
1993-11-01 00:00:00,5.559999942779541,5.559999942779541,5.559999942779541
1993-11-02 00:00:00,5.605999946594238,5.73199987411499,5.568999767303467
1993-11-03 00:00:00,5.605999946594238,5.638999938964844,5.580999851226807
1993-11-04 00:00:00,5.664999961853027,5.664999961853027,5.5980000495910645
1993-11-05 00:00:00,5.728000164031982,5.752999782562256,5.468999862670898
1993-11-08 00:00:00,5.669000148773193,5.718999862670898,5.669000148773193
1993-11-09 00:00:00,5.623000144958496,5.638999938964844,5.5229997634887695
1993-11-10 00:00:00,5.681000232696533,5.693999767303467,5.5970001220703125
1993-11-12 00:00:00,5.64300012588501,5.790999889373779,5.64300012588501
1993-11-15 00:00:00,5.664000034332275,5.672999858856201,5.635000228881836
1993-11-16 00:00:00,5.626999855041504,5.656000137329102,5.5970001220703125
1993-11-17 00:00:00,5.622000217437744,5.638999938964844,5.567999839782715
1993-11-18 00:00:00,5.693999767303467,5.702000141143799,5.635000228881836
1993-11-19 00:00:00,5.828999996185303,5.834000110626221,5.74399995803833
1993-11-22 00:00:00,5.863999843597412,5.863999843597412,5.808000087738037
1993-11-23 00:00:00,5.7870001792907715,5.876999855041504,5.7870001792907715
1993-11-24 00:00:00,5.816999912261963,5.834000110626221,5.756999969482422
1993-11-26 00:00:00,5.749000072479248,5.769999980926514,5.736000061035156
1993-11-29 00:00:00,5.73199987411499,5.736000061035156,5.684999942779541
1993-11-30 00:00:00,5.795000076293945,5.8470001220703125,5.756999969482422
1993-12-01 00:00:00,5.7829999923706055,5.824999809265137,5.77400016784668
1993-12-02 00:00:00,5.7779998779296875,5.803999900817871,5.761000156402588
1993-12-03 00:00:00,5.7829999923706055,5.829999923706055,5.769999980926514
1993-12-06 00:00:00,5.681000232696533,5.74399995803833,5.681000232696533
1993-12-07 00:00:00,5.677000045776367,5.715000152587891,5.664000034332275
1993-12-08 00:00:00,5.671999931335449,5.697999954223633,5.668000221252441
1993-12-09 00:00:00,5.64300012588501,5.693999767303467,5.630000114440918
1993-12-10 00:00:00,5.693999767303467,5.697999954223633,5.622000217437744
1993-12-13 00:00:00,5.749000072479248,5.769999980926514,5.73199987411499
1993-12-14 00:00:00,5.7789998054504395,5.7870001792907715,5.7270002365112305
1993-12-15 00:00:00,5.790999889373779,5.803999900817871,5.769999980926514
1993-12-16 00:00:00,5.803999900817871,5.813000202178955,5.7789998054504395
1993-12-17 00:00:00,5.77400016784668,5.791999816894531,5.756999969482422
1993-12-20 00:00:00,5.796000003814697,5.800000190734863,5.7870001792907715
1993-12-21 00:00:00,5.822000026702881,5.8470001220703125,5.813000202178955
1993-12-22 00:00:00,5.715000152587891,5.809000015258789,5.710999965667725
1993-12-23 00:00:00,5.681000232696533,5.728000164031982,5.677000045776367
1993-12-27 00:00:00,5.677000045776367,5.684999942779541,5.664000034332275
1993-12-28 00:00:00,5.684999942779541,5.715000152587891,5.681000232696533
1993-12-29 00:00:00,5.693999767303467,5.697999954223633,5.668000221252441
1993-12-30 00:00:00,5.7870001792907715,5.791999816894531,5.705999851226807
1993-12-31 00:00:00,5.7829999923706055,5.813000202178955,5.765999794006348
1994-01-03 00:00:00,5.88700008392334,5.900000095367432,5.796000003814697
1994-01-04 00:00:00,5.861000061035156,5.890999794006348,5.843999862670898
1994-01-05 00:00:00,5.864999771118164,5.86899995803833,5.817999839782715
1994-01-06 00:00:00,5.804999828338623,5.843999862670898,5.788000106811523
1994-01-07 00:00:00,5.65500020980835,5.822000026702881,5.651000022888184
1994-01-10 00:00:00,5.620999813079834,5.677000045776367,5.617000102996826
1994-01-11 00:00:00,5.620999813079834,5.638000011444092,5.609000205993652
1994-01-12 00:00:00,5.553999900817871,5.609000205993652,5.540999889373779
1994-01-13 00:00:00,5.664000034332275,5.664000034332275,5.578999996185303
1994-01-14 00:00:00,5.728000164031982,5.757999897003174,5.659999847412109
1994-01-18 00:00:00,5.697999954223633,5.728000164031982,5.693999767303467
1994-01-19 00:00:00,5.705999851226807,5.718999862670898,5.689000129699707
1994-01-20 00:00:00,5.664000034332275,5.73199987411499,5.664000034332275
1994-01-21 00:00:00,5.677000045776367,5.689000129699707,5.64300012588501
1994-01-24 00:00:00,5.689000129699707,5.702000141143799,5.65500020980835
1994-01-25 00:00:00,5.723999977111816,5.73199987411499,5.693999767303467
1994-01-26 00:00:00,5.718999862670898,5.749000072479248,5.715000152587891
1994-01-27 00:00:00,5.671999931335449,5.710999965667725,5.671999931335449
1994-01-28 00:00:00,5.617000102996826,5.697999954223633,5.583000183105469
1994-01-31 00:00:00,5.638000011444092,5.65500020980835,5.599999904632568
1994-02-01 00:00:00,5.715000152587891,5.71999979019165,5.651000022888184
1994-02-02 00:00:00,5.715000152587891,5.73199987411499,5.697999954223633
1994-02-03 00:00:00,5.757999897003174,5.78000020980835,5.715000152587891
1994-02-04 00:00:00,5.888000011444092,5.89300012588501,5.583000183105469
1994-02-07 00:00:00,5.909999847412109,5.9629998207092285,5.880000114440918
1994-02-08 00:00:00,5.953999996185303,5.9670000076293945,5.936999797821045
1994-02-09 00:00:00,5.927999973297119,5.9720001220703125,5.927999973297119
1994-02-10 00:00:00,5.9039998054504395,5.9039998054504395,5.8420000076293945
1994-02-11 00:00:00,5.870999813079834,5.946000099182129,5.867000102996826
1994-02-14 00:00:00,5.882999897003174,5.892000198364258,5.857999801635742
1994-02-15 00:00:00,5.867000102996826,5.892000198364258,5.854000091552734
1994-02-16 00:00:00,5.875,5.879000186920166,5.854000091552734
1994-02-17 00:00:00,5.984000205993652,5.98799991607666,5.816999912261963
1994-02-18 00:00:00,6.077000141143799,6.10699987411499,5.9629998207092285
1994-02-22 00:00:00,6.039000034332275,6.09499979019165,6.034999847412109
1994-02-23 00:00:00,6.124000072479248,6.13700008392334,6.039000034332275
1994-02-24 00:00:00,6.202000141143799,6.210000038146973,6.116000175476074
1994-02-25 00:00:00,6.192999839782715,6.210999965667725,6.145999908447266
1994-02-28 00:00:00,6.150000095367432,6.179999828338623,6.125
1994-03-01 00:00:00,6.28000020980835,6.296999931335449,6.142000198364258
1994-03-02 00:00:00,6.289000034332275,6.372000217437744,6.254000186920166
1994-03-03 00:00:00,6.341000080108643,6.367000102996826,6.254000186920166
1994-03-04 00:00:00,6.36299991607666,6.425000190734863,6.323999881744385
1994-03-07 00:00:00,6.307000160217285,6.315000057220459,6.276000022888184
1994-03-08 00:00:00,6.359000205993652,6.359000205993652,6.267000198364258
1994-03-09 00:00:00,6.368000030517578,6.421000003814697,6.271999835968018
1994-03-10 00:00:00,6.473999977111816,6.486999988555908,6.336999893188477
1994-03-11 00:00:00,6.452000141143799,6.5279998779296875,6.447999954223633
1994-03-14 00:00:00,6.479000091552734,6.513999938964844,6.434000015258789
1994-03-15 00:00:00,6.456999778747559,6.510000228881836,6.421000003814697
1994-03-16 00:00:00,6.376999855041504,6.439000129699707,6.376999855041504
1994-03-17 00:00:00,6.381999969482422,6.39900016784668,6.320000171661377
1994-03-18 00:00:00,6.479000091552734,6.510000228881836,6.434999942779541
1994-03-21 00:00:00,6.5370001792907715,6.564000129699707,6.511000156402588
1994-03-22 00:00:00,6.434999942779541,6.546000003814697,6.434999942779541
1994-03-23 00:00:00,6.418000221252441,6.434999942779541,6.394999980926514
1994-03-24 00:00:00,6.568999767303467,6.5920000076293945,6.493000030517578
1994-03-25 00:00:00,6.5920000076293945,6.5960001945495605,6.543000221252441
1994-03-28 00:00:00,6.605999946594238,6.63700008392334,6.570000171661377
1994-03-29 00:00:00,6.701000213623047,6.7230000495910645,6.60099983215332
1994-03-30 00:00:00,6.764999866485596,6.769000053405762,6.673999786376953
1994-03-31 00:00:00,6.77400016784668,6.8520002365112305,6.736999988555908
1994-04-04 00:00:00,7.1519999504089355,7.176000118255615,6.9079999923706055
1994-04-05 00:00:00,6.949999809265137,7.113999843597412,6.946000099182129
1994-04-06 00:00:00,6.9039998054504395,7.019999980926514,6.875999927520752
1994-04-07 00:00:00,6.848999977111816,6.918000221252441,6.848999977111816
1994-04-08 00:00:00,6.933000087738037,6.951000213623047,6.872000217437744
1994-04-11 00:00:00,6.909999847412109,6.979000091552734,6.895999908447266
1994-04-12 00:00:00,6.849999904632568,6.909999847412109,6.840000152587891
1994-04-13 00:00:00,6.914999961853027,6.923999786376953,6.803999900817871
1994-04-14 00:00:00,6.960999965667725,6.999000072479248,6.923999786376953
1994-04-15 00:00:00,6.947999954223633,7.004000186920166,6.942999839782715
1994-04-18 00:00:00,7.117000102996826,7.131999969482422,6.953000068664551
1994-04-19 00:00:00,7.085000038146973,7.175000190734863,7.070000171661377
1994-04-20 00:00:00,7.041999816894531,7.107999801635742,7.038000106811523
1994-04-21 00:00:00,6.883999824523926,7.0329999923706055,6.879000186920166
1994-04-22 00:00:00,6.9120001792907715,6.945000171661377,6.855999946594238
1994-04-25 00:00:00,6.85699987411499,6.953999996185303,6.8520002365112305
1994-04-26 00:00:00,6.828999996185303,6.885000228881836,6.796999931335449
1994-04-28 00:00:00,7.015999794006348,7.034999847412109,6.7789998054504395
1994-04-29 00:00:00,7.034999847412109,7.0920000076293945,7.002999782562256
1994-05-02 00:00:00,7.078000068664551,7.130000114440918,7.050000190734863
1994-05-03 00:00:00,7.111999988555908,7.135000228881836,7.059999942779541
1994-05-04 00:00:00,7.136000156402588,7.188000202178955,7.065000057220459
1994-05-05 00:00:00,7.0929999351501465,7.111999988555908,7.084000110626221
1994-05-06 00:00:00,7.334000110626221,7.3379998207092285,7.107999801635742
1994-05-09 00:00:00,7.474999904632568,7.485000133514404,7.357999801635742
1994-05-10 00:00:00,7.281000137329102,7.4070000648498535,7.270999908447266
1994-05-11 00:00:00,7.4120001792907715,7.47599983215332,7.271999835968018
1994-05-12 00:00:00,7.3480000495910645,7.442999839782715,7.263000011444092
1994-05-13 00:00:00,7.2769999504089355,7.366000175476074,7.23199987411499
1994-05-16 00:00:00,7.23199987411499,7.281000137329102,7.197000026702881
1994-05-17 00:00:00,7.085999965667725,7.244999885559082,7.078000068664551
1994-05-18 00:00:00,7.015999794006348,7.072999954223633,7.002999782562256
1994-05-19 00:00:00,6.947000026702881,7.068999767303467,6.928999900817871
1994-05-20 00:00:00,7.01200008392334,7.033999919891357,6.964000225067139
1994-05-23 00:00:00,7.178999900817871,7.186999797821045,7.051000118255615
1994-05-24 00:00:00,7.1479997634887695,7.191999912261963,7.103000164031982
1994-05-25 00:00:00,7.117000102996826,7.2179999351501465,7.107999801635742
1994-05-26 00:00:00,7.085999965667725,7.098999977111816,7.054999828338623
1994-05-27 00:00:00,7.10699987411499,7.196000099182129,7.064000129699707
1994-05-31 00:00:00,7.1519999504089355,7.196000099182129,7.14300012588501
1994-06-01 00:00:00,7.10699987411499,7.236000061035156,7.10699987411499
1994-06-02 00:00:00,7.059000015258789,7.093999862670898,7.059000015258789
1994-06-03 00:00:00,6.9629998207092285,7.239999771118164,6.945000171661377
1994-06-06 00:00:00,6.888999938964844,6.914999961853027,6.86299991607666
1994-06-07 00:00:00,6.935999870300293,6.953999996185303,6.906000137329102
1994-06-08 00:00:00,6.945000171661377,6.945000171661377,6.86299991607666
1994-06-09 00:00:00,6.958000183105469,6.984000205993652,6.945000171661377
1994-06-10 00:00:00,7.013999938964844,7.0269999504089355,6.927000045776367
1994-06-13 00:00:00,7.053999900817871,7.071000099182129,7.0320000648498535
1994-06-14 00:00:00,6.98799991607666,7.061999797821045,6.961999893188477
1994-06-15 00:00:00,7.076000213623047,7.076000213623047,6.943999767303467
1994-06-16 00:00:00,7.058000087738037,7.13700008392334,7.048999786376953
1994-06-17 00:00:00,7.11899995803833,7.132999897003174,7.013999938964844
1994-06-20 00:00:00,7.145999908447266,7.182000160217285,7.111000061035156
1994-06-21 00:00:00,7.203999996185303,7.2170000076293945,7.145999908447266
1994-06-22 00:00:00,7.105999946594238,7.190000057220459,7.0970001220703125
1994-06-23 00:00:00,7.084000110626221,7.235000133514404,7.048999786376953
1994-06-24 00:00:00,7.198999881744385,7.208000183105469,7.10099983215332
1994-06-27 00:00:00,7.150000095367432,7.275000095367432,7.145999908447266
1994-06-28 00:00:00,7.24399995803833,7.256999969482422,7.15500020980835
1994-06-29 00:00:00,7.230000019073486,7.256999969482422,7.198999881744385
1994-06-30 00:00:00,7.328999996185303,7.328999996185303,7.208000183105469
1994-07-01 00:00:00,7.320000171661377,7.3379998207092285,7.289000034332275
1994-07-05 00:00:00,7.297999858856201,7.3520002365112305,7.293000221252441
1994-07-06 00:00:00,7.302000045776367,7.3379998207092285,7.283999919891357
1994-07-07 00:00:00,7.275000095367432,7.283999919891357,7.256999969482422
1994-07-08 00:00:00,7.4019999504089355,7.420000076293945,7.289000034332275
1994-07-11 00:00:00,7.456999778747559,7.46999979019165,7.410999774932861
1994-07-12 00:00:00,7.410999774932861,7.466000080108643,7.369999885559082
1994-07-13 00:00:00,7.396999835968018,7.438000202178955,7.375
1994-07-14 00:00:00,7.230000019073486,7.3379998207092285,7.2210001945495605
1994-07-15 00:00:00,7.230000019073486,7.2789998054504395,7.1579999923706055
1994-07-18 00:00:00,7.181000232696533,7.243000030517578,7.163000106811523
1994-07-19 00:00:00,7.123000144958496,7.203000068664551,7.118000030517578
1994-07-20 00:00:00,7.224999904632568,7.243000030517578,7.109000205993652
1994-07-21 00:00:00,7.251999855041504,7.269999980926514,7.2210001945495605
1994-07-22 00:00:00,7.269999980926514,7.288000106811523,7.224999904632568
1994-07-25 00:00:00,7.243000030517578,7.293000221252441,7.234000205993652
1994-07-26 00:00:00,7.251999855041504,7.269999980926514,7.234000205993652
1994-07-27 00:00:00,7.320000171661377,7.328999996185303,7.265999794006348
1994-07-28 00:00:00,7.269999980926514,7.369999885559082,7.261000156402588
1994-07-29 00:00:00,7.09499979019165,7.290999889373779,7.085999965667725
1994-08-01 00:00:00,7.11299991607666,7.176000118255615,7.09499979019165
1994-08-02 00:00:00,7.085999965667725,7.091000080108643,7.0329999923706055
1994-08-03 00:00:00,7.081999778747559,7.122000217437744,7.077000141143799
1994-08-04 00:00:00,7.099999904632568,7.109000205993652,7.064000129699707
1994-08-05 00:00:00,7.256999969482422,7.265999794006348,7.085999965667725
1994-08-08 00:00:00,7.256999969482422,7.269999980926514,7.238999843597412
1994-08-09 00:00:00,7.302000045776367,7.334000110626221,7.283999919891357
1994-08-10 00:00:00,7.302000045776367,7.334000110626221,7.293000221252441
1994-08-11 00:00:00,7.343999862670898,7.383999824523926,7.26800012588501
1994-08-12 00:00:00,7.26800012588501,7.383999824523926,7.254000186920166
1994-08-15 00:00:00,7.285999774932861,7.298999786376953,7.271999835968018
1994-08-16 00:00:00,7.170000076293945,7.295000076293945,7.170000076293945
1994-08-17 00:00:00,7.135000228881836,7.135000228881836,7.09499979019165
1994-08-18 00:00:00,7.26800012588501,7.26800012588501,7.178999900817871
1994-08-19 00:00:00,7.263000011444092,7.298999786376953,7.241000175476074
1994-08-22 00:00:00,7.308000087738037,7.311999797821045,7.281000137329102
1994-08-23 00:00:00,7.271999835968018,7.284999847412109,7.25
1994-08-24 00:00:00,7.196000099182129,7.267000198364258,7.196000099182129
1994-08-25 00:00:00,7.271999835968018,7.281000137329102,7.196000099182129
1994-08-26 00:00:00,7.23199987411499,7.271999835968018,7.177999973297119
1994-08-29 00:00:00,7.236000061035156,7.239999771118164,7.190999984741211
1994-08-30 00:00:00,7.190999984741211,7.2179999351501465,7.186999797821045
1994-08-31 00:00:00,7.164999961853027,7.2179999351501465,7.164999961853027
1994-09-01 00:00:00,7.173999786376953,7.204999923706055,7.164999961853027
1994-09-02 00:00:00,7.196000099182129,7.199999809265137,7.072000026702881
1994-09-06 00:00:00,7.252999782562256,7.267000198364258,7.2179999351501465
1994-09-07 00:00:00,7.284999847412109,7.294000148773193,7.230999946594238
1994-09-08 00:00:00,7.284999847412109,7.294000148773193,7.252999782562256
1994-09-09 00:00:00,7.428999900817871,7.438000202178955,7.267000198364258
1994-09-12 00:00:00,7.442999839782715,7.442999839782715,7.410999774932861
1994-09-13 00:00:00,7.423999786376953,7.465000152587891,7.388000011444092
1994-09-14 00:00:00,7.39300012588501,7.428999900817871,7.379000186920166
1994-09-15 00:00:00,7.3379998207092285,7.388000011444092,7.328999996185303
1994-09-16 00:00:00,7.506999969482422,7.525000095367432,7.3470001220703125
1994-09-19 00:00:00,7.474999904632568,7.493000030517578,7.46999979019165
1994-09-20 00:00:00,7.511000156402588,7.557000160217285,7.511000156402588
1994-09-21 00:00:00,7.552999973297119,7.561999797821045,7.484000205993652
1994-09-22 00:00:00,7.543000221252441,7.561999797821045,7.53000020980835
1994-09-23 00:00:00,7.552999973297119,7.571000099182129,7.501999855041504
1994-09-26 00:00:00,7.557000160217285,7.561999797821045,7.525000095367432
1994-09-27 00:00:00,7.590000152587891,7.598999977111816,7.552999973297119
1994-09-28 00:00:00,7.552999973297119,7.593999862670898,7.520999908447266
1994-09-29 00:00:00,7.617000102996826,7.650000095367432,7.552999973297119
1994-09-30 00:00:00,7.598999977111816,7.640999794006348,7.585000038146973
1994-10-03 00:00:00,7.650000095367432,7.664000034332275,7.585000038146973
1994-10-04 00:00:00,7.677999973297119,7.683000087738037,7.631999969482422
1994-10-05 00:00:00,7.748000144958496,7.767000198364258,7.677999973297119
1994-10-06 00:00:00,7.752999782562256,7.757999897003174,7.71999979019165
1994-10-07 00:00:00,7.683000087738037,7.823999881744385,7.669000148773193
1994-10-11 00:00:00,7.623000144958496,7.664999961853027,7.59499979019165
1994-10-12 00:00:00,7.673999786376953,7.673999786376953,7.645999908447266
1994-10-13 00:00:00,7.623000144958496,7.683000087738037,7.552999973297119
1994-10-14 00:00:00,7.590000152587891,7.673999786376953,7.577000141143799
1994-10-17 00:00:00,7.599999904632568,7.631999969482422,7.59499979019165
1994-10-18 00:00:00,7.613999843597412,7.623000144958496,7.577000141143799
1994-10-19 00:00:00,7.651000022888184,7.664999961853027,7.642000198364258
1994-10-20 00:00:00,7.7829999923706055,7.7829999923706055,7.651000022888184
1994-10-21 00:00:00,7.7829999923706055,7.821000099182129,7.763999938964844
1994-10-24 00:00:00,7.829999923706055,7.843999862670898,7.7829999923706055
1994-10-25 00:00:00,7.859000205993652,7.882999897003174,7.829999923706055
1994-10-26 00:00:00,7.859000205993652,7.88700008392334,7.815999984741211
1994-10-27 00:00:00,7.859000205993652,7.877999782562256,7.84499979019165
1994-10-28 00:00:00,7.793000221252441,7.9019999504089355,7.7829999923706055
1994-10-31 00:00:00,7.793000221252441,7.973999977111816,7.793000221252441
1994-11-01 00:00:00,7.89300012588501,7.89300012588501,7.826000213623047
1994-11-02 00:00:00,7.927000045776367,7.960000038146973,7.882999897003174
1994-11-03 00:00:00,7.946000099182129,7.965000152587891,7.921999931335449
1994-11-04 00:00:00,8.013999938964844,8.017999649047852,7.827000141143799
1994-11-07 00:00:00,8.02299976348877,8.038000106811523,8.003999710083008
1994-11-08 00:00:00,7.985000133514404,8.02400016784668,7.980000019073486
1994-11-09 00:00:00,7.922999858856201,7.951000213623047,7.918000221252441
1994-11-10 00:00:00,7.961999893188477,7.9670000076293945,7.861000061035156
1994-11-11 00:00:00,7.980999946594238,7.980999946594238,7.980999946594238
1994-11-14 00:00:00,7.925000190734863,7.994999885559082,7.925000190734863
1994-11-15 00:00:00,7.89300012588501,7.958000183105469,7.828999996185303
1994-11-16 00:00:00,7.961999893188477,7.961999893188477,7.8520002365112305
1994-11-17 00:00:00,8.012999534606934,8.152999877929688,7.956999778747559
1994-11-18 00:00:00,8.003999710083008,8.161999702453613,7.989999771118164
1994-11-21 00:00:00,8.017000198364258,8.027000427246094,7.999000072479248
1994-11-22 00:00:00,7.985000133514404,8.012999534606934,7.97599983215332
1994-11-23 00:00:00,7.801000118255615,7.888000011444092,7.7829999923706055
1994-11-25 00:00:00,7.788000106811523,7.833000183105469,7.7829999923706055
1994-11-28 00:00:00,7.874000072479248,7.888000011444092,7.801000118255615
1994-11-29 00:00:00,7.939000129699707,7.974999904632568,7.89300012588501
1994-11-30 00:00:00,7.888000011444092,7.956999778747559,7.874000072479248
1994-12-01 00:00:00,7.910999774932861,7.942999839782715,7.882999897003174
1994-12-02 00:00:00,7.791999816894531,7.988999843597412,7.791999816894531
1994-12-05 00:00:00,7.822999954223633,7.833000183105469,7.7729997634887695
1994-12-06 00:00:00,7.718999862670898,7.796000003814697,7.718999862670898
1994-12-07 00:00:00,7.801000118255615,7.822999954223633,7.73199987411499
1994-12-08 00:00:00,7.809999942779541,7.875,7.7820000648498535
1994-12-09 00:00:00,7.7779998779296875,7.804999828338623,7.745999813079834
1994-12-12 00:00:00,7.841000080108643,7.860000133514404,7.828000068664551
1994-12-13 00:00:00,7.814000129699707,7.909999847412109,7.814000129699707
1994-12-14 00:00:00,7.7729997634887695,7.817999839782715,7.736000061035156
1994-12-15 00:00:00,7.7769999504089355,7.800000190734863,7.744999885559082
1994-12-16 00:00:00,7.800000190734863,7.814000129699707,7.7729997634887695
1994-12-19 00:00:00,7.795000076293945,7.809000015258789,7.790999889373779
1994-12-20 00:00:00,7.800000190734863,7.809000015258789,7.763000011444092
1994-12-21 00:00:00,7.785999774932861,7.803999900817871,7.771999835968018
1994-12-22 00:00:00,7.827000141143799,7.835999965667725,7.781000137329102
1994-12-23 00:00:00,7.827000141143799,7.849999904632568,7.817999839782715
1994-12-27 00:00:00,7.744999885559082,7.803999900817871,7.744999885559082
1994-12-28 00:00:00,7.785999774932861,7.785999774932861,7.7170000076293945
1994-12-29 00:00:00,7.798999786376953,7.813000202178955,7.771999835968018
1994-12-30 00:00:00,7.827000141143799,7.830999851226807,7.785999774932861
1995-01-03 00:00:00,7.876999855041504,7.876999855041504,7.822000026702881
1995-01-04 00:00:00,7.813000202178955,7.863999843597412,7.808000087738037
1995-01-05 00:00:00,7.868000030517578,7.868000030517578,7.827000141143799
1995-01-06 00:00:00,7.849999904632568,7.927999973297119,7.827000141143799
1995-01-09 00:00:00,7.881999969482422,7.895999908447266,7.86299991607666
1995-01-10 00:00:00,7.822000026702881,7.873000144958496,7.808000087738037
1995-01-11 00:00:00,7.776000022888184,7.822000026702881,7.770999908447266
1995-01-12 00:00:00,7.794000148773193,7.816999912261963,7.752999782562256
1995-01-13 00:00:00,7.679999828338623,7.776000022888184,7.644000053405762
1995-01-16 00:00:00,7.679999828338623,7.679999828338623,7.679999828338623
1995-01-17 00:00:00,7.684000015258789,7.735000133514404,7.684000015258789
1995-01-18 00:00:00,7.697999954223633,7.711999893188477,7.675000190734863
1995-01-19 00:00:00,7.716000080108643,7.741000175476074,7.699999809265137
1995-01-20 00:00:00,7.808000087738037,7.808000087738037,7.738999843597412
1995-01-23 00:00:00,7.822000026702881,7.84499979019165,7.802999973297119
1995-01-24 00:00:00,7.84499979019165,7.854000091552734,7.830999851226807
1995-01-25 00:00:00,7.784999847412109,7.890999794006348,7.784999847412109
1995-01-26 00:00:00,7.743000030517578,7.808000087738037,7.743000030517578
1995-01-27 00:00:00,7.616000175476074,7.702000141143799,7.616000175476074
1995-01-30 00:00:00,7.633999824523926,7.64300012588501,7.5929999351501465
1995-01-31 00:00:00,7.5929999351501465,7.670000076293945,7.5929999351501465
1995-02-01 00:00:00,7.638000011444092,7.638000011444092,7.547999858856201
1995-02-02 00:00:00,7.670000076293945,7.684000015258789,7.6519999504089355
1995-02-03 00:00:00,7.456999778747559,7.624000072479248,7.434999942779541
1995-02-06 00:00:00,7.506999969482422,7.515999794006348,7.493000030517578
1995-02-07 00:00:00,7.511000156402588,7.511000156402588,7.466000080108643
1995-02-08 00:00:00,7.511000156402588,7.543000221252441,7.506999969482422
1995-02-09 00:00:00,7.572000026702881,7.572000026702881,7.51800012588501
1995-02-10 00:00:00,7.618000030517578,7.636000156402588,7.508999824523926
1995-02-13 00:00:00,7.59499979019165,7.636000156402588,7.59499979019165
1995-02-14 00:00:00,7.504000186920166,7.580999851226807,7.504000186920166
1995-02-15 00:00:00,7.441999912261963,7.535999774932861,7.366000175476074
1995-02-16 00:00:00,7.388000011444092,7.441999912261963,7.35699987411499
1995-02-17 00:00:00,7.419000148773193,7.449999809265137,7.414000034332275
1995-02-21 00:00:00,7.432000160217285,7.432000160217285,7.396999835968018
1995-02-22 00:00:00,7.321000099182129,7.449999809265137,7.321000099182129
1995-02-23 00:00:00,7.329999923706055,7.329999923706055,7.205999851226807
1995-02-24 00:00:00,7.324999809265137,7.36899995803833,7.297999858856201
1995-02-27 00:00:00,7.236000061035156,7.294000148773193,7.228000164031982
1995-02-28 00:00:00,7.210000038146973,7.302999973297119,7.210000038146973
1995-03-01 00:00:00,7.214000225067139,7.257999897003174,7.170000076293945
1995-03-02 00:00:00,7.289000034332275,7.302000045776367,7.2270002365112305
1995-03-03 00:00:00,7.355999946594238,7.38700008392334,7.302000045776367
1995-03-06 00:00:00,7.400000095367432,7.448999881744385,7.395999908447266
1995-03-07 00:00:00,7.431000232696533,7.453999996185303,7.373000144958496
1995-03-08 00:00:00,7.355000019073486,7.40500020980835,7.3460001945495605
1995-03-09 00:00:00,7.28000020980835,7.363999843597412,7.28000020980835
1995-03-10 00:00:00,7.2179999351501465,7.355000019073486,7.190999984741211
1995-03-13 00:00:00,7.173999786376953,7.2129998207092285,7.1519999504089355
1995-03-14 00:00:00,7.077000141143799,7.1519999504089355,7.059999942779541
1995-03-15 00:00:00,7.077000141143799,7.138000011444092,7.072999954223633
1995-03-16 00:00:00,7.038000106811523,7.111999988555908,6.994999885559082
1995-03-17 00:00:00,7.103000164031982,7.138000011444092,7.080999851226807
1995-03-20 00:00:00,7.111999988555908,7.116000175476074,7.080999851226807
1995-03-21 00:00:00,7.151000022888184,7.151000022888184,7.0980000495910645
1995-03-22 00:00:00,7.195000171661377,7.2210001945495605,7.172999858856201
1995-03-23 00:00:00,7.203000068664551,7.2170000076293945,7.15500020980835
1995-03-24 00:00:00,7.085000038146973,7.145999908447266,7.076000213623047
1995-03-27 00:00:00,7.0320000648498535,7.089000225067139,7.0320000648498535
1995-03-28 00:00:00,7.140999794006348,7.145999908447266,7.0370001792907715
1995-03-29 00:00:00,7.140999794006348,7.176000118255615,7.079999923706055
1995-03-30 00:00:00,7.158999919891357,7.184999942779541,7.071000099182129
1995-03-31 00:00:00,7.189000129699707,7.27400016784668,7.181000232696533
1995-04-03 00:00:00,7.131999969482422,7.203000068664551,7.123000144958496
1995-04-04 00:00:00,7.105999946594238,7.11899995803833,7.078999996185303
1995-04-05 00:00:00,7.105999946594238,7.136000156402588,7.084000110626221
1995-04-06 00:00:00,7.074999809265137,7.0920000076293945,7.065999984741211
1995-04-07 00:00:00,7.0920000076293945,7.110000133514404,7.008999824523926
1995-04-10 00:00:00,7.0960001945495605,7.136000156402588,7.0960001945495605
1995-04-11 00:00:00,7.073999881744385,7.113999843597412,7.044000148773193
1995-04-12 00:00:00,7.047999858856201,7.099999904632568,7.044000148773193
1995-04-13 00:00:00,7.0,7.052000045776367,6.991000175476074
1995-04-17 00:00:00,7.020999908447266,7.020999908447266,6.929999828338623
1995-04-18 00:00:00,7.020999908447266,7.025000095367432,6.955999851226807
1995-04-19 00:00:00,7.033999919891357,7.078000068664551,7.017000198364258
1995-04-20 00:00:00,6.999000072479248,7.03000020980835,6.9770002365112305
1995-04-21 00:00:00,6.99399995803833,7.01200008392334,6.9770002365112305
1995-04-24 00:00:00,6.986000061035156,7.0289998054504395,6.986000061035156
1995-04-25 00:00:00,6.986000061035156,7.025000095367432,6.9770002365112305
1995-04-26 00:00:00,6.99399995803833,7.025000095367432,6.964000225067139
1995-04-27 00:00:00,7.025000095367432,7.041999816894531,7.006999969482422
1995-04-28 00:00:00,7.046000003814697,7.103000164031982,7.006999969482422
1995-05-01 00:00:00,7.072000026702881,7.072000026702881,7.050000190734863
1995-05-02 00:00:00,7.02400016784668,7.050000190734863,7.019999980926514
1995-05-03 00:00:00,6.940999984741211,7.001999855041504,6.940999984741211
1995-05-04 00:00:00,6.833000183105469,6.919000148773193,6.794000148773193
1995-05-05 00:00:00,6.665999889373779,6.857999801635742,6.6570000648498535
1995-05-08 00:00:00,6.673999786376953,6.711999893188477,6.660999774932861
1995-05-09 00:00:00,6.580999851226807,6.670000076293945,6.51800012588501
1995-05-10 00:00:00,6.636000156402588,6.673999786376953,6.451000213623047
1995-05-11 00:00:00,6.672999858856201,6.7210001945495605,6.598999977111816
1995-05-12 00:00:00,6.664999961853027,6.769999980926514,6.651000022888184
1995-05-15 00:00:00,6.617000102996826,6.638000011444092,6.598999977111816
1995-05-16 00:00:00,6.552000045776367,6.581999778747559,6.508999824523926
1995-05-17 00:00:00,6.526000022888184,6.543000221252441,6.473999977111816
1995-05-18 00:00:00,6.604000091552734,6.625,6.556000232696533
1995-05-19 00:00:00,6.598999977111816,6.620999813079834,6.564000129699707
1995-05-22 00:00:00,6.611999988555908,6.630000114440918,6.607999801635742
1995-05-23 00:00:00,6.551000118255615,6.603000164031982,6.543000221252441
1995-05-24 00:00:00,6.427000045776367,6.513000011444092,6.414000034332275
1995-05-25 00:00:00,6.380000114440918,6.414000034332275,6.298999786376953
1995-05-26 00:00:00,6.388000011444092,6.408999919891357,6.375
1995-05-30 00:00:00,6.294000148773193,6.349999904632568,6.289999961853027
1995-05-31 00:00:00,6.285999774932861,6.315999984741211,6.25600004196167
1995-06-01 00:00:00,6.184999942779541,6.315000057220459,6.168000221252441
1995-06-02 00:00:00,6.079999923706055,6.192999839782715,5.8420000076293945
1995-06-05 00:00:00,6.059000015258789,6.076000213623047,5.9730000495910645
1995-06-06 00:00:00,6.076000213623047,6.117000102996826,6.033999919891357
1995-06-07 00:00:00,6.158999919891357,6.197000026702881,6.046999931335449
1995-06-08 00:00:00,6.201000213623047,6.230000019073486,6.179999828338623
1995-06-09 00:00:00,6.379000186920166,6.38700008392334,6.2179999351501465
1995-06-12 00:00:00,6.366000175476074,6.400000095367432,6.322999954223633
1995-06-13 00:00:00,6.125,6.302000045776367,6.120999813079834
1995-06-14 00:00:00,6.129000186920166,6.175000190734863,6.107999801635742
1995-06-15 00:00:00,6.1579999923706055,6.175000190734863,6.091000080108643
1995-06-16 00:00:00,6.196000099182129,6.26800012588501,6.183000087738037
1995-06-19 00:00:00,6.107999801635742,6.165999889373779,6.107999801635742
1995-06-20 00:00:00,6.140999794006348,6.1579999923706055,6.086999893188477
1995-06-21 00:00:00,6.116000175476074,6.132999897003174,6.083000183105469
1995-06-22 00:00:00,6.015999794006348,6.078000068664551,5.991000175476074
1995-06-23 00:00:00,6.045000076293945,6.081999778747559,5.999000072479248
1995-06-26 00:00:00,6.090000152587891,6.10699987411499,6.073999881744385
1995-06-27 00:00:00,6.131999969482422,6.139999866485596,6.060999870300293
1995-06-28 00:00:00,6.093999862670898,6.144999980926514,6.090000152587891
1995-06-29 00:00:00,6.25,6.275000095367432,6.093999862670898
1995-06-30 00:00:00,6.203000068664551,6.25,6.195000171661377
1995-07-03 00:00:00,6.203000068664551,6.211999893188477,6.177999973297119
1995-07-05 00:00:00,6.177999973297119,6.185999870300293,6.169000148773193
1995-07-06 00:00:00,6.043000221252441,6.228000164031982,6.043000221252441
1995-07-07 00:00:00,6.01800012588501,6.105999946594238,5.955999851226807
1995-07-10 00:00:00,6.021999835968018,6.039000034332275,6.013999938964844
1995-07-11 00:00:00,6.089000225067139,6.089000225067139,6.054999828338623
1995-07-12 00:00:00,6.089000225067139,6.113999843597412,6.085000038146973
1995-07-13 00:00:00,6.072000026702881,6.113999843597412,6.051000118255615
1995-07-14 00:00:00,6.135000228881836,6.177000045776367,6.105000019073486
1995-07-17 00:00:00,6.202000141143799,6.202000141143799,6.14300012588501
1995-07-18 00:00:00,6.256999969482422,6.256999969482422,6.197999954223633
1995-07-19 00:00:00,6.4120001792907715,6.464000225067139,6.239999771118164
1995-07-20 00:00:00,6.4070000648498535,6.459000110626221,6.35099983215332
1995-07-21 00:00:00,6.49399995803833,6.506999969482422,6.376999855041504
1995-07-24 00:00:00,6.436999797821045,6.519999980926514,6.436999797821045
1995-07-25 00:00:00,6.410999774932861,6.506999969482422,6.389999866485596
1995-07-26 00:00:00,6.4629998207092285,6.4679999351501465,6.394000053405762
1995-07-27 00:00:00,6.415999889373779,6.459000110626221,6.4029998779296875
1995-07-28 00:00:00,6.4720001220703125,6.4720001220703125,6.389999866485596
1995-07-31 00:00:00,6.428999900817871,6.4720001220703125,6.423999786376953
1995-08-01 00:00:00,6.488999843597412,6.506999969482422,6.415999889373779
1995-08-02 00:00:00,6.428999900817871,6.449999809265137,6.394000053405762
1995-08-03 00:00:00,6.506999969482422,6.538000106811523,6.449999809265137
1995-08-04 00:00:00,6.4720001220703125,6.572999954223633,6.454999923706055
1995-08-07 00:00:00,6.454999923706055,6.480999946594238,6.449999809265137
1995-08-08 00:00:00,6.449999809265137,6.459000110626221,6.4019999504089355
1995-08-09 00:00:00,6.47599983215332,6.502999782562256,6.459000110626221
1995-08-10 00:00:00,6.513000011444092,6.526000022888184,6.35099983215332
1995-08-11 00:00:00,6.585999965667725,6.620999813079834,6.473999977111816
1995-08-14 00:00:00,6.578000068664551,6.607999801635742,6.568999767303467
1995-08-15 00:00:00,6.578000068664551,6.664999961853027,6.572999954223633
1995-08-16 00:00:00,6.533999919891357,6.591000080108643,6.526000022888184
1995-08-17 00:00:00,6.565000057220459,6.581999778747559,6.53000020980835
1995-08-18 00:00:00,6.559999942779541,6.568999767303467,6.556000232696533
1995-08-21 00:00:00,6.526000022888184,6.53000020980835,6.491000175476074
1995-08-22 00:00:00,6.556000232696533,6.559999942779541,6.517000198364258
1995-08-23 00:00:00,6.577000141143799,6.581999778747559,6.551000118255615
1995-08-24 00:00:00,6.486999988555908,6.572999954223633,6.48199987411499
1995-08-25 00:00:00,6.380000114440918,6.468999862670898,6.370999813079834
1995-08-28 00:00:00,6.328000068664551,6.367000102996826,6.302999973297119
1995-08-29 00:00:00,6.357999801635742,6.379000186920166,6.328000068664551
1995-08-30 00:00:00,6.323999881744385,6.349999904632568,6.320000171661377
1995-08-31 00:00:00,6.2729997634887695,6.34499979019165,6.261000156402588
1995-09-01 00:00:00,6.210000038146973,6.388000011444092,6.189000129699707
1995-09-05 00:00:00,6.163000106811523,6.247000217437744,6.158999919891357
1995-09-06 00:00:00,6.168000221252441,6.192999839782715,6.158999919891357
1995-09-07 00:00:00,6.201000213623047,6.204999923706055,6.142000198364258
1995-09-08 00:00:00,6.234000205993652,6.250999927520752,6.145999908447266
1995-09-11 00:00:00,6.2220001220703125,6.238999843597412,6.201000213623047
1995-09-12 00:00:00,6.150000095367432,6.204999923706055,6.150000095367432
1995-09-13 00:00:00,6.175000190734863,6.184000015258789,6.142000198364258
1995-09-14 00:00:00,6.071000099182129,6.1579999923706055,6.053999900817871
1995-09-15 00:00:00,6.104000091552734,6.129000186920166,6.074999809265137
1995-09-18 00:00:00,6.165999889373779,6.165999889373779,6.132999897003174
1995-09-19 00:00:00,6.132999897003174,6.175000190734863,6.124000072479248
1995-09-20 00:00:00,6.09499979019165,6.1620001792907715,6.09499979019165
1995-09-21 00:00:00,6.199999809265137,6.242000102996826,6.09499979019165
1995-09-22 00:00:00,6.232999801635742,6.283999919891357,6.203999996185303
1995-09-25 00:00:00,6.229000091552734,6.276000022888184,6.224999904632568
1995-09-26 00:00:00,6.258999824523926,6.267000198364258,6.195000171661377
1995-09-27 00:00:00,6.270999908447266,6.330999851226807,6.258999824523926
1995-09-28 00:00:00,6.258999824523926,6.276000022888184,6.242000102996826
1995-09-29 00:00:00,6.1570000648498535,6.291999816894531,6.14900016784668
1995-10-02 00:00:00,6.144000053405762,6.173999786376953,6.093999862670898
1995-10-03 00:00:00,6.114999771118164,6.136000156402588,6.093999862670898
1995-10-04 00:00:00,6.085000038146973,6.114999771118164,6.080999851226807
1995-10-05 00:00:00,6.068999767303467,6.0980000495910645,6.034999847412109
1995-10-06 00:00:00,6.059999942779541,6.113999843597412,6.013999938964844
1995-10-10 00:00:00,6.064000129699707,6.064000129699707,6.034999847412109
1995-10-11 00:00:00,6.076000213623047,6.0970001220703125,6.072000026702881
1995-10-12 00:00:00,6.046999931335449,6.105999946594238,6.043000221252441
1995-10-13 00:00:00,5.939000129699707,6.013000011444092,5.929999828338623
1995-10-16 00:00:00,5.954999923706055,5.97599983215332,5.947000026702881
1995-10-17 00:00:00,5.942999839782715,5.992000102996826,5.908999919891357
1995-10-18 00:00:00,5.9670000076293945,5.980000019073486,5.934000015258789
1995-10-19 00:00:00,5.959000110626221,6.005000114440918,5.951000213623047
1995-10-20 00:00:00,6.017000198364258,6.041999816894531,5.979000091552734
1995-10-23 00:00:00,6.050000190734863,6.066999912261963,6.041999816894531
1995-10-24 00:00:00,5.995999813079834,6.071000099182129,5.992000102996826
1995-10-25 00:00:00,5.991000175476074,5.995999813079834,5.961999893188477
1995-10-26 00:00:00,6.050000190734863,6.053999900817871,5.982999801635742
1995-10-27 00:00:00,6.02400016784668,6.142000198364258,6.019999980926514
1995-10-30 00:00:00,6.02400016784668,6.040999889373779,6.01200008392334
1995-10-31 00:00:00,6.002999782562256,6.052999973297119,5.994999885559082
1995-11-01 00:00:00,5.961999893188477,6.0320000648498535,5.927999973297119
1995-11-02 00:00:00,5.9029998779296875,5.960999965667725,5.88700008392334
1995-11-03 00:00:00,5.914999961853027,5.932000160217285,5.874000072479248
1995-11-06 00:00:00,5.940000057220459,5.943999767303467,5.914999961853027
1995-11-07 00:00:00,5.9730000495910645,5.98199987411499,5.947999954223633
1995-11-08 00:00:00,5.9029998779296875,5.947999954223633,5.9029998779296875
1995-11-09 00:00:00,5.952000141143799,5.960999965667725,5.8979997634887695
1995-11-10 00:00:00,5.985000133514404,6.014999866485596,5.9770002365112305
1995-11-13 00:00:00,5.955999851226807,6.031000137329102,5.934999942779541
1995-11-14 00:00:00,5.952000141143799,5.964000225067139,5.909999847412109
1995-11-15 00:00:00,5.980999946594238,5.993000030517578,5.914000034332275
1995-11-16 00:00:00,5.914000034332275,5.947000026702881,5.868000030517578
1995-11-17 00:00:00,5.896999835968018,5.942999839782715,5.885000228881836
1995-11-20 00:00:00,5.914000034332275,5.921999931335449,5.89300012588501
1995-11-21 00:00:00,5.934000015258789,5.942999839782715,5.913000106811523
1995-11-22 00:00:00,5.925000190734863,5.941999912261963,5.9079999923706055
1995-11-24 00:00:00,5.895999908447266,5.921000003814697,5.895999908447266
1995-11-27 00:00:00,5.869999885559082,5.895999908447266,5.861999988555908
1995-11-28 00:00:00,5.875,5.9039998054504395,5.861999988555908
1995-11-29 00:00:00,5.836999893188477,5.869999885559082,5.836999893188477
1995-11-30 00:00:00,5.744999885559082,5.803999900817871,5.732999801635742
1995-12-01 00:00:00,5.703999996185303,5.754000186920166,5.691999912261963
1995-12-04 00:00:00,5.618000030517578,5.690999984741211,5.5929999351501465
1995-12-05 00:00:00,5.650000095367432,5.6579999923706055,5.617000102996826
1995-12-06 00:00:00,5.666999816894531,5.683000087738037,5.5929999351501465
1995-12-07 00:00:00,5.711999893188477,5.723999977111816,5.671000003814697
1995-12-08 00:00:00,5.728000164031982,5.741000175476074,5.620999813079834
1995-12-11 00:00:00,5.695000171661377,5.711999893188477,5.690999984741211
1995-12-12 00:00:00,5.711999893188477,5.749000072479248,5.683000087738037
1995-12-13 00:00:00,5.73199987411499,5.741000175476074,5.695000171661377
1995-12-14 00:00:00,5.736000061035156,5.741000175476074,5.703000068664551
1995-12-15 00:00:00,5.739999771118164,5.752999782562256,5.706999778747559
1995-12-18 00:00:00,5.841000080108643,5.84499979019165,5.785999774932861
1995-12-19 00:00:00,5.73199987411499,5.9079999923706055,5.723999977111816
1995-12-20 00:00:00,5.739999771118164,5.756999969482422,5.690999984741211
1995-12-21 00:00:00,5.749000072479248,5.7779998779296875,5.739999771118164
1995-12-22 00:00:00,5.690000057220459,5.718999862670898,5.673999786376953
1995-12-26 00:00:00,5.677999973297119,5.703000068664551,5.677999973297119
1995-12-27 00:00:00,5.644999980926514,5.660999774932861,5.631999969482422
1995-12-28 00:00:00,5.619999885559082,5.644999980926514,5.619999885559082
1995-12-29 00:00:00,5.574999809265137,5.627999782562256,5.339000225067139
1996-01-02 00:00:00,5.586999893188477,5.619999885559082,5.573999881744385
1996-01-03 00:00:00,5.565999984741211,5.586999893188477,5.540999889373779
1996-01-04 00:00:00,5.61899995803833,5.627999782562256,5.525000095367432
1996-01-05 00:00:00,5.677000045776367,5.715000152587891,5.623000144958496
1996-01-08 00:00:00,5.672999858856201,5.684999942779541,5.664999961853027
1996-01-09 00:00:00,5.672999858856201,5.702000141143799,5.636000156402588
1996-01-10 00:00:00,5.738999843597412,5.748000144958496,5.705999851226807
1996-01-11 00:00:00,5.75600004196167,5.806000232696533,5.75600004196167
1996-01-12 00:00:00,5.751999855041504,5.760000228881836,5.697999954223633
1996-01-16 00:00:00,5.656000137329102,5.692999839782715,5.6519999504089355
1996-01-17 00:00:00,5.557000160217285,5.638999938964844,5.552999973297119
1996-01-18 00:00:00,5.515999794006348,5.552999973297119,5.499000072479248
1996-01-19 00:00:00,5.514999866485596,5.580999851226807,5.486999988555908
1996-01-22 00:00:00,5.589000225067139,5.593999862670898,5.544000148773193
1996-01-23 00:00:00,5.635000228881836,5.646999835968018,5.5980000495910645
1996-01-24 00:00:00,5.5929999351501465,5.638999938964844,5.580999851226807
1996-01-25 00:00:00,5.679999828338623,5.689000129699707,5.568999767303467
1996-01-26 00:00:00,5.625999927520752,5.784999847412109,5.625999927520752
1996-01-29 00:00:00,5.671999931335449,5.697000026702881,5.622000217437744
1996-01-30 00:00:00,5.613999843597412,5.646999835968018,5.5970001220703125
1996-01-31 00:00:00,5.580999851226807,5.622000217437744,5.567999839782715
1996-02-01 00:00:00,5.60099983215332,5.609000205993652,5.564000129699707
1996-02-02 00:00:00,5.642000198364258,5.642000198364258,5.564000129699707
1996-02-05 00:00:00,5.679999828338623,5.704999923706055,5.676000118255615
1996-02-06 00:00:00,5.65500020980835,5.666999816894531,5.633999824523926
1996-02-07 00:00:00,5.658999919891357,5.671000003814697,5.630000114440918
1996-02-08 00:00:00,5.6579999923706055,5.678999900817871,5.645999908447266
1996-02-09 00:00:00,5.650000095367432,5.699999809265137,5.61299991607666
1996-02-12 00:00:00,5.5960001945495605,5.6579999923706055,5.5960001945495605
1996-02-13 00:00:00,5.566999912261963,5.5920000076293945,5.551000118255615
1996-02-14 00:00:00,5.61299991607666,5.61299991607666,5.571000099182129
1996-02-15 00:00:00,5.690999984741211,5.695000171661377,5.61299991607666
1996-02-16 00:00:00,5.75,5.754000186920166,5.683000087738037
1996-02-20 00:00:00,5.991000175476074,5.991000175476074,5.849999904632568
1996-02-21 00:00:00,5.973999977111816,6.007999897003174,5.90500020980835
1996-02-22 00:00:00,5.909999847412109,5.939000129699707,5.89300012588501
1996-02-23 00:00:00,5.965000152587891,5.999000072479248,5.816999912261963
1996-02-26 00:00:00,5.994999885559082,6.041999816894531,5.98199987411499
1996-02-27 00:00:00,6.046999931335449,6.064000129699707,5.973999977111816
1996-02-28 00:00:00,6.10699987411499,6.10699987411499,6.007999897003174
1996-02-29 00:00:00,6.111999988555908,6.193999767303467,6.085999965667725
1996-03-01 00:00:00,5.978000164031982,6.068999767303467,5.973999977111816
1996-03-04 00:00:00,5.906000137329102,5.966000080108643,5.9019999504089355
1996-03-05 00:00:00,5.953000068664551,5.973999977111816,5.919000148773193
1996-03-06 00:00:00,6.039000034332275,6.043000221252441,5.96999979019165
1996-03-07 00:00:00,6.059999942779541,6.090000152587891,6.052000045776367
1996-03-08 00:00:00,6.4120001792907715,6.434000015258789,6.072999954223633
1996-03-11 00:00:00,6.304999828338623,6.519000053405762,6.304999828338623
1996-03-12 00:00:00,6.341000080108643,6.4120001792907715,6.341000080108643
1996-03-13 00:00:00,6.335999965667725,6.385000228881836,6.288000106811523
1996-03-14 00:00:00,6.349999904632568,6.349999904632568,6.296999931335449
1996-03-15 00:00:00,6.453000068664551,6.461999893188477,6.355000019073486
1996-03-18 00:00:00,6.421999931335449,6.448999881744385,6.386000156402588
1996-03-19 00:00:00,6.394999980926514,6.421999931335449,6.359000205993652
1996-03-20 00:00:00,6.328000068664551,6.443999767303467,6.315000057220459
1996-03-21 00:00:00,6.270999908447266,6.328999996185303,6.249000072479248
1996-03-22 00:00:00,6.310999870300293,6.320000171661377,6.267000198364258
1996-03-25 00:00:00,6.2270002365112305,6.297999858856201,6.2230000495910645
1996-03-26 00:00:00,6.23199987411499,6.276000022888184,6.2230000495910645
1996-03-27 00:00:00,6.311999797821045,6.311999797821045,6.197000026702881
1996-03-28 00:00:00,6.40500020980835,6.427999973297119,6.334000110626221
1996-03-29 00:00:00,6.334000110626221,6.382999897003174,6.329999923706055
1996-04-01 00:00:00,6.308000087738037,6.329999923706055,6.294000148773193
1996-04-02 00:00:00,6.236999988555908,6.26800012588501,6.236999988555908
1996-04-03 00:00:00,6.255000114440918,6.285999774932861,6.245999813079834
1996-04-04 00:00:00,6.326000213623047,6.339000225067139,6.26800012588501
1996-04-08 00:00:00,6.611000061035156,6.675000190734863,6.5879998207092285
1996-04-09 00:00:00,6.551000118255615,6.605999946594238,6.551000118255615
1996-04-10 00:00:00,6.614999771118164,6.629000186920166,6.543000221252441
1996-04-11 00:00:00,6.671000003814697,6.730999946594238,6.6020002365112305
1996-04-12 00:00:00,6.498000144958496,6.6479997634887695,6.484000205993652
1996-04-15 00:00:00,6.461999893188477,6.51200008392334,6.453000068664551
1996-04-16 00:00:00,6.458000183105469,6.515999794006348,6.443999767303467
1996-04-17 00:00:00,6.506999969482422,6.53000020980835,6.480000019073486
1996-04-18 00:00:00,6.558000087738037,6.585000038146973,6.47599983215332
1996-04-19 00:00:00,6.513000011444092,6.553999900817871,6.499000072479248
1996-04-22 00:00:00,6.4679999351501465,6.480999946594238,6.440999984741211
1996-04-23 00:00:00,6.494999885559082,6.51800012588501,6.489999771118164
1996-04-24 00:00:00,6.553999900817871,6.553999900817871,6.491000175476074
1996-04-25 00:00:00,6.540999889373779,6.605000019073486,6.540999889373779
1996-04-26 00:00:00,6.519000053405762,6.5279998779296875,6.5
1996-04-29 00:00:00,6.568999767303467,6.5920000076293945,6.540999889373779
1996-04-30 00:00:00,6.632999897003174,6.656000137329102,6.5920000076293945
1996-05-01 00:00:00,6.665999889373779,6.689000129699707,6.619999885559082
1996-05-02 00:00:00,6.833000183105469,6.8429999351501465,6.6519999504089355
1996-05-03 00:00:00,6.875999927520752,6.900000095367432,6.7729997634887695
1996-05-06 00:00:00,6.839000225067139,6.867000102996826,6.828999996185303
1996-05-07 00:00:00,6.8480000495910645,6.867000102996826,6.829999923706055
1996-05-08 00:00:00,6.796999931335449,6.886000156402588,6.796999931335449
1996-05-09 00:00:00,6.830999851226807,6.843999862670898,6.7789998054504395
1996-05-10 00:00:00,6.739999771118164,6.857999801635742,6.692999839782715
1996-05-13 00:00:00,6.705999851226807,6.744999885559082,6.701000213623047
1996-05-14 00:00:00,6.645999908447266,6.697000026702881,6.632999897003174
1996-05-15 00:00:00,6.632999897003174,6.640999794006348,6.60699987411499
1996-05-16 00:00:00,6.692999839782715,6.705999851226807,6.666999816894531
1996-05-17 00:00:00,6.644999980926514,6.7179999351501465,6.631999969482422
1996-05-20 00:00:00,6.611000061035156,6.624000072479248,6.585000038146973
1996-05-21 00:00:00,6.636000156402588,6.636000156402588,6.593999862670898
1996-05-22 00:00:00,6.61899995803833,6.688000202178955,6.61899995803833
1996-05-23 00:00:00,6.675000190734863,6.675000190734863,6.593999862670898
1996-05-24 00:00:00,6.639999866485596,6.688000202178955,6.631999969482422
1996-05-28 00:00:00,6.6570000648498535,6.6620001792907715,6.610000133514404
1996-05-29 00:00:00,6.764999866485596,6.764999866485596,6.64900016784668
1996-05-30 00:00:00,6.756999969482422,6.835000038146973,6.751999855041504
1996-05-31 00:00:00,6.843999862670898,6.874000072479248,6.7779998779296875
1996-06-03 00:00:00,6.861000061035156,6.882999897003174,6.822000026702881
1996-06-04 00:00:00,6.8429999351501465,6.85699987411499,6.813000202178955
1996-06-05 00:00:00,6.816999912261963,6.85699987411499,6.816999912261963
1996-06-06 00:00:00,6.747000217437744,6.7779998779296875,6.708000183105469
1996-06-07 00:00:00,6.918000221252441,6.9670000076293945,6.7129998207092285
1996-06-10 00:00:00,6.958000183105469,6.961999893188477,6.90500020980835
1996-06-11 00:00:00,6.980000019073486,6.998000144958496,6.931000232696533
1996-06-12 00:00:00,7.014999866485596,7.019999980926514,6.961999893188477
1996-06-13 00:00:00,7.001999855041504,7.056000232696533,6.877999782562256
1996-06-14 00:00:00,6.935999870300293,7.0329999923706055,6.918000221252441
1996-06-17 00:00:00,6.88700008392334,6.931000232696533,6.882999897003174
1996-06-18 00:00:00,6.913000106811523,6.918000221252441,6.855999946594238
1996-06-19 00:00:00,6.953000068664551,6.9710001945495605,6.90500020980835
1996-06-20 00:00:00,6.961999893188477,6.988999843597412,6.943999767303467
1996-06-21 00:00:00,6.943999767303467,6.953000068664551,6.908999919891357
1996-06-24 00:00:00,6.927000045776367,6.943999767303467,6.918000221252441
1996-06-25 00:00:00,6.895999908447266,6.927000045776367,6.890999794006348
1996-06-26 00:00:00,6.895999908447266,6.921999931335449,6.874000072479248
1996-06-27 00:00:00,6.815999984741211,6.908999919891357,6.815999984741211
1996-06-28 00:00:00,6.710999965667725,6.807000160217285,6.684999942779541
1996-07-01 00:00:00,6.723999977111816,6.7769999504089355,6.716000080108643
1996-07-02 00:00:00,6.785999774932861,6.807000160217285,6.736999988555908
1996-07-03 00:00:00,6.755000114440918,6.807000160217285,6.75
1996-07-05 00:00:00,7.046999931335449,7.046999931335449,6.771999835968018
1996-07-08 00:00:00,7.046999931335449,7.0960001945495605,7.011000156402588
1996-07-09 00:00:00,7.001999855041504,7.038000106811523,6.984000205993652
1996-07-10 00:00:00,6.929999828338623,6.965000152587891,6.921000003814697
1996-07-11 00:00:00,6.886000156402588,6.968999862670898,6.85099983215332
1996-07-12 00:00:00,6.834000110626221,6.916999816894531,6.790999889373779
1996-07-15 00:00:00,6.873000144958496,6.886000156402588,6.829999923706055
1996-07-16 00:00:00,6.808000087738037,6.921000003814697,6.7729997634887695
1996-07-17 00:00:00,6.821000099182129,6.8379998207092285,6.803999900817871
1996-07-18 00:00:00,6.709000110626221,6.8379998207092285,6.704999923706055
1996-07-19 00:00:00,6.7729997634887695,6.7729997634887695,6.730000019073486
1996-07-22 00:00:00,6.824999809265137,6.824999809265137,6.763999938964844
1996-07-23 00:00:00,6.795000076293945,6.8420000076293945,6.785999774932861
1996-07-24 00:00:00,6.863999843597412,6.873000144958496,6.734000205993652
1996-07-25 00:00:00,6.85099983215332,6.889999866485596,6.807000160217285
1996-07-26 00:00:00,6.836999893188477,6.863999843597412,6.815999984741211
1996-07-29 00:00:00,6.915999889373779,6.915999889373779,6.868000030517578
1996-07-30 00:00:00,6.872000217437744,6.925000190734863,6.8460001945495605
1996-07-31 00:00:00,6.789999961853027,6.875999927520752,6.784999847412109
1996-08-01 00:00:00,6.625999927520752,6.802000045776367,6.578999996185303
1996-08-02 00:00:00,6.49399995803833,6.5960001945495605,6.440000057220459
1996-08-05 00:00:00,6.511000156402588,6.519999980926514,6.498000144958496
1996-08-06 00:00:00,6.5320000648498535,6.545000076293945,6.511000156402588
1996-08-07 00:00:00,6.539999961853027,6.552999973297119,6.486000061035156
1996-08-08 00:00:00,6.557000160217285,6.560999870300293,6.5229997634887695
1996-08-09 00:00:00,6.488999843597412,6.5269999504089355,6.4720001220703125
1996-08-12 00:00:00,6.47599983215332,6.497000217437744,6.454999923706055
1996-08-13 00:00:00,6.565000057220459,6.573999881744385,6.454999923706055
1996-08-14 00:00:00,6.565000057220459,6.591000080108643,6.547999858856201
1996-08-15 00:00:00,6.607999801635742,6.616000175476074,6.568999767303467
1996-08-16 00:00:00,6.543000221252441,6.702000141143799,6.428999900817871
1996-08-19 00:00:00,6.572999954223633,6.590000152587891,6.539000034332275
1996-08-20 00:00:00,6.572999954223633,6.585999965667725,6.556000232696533
1996-08-21 00:00:00,6.603000164031982,6.603000164031982,6.585999965667725
1996-08-22 00:00:00,6.611000061035156,6.624000072479248,6.580999851226807
1996-08-23 00:00:00,6.701000213623047,6.714000225067139,6.614999771118164
1996-08-26 00:00:00,6.791999816894531,6.796000003814697,6.7270002365112305
1996-08-27 00:00:00,6.765999794006348,6.788000106811523,6.749000072479248
1996-08-28 00:00:00,6.7829999923706055,6.791999816894531,6.749000072479248
1996-08-29 00:00:00,6.848999977111816,6.848999977111816,6.756999969482422
1996-08-30 00:00:00,6.935999870300293,6.980999946594238,6.840000152587891
1996-09-03 00:00:00,6.892000198364258,7.020999908447266,6.892000198364258
1996-09-04 00:00:00,6.927000045776367,6.949999809265137,6.879000186920166
1996-09-05 00:00:00,6.9629998207092285,6.985000133514404,6.932000160217285
1996-09-06 00:00:00,6.922999858856201,7.065000057220459,6.892000198364258
1996-09-09 00:00:00,6.882999897003174,6.927000045776367,6.882999897003174
1996-09-10 00:00:00,6.918000221252441,6.940999984741211,6.866000175476074
1996-09-11 00:00:00,6.922999858856201,6.9629998207092285,6.914000034332275
1996-09-12 00:00:00,6.861000061035156,6.914000034332275,6.839000225067139
1996-09-13 00:00:00,6.7210001945495605,6.869999885559082,6.695000171661377
1996-09-16 00:00:00,6.708000183105469,6.730000019073486,6.708000183105469
1996-09-17 00:00:00,6.790999889373779,6.795000076293945,6.7170000076293945
1996-09-18 00:00:00,6.813000202178955,6.835000038146973,6.798999786376953
1996-09-19 00:00:00,6.8429999351501465,6.864999771118164,6.790999889373779
1996-09-20 00:00:00,6.826000213623047,6.839000225067139,6.803999900817871
1996-09-23 00:00:00,6.808000087738037,6.855999946594238,6.803999900817871
1996-09-24 00:00:00,6.742000102996826,6.821000099182129,6.708000183105469
1996-09-25 00:00:00,6.685999870300293,6.763999938964844,6.685999870300293
1996-09-26 00:00:00,6.638000011444092,6.690000057220459,6.611999988555908
1996-09-27 00:00:00,6.668000221252441,6.672999858856201,6.59499979019165
1996-09-30 00:00:00,6.698999881744385,6.706999778747559,6.642000198364258
1996-10-01 00:00:00,6.629000186920166,6.703000068664551,6.620999813079834
1996-10-02 00:00:00,6.590000152587891,6.619999885559082,6.581999778747559
1996-10-03 00:00:00,6.590000152587891,6.60699987411499,6.556000232696533
1996-10-04 00:00:00,6.460999965667725,6.556000232696533,6.427000045776367
1996-10-07 00:00:00,6.513000011444092,6.513000011444092,6.482999801635742
1996-10-08 00:00:00,6.520999908447266,6.520999908447266,6.486999988555908
1996-10-09 00:00:00,6.543000221252441,6.546999931335449,6.482999801635742
1996-10-10 00:00:00,6.598999977111816,6.617000102996826,6.556000232696533
1996-10-11 00:00:00,6.546999931335449,6.607999801635742,6.526000022888184
1996-10-15 00:00:00,6.546999931335449,6.559999942779541,6.517000198364258
1996-10-16 00:00:00,6.565000057220459,6.598999977111816,6.517000198364258
1996-10-17 00:00:00,6.5,6.546999931335449,6.495999813079834
1996-10-18 00:00:00,6.482999801635742,6.482999801635742,6.456999778747559
1996-10-21 00:00:00,6.504000186920166,6.504000186920166,6.482999801635742
1996-10-22 00:00:00,6.551000118255615,6.551000118255615,6.517000198364258
1996-10-23 00:00:00,6.546999931335449,6.590000152587891,6.546999931335449
1996-10-24 00:00:00,6.564000129699707,6.577000141143799,6.543000221252441
1996-10-25 00:00:00,6.53000020980835,6.607999801635742,6.51200008392334
1996-10-28 00:00:00,6.543000221252441,6.551000118255615,6.517000198364258
1996-10-29 00:00:00,6.388000011444092,6.559999942779541,6.379000186920166
1996-10-30 00:00:00,6.383999824523926,6.414000034332275,6.323999881744385
1996-10-31 00:00:00,6.348999977111816,6.388000011444092,6.34499979019165
1996-11-01 00:00:00,6.361999988555908,6.366000175476074,6.251999855041504
1996-11-04 00:00:00,6.341000080108643,6.382999897003174,6.331999778747559
1996-11-05 00:00:00,6.2729997634887695,6.307000160217285,6.25600004196167
1996-11-06 00:00:00,6.281000137329102,6.284999847412109,6.243000030517578
1996-11-07 00:00:00,6.243000030517578,6.3420000076293945,6.243000030517578
1996-11-08 00:00:00,6.255000114440918,6.276000022888184,6.22599983215332
1996-11-12 00:00:00,6.171000003814697,6.22599983215332,6.171000003814697
1996-11-13 00:00:00,6.188000202178955,6.2210001945495605,6.1579999923706055
1996-11-14 00:00:00,6.142000198364258,6.2210001945495605,6.13700008392334
1996-11-15 00:00:00,6.166999816894531,6.178999900817871,6.125
1996-11-18 00:00:00,6.183000087738037,6.199999809265137,6.150000095367432
1996-11-19 00:00:00,6.1539998054504395,6.178999900817871,6.140999794006348
1996-11-20 00:00:00,6.116000175476074,6.190999984741211,6.111999988555908
1996-11-21 00:00:00,6.119999885559082,6.124000072479248,6.091000080108643
1996-11-22 00:00:00,6.127999782562256,6.140999794006348,6.116000175476074
1996-11-25 00:00:00,6.114999771118164,6.14900016784668,6.09499979019165
1996-11-26 00:00:00,6.114999771118164,6.114999771118164,6.052999973297119
1996-11-27 00:00:00,6.11899995803833,6.131999969482422,6.065000057220459
1996-11-29 00:00:00,6.039999961853027,6.093999862670898,6.039999961853027
1996-12-02 00:00:00,6.052000045776367,6.090000152587891,6.047999858856201
1996-12-03 00:00:00,6.044000148773193,6.065000057220459,5.998000144958496
1996-12-04 00:00:00,6.0980000495910645,6.105999946594238,6.044000148773193
1996-12-05 00:00:00,6.206999778747559,6.216000080108643,6.0980000495910645
1996-12-06 00:00:00,6.241000175476074,6.339000225067139,6.223999977111816
1996-12-09 00:00:00,6.193999767303467,6.206999778747559,6.182000160217285
1996-12-10 00:00:00,6.203000068664551,6.215000152587891,6.190000057220459
1996-12-11 00:00:00,6.3470001220703125,6.3520002365112305,6.244999885559082
1996-12-12 00:00:00,6.376999855041504,6.394999980926514,6.2829999923706055
1996-12-13 00:00:00,6.313000202178955,6.394000053405762,6.300000190734863
1996-12-16 00:00:00,6.360000133514404,6.36899995803833,6.296000003814697
1996-12-17 00:00:00,6.394000053405762,6.441999912261963,6.376999855041504
1996-12-18 00:00:00,6.438000202178955,6.441999912261963,6.376999855041504
1996-12-19 00:00:00,6.3379998207092285,6.459000110626221,6.3379998207092285
1996-12-20 00:00:00,6.334000110626221,6.3470001220703125,6.2870001792907715
1996-12-23 00:00:00,6.324999809265137,6.35099983215332,6.303999900817871
1996-12-24 00:00:00,6.329999923706055,6.334000110626221,6.321000099182129
1996-12-26 00:00:00,6.334000110626221,6.334000110626221,6.316999912261963
1996-12-27 00:00:00,6.2820000648498535,6.321000099182129,6.2779998779296875
1996-12-30 00:00:00,6.285999774932861,6.295000076293945,6.261000156402588
1996-12-31 00:00:00,6.4070000648498535,6.4070000648498535,6.290999889373779
1997-01-02 00:00:00,6.52400016784668,6.538000106811523,6.376999855041504
1997-01-03 00:00:00,6.498000144958496,6.498000144958496,6.454999923706055
1997-01-06 00:00:00,6.519999980926514,6.52400016784668,6.488999843597412
1997-01-07 00:00:00,6.554999828338623,6.567999839782715,6.49399995803833
1997-01-08 00:00:00,6.567999839782715,6.572999954223633,6.506999969482422
1997-01-09 00:00:00,6.506999969482422,6.598999977111816,6.498000144958496
1997-01-10 00:00:00,6.607999801635742,6.6519999504089355,6.4720001220703125
1997-01-13 00:00:00,6.604000091552734,6.620999813079834,6.577000141143799
1997-01-14 00:00:00,6.511000156402588,6.620999813079834,6.506999969482422
1997-01-15 00:00:00,6.511000156402588,6.546000003814697,6.488999843597412
1997-01-16 00:00:00,6.559999942779541,6.577000141143799,6.4679999351501465
1997-01-17 00:00:00,6.5289998054504395,6.559999942779541,6.519999980926514
1997-01-21 00:00:00,6.49399995803833,6.59499979019165,6.488999843597412
1997-01-22 00:00:00,6.5289998054504395,6.5289998054504395,6.47599983215332
1997-01-23 00:00:00,6.564000129699707,6.568999767303467,6.519999980926514
1997-01-24 00:00:00,6.61299991607666,6.644000053405762,6.480999946594238
1997-01-27 00:00:00,6.6570000648498535,6.665999889373779,6.61299991607666
1997-01-28 00:00:00,6.622000217437744,6.6479997634887695,6.538000106811523
1997-01-29 00:00:00,6.604000091552734,6.764999866485596,6.578000068664551
1997-01-30 00:00:00,6.581999778747559,6.609000205993652,6.564000129699707
1997-01-31 00:00:00,6.502999782562256,6.585999965667725,6.488999843597412
1997-02-03 00:00:00,6.436999797821045,6.511000156402588,6.427999973297119
1997-02-04 00:00:00,6.427999973297119,6.4629998207092285,6.423999786376953
1997-02-05 00:00:00,6.436999797821045,6.446000099182129,6.3979997634887695
1997-02-06 00:00:00,6.453999996185303,6.4679999351501465,6.440999984741211
1997-02-07 00:00:00,6.39300012588501,6.440999984741211,6.354000091552734
1997-02-10 00:00:00,6.3979997634887695,6.414999961853027,6.383999824523926
1997-02-11 00:00:00,6.4019999504089355,6.410999774932861,6.383999824523926
1997-02-12 00:00:00,6.414999961853027,6.433000087738037,6.380000114440918
1997-02-13 00:00:00,6.309999942779541,6.382999897003174,6.242000102996826
1997-02-14 00:00:00,6.263000011444092,6.283999919891357,6.242000102996826
1997-02-18 00:00:00,6.267000198364258,6.28000020980835,6.224999904632568
1997-02-19 00:00:00,6.283999919891357,6.296999931335449,6.105999946594238
1997-02-20 00:00:00,6.340000152587891,6.343999862670898,6.309999942779541
1997-02-21 00:00:00,6.3480000495910645,6.369999885559082,6.343999862670898
1997-02-24 00:00:00,6.377999782562256,6.390999794006348,6.369999885559082
1997-02-25 00:00:00,6.382999897003174,6.390999794006348,6.353000164031982
1997-02-26 00:00:00,6.552000045776367,6.565000057220459,6.303999900817871
1997-02-27 00:00:00,6.560999870300293,6.583000183105469,6.517000198364258
1997-02-28 00:00:00,6.534999847412109,6.573999881744385,6.534999847412109
1997-03-03 00:00:00,6.557000160217285,6.60099983215332,6.552000045776367
1997-03-04 00:00:00,6.583000183105469,6.586999893188477,6.53000020980835
1997-03-05 00:00:00,6.578999996185303,6.613999843597412,6.565000057220459
1997-03-06 00:00:00,6.605000019073486,6.623000144958496,6.547999858856201
1997-03-07 00:00:00,6.552000045776367,6.684999942779541,6.526000022888184
1997-03-10 00:00:00,6.547999858856201,6.560999870300293,6.526000022888184
1997-03-11 00:00:00,6.557000160217285,6.5920000076293945,6.534999847412109
1997-03-12 00:00:00,6.583000183105469,6.60099983215332,6.560999870300293
1997-03-13 00:00:00,6.711999893188477,6.716000080108643,6.60099983215332
1997-03-14 00:00:00,6.684999942779541,6.703000068664551,6.631999969482422
1997-03-17 00:00:00,6.698999881744385,6.751999855041504,6.698999881744385
1997-03-18 00:00:00,6.711999893188477,6.765999794006348,6.690000057220459
1997-03-19 00:00:00,6.72599983215332,6.738999843597412,6.663000106811523
1997-03-20 00:00:00,6.72599983215332,6.783999919891357,6.711999893188477
1997-03-21 00:00:00,6.730000019073486,6.74399995803833,6.708000183105469
1997-03-24 00:00:00,6.708000183105469,6.72599983215332,6.708000183105469
1997-03-25 00:00:00,6.748000144958496,6.756999969482422,6.650000095367432
1997-03-26 00:00:00,6.783999919891357,6.815999984741211,6.739999771118164
1997-03-27 00:00:00,6.883999824523926,6.89300012588501,6.76200008392334
1997-03-31 00:00:00,6.9070000648498535,6.9120001792907715,6.875
1997-04-01 00:00:00,6.880000114440918,6.947999954223633,6.85699987411499
1997-04-02 00:00:00,6.861999988555908,6.8979997634887695,6.853000164031982
1997-04-03 00:00:00,6.853000164031982,6.880000114440918,6.835000038146973
1997-04-04 00:00:00,6.9079999923706055,6.926000118255615,6.829999923706055
1997-04-07 00:00:00,6.857999801635742,6.885000228881836,6.848999977111816
1997-04-08 00:00:00,6.889999866485596,6.9120001792907715,6.843999862670898
1997-04-09 00:00:00,6.889999866485596,6.889999866485596,6.848999977111816
1997-04-10 00:00:00,6.894000053405762,6.913000106811523,6.894000053405762
1997-04-11 00:00:00,6.9629998207092285,6.986000061035156,6.88100004196167
1997-04-14 00:00:00,6.964000225067139,6.9770002365112305,6.959000110626221
1997-04-15 00:00:00,6.868000030517578,6.940999984741211,6.854000091552734
1997-04-16 00:00:00,6.886000156402588,6.935999870300293,6.86299991607666
1997-04-17 00:00:00,6.84499979019165,6.859000205993652,6.809000015258789
1997-04-18 00:00:00,6.822999954223633,6.8460001945495605,6.809000015258789
1997-04-21 00:00:00,6.859000205993652,6.859000205993652,6.804999828338623
1997-04-22 00:00:00,6.828000068664551,6.873000144958496,6.822999954223633
1997-04-23 00:00:00,6.86899995803833,6.877999782562256,6.814000129699707
1997-04-24 00:00:00,6.909999847412109,6.914000034332275,6.860000133514404
1997-04-25 00:00:00,6.927999973297119,6.941999912261963,6.919000148773193
1997-04-28 00:00:00,6.901000022888184,6.947000026702881,6.901000022888184
1997-04-29 00:00:00,6.750999927520752,6.928999900817871,6.747000217437744
1997-04-30 00:00:00,6.702000141143799,6.823999881744385,6.675000190734863
1997-05-01 00:00:00,6.679999828338623,6.716000080108643,6.665999889373779
1997-05-02 00:00:00,6.665999889373779,6.706999778747559,6.625999927520752
1997-05-05 00:00:00,6.6529998779296875,6.684000015258789,6.644000053405762
1997-05-06 00:00:00,6.64900016784668,6.684000015258789,6.64900016784668
1997-05-07 00:00:00,6.724999904632568,6.738999843597412,6.671000003814697
1997-05-08 00:00:00,6.706999778747559,6.790999889373779,6.703000068664551
1997-05-09 00:00:00,6.651000022888184,6.711999893188477,6.633999824523926
1997-05-12 00:00:00,6.633999824523926,6.672999858856201,6.629000186920166
1997-05-13 00:00:00,6.698999881744385,6.706999778747559,6.616000175476074
1997-05-14 00:00:00,6.672999858856201,6.698999881744385,6.633999824523926
1997-05-15 00:00:00,6.65500020980835,6.742000102996826,6.651000022888184
1997-05-16 00:00:00,6.690000057220459,6.698999881744385,6.645999908447266
1997-05-19 00:00:00,6.693999767303467,6.706999778747559,6.677000045776367
1997-05-20 00:00:00,6.690000057220459,6.73799991607666,6.645999908447266
1997-05-21 00:00:00,6.724999904632568,6.73799991607666,6.645999908447266
1997-05-22 00:00:00,6.742000102996826,6.750999927520752,6.716000080108643
1997-05-23 00:00:00,6.729000091552734,6.73799991607666,6.711999893188477
1997-05-27 00:00:00,6.7820000648498535,6.789999961853027,6.732999801635742
1997-05-28 00:00:00,6.7820000648498535,6.811999797821045,6.747000217437744
1997-05-29 00:00:00,6.73799991607666,6.7769999504089355,6.73799991607666
1997-05-30 00:00:00,6.663000106811523,6.729000091552734,6.650000095367432
1997-06-02 00:00:00,6.645999908447266,6.684999942779541,6.616000175476074
1997-06-03 00:00:00,6.616000175476074,6.65500020980835,6.616000175476074
1997-06-04 00:00:00,6.611000061035156,6.63700008392334,6.603000164031982
1997-06-05 00:00:00,6.60699987411499,6.63700008392334,6.603000164031982
1997-06-06 00:00:00,6.489999771118164,6.650000095367432,6.489999771118164
1997-06-09 00:00:00,6.538000106811523,6.541999816894531,6.486000061035156
1997-06-10 00:00:00,6.550000190734863,6.563000202178955,6.502999782562256
1997-06-11 00:00:00,6.541999816894531,6.554999828338623,6.5329999923706055
1997-06-12 00:00:00,6.464000225067139,6.563000202178955,6.447000026702881
1997-06-13 00:00:00,6.413000106811523,6.464000225067139,6.38700008392334
1997-06-16 00:00:00,6.38700008392334,6.408999919891357,6.379000186920166
1997-06-17 00:00:00,6.413000106811523,6.447000026702881,6.374000072479248
1997-06-18 00:00:00,6.382999897003174,6.442999839782715,6.374000072479248
1997-06-19 00:00:00,6.382999897003174,6.416999816894531,6.366000175476074
1997-06-20 00:00:00,6.35699987411499,6.400000095367432,6.343999862670898
1997-06-23 00:00:00,6.390999794006348,6.394999980926514,6.369999885559082
1997-06-24 00:00:00,6.39900016784668,6.421000003814697,6.381999969482422
1997-06-25 00:00:00,6.434000015258789,6.441999912261963,6.38700008392334
1997-06-26 00:00:00,6.480999946594238,6.485000133514404,6.438000202178955
1997-06-27 00:00:00,6.446000099182129,6.47599983215332,6.438000202178955
1997-06-30 00:00:00,6.501999855041504,6.5279998779296875,6.449999809265137
1997-07-01 00:00:00,6.438000202178955,6.511000156402588,6.425000190734863
1997-07-02 00:00:00,6.4029998779296875,6.428999900817871,6.39900016784668
1997-07-03 00:00:00,6.288000106811523,6.389999866485596,6.267000198364258
1997-07-07 00:00:00,6.25,6.291999816894531,6.229000091552734
1997-07-08 00:00:00,6.257999897003174,6.275000095367432,6.236999988555908
1997-07-09 00:00:00,6.232999801635742,6.254000186920166,6.211999893188477
1997-07-10 00:00:00,6.241000175476074,6.270999908447266,6.232999801635742
1997-07-11 00:00:00,6.21999979019165,6.254000186920166,6.193999767303467
1997-07-14 00:00:00,6.236999988555908,6.241000175476074,6.223999977111816
1997-07-15 00:00:00,6.244999885559082,6.309000015258789,6.241000175476074
1997-07-16 00:00:00,6.182000160217285,6.23199987411499,6.169000148773193
1997-07-17 00:00:00,6.181000232696533,6.190000057220459,6.139999866485596
1997-07-18 00:00:00,6.23199987411499,6.236000061035156,6.197999954223633
1997-07-21 00:00:00,6.252999782562256,6.261000156402588,6.239999771118164
1997-07-22 00:00:00,6.14300012588501,6.239999771118164,6.138999938964844
1997-07-23 00:00:00,6.122000217437744,6.135000228881836,6.0970001220703125
1997-07-24 00:00:00,6.135000228881836,6.159999847412109,6.113999843597412
1997-07-25 00:00:00,6.164000034332275,6.192999839782715,6.125999927520752
1997-07-28 00:00:00,6.138000011444092,6.168000221252441,6.138000011444092
1997-07-29 00:00:00,6.0879998207092285,6.142000198364258,6.0879998207092285
1997-07-30 00:00:00,6.041999816894531,6.074999809265137,6.025000095367432
1997-07-31 00:00:00,6.004000186920166,6.053999900817871,5.992000102996826
1997-08-01 00:00:00,6.179999828338623,6.179999828338623,5.992000102996826
1997-08-04 00:00:00,6.214000225067139,6.235000133514404,6.179999828338623
1997-08-05 00:00:00,6.2220001220703125,6.238999843597412,6.209000110626221
1997-08-06 00:00:00,6.204999923706055,6.230000019073486,6.196000099182129
1997-08-07 00:00:00,6.2230000495910645,6.2230000495910645,6.15500020980835
1997-08-08 00:00:00,6.363999843597412,6.39900016784668,6.27400016784668
1997-08-11 00:00:00,6.35099983215332,6.389999866485596,6.324999809265137
1997-08-12 00:00:00,6.373000144958496,6.373000144958496,6.303999900817871
1997-08-13 00:00:00,6.3429999351501465,6.421000003814697,6.27400016784668
1997-08-14 00:00:00,6.261000156402588,6.313000202178955,6.256999969482422
1997-08-15 00:00:00,6.248000144958496,6.308000087738037,6.24399995803833
1997-08-18 00:00:00,6.201000213623047,6.239999771118164,6.171000003814697
1997-08-19 00:00:00,6.204999923706055,6.2270002365112305,6.184000015258789
1997-08-20 00:00:00,6.2270002365112305,6.248000144958496,6.204999923706055
1997-08-21 00:00:00,6.290999889373779,6.303999900817871,6.2270002365112305
1997-08-22 00:00:00,6.363999843597412,6.381999969482422,6.334000110626221
1997-08-25 00:00:00,6.381999969482422,6.381999969482422,6.355999946594238
1997-08-26 00:00:00,6.373000144958496,6.425000190734863,6.355999946594238
1997-08-27 00:00:00,6.36899995803833,6.4029998779296875,6.3379998207092285
1997-08-28 00:00:00,6.290999889373779,6.373000144958496,6.2870001792907715
1997-08-29 00:00:00,6.329999923706055,6.363999843597412,6.269999980926514
1997-09-02 00:00:00,6.295000076293945,6.377999782562256,6.2870001792907715
1997-09-03 00:00:00,6.303999900817871,6.308000087738037,6.27400016784668
1997-09-04 00:00:00,6.316999912261963,6.326000213623047,6.300000190734863
1997-09-05 00:00:00,6.3429999351501465,6.364999771118164,6.261000156402588
1997-09-08 00:00:00,6.316999912261963,6.3429999351501465,6.313000202178955
1997-09-09 00:00:00,6.326000213623047,6.3429999351501465,6.316999912261963
1997-09-10 00:00:00,6.3429999351501465,6.364999771118164,6.339000225067139
1997-09-11 00:00:00,6.373000144958496,6.390999794006348,6.355999946594238
1997-09-12 00:00:00,6.2779998779296875,6.381999969482422,6.27400016784668
1997-09-15 00:00:00,6.264999866485596,6.290999889373779,6.261000156402588
1997-09-16 00:00:00,6.093999862670898,6.261000156402588,6.090000152587891
1997-09-17 00:00:00,6.085999965667725,6.111000061035156,6.044000148773193
1997-09-18 00:00:00,6.090000152587891,6.090000152587891,6.044000148773193
1997-09-19 00:00:00,6.077000141143799,6.114999771118164,6.068999767303467
1997-09-22 00:00:00,6.047999858856201,6.065000057220459,6.043000221252441
1997-09-23 00:00:00,6.080999851226807,6.085999965667725,6.056000232696533
1997-09-24 00:00:00,6.034999847412109,6.093999862670898,6.021999835968018
1997-09-25 00:00:00,6.114999771118164,6.119999885559082,6.046999931335449
1997-09-26 00:00:00,6.072999954223633,6.10699987411499,6.056000232696533
1997-09-29 00:00:00,6.080999851226807,6.10699987411499,6.080999851226807
1997-09-30 00:00:00,6.10699987411499,6.124000072479248,6.064000129699707
1997-10-01 00:00:00,6.026000022888184,6.080999851226807,6.000999927520752
1997-10-02 00:00:00,6.000999927520752,6.034999847412109,5.980000019073486
1997-10-03 00:00:00,5.995999813079834,6.059999942779541,5.811999797821045
1997-10-06 00:00:00,5.953999996185303,5.9710001945495605,5.925000190734863
1997-10-07 00:00:00,5.925000190734863,5.9710001945495605,5.915999889373779
1997-10-08 00:00:00,6.072999954223633,6.085000038146973,5.869999885559082
1997-10-09 00:00:00,6.080999851226807,6.171000003814697,6.067999839782715
1997-10-10 00:00:00,6.136000156402588,6.209000110626221,6.077000141143799
1997-10-14 00:00:00,6.059999942779541,6.0980000495910645,6.059999942779541
1997-10-15 00:00:00,6.093999862670898,6.11899995803833,6.043000221252441
1997-10-16 00:00:00,6.080999851226807,6.114999771118164,6.026000022888184
1997-10-17 00:00:00,6.144999980926514,6.175000190734863,6.093999862670898
1997-10-20 00:00:00,6.131999969482422,6.1579999923706055,6.131999969482422
1997-10-21 00:00:00,6.127999782562256,6.14900016784668,6.124000072479248
1997-10-22 00:00:00,6.114999771118164,6.14900016784668,6.114999771118164
1997-10-23 00:00:00,6.017000198364258,6.051000118255615,5.96999979019165
1997-10-24 00:00:00,6.0,6.064000129699707,5.973999977111816
1997-10-27 00:00:00,5.89900016784668,5.979000091552734,5.894000053405762
1997-10-28 00:00:00,5.966000080108643,5.966000080108643,5.739999771118164
1997-10-29 00:00:00,5.9029998779296875,5.96999979019165,5.86899995803833
1997-10-30 00:00:00,5.835999965667725,5.86899995803833,5.797999858856201
1997-10-31 00:00:00,5.818999767303467,5.894000053405762,5.814000129699707
1997-11-03 00:00:00,5.894000053405762,5.9070000648498535,5.873000144958496
1997-11-04 00:00:00,5.935999870300293,5.940000057220459,5.88100004196167
1997-11-05 00:00:00,5.932000160217285,5.956999778747559,5.910999774932861
1997-11-06 00:00:00,5.888999938964844,5.947999954223633,5.888999938964844
1997-11-07 00:00:00,5.885000228881836,5.914000034332275,5.817999839782715
1997-11-10 00:00:00,5.906000137329102,5.931000232696533,5.9019999504089355
1997-11-12 00:00:00,5.885000228881836,5.927000045776367,5.860000133514404
1997-11-13 00:00:00,5.860000133514404,5.8979997634887695,5.809000015258789
1997-11-14 00:00:00,5.8470001220703125,5.860000133514404,5.796999931335449
1997-11-17 00:00:00,5.834000110626221,5.906000137329102,5.834000110626221
1997-11-18 00:00:00,5.834000110626221,5.855000019073486,5.801000118255615
1997-11-19 00:00:00,5.801000118255615,5.826000213623047,5.788000106811523
1997-11-20 00:00:00,5.826000213623047,5.834000110626221,5.783999919891357
1997-11-21 00:00:00,5.804999828338623,5.875999927520752,5.801000118255615
1997-11-24 00:00:00,5.85099983215332,5.85099983215332,5.816999912261963
1997-11-25 00:00:00,5.8379998207092285,5.859000205993652,5.816999912261963
1997-11-26 00:00:00,5.85099983215332,5.868000030517578,5.8379998207092285
1997-11-28 00:00:00,5.85099983215332,5.859000205993652,5.8379998207092285
1997-12-01 00:00:00,5.8460001945495605,5.859000205993652,5.824999809265137
1997-12-02 00:00:00,5.8460001945495605,5.86299991607666,5.8420000076293945
1997-12-03 00:00:00,5.824999809265137,5.8420000076293945,5.813000202178955
1997-12-04 00:00:00,5.834000110626221,5.834000110626221,5.7789998054504395
1997-12-05 00:00:00,5.892000198364258,5.9770002365112305,5.8379998207092285
1997-12-08 00:00:00,5.942999839782715,5.942999839782715,5.888000011444092
1997-12-09 00:00:00,5.939000129699707,5.955999851226807,5.921999931335449
1997-12-10 00:00:00,5.892000198364258,5.921999931335449,5.883999824523926
1997-12-11 00:00:00,5.811999797821045,5.8420000076293945,5.7779998779296875
1997-12-12 00:00:00,5.73199987411499,5.790999889373779,5.73199987411499
1997-12-15 00:00:00,5.765999794006348,5.765999794006348,5.723999977111816
1997-12-16 00:00:00,5.761000156402588,5.7870001792907715,5.739999771118164
1997-12-17 00:00:00,5.790999889373779,5.815999984741211,5.77400016784668
1997-12-18 00:00:00,5.749000072479248,5.790999889373779,5.73199987411499
1997-12-19 00:00:00,5.710999965667725,5.73199987411499,5.660999774932861
1997-12-22 00:00:00,5.710999965667725,5.7270002365112305,5.697999954223633
1997-12-23 00:00:00,5.718999862670898,5.73199987411499,5.681000232696533
1997-12-24 00:00:00,5.7270002365112305,5.736000061035156,5.718999862670898
1997-12-26 00:00:00,5.735000133514404,5.75600004196167,5.730999946594238
1997-12-29 00:00:00,5.748000144958496,5.751999855041504,5.7270002365112305
1997-12-30 00:00:00,5.785999774932861,5.820000171661377,5.761000156402588
1997-12-31 00:00:00,5.738999843597412,5.7820000648498535,5.738999843597412
1998-01-02 00:00:00,5.65500020980835,5.735000133514404,5.64300012588501
1998-01-05 00:00:00,5.498000144958496,5.585000038146973,5.49399995803833
1998-01-06 00:00:00,5.4730000495910645,5.531000137329102,5.468999862670898
1998-01-07 00:00:00,5.5269999504089355,5.539000034332275,5.468999862670898
1998-01-08 00:00:00,5.465000152587891,5.488999843597412,5.443999767303467
1998-01-09 00:00:00,5.379000186920166,5.513999938964844,5.374000072479248
1998-01-12 00:00:00,5.369999885559082,5.39900016784668,5.281000137329102
1998-01-13 00:00:00,5.39900016784668,5.422999858856201,5.381999969482422
1998-01-14 00:00:00,5.439000129699707,5.4679999351501465,5.394000053405762
1998-01-15 00:00:00,5.460000038146973,5.4679999351501465,5.410999774932861
1998-01-16 00:00:00,5.513000011444092,5.517000198364258,5.492000102996826
1998-01-20 00:00:00,5.546000003814697,5.546000003814697,5.484000205993652
1998-01-21 00:00:00,5.525000095367432,5.578999996185303,5.517000198364258
1998-01-22 00:00:00,5.5329999923706055,5.550000190734863,5.495999813079834
1998-01-23 00:00:00,5.683000087738037,5.686999797821045,5.574999809265137
1998-01-26 00:00:00,5.616000175476074,5.683000087738037,5.611999988555908
1998-01-27 00:00:00,5.683000087738037,5.699999809265137,5.624000072479248
1998-01-28 00:00:00,5.678999900817871,5.7170000076293945,5.644999980926514
1998-01-29 00:00:00,5.557000160217285,5.686999797821045,5.548999786376953
1998-01-30 00:00:00,5.51200008392334,5.585999965667725,5.506999969482422
1998-02-02 00:00:00,5.557000160217285,5.565000057220459,5.519999980926514
1998-02-03 00:00:00,5.545000076293945,5.570000171661377,5.52400016784668
1998-02-04 00:00:00,5.548999786376953,5.568999767303467,5.5320000648498535
1998-02-05 00:00:00,5.598999977111816,5.603000164031982,5.548999786376953
1998-02-06 00:00:00,5.6020002365112305,5.660999774932861,5.585999965667725
1998-02-09 00:00:00,5.639999866485596,5.660999774932861,5.611000061035156
1998-02-10 00:00:00,5.623000144958496,5.636000156402588,5.61899995803833
1998-02-11 00:00:00,5.572999954223633,5.5980000495910645,5.572999954223633
1998-02-12 00:00:00,5.525000095367432,5.5289998054504395,5.447000026702881
1998-02-13 00:00:00,5.474999904632568,5.495999813079834,5.4629998207092285
1998-02-17 00:00:00,5.429999828338623,5.442999839782715,5.418000221252441
1998-02-18 00:00:00,5.474999904632568,5.474999904632568,5.406000137329102
1998-02-19 00:00:00,5.495999813079834,5.504000186920166,5.4710001945495605
1998-02-20 00:00:00,5.52400016784668,5.545000076293945,5.51200008392334
1998-02-23 00:00:00,5.570000171661377,5.573999881744385,5.486999988555908
1998-02-24 00:00:00,5.673999786376953,5.695000171661377,5.5370001792907715
1998-02-25 00:00:00,5.616000175476074,5.6529998779296875,5.60699987411499
1998-02-26 00:00:00,5.640999794006348,5.6529998779296875,5.611000061035156
1998-02-27 00:00:00,5.616000175476074,5.703000068664551,5.616000175476074
1998-03-02 00:00:00,5.703000068664551,5.703000068664551,5.627999782562256
1998-03-03 00:00:00,5.754000186920166,5.7789998054504395,5.686999797821045
1998-03-04 00:00:00,5.75,5.775000095367432,5.723999977111816
1998-03-05 00:00:00,5.767000198364258,5.775000095367432,5.698999881744385
1998-03-06 00:00:00,5.711999893188477,5.829999923706055,5.703000068664551
1998-03-09 00:00:00,5.6570000648498535,5.711999893188477,5.644999980926514
1998-03-10 00:00:00,5.6529998779296875,5.670000076293945,5.644999980926514
1998-03-11 00:00:00,5.616000175476074,5.640999794006348,5.60699987411499
1998-03-12 00:00:00,5.552999973297119,5.636000156402588,5.552999973297119
1998-03-13 00:00:00,5.570000171661377,5.603000164031982,5.552999973297119
1998-03-16 00:00:00,5.5279998779296875,5.557000160217285,5.52400016784668
1998-03-17 00:00:00,5.548999786376953,5.548999786376953,5.499000072479248
1998-03-18 00:00:00,5.560999870300293,5.570000171661377,5.540999889373779
1998-03-19 00:00:00,5.573999881744385,5.611000061035156,5.557000160217285
1998-03-20 00:00:00,5.560999870300293,5.573999881744385,5.552999973297119
1998-03-23 00:00:00,5.560999870300293,5.59499979019165,5.552999973297119
1998-03-24 00:00:00,5.560999870300293,5.573999881744385,5.545000076293945
1998-03-25 00:00:00,5.624000072479248,5.627999782562256,5.5279998779296875
1998-03-26 00:00:00,5.6579999923706055,5.6579999923706055,5.624000072479248
1998-03-27 00:00:00,5.670000076293945,5.686999797821045,5.63700008392334
1998-03-30 00:00:00,5.703999996185303,5.7170000076293945,5.665999889373779
1998-03-31 00:00:00,5.6620001792907715,5.708000183105469,5.6579999923706055
1998-04-01 00:00:00,5.603000164031982,5.6620001792907715,5.603000164031982
1998-04-02 00:00:00,5.545000076293945,5.585999965667725,5.545000076293945
1998-04-03 00:00:00,5.453000068664551,5.502999782562256,5.4039998054504395
1998-04-06 00:00:00,5.494999885559082,5.499000072479248,5.461999893188477
1998-04-07 00:00:00,5.515999794006348,5.519999980926514,5.486999988555908
1998-04-08 00:00:00,5.570000171661377,5.578000068664551,5.502999782562256
1998-04-09 00:00:00,5.573999881744385,5.616000175476074,5.52400016784668
1998-04-13 00:00:00,5.64900016784668,5.675000190734863,5.573999881744385
1998-04-14 00:00:00,5.616000175476074,5.650000095367432,5.603000164031982
1998-04-15 00:00:00,5.59499979019165,5.632999897003174,5.59499979019165
1998-04-16 00:00:00,5.573999881744385,5.586999893188477,5.557000160217285
1998-04-17 00:00:00,5.578000068664551,5.586999893188477,5.552999973297119
1998-04-20 00:00:00,5.629000186920166,5.640999794006348,5.59499979019165
1998-04-21 00:00:00,5.666999816894531,5.666999816894531,5.632999897003174
1998-04-22 00:00:00,5.671000003814697,5.691999912261963,5.640999794006348
1998-04-23 00:00:00,5.675000190734863,5.691999912261963,5.666999816894531
1998-04-24 00:00:00,5.6539998054504395,5.696000099182129,5.6539998054504395
1998-04-27 00:00:00,5.789999961853027,5.807000160217285,5.7129998207092285
1998-04-28 00:00:00,5.794000148773193,5.794000148773193,5.751999855041504
1998-04-29 00:00:00,5.798999786376953,5.820000171661377,5.789999961853027
1998-04-30 00:00:00,5.666999816894531,5.824999809265137,5.666999816894531
1998-05-01 00:00:00,5.6539998054504395,5.666999816894531,5.607999801635742
1998-05-04 00:00:00,5.6539998054504395,5.666999816894531,5.642000198364258
1998-05-05 00:00:00,5.684000015258789,5.688000202178955,5.6539998054504395
1998-05-06 00:00:00,5.658999919891357,5.697000026702881,5.6539998054504395
1998-05-07 00:00:00,5.658999919891357,5.679999828338623,5.642000198364258
1998-05-08 00:00:00,5.697000026702881,5.7270002365112305,5.666999816894531
1998-05-11 00:00:00,5.769000053405762,5.769000053405762,5.714000225067139
1998-05-12 00:00:00,5.688000202178955,5.764999866485596,5.688000202178955
1998-05-13 00:00:00,5.666999816894531,5.701000213623047,5.642000198364258
1998-05-14 00:00:00,5.665999889373779,5.665999889373779,5.629000186920166
1998-05-15 00:00:00,5.670000076293945,5.670000076293945,5.6539998054504395
1998-05-18 00:00:00,5.629000186920166,5.665999889373779,5.629000186920166
1998-05-19 00:00:00,5.645999908447266,5.6539998054504395,5.632999897003174
1998-05-20 00:00:00,5.599999904632568,5.63700008392334,5.5879998207092285
1998-05-21 00:00:00,5.640999794006348,5.645999908447266,5.584000110626221
1998-05-22 00:00:00,5.625,5.650000095367432,5.620999813079834
1998-05-26 00:00:00,5.574999809265137,5.604000091552734,5.566999912261963
1998-05-27 00:00:00,5.546000003814697,5.546000003814697,5.526000022888184
1998-05-28 00:00:00,5.571000099182129,5.574999809265137,5.546000003814697
1998-05-29 00:00:00,5.546000003814697,5.553999900817871,5.526000022888184
1998-06-01 00:00:00,5.520999908447266,5.538000106811523,5.508999824523926
1998-06-02 00:00:00,5.550000190734863,5.563000202178955,5.541999816894531
1998-06-03 00:00:00,5.558000087738037,5.574999809265137,5.553999900817871
1998-06-04 00:00:00,5.583000183105469,5.599999904632568,5.561999797821045
1998-06-05 00:00:00,5.571000099182129,5.624000072479248,5.546000003814697
1998-06-08 00:00:00,5.574999809265137,5.591000080108643,5.565999984741211
1998-06-09 00:00:00,5.574999809265137,5.59499979019165,5.565999984741211
1998-06-10 00:00:00,5.500999927520752,5.541999816894531,5.500999927520752
1998-06-11 00:00:00,5.431000232696533,5.517000198364258,5.427000045776367
1998-06-12 00:00:00,5.409999847412109,5.4629998207092285,5.394000053405762
1998-06-15 00:00:00,5.369999885559082,5.394000053405762,5.366000175476074
1998-06-16 00:00:00,5.431000232696533,5.434999942779541,5.394000053405762
1998-06-17 00:00:00,5.5289998054504395,5.550000190734863,5.480000019073486
1998-06-18 00:00:00,5.492000102996826,5.507999897003174,5.484000205993652
1998-06-19 00:00:00,5.459000110626221,5.5329999923706055,5.454999923706055
1998-06-22 00:00:00,5.451000213623047,5.451000213623047,5.426000118255615
1998-06-23 00:00:00,5.438000202178955,5.454999923706055,5.438000202178955
1998-06-24 00:00:00,5.451000213623047,5.454999923706055,5.421999931335449
1998-06-25 00:00:00,5.459000110626221,5.492000102996826,5.447000026702881
1998-06-26 00:00:00,5.441999912261963,5.486999988555908,5.429999828338623
1998-06-29 00:00:00,5.459000110626221,5.459000110626221,5.446000099182129
1998-06-30 00:00:00,5.434000015258789,5.486999988555908,5.434000015258789
1998-07-01 00:00:00,5.426000118255615,5.449999809265137,5.401000022888184
1998-07-02 00:00:00,5.401000022888184,5.40500020980835,5.36899995803833
1998-07-06 00:00:00,5.38100004196167,5.39300012588501,5.38100004196167
1998-07-07 00:00:00,5.40500020980835,5.413000106811523,5.388999938964844
1998-07-08 00:00:00,5.421000003814697,5.425000190734863,5.39300012588501
1998-07-09 00:00:00,5.39300012588501,5.421000003814697,5.388000011444092
1998-07-10 00:00:00,5.40500020980835,5.408999919891357,5.392000198364258
1998-07-13 00:00:00,5.449999809265137,5.46999979019165,5.395999908447266
1998-07-14 00:00:00,5.473999977111816,5.491000175476074,5.433000087738037
1998-07-15 00:00:00,5.46999979019165,5.473999977111816,5.453999996185303
1998-07-16 00:00:00,5.486999988555908,5.494999885559082,5.453999996185303
1998-07-17 00:00:00,5.499000072479248,5.502999782562256,5.46999979019165
1998-07-20 00:00:00,5.466000080108643,5.494999885559082,5.458000183105469
1998-07-21 00:00:00,5.436999797821045,5.473999977111816,5.428999900817871
1998-07-22 00:00:00,5.445000171661377,5.453000068664551,5.428999900817871
1998-07-23 00:00:00,5.428999900817871,5.453000068664551,5.4120001792907715
1998-07-24 00:00:00,5.440999984741211,5.448999881744385,5.420000076293945
1998-07-27 00:00:00,5.453000068664551,5.453000068664551,5.423999786376953
1998-07-28 00:00:00,5.478000164031982,5.478000164031982,5.448999881744385
1998-07-29 00:00:00,5.511000156402588,5.519000053405762,5.473999977111816
1998-07-30 00:00:00,5.489999771118164,5.548999786376953,5.48199987411499
1998-07-31 00:00:00,5.49399995803833,5.506999969482422,5.478000164031982
1998-08-03 00:00:00,5.445000171661377,5.473999977111816,5.435999870300293
1998-08-04 00:00:00,5.427999973297119,5.456999778747559,5.4079999923706055
1998-08-05 00:00:00,5.420000076293945,5.448999881744385,5.4120001792907715
1998-08-06 00:00:00,5.432000160217285,5.440000057220459,5.420000076293945
1998-08-07 00:00:00,5.38700008392334,5.423999786376953,5.38700008392334
1998-08-10 00:00:00,5.39900016784668,5.410999774932861,5.382999897003174
1998-08-11 00:00:00,5.361999988555908,5.366000175476074,5.316999912261963
1998-08-12 00:00:00,5.38700008392334,5.410999774932861,5.382999897003174
1998-08-13 00:00:00,5.423999786376953,5.423999786376953,5.374000072479248
1998-08-14 00:00:00,5.386000156402588,5.440000057220459,5.386000156402588
1998-08-17 00:00:00,5.389999866485596,5.389999866485596,5.361999988555908
1998-08-18 00:00:00,5.4029998779296875,5.422999858856201,5.39900016784668
1998-08-19 00:00:00,5.410999774932861,5.432000160217285,5.4070000648498535
1998-08-20 00:00:00,5.374000072479248,5.427999973297119,5.366000175476074
1998-08-21 00:00:00,5.315999984741211,5.320000171661377,5.182000160217285
1998-08-24 00:00:00,5.2870001792907715,5.315999984741211,5.270999908447266
1998-08-25 00:00:00,5.23799991607666,5.270999908447266,5.23799991607666
1998-08-26 00:00:00,5.190000057220459,5.22599983215332,5.177000045776367
1998-08-27 00:00:00,5.10099983215332,5.14900016784668,5.017000198364258
1998-08-28 00:00:00,5.079999923706055,5.120999813079834,5.059999942779541
1998-08-31 00:00:00,5.0320000648498535,5.107999801635742,5.02400016784668
1998-09-01 00:00:00,5.035999774932861,5.067999839782715,4.9679999351501465
1998-09-02 00:00:00,5.076000213623047,5.107999801635742,5.059999942779541
1998-09-03 00:00:00,5.019999980926514,5.044000148773193,5.01200008392334
1998-09-04 00:00:00,4.999000072479248,5.059000015258789,4.991000175476074
1998-09-08 00:00:00,5.031000137329102,5.051000118255615,5.011000156402588
1998-09-09 00:00:00,4.934999942779541,4.994999885559082,4.934999942779541
1998-09-10 00:00:00,4.73799991607666,4.9070000648498535,4.730000019073486
1998-09-11 00:00:00,4.823999881744385,4.843999862670898,4.629000186920166
1998-09-14 00:00:00,4.8470001220703125,4.894999980926514,4.8429999351501465
1998-09-15 00:00:00,4.875,4.88700008392334,4.796000003814697
1998-09-16 00:00:00,4.85099983215332,4.918000221252441,4.85099983215332
1998-09-17 00:00:00,4.76800012588501,4.803999900817871,4.744999885559082
1998-09-18 00:00:00,4.677999973297119,4.776000022888184,4.673999786376953
1998-09-21 00:00:00,4.6579999923706055,4.689000129699707,4.531000137329102
1998-09-22 00:00:00,4.7129998207092285,4.723999977111816,4.6579999923706055
1998-09-23 00:00:00,4.6579999923706055,4.736000061035156,4.645999908447266
1998-09-24 00:00:00,4.60699987411499,4.697000026702881,4.60699987411499
1998-09-25 00:00:00,4.576000213623047,4.625999927520752,4.5289998054504395
1998-09-28 00:00:00,4.586999893188477,4.59499979019165,4.556000232696533
1998-09-29 00:00:00,4.564000129699707,4.63700008392334,4.564000129699707
1998-09-30 00:00:00,4.409999847412109,4.525000095367432,4.4019999504089355
1998-10-01 00:00:00,4.303999900817871,4.368000030517578,4.284999847412109
1998-10-02 00:00:00,4.28000020980835,4.355999946594238,4.223999977111816
1998-10-05 00:00:00,4.14900016784668,4.254000186920166,4.10099983215332
1998-10-06 00:00:00,4.21999979019165,4.271999835968018,4.201000213623047
1998-10-07 00:00:00,4.39300012588501,4.4079999923706055,4.208000183105469
1998-10-08 00:00:00,4.546000003814697,4.550000190734863,4.316999912261963
1998-10-09 00:00:00,4.771999835968018,4.839000225067139,4.61899995803833
1998-10-13 00:00:00,4.723999977111816,4.76800012588501,4.650000095367432
1998-10-14 00:00:00,4.556000232696533,4.672999858856201,4.5370001792907715
1998-10-15 00:00:00,4.559999942779541,4.618000030517578,4.520999908447266
1998-10-16 00:00:00,4.416999816894531,4.443999767303467,4.341000080108643
1998-10-19 00:00:00,4.435999870300293,4.451000213623047,4.394000053405762
1998-10-20 00:00:00,4.519999980926514,4.574999809265137,4.442999839782715
1998-10-21 00:00:00,4.551000118255615,4.581999778747559,4.52400016784668
1998-10-22 00:00:00,4.581999778747559,4.617000102996826,4.543000221252441
1998-10-23 00:00:00,4.663000106811523,4.686999797821045,4.5970001220703125
1998-10-26 00:00:00,4.697999954223633,4.75,4.631999969482422
1998-10-27 00:00:00,4.589000225067139,4.666999816894531,4.572999954223633
1998-10-28 00:00:00,4.577000141143799,4.604000091552734,4.541999816894531
1998-10-29 00:00:00,4.506999969482422,4.572999954223633,4.502999782562256
1998-10-30 00:00:00,4.603000164031982,4.60699987411499,4.50600004196167
1998-11-02 00:00:00,4.74399995803833,4.74399995803833,4.60699987411499
1998-11-03 00:00:00,4.739999771118164,4.76800012588501,4.709000110626221
1998-11-04 00:00:00,4.879000186920166,4.9120001792907715,4.760000228881836
1998-11-05 00:00:00,4.817999839782715,4.861999988555908,4.714000225067139
1998-11-06 00:00:00,4.921999931335449,4.966000080108643,4.806000232696533
1998-11-09 00:00:00,4.866000175476074,4.961999893188477,4.866000175476074
1998-11-10 00:00:00,4.817999839782715,4.826000213623047,4.77400016784668
1998-11-12 00:00:00,4.769999980926514,4.797999858856201,4.72599983215332
1998-11-13 00:00:00,4.806000232696533,4.8379998207092285,4.754000186920166
1998-11-16 00:00:00,4.8379998207092285,4.849999904632568,4.817999839782715
1998-11-17 00:00:00,4.849999904632568,4.861999988555908,4.769999980926514
1998-11-18 00:00:00,4.8420000076293945,4.8979997634887695,4.806000232696533
1998-11-19 00:00:00,4.8460001945495605,4.854000091552734,4.817999839782715
1998-11-20 00:00:00,4.809999942779541,4.829999923706055,4.789999961853027
1998-11-23 00:00:00,4.829999923706055,4.834000110626221,4.7779998779296875
1998-11-24 00:00:00,4.8420000076293945,4.857999801635742,4.814000129699707
1998-11-25 00:00:00,4.822000026702881,4.834000110626221,4.797999858856201
1998-11-27 00:00:00,4.802000045776367,4.806000232696533,4.794000148773193
1998-11-30 00:00:00,4.72599983215332,4.7820000648498535,4.714000225067139
1998-12-01 00:00:00,4.658999919891357,4.690000057220459,4.623000144958496
1998-12-02 00:00:00,4.567999839782715,4.651000022888184,4.520999908447266
1998-12-03 00:00:00,4.564000129699707,4.603000164031982,4.5370001792907715
1998-12-04 00:00:00,4.60699987411499,4.638999938964844,4.552000045776367
1998-12-07 00:00:00,4.677999973297119,4.685999870300293,4.584000110626221
1998-12-08 00:00:00,4.59499979019165,4.6579999923706055,4.59499979019165
1998-12-09 00:00:00,4.547999858856201,4.579999923706055,4.5329999923706055
1998-12-10 00:00:00,4.520999908447266,4.576000213623047,4.498000144958496
1998-12-11 00:00:00,4.603000164031982,4.626999855041504,4.505000114440918
1998-12-14 00:00:00,4.576000213623047,4.586999893188477,4.544000148773193
1998-12-15 00:00:00,4.61899995803833,4.61899995803833,4.578999996185303
1998-12-16 00:00:00,4.571000099182129,4.61899995803833,4.559999942779541
1998-12-17 00:00:00,4.559999942779541,4.598999977111816,4.559999942779541
1998-12-18 00:00:00,4.571000099182129,4.591000080108643,4.566999912261963
1998-12-21 00:00:00,4.625999927520752,4.650000095367432,4.591000080108643
1998-12-22 00:00:00,4.690000057220459,4.702000141143799,4.6579999923706055
1998-12-23 00:00:00,4.781000137329102,4.793000221252441,4.697999954223633
1998-12-24 00:00:00,4.8460001945495605,4.877999782562256,4.784999847412109
1998-12-28 00:00:00,4.769000053405762,4.822000026702881,4.761000156402588
1998-12-29 00:00:00,4.701000213623047,4.793000221252441,4.692999839782715
1998-12-30 00:00:00,4.642000198364258,4.684999942779541,4.633999824523926
1998-12-31 00:00:00,4.638000011444092,4.677999973297119,4.618000030517578
1999-01-04 00:00:00,4.677000045776367,4.7210001945495605,4.633999824523926
1999-01-05 00:00:00,4.729000091552734,4.744999885559082,4.709000110626221
1999-01-06 00:00:00,4.7210001945495605,4.789000034332275,4.7210001945495605
1999-01-07 00:00:00,4.764999866485596,4.781000137329102,4.701000213623047
1999-01-08 00:00:00,4.8420000076293945,4.877999782562256,4.7769999504089355
1999-01-11 00:00:00,4.874000072479248,4.943999767303467,4.869999885559082
1999-01-12 00:00:00,4.809999942779541,4.89900016784668,4.784999847412109
1999-01-13 00:00:00,4.7210001945495605,4.7729997634887695,4.629000186920166
1999-01-14 00:00:00,4.613999843597412,4.756999969482422,4.610000133514404
1999-01-15 00:00:00,4.669000148773193,4.684999942779541,4.640999794006348
1999-01-19 00:00:00,4.701000213623047,4.729000091552734,4.6570000648498535
1999-01-20 00:00:00,4.744999885559082,4.784999847412109,4.7129998207092285
1999-01-21 00:00:00,4.689000129699707,4.7170000076293945,4.664999961853027
1999-01-22 00:00:00,4.629000186920166,4.6570000648498535,4.625
1999-01-25 00:00:00,4.6529998779296875,4.669000148773193,4.617000102996826
1999-01-26 00:00:00,4.681000232696533,4.692999839782715,4.640999794006348
1999-01-27 00:00:00,4.672999858856201,4.7170000076293945,4.669000148773193
1999-01-28 00:00:00,4.664999961853027,4.692999839782715,4.644999980926514
1999-01-29 00:00:00,4.6529998779296875,4.7170000076293945,4.6529998779296875
1999-02-01 00:00:00,4.744999885559082,4.756999969482422,4.672999858856201
1999-02-02 00:00:00,4.784999847412109,4.802000045776367,4.769000053405762
1999-02-03 00:00:00,4.822000026702881,4.822000026702881,4.7769999504089355
1999-02-04 00:00:00,4.88700008392334,4.927999973297119,4.8379998207092285
1999-02-05 00:00:00,4.932000160217285,4.945000171661377,4.870999813079834
1999-02-08 00:00:00,4.923999786376953,4.953000068664551,4.9039998054504395
1999-02-09 00:00:00,4.890999794006348,4.9079999923706055,4.859000205993652
1999-02-10 00:00:00,4.900000095367432,4.915999889373779,4.86299991607666
1999-02-11 00:00:00,4.9079999923706055,4.936999797821045,4.88700008392334
1999-02-12 00:00:00,5.052000045776367,5.081999778747559,4.960999965667725
1999-02-16 00:00:00,5.0279998779296875,5.065000057220459,4.989999771118164
1999-02-17 00:00:00,4.978000164031982,5.02400016784668,4.960999965667725
1999-02-18 00:00:00,5.0279998779296875,5.0279998779296875,4.956999778747559
1999-02-19 00:00:00,5.060999870300293,5.085999965667725,5.0279998779296875
1999-02-22 00:00:00,5.015999794006348,5.078000068664551,5.015999794006348
1999-02-23 00:00:00,5.078000068664551,5.098999977111816,5.002999782562256
1999-02-24 00:00:00,5.1620001792907715,5.1620001792907715,5.070000171661377
1999-02-25 00:00:00,5.293000221252441,5.34499979019165,5.1579999923706055
1999-02-26 00:00:00,5.271999835968018,5.328000068664551,5.23799991607666
1999-03-01 00:00:00,5.383999824523926,5.401000022888184,5.284999847412109
1999-03-02 00:00:00,5.341000080108643,5.380000114440918,5.315000057220459
1999-03-03 00:00:00,5.375999927520752,5.388000011444092,5.294000148773193
1999-03-04 00:00:00,5.401000022888184,5.427000045776367,5.367000102996826
1999-03-05 00:00:00,5.315999984741211,5.3979997634887695,5.197000026702881
1999-03-08 00:00:00,5.2779998779296875,5.295000076293945,5.25600004196167
1999-03-09 00:00:00,5.171999931335449,5.308000087738037,5.158999919891357
1999-03-10 00:00:00,5.189000129699707,5.210000038146973,5.142000198364258
1999-03-11 00:00:00,5.197000026702881,5.2270002365112305,5.163000106811523
1999-03-12 00:00:00,5.151000022888184,5.205999851226807,5.146999835968018
1999-03-15 00:00:00,5.130000114440918,5.168000221252441,5.122000217437744
1999-03-16 00:00:00,5.0970001220703125,5.138999938964844,5.084000110626221
1999-03-17 00:00:00,5.122000217437744,5.130000114440918,5.063000202178955
1999-03-18 00:00:00,5.10099983215332,5.122000217437744,5.084000110626221
1999-03-19 00:00:00,5.1479997634887695,5.156000137329102,5.076000213623047
1999-03-22 00:00:00,5.193999767303467,5.197999954223633,5.156000137329102
1999-03-23 00:00:00,5.185999870300293,5.206999778747559,5.172999858856201
1999-03-24 00:00:00,5.156000137329102,5.164999961853027,5.113999843597412
1999-03-25 00:00:00,5.203000068664551,5.203000068664551,5.13100004196167
1999-03-26 00:00:00,5.198999881744385,5.203000068664551,5.13100004196167
1999-03-29 00:00:00,5.258999824523926,5.26800012588501,5.190999984741211
1999-03-30 00:00:00,5.190999984741211,5.250999927520752,5.190999984741211
1999-03-31 00:00:00,5.234000205993652,5.26800012588501,5.177999973297119
1999-04-01 00:00:00,5.271999835968018,5.294000148773193,5.208000183105469
1999-04-05 00:00:00,5.183000087738037,5.2129998207092285,5.1620001792907715
1999-04-06 00:00:00,5.119999885559082,5.165999889373779,5.111000061035156
1999-04-07 00:00:00,5.124000072479248,5.140999794006348,5.10699987411499
1999-04-08 00:00:00,5.019000053405762,5.127999782562256,5.019000053405762
1999-04-09 00:00:00,5.035999774932861,5.047999858856201,4.998000144958496
1999-04-12 00:00:00,5.039999961853027,5.039999961853027,5.001999855041504
1999-04-13 00:00:00,5.098999977111816,5.111999988555908,5.0320000648498535
1999-04-14 00:00:00,5.111999988555908,5.125,5.091000080108643
1999-04-15 00:00:00,5.150000095367432,5.163000106811523,5.119999885559082
1999-04-16 00:00:00,5.205999851226807,5.214000225067139,5.166999816894531
1999-04-19 00:00:00,5.168000221252441,5.2230000495910645,5.163000106811523
1999-04-20 00:00:00,5.133999824523926,5.163000106811523,5.019999980926514
1999-04-21 00:00:00,5.133999824523926,5.15500020980835,5.11299991607666
1999-04-22 00:00:00,5.236000061035156,5.241000175476074,5.151000022888184
1999-04-23 00:00:00,5.236999988555908,5.25,5.215000152587891
1999-04-26 00:00:00,5.210999965667725,5.289000034332275,5.210999965667725
1999-04-27 00:00:00,5.206999778747559,5.236999988555908,5.197999954223633
1999-04-28 00:00:00,5.241000175476074,5.263000011444092,5.223999977111816
1999-04-29 00:00:00,5.190000057220459,5.254000186920166,5.164000034332275
1999-04-30 00:00:00,5.349999904632568,5.367000102996826,5.182000160217285
1999-05-03 00:00:00,5.359000205993652,5.385000228881836,5.336999893188477
1999-05-04 00:00:00,5.4070000648498535,5.415999889373779,5.3420000076293945
1999-05-05 00:00:00,5.385000228881836,5.4120001792907715,5.368000030517578
1999-05-06 00:00:00,5.494999885559082,5.504000186920166,5.386000156402588
1999-05-07 00:00:00,5.534999847412109,5.539999961853027,5.429999828338623
1999-05-10 00:00:00,5.513999938964844,5.576000213623047,5.5
1999-05-11 00:00:00,5.571000099182129,5.585000038146973,5.513999938964844
1999-05-12 00:00:00,5.558000087738037,5.5980000495910645,5.5320000648498535
1999-05-13 00:00:00,5.389999866485596,5.479000091552734,5.389999866485596
1999-05-14 00:00:00,5.603000164031982,5.64900016784668,5.4019999504089355
1999-05-17 00:00:00,5.64900016784668,5.660999774932861,5.611000061035156
1999-05-18 00:00:00,5.660999774932861,5.690999984741211,5.578000068664551
1999-05-19 00:00:00,5.59499979019165,5.6529998779296875,5.585999965667725
1999-05-20 00:00:00,5.581999778747559,5.611000061035156,5.565999984741211
1999-05-21 00:00:00,5.515999794006348,5.570000171661377,5.486999988555908
1999-05-24 00:00:00,5.492000102996826,5.545000076293945,5.474999904632568
1999-05-25 00:00:00,5.479000091552734,5.51200008392334,5.4710001945495605
1999-05-26 00:00:00,5.5370001792907715,5.552999973297119,5.474999904632568
1999-05-27 00:00:00,5.611999988555908,5.650000095367432,5.5289998054504395
1999-05-28 00:00:00,5.611000061035156,5.665999889373779,5.598999977111816
1999-06-01 00:00:00,5.765999794006348,5.770999908447266,5.624000072479248
1999-06-02 00:00:00,5.7829999923706055,5.834000110626221,5.76200008392334
1999-06-03 00:00:00,5.788000106811523,5.800000190734863,5.741000175476074
1999-06-04 00:00:00,5.809000015258789,5.813000202178955,5.741000175476074
1999-06-07 00:00:00,5.796000003814697,5.796000003814697,5.754000186920166
1999-06-08 00:00:00,5.817999839782715,5.817999839782715,5.767000198364258
1999-06-09 00:00:00,5.855999946594238,5.876999855041504,5.801000118255615
1999-06-10 00:00:00,5.915999889373779,5.954999923706055,5.9029998779296875
1999-06-11 00:00:00,5.998000144958496,6.006999969482422,5.877999782562256
1999-06-14 00:00:00,5.9679999351501465,6.001999855041504,5.954999923706055
1999-06-15 00:00:00,5.959000110626221,5.959000110626221,5.89900016784668
1999-06-16 00:00:00,5.938000202178955,5.938000202178955,5.861000061035156
1999-06-17 00:00:00,5.776000022888184,5.925000190734863,5.770999908447266
1999-06-18 00:00:00,5.822000026702881,5.822000026702881,5.78000020980835
1999-06-21 00:00:00,5.890999794006348,5.921000003814697,5.814000129699707
1999-06-22 00:00:00,5.929999828338623,5.947000026702881,5.89900016784668
1999-06-23 00:00:00,6.002999782562256,6.0229997634887695,5.921000003814697
1999-06-24 00:00:00,6.0289998054504395,6.059999942779541,5.986000061035156
1999-06-25 00:00:00,6.01200008392334,6.015999794006348,5.9730000495910645
1999-06-28 00:00:00,5.958000183105469,6.017000198364258,5.952000141143799
1999-06-29 00:00:00,5.926000118255615,5.974999904632568,5.913000106811523
1999-06-30 00:00:00,5.809999942779541,5.991000175476074,5.809999942779541
1999-07-01 00:00:00,5.840000152587891,5.916999816894531,5.814000129699707
1999-07-02 00:00:00,5.822999954223633,5.853000164031982,5.802000045776367
1999-07-06 00:00:00,5.866000175476074,5.913000106811523,5.853000164031982
1999-07-07 00:00:00,5.892000198364258,5.913000106811523,5.882999897003174
1999-07-08 00:00:00,5.831999778747559,5.939000129699707,5.831999778747559
1999-07-09 00:00:00,5.822999954223633,5.841000080108643,5.789000034332275
1999-07-12 00:00:00,5.7210001945495605,5.831999778747559,5.709000110626221
1999-07-13 00:00:00,5.691999912261963,5.7170000076293945,5.650000095367432
1999-07-14 00:00:00,5.7210001945495605,5.73799991607666,5.678999900817871
1999-07-15 00:00:00,5.709000110626221,5.73799991607666,5.678999900817871
1999-07-16 00:00:00,5.671000003814697,5.688000202178955,5.6539998054504395
1999-07-19 00:00:00,5.650000095367432,5.6579999923706055,5.640999794006348
1999-07-20 00:00:00,5.629000186920166,5.704999923706055,5.629000186920166
1999-07-21 00:00:00,5.650000095367432,5.6620001792907715,5.632999897003174
1999-07-22 00:00:00,5.769000053405762,5.7769999504089355,5.632999897003174
1999-07-23 00:00:00,5.828999996185303,5.836999893188477,5.794000148773193
1999-07-26 00:00:00,5.8460001945495605,5.880000114440918,5.836999893188477
1999-07-27 00:00:00,5.798999786376953,5.836999893188477,5.794000148773193
1999-07-28 00:00:00,5.785999774932861,5.811999797821045,5.7820000648498535
1999-07-29 00:00:00,5.86299991607666,5.919000148773193,5.811999797821045
1999-07-30 00:00:00,5.9070000648498535,5.933000087738037,5.894000053405762
1999-08-02 00:00:00,5.910999774932861,5.980999946594238,5.88100004196167
1999-08-03 00:00:00,5.941999912261963,5.941999912261963,5.9029998779296875
1999-08-04 00:00:00,5.946000099182129,5.959000110626221,5.923999786376953
1999-08-05 00:00:00,5.876999855041504,5.946000099182129,5.85099983215332
1999-08-06 00:00:00,6.006999969482422,6.01200008392334,5.8379998207092285
1999-08-09 00:00:00,6.118000030517578,6.118000030517578,6.043000221252441
1999-08-10 00:00:00,6.144000053405762,6.1579999923706055,6.099999904632568
1999-08-11 00:00:00,6.109000205993652,6.1620001792907715,6.109000205993652
1999-08-12 00:00:00,6.066999912261963,6.067999839782715,6.011000156402588
1999-08-13 00:00:00,5.974999904632568,6.084000110626221,5.966000080108643
1999-08-16 00:00:00,5.966000080108643,5.991000175476074,5.949999809265137
1999-08-17 00:00:00,5.874000072479248,5.9710001945495605,5.866000175476074
1999-08-18 00:00:00,5.866000175476074,5.920000076293945,5.866000175476074
1999-08-19 00:00:00,5.882999897003174,5.89900016784668,5.84499979019165
1999-08-20 00:00:00,5.869999885559082,5.9039998054504395,5.857999801635742
1999-08-23 00:00:00,5.882999897003174,5.88700008392334,5.866000175476074
1999-08-24 00:00:00,5.836999893188477,5.9039998054504395,5.824999809265137
1999-08-25 00:00:00,5.7170000076293945,5.821000099182129,5.7170000076293945
1999-08-26 00:00:00,5.73799991607666,5.765999794006348,5.7170000076293945
1999-08-27 00:00:00,5.841000080108643,5.841000080108643,5.775000095367432
1999-08-30 00:00:00,5.940999984741211,5.958000183105469,5.7789998054504395
1999-08-31 00:00:00,5.979000091552734,6.007999897003174,5.9120001792907715
1999-09-01 00:00:00,5.973999977111816,5.986999988555908,5.940999984741211
1999-09-02 00:00:00,6.01200008392334,6.0289998054504395,5.973999977111816
1999-09-03 00:00:00,5.882999897003174,5.986999988555908,5.874000072479248
1999-09-07 00:00:00,5.936999797821045,5.940999984741211,5.890999794006348
1999-09-08 00:00:00,5.920000076293945,5.96999979019165,5.894999980926514
1999-09-09 00:00:00,5.958000183105469,5.974999904632568,5.920000076293945
1999-09-10 00:00:00,5.890999794006348,5.933000087738037,5.869999885559082
1999-09-13 00:00:00,5.9079999923706055,5.920000076293945,5.9079999923706055
1999-09-14 00:00:00,5.949999809265137,5.96999979019165,5.890999794006348
1999-09-15 00:00:00,5.928999900817871,5.953999996185303,5.882999897003174
1999-09-16 00:00:00,5.890999794006348,5.923999786376953,5.88700008392334
1999-09-17 00:00:00,5.854000091552734,5.869999885559082,5.84499979019165
1999-09-20 00:00:00,5.9019999504089355,5.9019999504089355,5.841000080108643
1999-09-21 00:00:00,5.922999858856201,5.947999954223633,5.914999961853027
1999-09-22 00:00:00,5.914999961853027,5.935999870300293,5.909999847412109
1999-09-23 00:00:00,5.8520002365112305,5.914999961853027,5.8480000495910645
1999-09-24 00:00:00,5.738999843597412,5.793000221252441,5.738999843597412
1999-09-27 00:00:00,5.817999839782715,5.822000026702881,5.789000034332275
1999-09-28 00:00:00,5.872000217437744,5.872000217437744,5.796999931335449
1999-09-29 00:00:00,5.947999954223633,5.952000141143799,5.885000228881836
1999-09-30 00:00:00,5.885000228881836,5.968999862670898,5.885000228881836
1999-10-01 00:00:00,5.986000061035156,5.999000072479248,5.922999858856201
1999-10-04 00:00:00,5.934999942779541,5.978000164031982,5.934999942779541
1999-10-05 00:00:00,6.019999980926514,6.02400016784668,5.922999858856201
1999-10-06 00:00:00,6.0329999923706055,6.0329999923706055,6.006999969482422
1999-10-07 00:00:00,6.0329999923706055,6.066999912261963,5.999000072479248
1999-10-08 00:00:00,6.02400016784668,6.0370001792907715,5.9730000495910645
1999-10-12 00:00:00,6.058000087738037,6.074999809265137,6.046000003814697
1999-10-13 00:00:00,6.113999843597412,6.113999843597412,6.0329999923706055
1999-10-14 00:00:00,6.1570000648498535,6.173999786376953,6.10099983215332
1999-10-15 00:00:00,6.066999912261963,6.2129998207092285,6.066999912261963
1999-10-18 00:00:00,6.110000133514404,6.118000030517578,6.071000099182129
1999-10-19 00:00:00,6.165999889373779,6.165999889373779,6.10099983215332
1999-10-20 00:00:00,6.178999900817871,6.191999912261963,6.1620001792907715
1999-10-21 00:00:00,6.183000087738037,6.183000087738037,6.118000030517578
1999-10-22 00:00:00,6.191999912261963,6.204999923706055,6.1529998779296875
1999-10-25 00:00:00,6.204999923706055,6.252999782562256,6.201000213623047
1999-10-26 00:00:00,6.2270002365112305,6.239999771118164,6.183000087738037
1999-10-27 00:00:00,6.183000087738037,6.209000110626221,6.175000190734863
1999-10-28 00:00:00,6.105999946594238,6.1570000648498535,6.084000110626221
1999-10-29 00:00:00,6.002999782562256,6.076000213623047,6.002999782562256
1999-11-01 00:00:00,6.046000003814697,6.066999912261963,6.0279998779296875
1999-11-02 00:00:00,6.019999980926514,6.066999912261963,6.011000156402588
1999-11-03 00:00:00,5.999000072479248,6.040999889373779,5.968999862670898
1999-11-04 00:00:00,5.942999839782715,5.9770002365112305,5.939000129699707
1999-11-05 00:00:00,5.90500020980835,5.964000225067139,5.867000102996826
1999-11-08 00:00:00,5.934999942779541,5.942999839782715,5.921999931335449
1999-11-09 00:00:00,5.947000026702881,5.960000038146973,5.934999942779541
1999-11-10 00:00:00,5.980999946594238,6.015999794006348,5.926000118255615
1999-11-12 00:00:00,5.913000106811523,5.947000026702881,5.908999919891357
1999-11-15 00:00:00,5.916999816894531,5.929999828338623,5.916999816894531
1999-11-16 00:00:00,5.952000141143799,5.960000038146973,5.888000011444092
1999-11-17 00:00:00,6.02400016784668,6.0279998779296875,5.9730000495910645
1999-11-18 00:00:00,6.050000190734863,6.066999912261963,6.015999794006348
1999-11-19 00:00:00,6.050000190734863,6.066999912261963,6.0289998054504395
1999-11-22 00:00:00,6.085000038146973,6.0970001220703125,6.079999923706055
1999-11-23 00:00:00,6.076000213623047,6.0929999351501465,6.066999912261963
1999-11-24 00:00:00,6.076000213623047,6.114999771118164,6.076000213623047
1999-11-26 00:00:00,6.105999946594238,6.111000061035156,6.0929999351501465
1999-11-29 00:00:00,6.189000129699707,6.192999839782715,6.1020002365112305
1999-11-30 00:00:00,6.163000106811523,6.210999965667725,6.150000095367432
1999-12-01 00:00:00,6.192999839782715,6.236999988555908,6.176000118255615
1999-12-02 00:00:00,6.223999977111816,6.229000091552734,6.192999839782715
1999-12-03 00:00:00,6.163000106811523,6.223999977111816,6.140999794006348
1999-12-06 00:00:00,6.140999794006348,6.145999908447266,6.132999897003174
1999-12-07 00:00:00,6.0980000495910645,6.132999897003174,6.093999862670898
1999-12-08 00:00:00,6.132999897003174,6.140999794006348,6.1020002365112305
1999-12-09 00:00:00,6.119999885559082,6.124000072479248,6.1020002365112305
1999-12-10 00:00:00,6.067999839782715,6.124000072479248,6.063000202178955
1999-12-13 00:00:00,6.089000225067139,6.089000225067139,6.063000202178955
1999-12-14 00:00:00,6.203000068664551,6.203000068664551,6.10699987411499
1999-12-15 00:00:00,6.242000102996826,6.242000102996826,6.177000045776367
1999-12-16 00:00:00,6.295000076293945,6.295000076293945,6.247000217437744
1999-12-17 00:00:00,6.2870001792907715,6.313000202178955,6.264999866485596
1999-12-20 00:00:00,6.340000152587891,6.348999977111816,6.269000053405762
1999-12-21 00:00:00,6.357999801635742,6.361999988555908,6.296000003814697
1999-12-22 00:00:00,6.375999927520752,6.375999927520752,6.340000152587891
1999-12-23 00:00:00,6.394000053405762,6.3979997634887695,6.335999965667725
1999-12-27 00:00:00,6.385000228881836,6.4079999923706055,6.375999927520752
1999-12-28 00:00:00,6.416999816894531,6.421000003814697,6.385000228881836
1999-12-29 00:00:00,6.386000156402588,6.4029998779296875,6.376999855041504
1999-12-30 00:00:00,6.368000030517578,6.394999980926514,6.359000205993652
1999-12-31 00:00:00,6.434999942779541,6.440000057220459,6.376999855041504
2000-01-03 00:00:00,6.547999858856201,6.603000164031982,6.498000144958496
2000-01-04 00:00:00,6.485000133514404,6.547999858856201,6.485000133514404
2000-01-05 00:00:00,6.598999977111816,6.598999977111816,6.507999897003174
2000-01-06 00:00:00,6.548999786376953,6.585000038146973,6.539999961853027
2000-01-07 00:00:00,6.504000186920166,6.59499979019165,6.504000186920166
2000-01-10 00:00:00,6.558000087738037,6.566999912261963,6.535999774932861
2000-01-11 00:00:00,6.664000034332275,6.664000034332275,6.59499979019165
2000-01-12 00:00:00,6.696000099182129,6.696000099182129,6.644999980926514
2000-01-13 00:00:00,6.618000030517578,6.704999923706055,6.618000030517578
2000-01-14 00:00:00,6.673999786376953,6.688000202178955,6.563000202178955
2000-01-18 00:00:00,6.748000144958496,6.756999969482422,6.702000141143799
2000-01-19 00:00:00,6.724999904632568,6.730000019073486,6.706999778747559
2000-01-20 00:00:00,6.748000144958496,6.781000137329102,6.706999778747559
2000-01-21 00:00:00,6.781000137329102,6.822999954223633,6.767000198364258
2000-01-24 00:00:00,6.684000015258789,6.763000011444092,6.684000015258789
2000-01-25 00:00:00,6.684000015258789,6.708000183105469,6.6570000648498535
2000-01-26 00:00:00,6.679999828338623,6.703000068664551,6.6479997634887695
2000-01-27 00:00:00,6.684999942779541,6.744999885559082,6.410999774932861
2000-01-28 00:00:00,6.6479997634887695,6.796999931335449,6.565999984741211
2000-01-31 00:00:00,6.666999816894531,6.709000110626221,6.5980000495910645
2000-02-01 00:00:00,6.617000102996826,6.6529998779296875,6.603000164031982
2000-02-02 00:00:00,6.5980000495910645,6.663000106811523,6.561999797821045
2000-02-03 00:00:00,6.474999904632568,6.552999973297119,6.326000213623047
2000-02-04 00:00:00,6.517000198364258,6.534999847412109,6.4120001792907715
2000-02-07 00:00:00,6.63100004196167,6.63100004196167,6.561999797821045
2000-02-08 00:00:00,6.598999977111816,6.622000217437744,6.576000213623047
2000-02-09 00:00:00,6.669000148773193,6.683000087738037,6.577000141143799
2000-02-10 00:00:00,6.656000137329102,6.664000034332275,6.552000045776367
2000-02-11 00:00:00,6.620999813079834,6.646999835968018,6.607999801635742
2000-02-14 00:00:00,6.539000034332275,6.617000102996826,6.539000034332275
2000-02-15 00:00:00,6.552000045776367,6.572999954223633,6.533999919891357
2000-02-16 00:00:00,6.546999931335449,6.568999767303467,6.546999931335449
2000-02-17 00:00:00,6.568999767303467,6.585000038146973,6.5
2000-02-18 00:00:00,6.482999801635742,6.546999931335449,6.473999977111816
2000-02-22 00:00:00,6.3420000076293945,6.447999954223633,6.3420000076293945
2000-02-23 00:00:00,6.427000045776367,6.427000045776367,6.367000102996826
2000-02-24 00:00:00,6.3460001945495605,6.392000198364258,6.323999881744385
2000-02-25 00:00:00,6.341000080108643,6.48199987411499,6.336999893188477
2000-02-28 00:00:00,6.414000034332275,6.418000221252441,6.333000183105469
2000-02-29 00:00:00,6.408999919891357,6.447999954223633,6.40500020980835
2000-03-01 00:00:00,6.379000186920166,6.40500020980835,6.357999801635742
2000-03-02 00:00:00,6.395999908447266,6.431000232696533,6.379000186920166
2000-03-03 00:00:00,6.370999813079834,6.395999908447266,6.336999893188477
2000-03-06 00:00:00,6.408999919891357,6.426000118255615,6.400000095367432
2000-03-07 00:00:00,6.382999897003174,6.442999839782715,6.375
2000-03-08 00:00:00,6.375,6.395999908447266,6.353000164031982
2000-03-09 00:00:00,6.341000080108643,6.34499979019165,6.297999858856201
2000-03-10 00:00:00,6.38700008392334,6.38700008392334,6.361999988555908
2000-03-13 00:00:00,6.361999988555908,6.369999885559082,6.26800012588501
2000-03-14 00:00:00,6.297999858856201,6.395999908447266,6.297999858856201
2000-03-15 00:00:00,6.276000022888184,6.318999767303467,6.234000205993652
2000-03-16 00:00:00,6.23799991607666,6.276000022888184,6.234000205993652
2000-03-17 00:00:00,6.188000202178955,6.230000019073486,6.175000190734863
2000-03-20 00:00:00,6.171000003814697,6.208000183105469,6.1620001792907715
2000-03-21 00:00:00,6.13700008392334,6.208000183105469,6.132999897003174
2000-03-22 00:00:00,6.119999885559082,6.132999897003174,6.098999977111816
2000-03-23 00:00:00,6.070000171661377,6.081999778747559,6.01200008392334
2000-03-24 00:00:00,6.173999786376953,6.173999786376953,6.10699987411499
2000-03-27 00:00:00,6.195000171661377,6.25,6.190999984741211
2000-03-28 00:00:00,6.170000076293945,6.211999893188477,6.14900016784668
2000-03-29 00:00:00,6.14900016784668,6.195000171661377,6.144999980926514
2000-03-30 00:00:00,6.065000057220459,6.127999782562256,5.936999797821045
2000-03-31 00:00:00,6.0229997634887695,6.080999851226807,5.99399995803833
2000-04-03 00:00:00,5.986000061035156,6.0269999504089355,5.986000061035156
2000-04-04 00:00:00,5.841000080108643,5.998000144958496,5.715000152587891
2000-04-05 00:00:00,5.881999969482422,5.910999774932861,5.771999835968018
2000-04-06 00:00:00,5.914999961853027,5.968999862670898,5.910999774932861
2000-04-07 00:00:00,5.848999977111816,5.988999843597412,5.848999977111816
2000-04-10 00:00:00,5.791999816894531,5.848999977111816,5.791999816894531
2000-04-11 00:00:00,5.876999855041504,5.8979997634887695,5.705999851226807
2000-04-12 00:00:00,5.9679999351501465,6.005000114440918,5.894000053405762
2000-04-13 00:00:00,5.914000034332275,6.03000020980835,5.914000034332275
2000-04-14 00:00:00,5.885000228881836,6.008999824523926,5.855999946594238
2000-04-17 00:00:00,5.992000102996826,5.992000102996826,5.863999843597412
2000-04-18 00:00:00,6.046000003814697,6.079999923706055,6.005000114440918
2000-04-19 00:00:00,5.974999904632568,6.059000015258789,5.974999904632568
2000-04-20 00:00:00,5.98799991607666,6.008999824523926,5.954999923706055
2000-04-24 00:00:00,5.986999988555908,5.992000102996826,5.941999912261963
2000-04-25 00:00:00,6.117000102996826,6.120999813079834,6.0289998054504395
2000-04-26 00:00:00,6.130000114440918,6.130000114440918,6.078999996185303
2000-04-27 00:00:00,6.235000133514404,6.239999771118164,6.107999801635742
2000-04-28 00:00:00,6.214000225067139,6.290999889373779,6.070000171661377
2000-05-01 00:00:00,6.255000114440918,6.255000114440918,6.214000225067139
2000-05-02 00:00:00,6.311999797821045,6.315999984741211,6.248000144958496
2000-05-03 00:00:00,6.4029998779296875,6.4029998779296875,6.303999900817871
2000-05-04 00:00:00,6.446000099182129,6.459000110626221,6.38100004196167
2000-05-05 00:00:00,6.506999969482422,6.515999794006348,6.394000053405762
2000-05-08 00:00:00,6.559999942779541,6.559999942779541,6.4720001220703125
2000-05-09 00:00:00,6.52400016784668,6.564000129699707,6.506999969482422
2000-05-10 00:00:00,6.436999797821045,6.502999782562256,6.420000076293945
2000-05-11 00:00:00,6.4070000648498535,6.454999923706055,6.385000228881836
2000-05-12 00:00:00,6.498000144958496,6.52400016784668,6.368000030517578
2000-05-15 00:00:00,6.459000110626221,6.498000144958496,6.440999984741211
2000-05-16 00:00:00,6.4019999504089355,6.449999809265137,6.38100004196167
2000-05-17 00:00:00,6.4629998207092285,6.488999843597412,6.440999984741211
2000-05-18 00:00:00,6.546000003814697,6.564000129699707,6.4679999351501465
2000-05-19 00:00:00,6.511000156402588,6.538000106811523,6.498000144958496
2000-05-22 00:00:00,6.420000076293945,6.49399995803833,6.388999938964844
2000-05-23 00:00:00,6.446000099182129,6.480999946594238,6.440999984741211
2000-05-24 00:00:00,6.459000110626221,6.4629998207092285,6.420000076293945
2000-05-25 00:00:00,6.372000217437744,6.49399995803833,6.372000217437744
2000-05-26 00:00:00,6.320000171661377,6.4019999504089355,6.307000160217285
2000-05-30 00:00:00,6.367000102996826,6.375999927520752,6.323999881744385
2000-05-31 00:00:00,6.284999847412109,6.349999904632568,6.271999835968018
2000-06-01 00:00:00,6.195000171661377,6.271999835968018,6.1519999504089355
2000-06-02 00:00:00,6.1479997634887695,6.185999870300293,5.966000080108643
2000-06-05 00:00:00,6.10099983215332,6.164999961853027,6.0970001220703125
2000-06-06 00:00:00,6.126999855041504,6.185999870300293,6.122000217437744
2000-06-07 00:00:00,6.113999843597412,6.172999858856201,6.10099983215332
2000-06-08 00:00:00,6.105000019073486,6.182000160217285,6.10099983215332
2000-06-09 00:00:00,6.11299991607666,6.14300012588501,6.078999996185303
2000-06-12 00:00:00,6.074999809265137,6.125999927520752,6.074999809265137
2000-06-13 00:00:00,6.10099983215332,6.109000205993652,6.0289998054504395
2000-06-14 00:00:00,6.040999889373779,6.122000217437744,6.0329999923706055
2000-06-15 00:00:00,6.0370001792907715,6.083000183105469,6.0279998779296875
2000-06-16 00:00:00,5.968999862670898,6.0370001792907715,5.947999954223633
2000-06-19 00:00:00,5.989999771118164,5.998000144958496,5.9770002365112305
2000-06-20 00:00:00,6.014999866485596,6.019000053405762,5.968999862670898
2000-06-21 00:00:00,6.0960001945495605,6.099999904632568,6.035999774932861
2000-06-22 00:00:00,6.11299991607666,6.125,6.078999996185303
2000-06-23 00:00:00,6.177000045776367,6.184999942779541,6.099999904632568
2000-06-26 00:00:00,6.09499979019165,6.181000232696533,6.09499979019165
2000-06-27 00:00:00,6.078000068664551,6.125,6.070000171661377
2000-06-28 00:00:00,6.104000091552734,6.129000186920166,6.070000171661377
2000-06-29 00:00:00,6.031000137329102,6.078000068664551,6.014999866485596
2000-06-30 00:00:00,6.01800012588501,6.031000137329102,5.997000217437744
2000-07-03 00:00:00,5.980000019073486,6.057000160217285,5.9720001220703125
2000-07-05 00:00:00,5.97599983215332,5.97599983215332,5.925000190734863
2000-07-06 00:00:00,6.031000137329102,6.034999847412109,6.000999927520752
2000-07-07 00:00:00,5.997000217437744,6.034999847412109,5.959000110626221
2000-07-10 00:00:00,6.026000022888184,6.043000221252441,6.021999835968018
2000-07-11 00:00:00,6.047999858856201,6.047999858856201,6.01800012588501
2000-07-12 00:00:00,6.077000141143799,6.081999778747559,6.056000232696533
2000-07-13 00:00:00,5.992000102996826,6.052000045776367,5.992000102996826
2000-07-14 00:00:00,6.093999862670898,6.093999862670898,5.9710001945495605
2000-07-17 00:00:00,6.145999908447266,6.163000106811523,6.085999965667725
2000-07-18 00:00:00,6.140999794006348,6.1579999923706055,6.111000061035156
2000-07-19 00:00:00,6.150000095367432,6.179999828338623,6.13700008392334
2000-07-20 00:00:00,6.013000011444092,6.150000095367432,5.995999813079834
2000-07-21 00:00:00,6.0,6.017000198364258,5.956999778747559
2000-07-24 00:00:00,6.025000095367432,6.03000020980835,5.995999813079834
2000-07-25 00:00:00,6.020999908447266,6.025000095367432,5.991000175476074
2000-07-26 00:00:00,6.020999908447266,6.025000095367432,5.994999885559082
2000-07-27 00:00:00,6.0,6.059000015258789,5.966000080108643
2000-07-28 00:00:00,6.025000095367432,6.063000202178955,5.991000175476074
2000-07-31 00:00:00,6.0289998054504395,6.054999828338623,6.025000095367432
2000-08-01 00:00:00,5.991000175476074,6.019999980926514,5.98199987411499
2000-08-02 00:00:00,5.968999862670898,5.994999885559082,5.956999778747559
2000-08-03 00:00:00,5.943999767303467,5.960999965667725,5.918000221252441
2000-08-04 00:00:00,5.901000022888184,5.952000141143799,5.880000114440918
2000-08-07 00:00:00,5.947999954223633,5.947999954223633,5.89300012588501
2000-08-08 00:00:00,5.914000034332275,5.955999851226807,5.909999847412109
2000-08-09 00:00:00,5.908999919891357,5.960000038146973,5.90500020980835
2000-08-10 00:00:00,5.75,5.800000190734863,5.742000102996826
2000-08-11 00:00:00,5.7870001792907715,5.800000190734863,5.699999809265137
2000-08-14 00:00:00,5.770999908447266,5.816999912261963,5.770999908447266
2000-08-15 00:00:00,5.800000190734863,5.816999912261963,5.7870001792907715
2000-08-16 00:00:00,5.816999912261963,5.8379998207092285,5.796000003814697
2000-08-17 00:00:00,5.803999900817871,5.828999996185303,5.803999900817871
2000-08-18 00:00:00,5.765999794006348,5.803999900817871,5.754000186920166
2000-08-21 00:00:00,5.770999908447266,5.7870001792907715,5.770999908447266
2000-08-22 00:00:00,5.76200008392334,5.7829999923706055,5.76200008392334
2000-08-23 00:00:00,5.724999904632568,5.745999813079834,5.7210001945495605
2000-08-24 00:00:00,5.716000080108643,5.729000091552734,5.683000087738037
2000-08-25 00:00:00,5.7210001945495605,5.736999988555908,5.699999809265137
2000-08-28 00:00:00,5.765999794006348,5.7829999923706055,5.708000183105469
2000-08-29 00:00:00,5.808000087738037,5.808000087738037,5.765999794006348
2000-08-30 00:00:00,5.800000190734863,5.833000183105469,5.800000190734863
2000-08-31 00:00:00,5.729000091552734,5.800000190734863,5.71999979019165
2000-09-01 00:00:00,5.675000190734863,5.716000080108643,5.6539998054504395
2000-09-05 00:00:00,5.683000087738037,5.716000080108643,5.675000190734863
2000-09-06 00:00:00,5.711999893188477,5.71999979019165,5.690999984741211
2000-09-07 00:00:00,5.749000072479248,5.757999897003174,5.708000183105469
2000-09-08 00:00:00,5.723999977111816,5.744999885559082,5.71999979019165
2000-09-11 00:00:00,5.757999897003174,5.77400016784668,5.728000164031982
2000-09-12 00:00:00,5.769999980926514,5.790999889373779,5.744999885559082
2000-09-13 00:00:00,5.728000164031982,5.757999897003174,5.723999977111816
2000-09-14 00:00:00,5.77400016784668,5.803999900817871,5.683000087738037
2000-09-15 00:00:00,5.833000183105469,5.8460001945495605,5.76200008392334
2000-09-18 00:00:00,5.870999813079834,5.901000022888184,5.854000091552734
2000-09-19 00:00:00,5.849999904632568,5.989999771118164,5.8460001945495605
2000-09-20 00:00:00,5.892000198364258,5.892000198364258,5.8420000076293945
2000-09-21 00:00:00,5.870999813079834,5.918000221252441,5.857999801635742
2000-09-22 00:00:00,5.828999996185303,5.8460001945495605,5.571000099182129
2000-09-25 00:00:00,5.833000183105469,5.870999813079834,5.828999996185303
2000-09-26 00:00:00,5.798999786376953,5.854000091552734,5.798999786376953
2000-09-27 00:00:00,5.820000171661377,5.849999904632568,5.815999984741211
2000-09-28 00:00:00,5.811999797821045,5.815999984741211,5.790999889373779
2000-09-29 00:00:00,5.7779998779296875,5.811999797821045,5.76200008392334
2000-10-02 00:00:00,5.820000171661377,5.8460001945495605,5.790999889373779
2000-10-03 00:00:00,5.867000102996826,5.870999813079834,5.820000171661377
2000-10-04 00:00:00,5.892000198364258,5.896999835968018,5.833000183105469
2000-10-05 00:00:00,5.854000091552734,5.896999835968018,5.854000091552734
2000-10-06 00:00:00,5.815999984741211,5.89300012588501,5.811999797821045
2000-10-09 00:00:00,5.815999984741211,5.815999984741211,5.815999984741211
2000-10-10 00:00:00,5.795000076293945,5.8420000076293945,5.795000076293945
2000-10-11 00:00:00,5.769999980926514,5.7870001792907715,5.736000061035156
2000-10-12 00:00:00,5.715000152587891,5.803999900817871,5.693999767303467
2000-10-13 00:00:00,5.715000152587891,5.736000061035156,5.693999767303467
2000-10-16 00:00:00,5.739999771118164,5.756999969482422,5.723999977111816
2000-10-17 00:00:00,5.664999961853027,5.744999885559082,5.6570000648498535
2000-10-18 00:00:00,5.6570000648498535,5.6570000648498535,5.552999973297119
2000-10-19 00:00:00,5.6519999504089355,5.697999954223633,5.623000144958496
2000-10-20 00:00:00,5.636000156402588,5.656000137329102,5.626999855041504
2000-10-23 00:00:00,5.581999778747559,5.63100004196167,5.581999778747559
2000-10-24 00:00:00,5.623000144958496,5.6479997634887695,5.581999778747559
2000-10-25 00:00:00,5.685999870300293,5.690000057220459,5.590000152587891
2000-10-26 00:00:00,5.672999858856201,5.706999778747559,5.626999855041504
2000-10-27 00:00:00,5.710999965667725,5.728000164031982,5.656000137329102
2000-10-30 00:00:00,5.728000164031982,5.736000061035156,5.690000057220459
2000-10-31 00:00:00,5.756999969482422,5.761000156402588,5.693999767303467
2000-11-01 00:00:00,5.736000061035156,5.756999969482422,5.728000164031982
2000-11-02 00:00:00,5.739999771118164,5.739999771118164,5.715000152587891
2000-11-03 00:00:00,5.803999900817871,5.815999984741211,5.705999851226807
2000-11-06 00:00:00,5.855000019073486,5.872000217437744,5.7230000495910645
2000-11-07 00:00:00,5.859000205993652,5.885000228881836,5.828999996185303
2000-11-08 00:00:00,5.849999904632568,5.885000228881836,5.8420000076293945
2000-11-09 00:00:00,5.808000087738037,5.833000183105469,5.769999980926514
2000-11-10 00:00:00,5.795000076293945,5.811999797821045,5.7829999923706055
2000-11-13 00:00:00,5.761000156402588,5.769999980926514,5.736000061035156
2000-11-14 00:00:00,5.74399995803833,5.803999900817871,5.74399995803833
2000-11-15 00:00:00,5.697999954223633,5.752999782562256,5.693999767303467
2000-11-16 00:00:00,5.669000148773193,5.710999965667725,5.669000148773193
2000-11-17 00:00:00,5.693999767303467,5.697999954223633,5.656000137329102
2000-11-20 00:00:00,5.664000034332275,5.681000232696533,5.656000137329102
2000-11-21 00:00:00,5.659999847412109,5.684999942779541,5.659999847412109
2000-11-22 00:00:00,5.5929999351501465,5.635000228881836,5.5929999351501465
2000-11-24 00:00:00,5.622000217437744,5.638999938964844,5.622000217437744
2000-11-27 00:00:00,5.625999927520752,5.65500020980835,5.618000030517578
2000-11-28 00:00:00,5.589000225067139,5.618000030517578,5.579999923706055
2000-11-29 00:00:00,5.543000221252441,5.5970001220703125,5.538000106811523
2000-11-30 00:00:00,5.439000129699707,5.521999835968018,5.427000045776367
2000-12-01 00:00:00,5.513000011444092,5.521999835968018,5.459000110626221
2000-12-04 00:00:00,5.521999835968018,5.533999919891357,5.454999923706055
2000-12-05 00:00:00,5.429999828338623,5.521999835968018,5.429999828338623
2000-12-06 00:00:00,5.318999767303467,5.426000118255615,5.315000057220459
2000-12-07 00:00:00,5.298999786376953,5.373000144958496,5.290999889373779
2000-12-08 00:00:00,5.343999862670898,5.376999855041504,5.285999774932861
2000-12-11 00:00:00,5.360000133514404,5.372000217437744,5.339000225067139
2000-12-12 00:00:00,5.3429999351501465,5.396999835968018,5.3429999351501465
2000-12-13 00:00:00,5.2779998779296875,5.322999954223633,5.2779998779296875
2000-12-14 00:00:00,5.2129998207092285,5.252999782562256,5.171999931335449
2000-12-15 00:00:00,5.176000118255615,5.232999801635742,5.168000221252441
2000-12-18 00:00:00,5.156000137329102,5.171999931335449,5.098999977111816
2000-12-19 00:00:00,5.184000015258789,5.21999979019165,5.164000034332275
2000-12-20 00:00:00,5.074999809265137,5.123000144958496,5.071000099182129
2000-12-21 00:00:00,5.0229997634887695,5.09499979019165,4.999000072479248
2000-12-22 00:00:00,5.001999855041504,5.073999881744385,4.99399995803833
2000-12-26 00:00:00,5.021999835968018,5.050000190734863,5.001999855041504
2000-12-27 00:00:00,5.085999965667725,5.110000133514404,5.053999900817871
2000-12-28 00:00:00,5.113999843597412,5.150000095367432,5.085999965667725
2000-12-29 00:00:00,5.110000133514404,5.118000030517578,5.068999767303467
2001-01-02 00:00:00,4.916999816894531,5.074999809265137,4.894000053405762
2001-01-03 00:00:00,5.0970001220703125,5.133999824523926,4.874000072479248
2001-01-04 00:00:00,5.013000011444092,5.190000057220459,5.013000011444092
2001-01-05 00:00:00,4.947999954223633,5.0320000648498535,4.947999954223633
2001-01-08 00:00:00,4.896999835968018,4.9720001220703125,4.888999938964844
2001-01-09 00:00:00,4.964000225067139,5.0279998779296875,4.955999851226807
2001-01-10 00:00:00,5.084000110626221,5.0960001945495605,4.98799991607666
2001-01-11 00:00:00,5.116000175476074,5.1529998779296875,5.039999961853027
2001-01-12 00:00:00,5.230000019073486,5.242000102996826,5.139999866485596
2001-01-16 00:00:00,5.234000205993652,5.245999813079834,5.184999942779541
2001-01-17 00:00:00,5.156000137329102,5.49399995803833,5.139999866485596
2001-01-18 00:00:00,5.09499979019165,5.189000129699707,5.083000183105469
2001-01-19 00:00:00,5.173999786376953,5.177999973297119,5.09499979019165
2001-01-22 00:00:00,5.2210001945495605,5.232999801635742,5.171999931335449
2001-01-23 00:00:00,5.27400016784668,5.2789998054504395,5.171999931335449
2001-01-24 00:00:00,5.302999973297119,5.315999984741211,5.241000175476074
2001-01-25 00:00:00,5.269999980926514,5.381999969482422,5.25
2001-01-26 00:00:00,5.252999782562256,5.289999961853027,5.199999809265137
2001-01-29 00:00:00,5.295000076293945,5.295000076293945,5.236999988555908
2001-01-30 00:00:00,5.211999893188477,5.289999961853027,5.191999912261963
2001-01-31 00:00:00,5.178999900817871,5.196000099182129,5.166999816894531
2001-02-01 00:00:00,5.060999870300293,5.093999862670898,5.0329999923706055
2001-02-02 00:00:00,5.138000011444092,5.1539998054504395,5.065000057220459
2001-02-05 00:00:00,5.145999908447266,5.1579999923706055,5.113999843597412
2001-02-06 00:00:00,5.195000171661377,5.206999778747559,5.1539998054504395
2001-02-07 00:00:00,5.178999900817871,5.183000087738037,5.120999813079834
2001-02-08 00:00:00,5.098999977111816,5.151000022888184,5.083000183105469
2001-02-09 00:00:00,5.015999794006348,5.076000213623047,5.015999794006348
2001-02-12 00:00:00,5.047999858856201,5.047999858856201,5.0
2001-02-13 00:00:00,5.067999839782715,5.079999923706055,5.004000186920166
2001-02-14 00:00:00,5.105000019073486,5.105000019073486,5.056000232696533
2001-02-15 00:00:00,5.177999973297119,5.202000141143799,5.140999794006348
2001-02-16 00:00:00,5.0929999351501465,5.2270002365112305,5.0929999351501465
2001-02-20 00:00:00,5.0970001220703125,5.144999980926514,5.0970001220703125
2001-02-21 00:00:00,5.129000186920166,5.14900016784668,5.079999923706055
2001-02-22 00:00:00,5.1539998054504395,5.1579999923706055,5.11299991607666
2001-02-23 00:00:00,5.079999923706055,5.140999794006348,5.067999839782715
2001-02-26 00:00:00,5.035999774932861,5.125,5.035999774932861
2001-02-27 00:00:00,4.955999851226807,5.11299991607666,4.872000217437744
2001-02-28 00:00:00,4.9079999923706055,4.955999851226807,4.9079999923706055
2001-03-01 00:00:00,4.855999946594238,4.9079999923706055,4.831999778747559
2001-03-02 00:00:00,4.942999839782715,4.942999839782715,4.828000068664551
2001-03-05 00:00:00,4.9629998207092285,4.97599983215332,4.922999858856201
2001-03-06 00:00:00,4.9710001945495605,5.004000186920166,4.939000129699707
2001-03-07 00:00:00,4.919000148773193,4.9670000076293945,4.910999774932861
2001-03-08 00:00:00,4.88700008392334,4.89900016784668,4.867000102996826
2001-03-09 00:00:00,4.931000232696533,4.9710001945495605,4.867000102996826
2001-03-12 00:00:00,4.919000148773193,4.934999942779541,4.890999794006348
2001-03-13 00:00:00,4.931000232696533,4.931000232696533,4.89900016784668
2001-03-14 00:00:00,4.85099983215332,4.875,4.815999984741211
2001-03-15 00:00:00,4.803999900817871,4.8470001220703125,4.776000022888184
2001-03-16 00:00:00,4.751999855041504,4.798999786376953,4.7210001945495605
2001-03-19 00:00:00,4.815000057220459,4.818999767303467,4.788000106811523
2001-03-20 00:00:00,4.790999889373779,4.835000038146973,4.790999889373779
2001-03-21 00:00:00,4.76800012588501,4.7870001792907715,4.723999977111816
2001-03-22 00:00:00,4.708000183105469,4.763999938964844,4.689000129699707
2001-03-23 00:00:00,4.798999786376953,4.798999786376953,4.770999908447266
2001-03-26 00:00:00,4.8470001220703125,4.859000205993652,4.827000141143799
2001-03-27 00:00:00,4.982999801635742,4.991000175476074,4.818999767303467
2001-03-28 00:00:00,4.9710001945495605,4.986999988555908,4.951000213623047
2001-03-29 00:00:00,4.9629998207092285,4.986999988555908,4.942999839782715
2001-03-30 00:00:00,4.914999961853027,5.120999813079834,4.877999782562256
2001-04-02 00:00:00,4.9710001945495605,4.991000175476074,4.881999969482422
2001-04-03 00:00:00,4.934999942779541,4.999000072479248,4.927000045776367
2001-04-04 00:00:00,4.922999858856201,4.959000110626221,4.914000034332275
2001-04-05 00:00:00,4.9629998207092285,4.9670000076293945,4.939000129699707
2001-04-06 00:00:00,4.874000072479248,4.959000110626221,4.8379998207092285
2001-04-09 00:00:00,4.906000137329102,4.918000221252441,4.886000156402588
2001-04-10 00:00:00,5.067999839782715,5.085000038146973,4.9670000076293945
2001-04-11 00:00:00,5.109000205993652,5.158999919891357,5.0970001220703125
2001-04-12 00:00:00,5.145999908447266,5.1539998054504395,5.067999839782715
2001-04-16 00:00:00,5.275000095367432,5.275000095367432,5.145999908447266
2001-04-17 00:00:00,5.188000202178955,5.254000186920166,5.188000202178955
2001-04-18 00:00:00,5.118000030517578,5.321000099182129,5.118000030517578
2001-04-19 00:00:00,5.232999801635742,5.232999801635742,5.130000114440918
2001-04-20 00:00:00,5.263000011444092,5.300000190734863,5.229000091552734
2001-04-23 00:00:00,5.188000202178955,5.263000011444092,5.179999828338623
2001-04-24 00:00:00,5.188000202178955,5.229000091552734,5.166999816894531
2001-04-25 00:00:00,5.254000186920166,5.254000186920166,5.166999816894531
2001-04-26 00:00:00,5.191999912261963,5.285999774932861,5.175000190734863
2001-04-27 00:00:00,5.313000202178955,5.321000099182129,5.191999912261963
2001-04-30 00:00:00,5.3379998207092285,5.39300012588501,5.329999923706055
2001-05-01 00:00:00,5.288000106811523,5.3379998207092285,5.267000198364258
2001-05-02 00:00:00,5.283999919891357,5.313000202178955,5.255000114440918
2001-05-03 00:00:00,5.201000213623047,5.270999908447266,5.201000213623047
2001-05-04 00:00:00,5.184000015258789,5.204999923706055,5.080999851226807
2001-05-07 00:00:00,5.204999923706055,5.204999923706055,5.184000015258789
2001-05-08 00:00:00,5.2170000076293945,5.2170000076293945,5.168000221252441
2001-05-09 00:00:00,5.168000221252441,5.2220001220703125,5.164000034332275
2001-05-10 00:00:00,5.271999835968018,5.276000022888184,5.188000202178955
2001-05-11 00:00:00,5.484000205993652,5.492000102996826,5.296999931335449
2001-05-14 00:00:00,5.415999889373779,5.4670000076293945,5.415999889373779
2001-05-15 00:00:00,5.480000019073486,5.480000019073486,5.420000076293945
2001-05-16 00:00:00,5.4670000076293945,5.48799991607666,5.427999973297119
2001-05-17 00:00:00,5.4670000076293945,5.484000205993652,5.423999786376953
2001-05-18 00:00:00,5.390999794006348,5.5269999504089355,5.26800012588501
2001-05-21 00:00:00,5.386000156402588,5.433000087738037,5.386000156402588
2001-05-22 00:00:00,5.39900016784668,5.39900016784668,5.369999885559082
2001-05-23 00:00:00,5.390999794006348,5.4120001792907715,5.369999885559082
2001-05-24 00:00:00,5.488999843597412,5.488999843597412,5.35699987411499
2001-05-25 00:00:00,5.485000133514404,5.506999969482422,5.4679999351501465
2001-05-29 00:00:00,5.506999969482422,5.506999969482422,5.4679999351501465
2001-05-30 00:00:00,5.502999782562256,5.502999782562256,5.485000133514404
2001-05-31 00:00:00,5.413000106811523,5.480999946594238,5.408999919891357
2001-06-01 00:00:00,5.354000091552734,5.439000129699707,5.323999881744385
2001-06-04 00:00:00,5.323999881744385,5.354000091552734,5.315999984741211
2001-06-05 00:00:00,5.261000156402588,5.333000183105469,5.261000156402588
2001-06-06 00:00:00,5.264999866485596,5.295000076293945,5.256999969482422
2001-06-07 00:00:00,5.295000076293945,5.311999797821045,5.2230000495910645
2001-06-08 00:00:00,5.333000183105469,5.336999893188477,5.311999797821045
2001-06-11 00:00:00,5.2870001792907715,5.333000183105469,5.2820000648498535
2001-06-12 00:00:00,5.239999771118164,5.290999889373779,5.239999771118164
2001-06-13 00:00:00,5.256999969482422,5.290999889373779,5.244999885559082
2001-06-14 00:00:00,5.215000152587891,5.239999771118164,5.193999767303467
2001-06-15 00:00:00,5.228000164031982,5.236000061035156,5.185999870300293
2001-06-18 00:00:00,5.241000175476074,5.249000072479248,5.215000152587891
2001-06-19 00:00:00,5.228000164031982,5.2870001792907715,5.228000164031982
2001-06-20 00:00:00,5.198999881744385,5.223999977111816,5.185999870300293
2001-06-21 00:00:00,5.177999973297119,5.198999881744385,5.14900016784668
2001-06-22 00:00:00,5.124000072479248,5.164999961853027,5.124000072479248
2001-06-25 00:00:00,5.131999969482422,5.139999866485596,5.11899995803833
2001-06-26 00:00:00,5.223999977111816,5.228000164031982,4.999000072479248
2001-06-27 00:00:00,5.232999801635742,5.254000186920166,5.198999881744385
2001-06-28 00:00:00,5.326000213623047,5.326000213623047,5.203000068664551
2001-06-29 00:00:00,5.389999866485596,5.420000076293945,5.3520002365112305
2001-07-02 00:00:00,5.330999851226807,5.4079999923706055,5.330999851226807
2001-07-03 00:00:00,5.377999782562256,5.381999969482422,5.330999851226807
2001-07-05 00:00:00,5.4120001792907715,5.425000190734863,5.3480000495910645
2001-07-06 00:00:00,5.374000072479248,5.4120001792907715,5.35699987411499
2001-07-09 00:00:00,5.340000152587891,5.377999782562256,5.340000152587891
2001-07-10 00:00:00,5.271999835968018,5.3480000495910645,5.271999835968018
2001-07-11 00:00:00,5.284999847412109,5.289000034332275,5.224999904632568
2001-07-12 00:00:00,5.230000019073486,5.306000232696533,5.2210001945495605
2001-07-13 00:00:00,5.234000205993652,5.276000022888184,5.230000019073486
2001-07-16 00:00:00,5.175000190734863,5.2170000076293945,5.165999889373779
2001-07-17 00:00:00,5.178999900817871,5.199999809265137,5.171000003814697
2001-07-18 00:00:00,5.086999893188477,5.199999809265137,5.086999893188477
2001-07-19 00:00:00,5.104000091552734,5.119999885559082,5.09499979019165
2001-07-20 00:00:00,5.111999988555908,5.120999813079834,5.065999984741211
2001-07-23 00:00:00,5.107999801635742,5.145999908447266,5.104000091552734
2001-07-24 00:00:00,5.086999893188477,5.111999988555908,5.074999809265137
2001-07-25 00:00:00,5.107999801635742,5.145999908447266,5.104000091552734
2001-07-26 00:00:00,5.150000095367432,5.188000202178955,5.138000011444092
2001-07-27 00:00:00,5.0960001945495605,5.129000186920166,5.078999996185303
2001-07-30 00:00:00,5.0960001945495605,5.104000091552734,5.0920000076293945
2001-07-31 00:00:00,5.0370001792907715,5.078999996185303,5.0329999923706055
2001-08-01 00:00:00,5.065999984741211,5.0960001945495605,5.050000190734863
2001-08-02 00:00:00,5.125,5.129000186920166,5.099999904632568
2001-08-03 00:00:00,5.158999919891357,5.192999839782715,5.151000022888184
2001-08-06 00:00:00,5.176000118255615,5.184999942779541,5.146999835968018
2001-08-07 00:00:00,5.171999931335449,5.176000118255615,5.142000198364258
2001-08-08 00:00:00,5.053999900817871,5.164000034332275,5.050000190734863
2001-08-09 00:00:00,5.0279998779296875,5.0279998779296875,4.955999851226807
2001-08-10 00:00:00,5.015999794006348,5.019999980926514,4.984000205993652
2001-08-13 00:00:00,4.960000038146973,4.980000019073486,4.932000160217285
2001-08-14 00:00:00,4.9679999351501465,5.01200008392334,4.964000225067139
2001-08-15 00:00:00,4.992000102996826,5.007999897003174,4.935999870300293
2001-08-16 00:00:00,4.935999870300293,4.97599983215332,4.920000076293945
2001-08-17 00:00:00,4.841000080108643,4.9079999923706055,4.841000080108643
2001-08-20 00:00:00,4.895999908447266,4.900000095367432,4.855999946594238
2001-08-21 00:00:00,4.875999927520752,4.9120001792907715,4.875999927520752
2001-08-22 00:00:00,4.895999908447266,4.927999973297119,4.880000114440918
2001-08-23 00:00:00,4.875999927520752,4.892000198364258,4.872000217437744
2001-08-24 00:00:00,4.9120001792907715,4.935999870300293,4.883999824523926
2001-08-27 00:00:00,4.932000160217285,4.932000160217285,4.9079999923706055
2001-08-28 00:00:00,4.8480000495910645,4.9120001792907715,4.840000152587891
2001-08-29 00:00:00,4.7769999504089355,4.843999862670898,4.7769999504089355
2001-08-30 00:00:00,4.781000137329102,4.793000221252441,4.710000038146973
2001-08-31 00:00:00,4.815999984741211,4.843999862670898,4.803999900817871
2001-09-04 00:00:00,4.979000091552734,4.98799991607666,4.823999881744385
2001-09-05 00:00:00,4.9670000076293945,4.9710001945495605,4.939000129699707
2001-09-06 00:00:00,4.855999946594238,4.931000232696533,4.8520002365112305
2001-09-07 00:00:00,4.796000003814697,4.85099983215332,4.741000175476074
2001-09-10 00:00:00,4.835000038146973,4.8429999351501465,4.744999885559082
2001-09-17 00:00:00,4.611000061035156,4.623000144958496,4.584000110626221
2001-09-18 00:00:00,4.704999923706055,4.7129998207092285,4.603000164031982
2001-09-19 00:00:00,4.681000232696533,4.716000080108643,4.681000232696533
2001-09-20 00:00:00,4.728000164031982,4.728000164031982,4.6570000648498535
2001-09-21 00:00:00,4.689000129699707,4.739999771118164,4.64900016784668
2001-09-24 00:00:00,4.699999809265137,4.748000144958496,4.699999809265137
2001-09-25 00:00:00,4.699999809265137,4.699999809265137,4.669000148773193
2001-09-26 00:00:00,4.63700008392334,4.699999809265137,4.63700008392334
2001-09-27 00:00:00,4.559000015258789,4.629000186920166,4.544000148773193
2001-09-28 00:00:00,4.574999809265137,4.578000068664551,4.508999824523926
2001-10-01 00:00:00,4.543000221252441,4.571000099182129,4.543000221252441
2001-10-02 00:00:00,4.51200008392334,4.52400016784668,4.497000217437744
2001-10-03 00:00:00,4.458000183105469,4.461999893188477,4.431000232696533
2001-10-04 00:00:00,4.507999897003174,4.531000137329102,4.427000045776367
2001-10-05 00:00:00,4.504000186920166,4.519000053405762,4.488999843597412
2001-10-08 00:00:00,4.504000186920166,4.504000186920166,4.504000186920166
2001-10-09 00:00:00,4.573999881744385,4.573999881744385,4.534999847412109
2001-10-10 00:00:00,4.589000225067139,4.636000156402588,4.589000225067139
2001-10-11 00:00:00,4.664000034332275,4.683000087738037,4.5970001220703125
2001-10-12 00:00:00,4.658999919891357,4.698999881744385,4.639999866485596
2001-10-15 00:00:00,4.607999801635742,4.663000106811523,4.599999904632568
2001-10-16 00:00:00,4.568999767303467,4.599999904632568,4.560999870300293
2001-10-17 00:00:00,4.560999870300293,4.599999904632568,4.538000106811523
2001-10-18 00:00:00,4.560999870300293,4.572999954223633,4.548999786376953
2001-10-19 00:00:00,4.599999904632568,4.599999904632568,4.53000020980835
2001-10-22 00:00:00,4.604000091552734,4.611999988555908,4.5920000076293945
2001-10-23 00:00:00,4.635000228881836,4.651000022888184,4.623000144958496
2001-10-24 00:00:00,4.584000110626221,4.63100004196167,4.579999923706055
2001-10-25 00:00:00,4.5370001792907715,4.572000026702881,4.51800012588501
2001-10-26 00:00:00,4.520999908447266,4.567999839782715,4.513000011444092
2001-10-29 00:00:00,4.4670000076293945,4.498000144958496,4.4629998207092285
2001-10-30 00:00:00,4.4120001792907715,4.46999979019165,4.4120001792907715
2001-10-31 00:00:00,4.263000011444092,4.442999839782715,4.255000114440918
2001-11-01 00:00:00,4.2170000076293945,4.236000061035156,4.0960001945495605
2001-11-02 00:00:00,4.3460001945495605,4.3460001945495605,4.238999843597412
2001-11-05 00:00:00,4.296000003814697,4.357999801635742,4.289000034332275
2001-11-06 00:00:00,4.269000053405762,4.303999900817871,4.243000030517578
2001-11-07 00:00:00,4.201000213623047,4.230999946594238,4.182000160217285
2001-11-08 00:00:00,4.302999973297119,4.302999973297119,4.177999973297119
2001-11-09 00:00:00,4.307000160217285,4.307000160217285,4.242000102996826
2001-11-12 00:00:00,4.314000129699707,4.314000129699707,4.314000129699707
2001-11-13 00:00:00,4.368000030517578,4.375999927520752,4.336999893188477
2001-11-14 00:00:00,4.514999866485596,4.514999866485596,4.414000034332275
2001-11-15 00:00:00,4.728000164031982,4.73199987411499,4.561999797821045
2001-11-16 00:00:00,4.885000228881836,4.885000228881836,4.703999996185303
2001-11-19 00:00:00,4.75600004196167,4.873000144958496,4.75600004196167
2001-11-20 00:00:00,4.86899995803833,4.86899995803833,4.728000164031982
2001-11-21 00:00:00,4.966000080108643,5.014999866485596,4.835999965667725
2001-11-23 00:00:00,4.991000175476074,5.014999866485596,4.916999816894531
2001-11-26 00:00:00,5.002999782562256,5.002999782562256,4.89300012588501
2001-11-27 00:00:00,4.949999809265137,5.077000141143799,4.929999828338623
2001-11-28 00:00:00,4.946000099182129,4.958000183105469,4.840000152587891
2001-11-29 00:00:00,4.75600004196167,4.901000022888184,4.75600004196167
2001-11-30 00:00:00,4.74399995803833,4.791999816894531,4.699999809265137
2001-12-03 00:00:00,4.703000068664551,4.771999835968018,4.703000068664551
2001-12-04 00:00:00,4.6479997634887695,4.738999843597412,4.624000072479248
2001-12-05 00:00:00,4.901000022888184,4.994999885559082,4.703000068664551
2001-12-06 00:00:00,5.002999782562256,5.035999774932861,4.934000015258789
2001-12-07 00:00:00,5.1479997634887695,5.197999954223633,4.916999816894531
2001-12-10 00:00:00,5.136000156402588,5.190000057220459,5.081999778747559
2001-12-11 00:00:00,5.077000141143799,5.0980000495910645,5.011000156402588
2001-12-12 00:00:00,4.973999977111816,5.035999774932861,4.958000183105469
2001-12-13 00:00:00,5.090000152587891,5.139999866485596,4.938000202178955
2001-12-14 00:00:00,5.160999774932861,5.164999961853027,5.052999973297119
2001-12-17 00:00:00,5.27400016784668,5.385000228881836,5.228000164031982
2001-12-18 00:00:00,5.131999969482422,5.190000057220459,5.127999782562256
2001-12-19 00:00:00,5.035999774932861,5.11899995803833,5.0320000648498535
2001-12-20 00:00:00,5.048999786376953,5.111000061035156,5.019999980926514
2001-12-21 00:00:00,5.078000068664551,5.078000068664551,5.019999980926514
2001-12-24 00:00:00,5.131999969482422,5.139999866485596,5.085999965667725
2001-12-26 00:00:00,5.177999973297119,5.185999870300293,5.136000156402588
2001-12-27 00:00:00,5.09499979019165,5.211999893188477,5.09499979019165
2001-12-28 00:00:00,5.10699987411499,5.165999889373779,5.078000068664551
2001-12-31 00:00:00,5.0320000648498535,5.111000061035156,5.007999897003174
2002-01-02 00:00:00,5.1570000648498535,5.173999786376953,5.019999980926514
2002-01-03 00:00:00,5.119999885559082,5.1570000648498535,5.103000164031982
2002-01-04 00:00:00,5.140999794006348,5.2170000076293945,5.086999893188477
2002-01-07 00:00:00,5.057000160217285,5.132999897003174,5.057000160217285
2002-01-08 00:00:00,5.057000160217285,5.091000080108643,5.0279998779296875
2002-01-09 00:00:00,5.061999797821045,5.119999885559082,5.061999797821045
2002-01-10 00:00:00,4.961999893188477,5.065999984741211,4.936999797821045
2002-01-11 00:00:00,4.859000205993652,4.96999979019165,4.830999851226807
2002-01-14 00:00:00,4.868000030517578,4.868000030517578,4.809999942779541
2002-01-15 00:00:00,4.830999851226807,4.90500020980835,4.818999767303467
2002-01-16 00:00:00,4.839000225067139,4.863999843597412,4.785999774932861
2002-01-17 00:00:00,4.933000087738037,4.936999797821045,4.86299991607666
2002-01-18 00:00:00,4.888000011444092,4.982999801635742,4.888000011444092
2002-01-22 00:00:00,4.900000095367432,4.946000099182129,4.895999908447266
2002-01-23 00:00:00,5.0,5.0329999923706055,4.9039998054504395
2002-01-24 00:00:00,5.0289998054504395,5.050000190734863,4.982999801635742
2002-01-25 00:00:00,5.071000099182129,5.125,5.040999889373779
2002-01-28 00:00:00,5.078999996185303,5.120999813079834,5.058000087738037
2002-01-29 00:00:00,4.974999904632568,5.125,4.974999904632568
2002-01-30 00:00:00,4.9710001945495605,5.0,4.946000099182129
2002-01-31 00:00:00,5.025000095367432,5.025000095367432,4.958000183105469
2002-02-01 00:00:00,4.979000091552734,5.050000190734863,4.961999893188477
2002-02-04 00:00:00,4.895999908447266,4.961999893188477,4.892000198364258
2002-02-05 00:00:00,4.925000190734863,4.953999996185303,4.86299991607666
2002-02-06 00:00:00,4.928999900817871,4.938000202178955,4.883999824523926
2002-02-07 00:00:00,4.931000232696533,5.0329999923706055,4.807000160217285
2002-02-08 00:00:00,4.879000186920166,4.9629998207092285,4.8470001220703125
2002-02-11 00:00:00,4.89900016784668,4.927000045776367,4.890999794006348
2002-02-12 00:00:00,4.9670000076293945,4.9670000076293945,4.879000186920166
2002-02-13 00:00:00,5.002999782562256,5.047999858856201,4.979000091552734
2002-02-14 00:00:00,4.959000110626221,5.006999969482422,4.951000213623047
2002-02-15 00:00:00,4.86299991607666,4.939000129699707,4.85099983215332
2002-02-19 00:00:00,4.882999897003174,4.89900016784668,4.839000225067139
2002-02-20 00:00:00,4.879000186920166,4.910999774932861,4.835000038146973
2002-02-21 00:00:00,4.870999813079834,4.9029998779296875,4.86299991607666
2002-02-22 00:00:00,4.827000141143799,4.835000038146973,4.798999786376953
2002-02-25 00:00:00,4.85099983215332,4.86299991607666,4.822999954223633
2002-02-26 00:00:00,4.914999961853027,4.919000148773193,4.835000038146973
2002-02-27 00:00:00,4.8470001220703125,4.942999839782715,4.8470001220703125
2002-02-28 00:00:00,4.859000205993652,4.894999980926514,4.827000141143799
2002-03-01 00:00:00,4.9710001945495605,4.979000091552734,4.890999794006348
2002-03-04 00:00:00,4.999000072479248,5.044000148773193,4.999000072479248
2002-03-05 00:00:00,5.007999897003174,5.044000148773193,4.999000072479248
2002-03-06 00:00:00,5.0320000648498535,5.052000045776367,4.991000175476074
2002-03-07 00:00:00,5.211999893188477,5.211999893188477,5.047999858856201
2002-03-08 00:00:00,5.315999984741211,5.333000183105469,5.25
2002-03-11 00:00:00,5.320000171661377,5.324999809265137,5.269999980926514
2002-03-12 00:00:00,5.303999900817871,5.321000099182129,5.245999813079834
2002-03-13 00:00:00,5.26200008392334,5.357999801635742,5.25
2002-03-14 00:00:00,5.395999908447266,5.395999908447266,5.26200008392334
2002-03-15 00:00:00,5.36299991607666,5.439000129699707,5.324999809265137
2002-03-18 00:00:00,5.303999900817871,5.3460001945495605,5.296000003814697
2002-03-19 00:00:00,5.324999809265137,5.329999923706055,5.283999919891357
2002-03-20 00:00:00,5.396999835968018,5.408999919891357,5.254000186920166
2002-03-21 00:00:00,5.383999824523926,5.452000141143799,5.36299991607666
2002-03-22 00:00:00,5.388999938964844,5.431000232696533,5.359000205993652
2002-03-25 00:00:00,5.406000137329102,5.447999954223633,5.4019999504089355
2002-03-26 00:00:00,5.334000110626221,5.4019999504089355,5.317999839782715
2002-03-27 00:00:00,5.329999923706055,5.3470001220703125,5.313000202178955
2002-03-28 00:00:00,5.406000137329102,5.447999954223633,5.326000213623047
2002-04-01 00:00:00,5.427999973297119,5.440000057220459,5.363999843597412
2002-04-02 00:00:00,5.3480000495910645,5.456999778747559,5.339000225067139
2002-04-03 00:00:00,5.284999847412109,5.36899995803833,5.284999847412109
2002-04-04 00:00:00,5.271999835968018,5.276000022888184,5.214000225067139
2002-04-05 00:00:00,5.210000038146973,5.2769999504089355,5.181000232696533
2002-04-08 00:00:00,5.235000133514404,5.251999855041504,5.177000045776367
2002-04-09 00:00:00,5.210000038146973,5.281000137329102,5.210000038146973
2002-04-10 00:00:00,5.2230000495910645,5.243000030517578,5.192999839782715
2002-04-11 00:00:00,5.202000141143799,5.238999843597412,5.177000045776367
2002-04-12 00:00:00,5.156000137329102,5.230999946594238,5.1479997634887695
2002-04-15 00:00:00,5.126999855041504,5.2769999504089355,5.11899995803833
2002-04-16 00:00:00,5.177000045776367,5.2230000495910645,5.164999961853027
2002-04-17 00:00:00,5.218999862670898,5.230999946594238,5.190000057220459
2002-04-18 00:00:00,5.215000152587891,5.248000144958496,5.1570000648498535
2002-04-19 00:00:00,5.190000057220459,5.252999782562256,5.177000045776367
2002-04-22 00:00:00,5.169000148773193,5.203000068664551,5.169000148773193
2002-04-23 00:00:00,5.164999961853027,5.190000057220459,5.14900016784668
2002-04-24 00:00:00,5.09499979019165,5.173999786376953,5.09499979019165
2002-04-25 00:00:00,5.091000080108643,5.091000080108643,5.0329999923706055
2002-04-26 00:00:00,5.058000087738037,5.111000061035156,5.058000087738037
2002-04-29 00:00:00,5.098999977111816,5.111999988555908,5.053999900817871
2002-04-30 00:00:00,5.091000080108643,5.127999782562256,5.086999893188477
2002-05-01 00:00:00,5.058000087738037,5.086999893188477,5.025000095367432
2002-05-02 00:00:00,5.098999977111816,5.127999782562256,5.083000183105469
2002-05-03 00:00:00,5.061999797821045,5.111999988555908,5.0289998054504395
2002-05-06 00:00:00,5.078999996185303,5.091000080108643,5.059000015258789
2002-05-07 00:00:00,5.072999954223633,5.1020002365112305,5.050000190734863
2002-05-08 00:00:00,5.210000038146973,5.216000080108643,5.125999927520752
2002-05-09 00:00:00,5.186999797821045,5.261000156402588,5.178999900817871
2002-05-10 00:00:00,5.126999855041504,5.232999801635742,5.123000144958496
2002-05-13 00:00:00,5.21999979019165,5.21999979019165,5.138000011444092
2002-05-14 00:00:00,5.294000148773193,5.327000141143799,5.236000061035156
2002-05-15 00:00:00,5.251999855041504,5.296999931335449,5.249000072479248
2002-05-16 00:00:00,5.186999797821045,5.251999855041504,5.173999786376953
2002-05-17 00:00:00,5.241000175476074,5.267000198364258,5.193999767303467
2002-05-20 00:00:00,5.189000129699707,5.2210001945495605,5.182000160217285
2002-05-21 00:00:00,5.1479997634887695,5.2129998207092285,5.146999835968018
2002-05-22 00:00:00,5.099999904632568,5.132999897003174,5.089000225067139
2002-05-23 00:00:00,5.1479997634887695,5.159999847412109,5.039000034332275
2002-05-24 00:00:00,5.138000011444092,5.1570000648498535,5.105000019073486
2002-05-28 00:00:00,5.133999824523926,5.197000026702881,5.125999927520752
2002-05-29 00:00:00,5.077000141143799,5.131999969482422,5.070000171661377
2002-05-30 00:00:00,5.0320000648498535,5.077000141143799,5.011000156402588
2002-05-31 00:00:00,5.043000221252441,5.085999965667725,5.014999866485596
2002-06-03 00:00:00,5.039999961853027,5.111999988555908,5.031000137329102
2002-06-04 00:00:00,5.01200008392334,5.033999919891357,4.960000038146973
2002-06-05 00:00:00,5.040999889373779,5.067999839782715,5.014999866485596
2002-06-06 00:00:00,5.010000228881836,5.085999965667725,4.986999988555908
2002-06-07 00:00:00,5.061999797821045,5.086999893188477,4.955999851226807
2002-06-10 00:00:00,5.043000221252441,5.079999923706055,5.031000137329102
2002-06-11 00:00:00,4.991000175476074,5.073999881744385,4.988999843597412
2002-06-12 00:00:00,4.949999809265137,4.991000175476074,4.943999767303467
2002-06-13 00:00:00,4.9070000648498535,4.968999862670898,4.863999843597412
2002-06-14 00:00:00,4.806000232696533,4.849999904632568,4.7779998779296875
2002-06-17 00:00:00,4.855999946594238,4.869999885559082,4.813000202178955
2002-06-18 00:00:00,4.8480000495910645,4.869999885559082,4.798999786376953
2002-06-19 00:00:00,4.72599983215332,4.810999870300293,4.723999977111816
2002-06-20 00:00:00,4.826000213623047,4.828000068664551,4.7170000076293945
2002-06-21 00:00:00,4.755000114440918,4.818999767303467,4.75
2002-06-24 00:00:00,4.843999862670898,4.854000091552734,4.710999965667725
2002-06-25 00:00:00,4.841000080108643,4.90500020980835,4.824999809265137
2002-06-26 00:00:00,4.706999778747559,4.76200008392334,4.617000102996826
2002-06-27 00:00:00,4.809999942779541,4.830999851226807,4.7230000495910645
2002-06-28 00:00:00,4.823999881744385,4.866000175476074,4.803999900817871
2002-07-01 00:00:00,4.815000057220459,4.86899995803833,4.798999786376953
2002-07-02 00:00:00,4.739999771118164,4.801000118255615,4.730999946594238
2002-07-03 00:00:00,4.74399995803833,4.757999897003174,4.7129998207092285
2002-07-05 00:00:00,4.863999843597412,4.864999771118164,4.77400016784668
2002-07-08 00:00:00,4.811999797821045,4.854000091552734,4.809000015258789
2002-07-09 00:00:00,4.741000175476074,4.830999851226807,4.741000175476074
2002-07-10 00:00:00,4.645999908447266,4.771999835968018,4.627999782562256
2002-07-11 00:00:00,4.617000102996826,4.638999938964844,4.552000045776367
2002-07-12 00:00:00,4.59499979019165,4.695000171661377,4.561999797821045
2002-07-15 00:00:00,4.620999813079834,4.620999813079834,4.539999961853027
2002-07-16 00:00:00,4.709000110626221,4.7170000076293945,4.604000091552734
2002-07-17 00:00:00,4.664999961853027,4.751999855041504,4.656000137329102
2002-07-18 00:00:00,4.610000133514404,4.699999809265137,4.607999801635742
2002-07-19 00:00:00,4.565000057220459,4.5960001945495605,4.551000118255615
2002-07-22 00:00:00,4.4670000076293945,4.539999961853027,4.432000160217285
2002-07-23 00:00:00,4.426000118255615,4.507999897003174,4.418000221252441
2002-07-24 00:00:00,4.4029998779296875,4.414000034332275,4.223999977111816
2002-07-25 00:00:00,4.388000011444092,4.456999778747559,4.354000091552734
2002-07-26 00:00:00,4.367000102996826,4.408999919891357,4.334000110626221
2002-07-29 00:00:00,4.5329999923706055,4.553999900817871,4.436999797821045
2002-07-30 00:00:00,4.580999851226807,4.609000205993652,4.519999980926514
2002-07-31 00:00:00,4.465000152587891,4.607999801635742,4.446000099182129
2002-08-01 00:00:00,4.401000022888184,4.46999979019165,4.390999794006348
2002-08-02 00:00:00,4.261000156402588,4.39900016784668,4.250999927520752
2002-08-05 00:00:00,4.23799991607666,4.288000106811523,4.216000080108643
2002-08-06 00:00:00,4.36899995803833,4.373000144958496,4.289000034332275
2002-08-07 00:00:00,4.291999816894531,4.360000133514404,4.263000011444092
2002-08-08 00:00:00,4.414999961853027,4.421999931335449,4.360000133514404
2002-08-09 00:00:00,4.267000198364258,4.39300012588501,4.258999824523926
2002-08-12 00:00:00,4.2170000076293945,4.236999988555908,4.172999858856201
2002-08-13 00:00:00,4.116000175476074,4.206999778747559,4.105999946594238
2002-08-14 00:00:00,4.063000202178955,4.1020002365112305,3.9609999656677246
2002-08-15 00:00:00,4.163000106811523,4.211999893188477,4.110000133514404
2002-08-16 00:00:00,4.316999912261963,4.321000099182129,4.130000114440918
2002-08-19 00:00:00,4.297999858856201,4.3520002365112305,4.276000022888184
2002-08-20 00:00:00,4.158999919891357,4.258999824523926,4.158999919891357
2002-08-21 00:00:00,4.190000057220459,4.238999843597412,4.186999797821045
2002-08-22 00:00:00,4.289999961853027,4.291999816894531,4.235000133514404
2002-08-23 00:00:00,4.228000164031982,4.295000076293945,4.2220001220703125
2002-08-26 00:00:00,4.205999851226807,4.27400016784668,4.184999942779541
2002-08-27 00:00:00,4.2820000648498535,4.304999828338623,4.206999778747559
2002-08-28 00:00:00,4.2179999351501465,4.24399995803833,4.201000213623047
2002-08-29 00:00:00,4.160999774932861,4.177999973297119,4.118000030517578
2002-08-30 00:00:00,4.13700008392334,4.175000190734863,4.11299991607666
2002-09-03 00:00:00,3.9800000190734863,4.076000213623047,3.9619998931884766
2002-09-04 00:00:00,3.953000068664551,3.996000051498413,3.9179999828338623
2002-09-05 00:00:00,3.9100000858306885,3.9709999561309814,3.8949999809265137
2002-09-06 00:00:00,4.035999774932861,4.039999961853027,3.9070000648498535
2002-09-09 00:00:00,4.046999931335449,4.052999973297119,3.984999895095825
2002-09-10 00:00:00,3.98799991607666,4.105999946594238,3.9719998836517334
2002-09-11 00:00:00,4.058000087738037,4.1020002365112305,4.051000118255615
2002-09-12 00:00:00,3.9670000076293945,4.045000076293945,3.9639999866485596
2002-09-13 00:00:00,3.9000000953674316,3.9670000076293945,3.8889999389648438
2002-09-16 00:00:00,3.874000072479248,3.938999891281128,3.8510000705718994
2002-09-17 00:00:00,3.86299991607666,3.9739999771118164,3.8510000705718994
2002-09-18 00:00:00,3.8489999771118164,3.8499999046325684,3.803999900817871
2002-09-19 00:00:00,3.7799999713897705,3.822000026702881,3.755000114440918
2002-09-20 00:00:00,3.7760000228881836,3.8299999237060547,3.7679998874664307
2002-09-23 00:00:00,3.680999994277954,3.734999895095825,3.6630001068115234
2002-09-24 00:00:00,3.6459999084472656,3.6740000247955322,3.5950000286102295
2002-09-25 00:00:00,3.759000062942505,3.7720000743865967,3.6710000038146973
2002-09-26 00:00:00,3.7660000324249268,3.8510000705718994,3.7279999256134033
2002-09-27 00:00:00,3.688999891281128,3.759999990463257,3.684999942779541
2002-09-30 00:00:00,3.6070001125335693,3.6470000743865967,3.566999912261963
2002-10-01 00:00:00,3.6989998817443848,3.7160000801086426,3.6419999599456787
2002-10-02 00:00:00,3.700000047683716,3.75600004196167,3.688999891281128
2002-10-03 00:00:00,3.684000015258789,3.7330000400543213,3.6530001163482666
2002-10-04 00:00:00,3.684999942779541,3.7939999103546143,3.630000114440918
2002-10-07 00:00:00,3.630000114440918,3.6630001068115234,3.6089999675750732
2002-10-08 00:00:00,3.635999917984009,3.6610000133514404,3.561000108718872
2002-10-09 00:00:00,3.5799999237060547,3.615999937057495,3.562999963760376
2002-10-10 00:00:00,3.6549999713897705,3.6679999828338623,3.559000015258789
2002-10-11 00:00:00,3.812999963760376,3.816999912261963,3.6679999828338623
2002-10-14 00:00:00,3.811000108718872,3.811000108718872,3.811000108718872
2002-10-15 00:00:00,3.996000051498413,4.00600004196167,3.9210000038146973
2002-10-16 00:00:00,4.033999919891357,4.065000057220459,3.9779999256134033
2002-10-17 00:00:00,4.136000156402588,4.182000160217285,4.109000205993652
2002-10-18 00:00:00,4.133999824523926,4.254000186920166,4.107999801635742
2002-10-21 00:00:00,4.2210001945495605,4.239999771118164,4.10099983215332
2002-10-22 00:00:00,4.251999855041504,4.269000053405762,4.203000068664551
2002-10-23 00:00:00,4.236000061035156,4.249000072479248,4.15500020980835
2002-10-24 00:00:00,4.142000198364258,4.2729997634887695,4.13700008392334
2002-10-25 00:00:00,4.09499979019165,4.14300012588501,4.077000141143799
2002-10-28 00:00:00,4.084000110626221,4.089000225067139,4.053999900817871
2002-10-29 00:00:00,3.934000015258789,4.059999942779541,3.885999917984009
2002-10-30 00:00:00,3.9660000801086426,3.999000072479248,3.9140000343322754
2002-10-31 00:00:00,3.9110000133514404,3.997999906539917,3.8929998874664307
2002-11-01 00:00:00,3.9769999980926514,4.0289998054504395,3.9040000438690186
2002-11-04 00:00:00,4.045000076293945,4.090000152587891,4.033999919891357
2002-11-05 00:00:00,4.080999851226807,4.111999988555908,4.046999931335449
2002-11-06 00:00:00,4.034999847412109,4.139999866485596,3.9549999237060547
2002-11-07 00:00:00,3.881999969482422,3.9730000495910645,3.86299991607666
2002-11-08 00:00:00,3.8519999980926514,3.878000020980835,3.819999933242798
2002-11-11 00:00:00,3.8519999980926514,3.8519999980926514,3.8519999980926514
2002-11-12 00:00:00,3.8510000705718994,3.8589999675750732,3.7750000953674316
2002-11-13 00:00:00,3.8380000591278076,3.9049999713897705,3.822000026702881
2002-11-14 00:00:00,4.020999908447266,4.025000095367432,3.865000009536743
2002-11-15 00:00:00,4.051000118255615,4.13700008392334,4.038000106811523
2002-11-18 00:00:00,4.019000053405762,4.071000099182129,4.013999938964844
2002-11-19 00:00:00,3.9800000190734863,4.007999897003174,3.938999891281128
2002-11-20 00:00:00,4.074999809265137,4.086999893188477,3.937000036239624
2002-11-21 00:00:00,4.14300012588501,4.190000057220459,4.073999881744385
2002-11-22 00:00:00,4.175000190734863,4.185999870300293,4.11299991607666
2002-11-25 00:00:00,4.184000015258789,4.191999912261963,4.13700008392334
2002-11-26 00:00:00,4.078999996185303,4.176000118255615,4.066999912261963
2002-11-27 00:00:00,4.260000228881836,4.271999835968018,4.11299991607666
2002-11-29 00:00:00,4.2129998207092285,4.250999927520752,4.186999797821045
2002-12-02 00:00:00,4.218999862670898,4.35099983215332,4.186999797821045
2002-12-03 00:00:00,4.232999801635742,4.24399995803833,4.166999816894531
2002-12-04 00:00:00,4.171999931335449,4.189000129699707,4.144000053405762
2002-12-05 00:00:00,4.113999843597412,4.25,4.0980000495910645
2002-12-06 00:00:00,4.0929999351501465,4.140999794006348,3.9739999771118164
2002-12-09 00:00:00,4.050000190734863,4.09499979019165,4.02400016784668
2002-12-10 00:00:00,4.048999786376953,4.083000183105469,4.026000022888184
2002-12-11 00:00:00,3.99399995803833,4.056000232696533,3.9760000705718994
2002-12-12 00:00:00,4.00600004196167,4.053999900817871,3.9790000915527344
2002-12-13 00:00:00,4.061999797821045,4.0929999351501465,3.9800000190734863
2002-12-16 00:00:00,4.130000114440918,4.139999866485596,4.054999828338623
2002-12-17 00:00:00,4.113999843597412,4.145999908447266,4.0929999351501465
2002-12-18 00:00:00,4.053999900817871,4.0879998207092285,4.038000106811523
2002-12-19 00:00:00,3.9489998817443848,4.045000076293945,3.940999984741211
2002-12-20 00:00:00,3.953000068664551,3.996999979019165,3.9489998817443848
2002-12-23 00:00:00,3.9670000076293945,4.01200008392334,3.946000099182129
2002-12-24 00:00:00,3.936000108718872,3.9539999961853027,3.9019999504089355
2002-12-26 00:00:00,3.9140000343322754,3.947000026702881,3.9079999923706055
2002-12-27 00:00:00,3.812999963760376,3.8929998874664307,3.811000108718872
2002-12-30 00:00:00,3.7839999198913574,3.8420000076293945,3.7690000534057617
2002-12-31 00:00:00,3.818000078201294,3.8380000591278076,3.759000062942505
2003-01-02 00:00:00,4.0320000648498535,4.054999828338623,3.859999895095825
2003-01-03 00:00:00,4.038000106811523,4.086999893188477,4.02400016784668
2003-01-06 00:00:00,4.065999984741211,4.105999946594238,4.054999828338623
2003-01-07 00:00:00,4.025000095367432,4.084000110626221,3.99399995803833
2003-01-08 00:00:00,3.9809999465942383,4.002999782562256,3.9549999237060547
2003-01-09 00:00:00,4.1479997634887695,4.177000045776367,4.046000003814697
2003-01-10 00:00:00,4.1519999504089355,4.184000015258789,4.063000202178955
2003-01-13 00:00:00,4.127999782562256,4.203000068664551,4.116000175476074
2003-01-14 00:00:00,4.085000038146973,4.129000186920166,4.066999912261963
2003-01-15 00:00:00,4.072000026702881,4.098999977111816,4.0279998779296875
2003-01-16 00:00:00,4.067999839782715,4.170000076293945,4.067999839782715
2003-01-17 00:00:00,4.014999866485596,4.046999931335449,3.992000102996826
2003-01-21 00:00:00,3.989000082015991,4.050000190734863,3.9820001125335693
2003-01-22 00:00:00,3.9230000972747803,3.9700000286102295,3.9189999103546143
2003-01-23 00:00:00,3.947000026702881,3.9809999465942383,3.927000045776367
2003-01-24 00:00:00,3.9030001163482666,3.931999921798706,3.871000051498413
2003-01-27 00:00:00,3.9570000171661377,3.9839999675750732,3.8929998874664307
2003-01-28 00:00:00,3.9779999256134033,4.033999919891357,3.947000026702881
2003-01-29 00:00:00,4.0329999923706055,4.053999900817871,3.9570000171661377
2003-01-30 00:00:00,3.990000009536743,4.078000068664551,3.98799991607666
2003-01-31 00:00:00,3.9749999046325684,4.00600004196167,3.9489998817443848
2003-02-03 00:00:00,3.992000102996826,4.0289998054504395,3.98799991607666
2003-02-04 00:00:00,3.930999994277954,3.9639999866485596,3.928999900817871
2003-02-05 00:00:00,4.000999927520752,4.0329999923706055,3.9210000038146973
2003-02-06 00:00:00,3.944999933242798,3.9800000190734863,3.934999942779541
2003-02-07 00:00:00,3.9240000247955322,4.038000106811523,3.9170000553131104
2003-02-10 00:00:00,3.9769999980926514,3.999000072479248,3.927000045776367
2003-02-11 00:00:00,3.9570000171661377,4.002999782562256,3.953000068664551
2003-02-12 00:00:00,3.9119999408721924,3.9549999237060547,3.9100000858306885
2003-02-13 00:00:00,3.871000051498413,3.936000108718872,3.8369998931884766
2003-02-14 00:00:00,3.9519999027252197,3.9609999656677246,3.882999897003174
2003-02-18 00:00:00,3.947999954223633,3.994999885559082,3.941999912261963
2003-02-19 00:00:00,3.88100004196167,3.940000057220459,3.880000114440918
2003-02-20 00:00:00,3.8459999561309814,3.9149999618530273,3.8380000591278076
2003-02-21 00:00:00,3.8929998874664307,3.9070000648498535,3.8310000896453857
2003-02-24 00:00:00,3.8440001010894775,3.875999927520752,3.8340001106262207
2003-02-25 00:00:00,3.808000087738037,3.819999933242798,3.755000114440918
2003-02-26 00:00:00,3.7730000019073486,3.818000078201294,3.7690000534057617
2003-02-27 00:00:00,3.752000093460083,3.802000045776367,3.744999885559082
2003-02-28 00:00:00,3.696000099182129,3.7839999198913574,3.691999912261963
2003-03-03 00:00:00,3.6760001182556152,3.7119998931884766,3.6619999408721924
2003-03-04 00:00:00,3.6449999809265137,3.690999984741211,3.634000062942505
2003-03-05 00:00:00,3.619999885559082,3.680000066757202,3.609999895095825
2003-03-06 00:00:00,3.6519999504089355,3.687999963760376,3.624000072479248
2003-03-07 00:00:00,3.619999885559082,3.6700000762939453,3.578000068664551
2003-03-10 00:00:00,3.5739998817443848,3.6010000705718994,3.5739998817443848
2003-03-11 00:00:00,3.5859999656677246,3.5980000495910645,3.5490000247955322
2003-03-12 00:00:00,3.5889999866485596,3.5980000495910645,3.552999973297119
2003-03-13 00:00:00,3.7320001125335693,3.746999979019165,3.63700008392334
2003-03-14 00:00:00,3.7070000171661377,3.746999979019165,3.690999984741211
2003-03-17 00:00:00,3.815999984741211,3.822999954223633,3.640000104904175
2003-03-18 00:00:00,3.8980000019073486,3.9119999408721924,3.796999931335449
2003-03-19 00:00:00,3.9649999141693115,3.98799991607666,3.9130001068115234
2003-03-20 00:00:00,4.00600004196167,4.044000148773193,3.9100000858306885
2003-03-21 00:00:00,4.09499979019165,4.117000102996826,3.997999906539917
2003-03-24 00:00:00,3.9730000495910645,4.008999824523926,3.944999933242798
2003-03-25 00:00:00,3.9609999656677246,4.01800012588501,3.9130001068115234
2003-03-26 00:00:00,3.944000005722046,3.9749999046325684,3.921999931335449
2003-03-27 00:00:00,3.9260001182556152,3.950000047683716,3.888000011444092
2003-03-28 00:00:00,3.8959999084472656,3.9070000648498535,3.875999927520752
2003-03-31 00:00:00,3.822999954223633,3.8550000190734863,3.796999931335449
2003-04-01 00:00:00,3.8269999027252197,3.882999897003174,3.7799999713897705
2003-04-02 00:00:00,3.931999921798706,3.946000099182129,3.888000011444092
2003-04-03 00:00:00,3.9159998893737793,3.9700000286102295,3.8889999389648438
2003-04-04 00:00:00,3.944000005722046,3.9839999675750732,3.9119999408721924
2003-04-07 00:00:00,4.013999938964844,4.079999923706055,4.010000228881836
2003-04-08 00:00:00,3.936000108718872,4.008999824523926,3.931999921798706
2003-04-09 00:00:00,3.9010000228881836,3.9609999656677246,3.888000011444092
2003-04-10 00:00:00,3.934000015258789,3.940000057220459,3.88700008392334
2003-04-11 00:00:00,3.9809999465942383,4.0329999923706055,3.9570000171661377
2003-04-14 00:00:00,4.020999908447266,4.038000106811523,3.9839999675750732
2003-04-15 00:00:00,3.9709999561309814,4.010000228881836,3.9619998931884766
2003-04-16 00:00:00,3.937999963760376,3.997999906539917,3.930999994277954
2003-04-17 00:00:00,3.9570000171661377,3.9619998931884766,3.9010000228881836
2003-04-21 00:00:00,3.9790000915527344,4.033999919891357,3.9670000076293945
2003-04-22 00:00:00,3.9830000400543213,4.004000186920166,3.928999900817871
2003-04-23 00:00:00,3.994999885559082,4.010000228881836,3.9679999351501465
2003-04-24 00:00:00,3.9049999713897705,3.9590001106262207,3.878000020980835
2003-04-25 00:00:00,3.885999917984009,3.933000087738037,3.864000082015991
2003-04-28 00:00:00,3.9000000953674316,3.9140000343322754,3.8519999980926514
2003-04-29 00:00:00,3.928999900817871,3.9670000076293945,3.9170000553131104
2003-04-30 00:00:00,3.8570001125335693,3.9539999961853027,3.8550000190734863
2003-05-01 00:00:00,3.8559999465942383,3.872999906539917,3.7920000553131104
2003-05-02 00:00:00,3.9130001068115234,3.933000087738037,3.8469998836517334
2003-05-05 00:00:00,3.88700008392334,3.9549999237060547,3.884999990463257
2003-05-06 00:00:00,3.808000087738037,3.9130001068115234,3.7990000247955322
2003-05-07 00:00:00,3.693000078201294,3.75,3.690999984741211
2003-05-08 00:00:00,3.6710000038146973,3.7070000171661377,3.6070001125335693
2003-05-09 00:00:00,3.690999984741211,3.73799991607666,3.680999994277954
2003-05-12 00:00:00,3.6389999389648438,3.6689999103546143,3.5969998836517334
2003-05-13 00:00:00,3.622999906539917,3.6710000038146973,3.609999895095825
2003-05-14 00:00:00,3.5369999408721924,3.61299991607666,3.50600004196167
2003-05-15 00:00:00,3.5369999408721924,3.572999954223633,3.4860000610351562
2003-05-16 00:00:00,3.4619998931884766,3.5199999809265137,3.437000036239624
2003-05-19 00:00:00,3.4519999027252197,3.4779999256134033,3.388000011444092
2003-05-20 00:00:00,3.374000072479248,3.49399995803833,3.3559999465942383
2003-05-21 00:00:00,3.390000104904175,3.434999942779541,3.319000005722046
2003-05-22 00:00:00,3.3389999866485596,3.380000114440918,3.3289999961853027
2003-05-23 00:00:00,3.3329999446868896,3.3359999656677246,3.2899999618530273
2003-05-27 00:00:00,3.4010000228881836,3.4149999618530273,3.315999984741211
2003-05-28 00:00:00,3.430999994277954,3.4839999675750732,3.4140000343322754
2003-05-29 00:00:00,3.3389999866485596,3.4230000972747803,3.3359999656677246
2003-05-30 00:00:00,3.3499999046325684,3.421999931335449,3.319999933242798
2003-06-02 00:00:00,3.428999900817871,3.4630000591278076,3.3970000743865967
2003-06-03 00:00:00,3.3420000076293945,3.4030001163482666,3.3010001182556152
2003-06-04 00:00:00,3.2909998893737793,3.3589999675750732,3.2850000858306885
2003-06-05 00:00:00,3.3310000896453857,3.3450000286102295,3.243000030517578
2003-06-06 00:00:00,3.3519999980926514,3.4010000228881836,3.2869999408721924
2003-06-09 00:00:00,3.2790000438690186,3.318000078201294,3.2720000743865967
2003-06-10 00:00:00,3.194000005722046,3.2760000228881836,3.186000108718872
2003-06-11 00:00:00,3.187999963760376,3.194999933242798,3.1489999294281006
2003-06-12 00:00:00,3.1679999828338623,3.2320001125335693,3.13700008392334
2003-06-13 00:00:00,3.1040000915527344,3.1389999389648438,3.0829999446868896
2003-06-16 00:00:00,3.1700000762939453,3.183000087738037,3.0739998817443848
2003-06-17 00:00:00,3.2660000324249268,3.2750000953674316,3.1619999408721924
2003-06-18 00:00:00,3.359999895095825,3.367000102996826,3.2850000858306885
2003-06-19 00:00:00,3.3410000801086426,3.421999931335449,3.318000078201294
2003-06-20 00:00:00,3.3959999084472656,3.433000087738037,3.3329999446868896
2003-06-23 00:00:00,3.315000057220459,3.38100004196167,3.315000057220459
2003-06-24 00:00:00,3.265000104904175,3.3469998836517334,3.259999990463257
2003-06-25 00:00:00,3.3610000610351562,3.3940000534057617,3.203000068664551
2003-06-26 00:00:00,3.5339999198913574,3.5369999408721924,3.4170000553131104
2003-06-27 00:00:00,3.5810000896453857,3.5969998836517334,3.4590001106262207
2003-06-30 00:00:00,3.5280001163482666,3.572000026702881,3.5
2003-07-01 00:00:00,3.5490000247955322,3.563999891281128,3.4590001106262207
2003-07-02 00:00:00,3.5360000133514404,3.630000114440918,3.5139999389648438
2003-07-03 00:00:00,3.6549999713897705,3.6600000858306885,3.5260000228881836
2003-07-07 00:00:00,3.7070000171661377,3.734999895095825,3.6510000228881836
2003-07-08 00:00:00,3.7330000400543213,3.7690000534057617,3.6710000038146973
2003-07-09 00:00:00,3.7060000896453857,3.7269999980926514,3.6730000972747803
2003-07-10 00:00:00,3.677000045776367,3.703000068664551,3.638000011444092
2003-07-11 00:00:00,3.640000104904175,3.6989998817443848,3.6389999389648438
2003-07-14 00:00:00,3.7139999866485596,3.7230000495910645,3.617000102996826
2003-07-15 00:00:00,3.9140000343322754,3.9679999351501465,3.7079999446868896
2003-07-16 00:00:00,3.944999933242798,4.085999965667725,3.930000066757202
2003-07-17 00:00:00,3.9539999961853027,4.040999889373779,3.9240000247955322
2003-07-18 00:00:00,3.9690001010894775,3.999000072479248,3.947999954223633
2003-07-21 00:00:00,4.173999786376953,4.176000118255615,3.990999937057495
2003-07-22 00:00:00,4.150000095367432,4.223999977111816,4.138000011444092
2003-07-23 00:00:00,4.1020002365112305,4.133999824523926,4.034999847412109
2003-07-24 00:00:00,4.166999816894531,4.206999778747559,4.109000205993652
2003-07-25 00:00:00,4.177999973297119,4.210000038146973,4.080999851226807
2003-07-28 00:00:00,4.283999919891357,4.290999889373779,4.202000141143799
2003-07-29 00:00:00,4.3979997634887695,4.4029998779296875,4.192999839782715
2003-07-30 00:00:00,4.315000057220459,4.406000137329102,4.248000144958496
2003-07-31 00:00:00,4.473999977111816,4.565999984741211,4.249000072479248
2003-08-01 00:00:00,4.414999961853027,4.5920000076293945,4.390999794006348
2003-08-04 00:00:00,4.320000171661377,4.420000076293945,4.310999870300293
2003-08-05 00:00:00,4.440999984741211,4.460999965667725,4.276000022888184
2003-08-06 00:00:00,4.288000106811523,4.419000148773193,4.2769999504089355
2003-08-07 00:00:00,4.229000091552734,4.323999881744385,4.216000080108643
2003-08-08 00:00:00,4.289000034332275,4.289000034332275,4.190000057220459
2003-08-11 00:00:00,4.370999813079834,4.406000137329102,4.320000171661377
2003-08-12 00:00:00,4.35699987411499,4.400000095367432,4.317999839782715
2003-08-13 00:00:00,4.559999942779541,4.568999767303467,4.438000202178955
2003-08-14 00:00:00,4.585999965667725,4.668000221252441,4.561999797821045
2003-08-15 00:00:00,4.5279998779296875,4.579999923706055,4.484000205993652
2003-08-18 00:00:00,4.4770002365112305,4.560999870300293,4.455999851226807
2003-08-19 00:00:00,4.38100004196167,4.5229997634887695,4.36299991607666
2003-08-20 00:00:00,4.440999984741211,4.480000019073486,4.335000038146973
2003-08-21 00:00:00,4.506999969482422,4.559000015258789,4.429999828338623
2003-08-22 00:00:00,4.459000110626221,4.5289998054504395,4.441999912261963
2003-08-25 00:00:00,4.5269999504089355,4.561999797821045,4.4120001792907715
2003-08-26 00:00:00,4.486000061035156,4.609000205993652,4.4720001220703125
2003-08-27 00:00:00,4.535999774932861,4.552000045776367,4.4679999351501465
2003-08-28 00:00:00,4.429999828338623,4.543000221252441,4.428999900817871
2003-08-29 00:00:00,4.453999996185303,4.493000030517578,4.416999816894531
2003-09-02 00:00:00,4.60099983215332,4.611000061035156,4.5
2003-09-03 00:00:00,4.598999977111816,4.616000175476074,4.565000057220459
2003-09-04 00:00:00,4.513000011444092,4.585000038146973,4.499000072479248
2003-09-05 00:00:00,4.354000091552734,4.505000114440918,4.34499979019165
2003-09-08 00:00:00,4.388999938964844,4.39300012588501,4.276000022888184
2003-09-09 00:00:00,4.370999813079834,4.449999809265137,4.35099983215332
2003-09-10 00:00:00,4.269000053405762,4.36899995803833,4.261000156402588
2003-09-11 00:00:00,4.334000110626221,4.348999977111816,4.275000095367432
2003-09-12 00:00:00,4.269000053405762,4.315000057220459,4.172999858856201
2003-09-15 00:00:00,4.244999885559082,4.321000099182129,4.2270002365112305
2003-09-16 00:00:00,4.290999889373779,4.315999984741211,4.24399995803833
2003-09-17 00:00:00,4.190999984741211,4.2729997634887695,4.1529998779296875
2003-09-18 00:00:00,4.184000015258789,4.252999782562256,4.125
2003-09-19 00:00:00,4.1620001792907715,4.197000026702881,4.123000144958496
2003-09-22 00:00:00,4.241000175476074,4.323999881744385,4.224999904632568
2003-09-23 00:00:00,4.214000225067139,4.294000148773193,4.204999923706055
2003-09-24 00:00:00,4.135000228881836,4.235000133514404,4.105999946594238
2003-09-25 00:00:00,4.1020002365112305,4.171000003814697,4.079999923706055
2003-09-26 00:00:00,4.0229997634887695,4.107999801635742,3.997999906539917
2003-09-29 00:00:00,4.077000141143799,4.078999996185303,4.010000228881836
2003-09-30 00:00:00,3.937000036239624,4.066999912261963,3.934999942779541
2003-10-01 00:00:00,3.931999921798706,3.9790000915527344,3.9119999408721924
2003-10-02 00:00:00,4.008999824523926,4.065000057220459,3.9690001010894775
2003-10-03 00:00:00,4.195000171661377,4.2220001220703125,4.0289998054504395
2003-10-06 00:00:00,4.151000022888184,4.23199987411499,4.145999908447266
2003-10-07 00:00:00,4.24399995803833,4.249000072479248,4.14900016784668
2003-10-08 00:00:00,4.242000102996826,4.290999889373779,4.208000183105469
2003-10-09 00:00:00,4.302000045776367,4.3480000495910645,4.258999824523926
2003-10-10 00:00:00,4.248000144958496,4.297999858856201,4.230000019073486
2003-10-13 00:00:00,4.255000114440918,4.255000114440918,4.255000114440918
2003-10-14 00:00:00,4.349999904632568,4.354000091552734,4.290999889373779
2003-10-15 00:00:00,4.396999835968018,4.438000202178955,4.359000205993652
2003-10-16 00:00:00,4.454999923706055,4.474999904632568,4.3429999351501465
2003-10-17 00:00:00,4.388000011444092,4.4720001220703125,4.381999969482422
2003-10-20 00:00:00,4.380000114440918,4.447000026702881,4.3420000076293945
2003-10-21 00:00:00,4.366000175476074,4.383999824523926,4.316999912261963
2003-10-22 00:00:00,4.2729997634887695,4.310999870300293,4.247000217437744
2003-10-23 00:00:00,4.315999984741211,4.354000091552734,4.21999979019165
2003-10-24 00:00:00,4.211999893188477,4.296999931335449,4.206999778747559
2003-10-27 00:00:00,4.264999866485596,4.289000034332275,4.229000091552734
2003-10-28 00:00:00,4.189000129699707,4.316999912261963,4.186999797821045
2003-10-29 00:00:00,4.275000095367432,4.2829999923706055,4.197000026702881
2003-10-30 00:00:00,4.339000225067139,4.392000198364258,4.28000020980835
2003-10-31 00:00:00,4.301000118255615,4.35099983215332,4.283999919891357
2003-11-03 00:00:00,4.368000030517578,4.394000053405762,4.320000171661377
2003-11-04 00:00:00,4.304999828338623,4.334000110626221,4.298999786376953
2003-11-05 00:00:00,4.349999904632568,4.355999946594238,4.2870001792907715
2003-11-06 00:00:00,4.418000221252441,4.433000087738037,4.357999801635742
2003-11-07 00:00:00,4.449999809265137,4.491000175476074,4.386000156402588
2003-11-10 00:00:00,4.460000038146973,4.480000019073486,4.413000106811523
2003-11-12 00:00:00,4.4120001792907715,4.427000045776367,4.394999980926514
2003-11-13 00:00:00,4.270999908447266,4.380000114440918,4.267000198364258
2003-11-14 00:00:00,4.232999801635742,4.315000057220459,4.218999862670898
2003-11-17 00:00:00,4.188000202178955,4.229000091552734,4.1570000648498535
2003-11-18 00:00:00,4.166999816894531,4.235000133514404,4.163000106811523
2003-11-19 00:00:00,4.235000133514404,4.251999855041504,4.129000186920166
2003-11-20 00:00:00,4.1539998054504395,4.224999904632568,4.139999866485596
2003-11-21 00:00:00,4.146999835968018,4.156000137329102,4.11299991607666
2003-11-24 00:00:00,4.2270002365112305,4.236000061035156,4.182000160217285
2003-11-25 00:00:00,4.185999870300293,4.257999897003174,4.164000034332275
2003-11-26 00:00:00,4.242000102996826,4.244999885559082,4.169000148773193
2003-11-28 00:00:00,4.320000171661377,4.327000141143799,4.295000076293945
2003-12-01 00:00:00,4.392000198364258,4.449999809265137,4.341000080108643
2003-12-02 00:00:00,4.380000114440918,4.440000057220459,4.364999771118164
2003-12-03 00:00:00,4.409999847412109,4.428999900817871,4.3480000495910645
2003-12-04 00:00:00,4.36899995803833,4.429999828338623,4.355000019073486
2003-12-05 00:00:00,4.215000152587891,4.28000020980835,4.182000160217285
2003-12-08 00:00:00,4.2779998779296875,4.284999847412109,4.201000213623047
2003-12-09 00:00:00,4.3520002365112305,4.373000144958496,4.209000110626221
2003-12-10 00:00:00,4.317999839782715,4.364999771118164,4.300000190734863
2003-12-11 00:00:00,4.23799991607666,4.374000072479248,4.22599983215332
2003-12-12 00:00:00,4.242000102996826,4.2829999923706055,4.184000015258789
2003-12-15 00:00:00,4.275000095367432,4.294000148773193,4.216000080108643
2003-12-16 00:00:00,4.234000205993652,4.281000137329102,4.215000152587891
2003-12-17 00:00:00,4.189000129699707,4.201000213623047,4.1479997634887695
2003-12-18 00:00:00,4.140999794006348,4.2129998207092285,4.140999794006348
2003-12-19 00:00:00,4.132999897003174,4.183000087738037,4.124000072479248
2003-12-22 00:00:00,4.164000034332275,4.185999870300293,4.098999977111816
2003-12-23 00:00:00,4.269000053405762,4.275000095367432,4.172999858856201
2003-12-24 00:00:00,4.186999797821045,4.245999813079834,4.182000160217285
2003-12-26 00:00:00,4.1479997634887695,4.176000118255615,4.146999835968018
2003-12-29 00:00:00,4.230000019073486,4.238999843597412,4.159999847412109
2003-12-30 00:00:00,4.2789998054504395,4.300000190734863,4.242000102996826
2003-12-31 00:00:00,4.256999969482422,4.2820000648498535,4.249000072479248
2004-01-02 00:00:00,4.373000144958496,4.4029998779296875,4.269999980926514
2004-01-05 00:00:00,4.38700008392334,4.418000221252441,4.36899995803833
2004-01-06 00:00:00,4.2769999504089355,4.357999801635742,4.256999969482422
2004-01-07 00:00:00,4.245999813079834,4.315999984741211,4.223999977111816
2004-01-08 00:00:00,4.249000072479248,4.285999774932861,4.230000019073486
2004-01-09 00:00:00,4.085999965667725,4.263999938964844,4.085000038146973
2004-01-12 00:00:00,4.083000183105469,4.117000102996826,4.034999847412109
2004-01-13 00:00:00,4.0279998779296875,4.11299991607666,4.020999908447266
2004-01-14 00:00:00,3.9860000610351562,4.057000160217285,3.9790000915527344
2004-01-15 00:00:00,3.9709999561309814,4.025000095367432,3.9609999656677246
2004-01-16 00:00:00,4.013999938964844,4.031000137329102,3.9210000038146973
2004-01-20 00:00:00,4.057000160217285,4.065999984741211,4.008999824523926
2004-01-21 00:00:00,4.0370001792907715,4.070000171661377,4.0279998779296875
2004-01-22 00:00:00,3.9690001010894775,4.0320000648498535,3.9600000381469727
2004-01-23 00:00:00,4.065999984741211,4.079999923706055,3.9179999828338623
2004-01-26 00:00:00,4.139999866485596,4.14900016784668,4.065999984741211
2004-01-27 00:00:00,4.086999893188477,4.144000053405762,4.077000141143799
2004-01-28 00:00:00,4.195000171661377,4.256999969482422,4.0269999504089355
2004-01-29 00:00:00,4.197000026702881,4.247000217437744,4.184999942779541
2004-01-30 00:00:00,4.138000011444092,4.186999797821045,4.125999927520752
2004-02-02 00:00:00,4.151000022888184,4.172999858856201,4.107999801635742
2004-02-03 00:00:00,4.099999904632568,4.138000011444092,4.098999977111816
2004-02-04 00:00:00,4.124000072479248,4.1529998779296875,4.085000038146973
2004-02-05 00:00:00,4.173999786376953,4.196000099182129,4.105999946594238
2004-02-06 00:00:00,4.089000225067139,4.203000068664551,4.071000099182129
2004-02-09 00:00:00,4.065000057220459,4.09499979019165,4.057000160217285
2004-02-10 00:00:00,4.1020002365112305,4.116000175476074,4.059999942779541
2004-02-11 00:00:00,4.020999908447266,4.135000228881836,3.989000082015991
2004-02-12 00:00:00,4.058000087738037,4.059999942779541,4.004000186920166
2004-02-13 00:00:00,4.047999858856201,4.063000202178955,4.01200008392334
2004-02-17 00:00:00,4.047999858856201,4.059000015258789,4.019000053405762
2004-02-18 00:00:00,4.048999786376953,4.052999973297119,3.992000102996826
2004-02-19 00:00:00,4.052000045776367,4.0929999351501465,4.0289998054504395
2004-02-20 00:00:00,4.0980000495910645,4.109000205993652,4.0370001792907715
2004-02-23 00:00:00,4.050000190734863,4.105999946594238,4.047999858856201
2004-02-24 00:00:00,4.0289998054504395,4.047999858856201,3.996000051498413
2004-02-25 00:00:00,4.014999866485596,4.025000095367432,4.0
2004-02-26 00:00:00,4.046000003814697,4.064000129699707,4.014999866485596
2004-02-27 00:00:00,3.9839999675750732,4.0279998779296875,3.9820001125335693
2004-03-01 00:00:00,3.992000102996826,4.010000228881836,3.938999891281128
2004-03-02 00:00:00,4.046000003814697,4.070000171661377,3.996999979019165
2004-03-03 00:00:00,4.059999942779541,4.105999946594238,4.056000232696533
2004-03-04 00:00:00,4.0289998054504395,4.089000225067139,4.020999908447266
2004-03-05 00:00:00,3.8310000896453857,4.0269999504089355,3.7829999923706055
2004-03-08 00:00:00,3.7760000228881836,3.815999984741211,3.7679998874664307
2004-03-09 00:00:00,3.7190001010894775,3.7829999923706055,3.7039999961853027
2004-03-10 00:00:00,3.734999895095825,3.750999927520752,3.7009999752044678
2004-03-11 00:00:00,3.746999979019165,3.7850000858306885,3.680000066757202
2004-03-12 00:00:00,3.759999990463257,3.7639999389648438,3.7090001106262207
2004-03-15 00:00:00,3.7679998874664307,3.7869999408721924,3.7200000286102295
2004-03-16 00:00:00,3.687999963760376,3.805000066757202,3.684999942779541
2004-03-17 00:00:00,3.683000087738037,3.7170000076293945,3.6500000953674316
2004-03-18 00:00:00,3.749000072479248,3.765000104904175,3.691999912261963
2004-03-19 00:00:00,3.7880001068115234,3.7939999103546143,3.755000114440918
2004-03-22 00:00:00,3.7239999771118164,3.759999990463257,3.7230000495910645
2004-03-23 00:00:00,3.7109999656677246,3.740999937057495,3.700000047683716
2004-03-24 00:00:00,3.7139999866485596,3.7260000705718994,3.674999952316284
2004-03-25 00:00:00,3.739000082015991,3.753999948501587,3.7190001010894775
2004-03-26 00:00:00,3.8429999351501465,3.8429999351501465,3.75
2004-03-29 00:00:00,3.890000104904175,3.9110000133514404,3.8580000400543213
2004-03-30 00:00:00,3.9019999504089355,3.9040000438690186,3.8570001125335693
2004-03-31 00:00:00,3.8369998931884766,3.888000011444092,3.8369998931884766
2004-04-01 00:00:00,3.8980000019073486,3.9130001068115234,3.8310000896453857
2004-04-02 00:00:00,4.139999866485596,4.171000003814697,3.8989999294281006
2004-04-05 00:00:00,4.21999979019165,4.234000205993652,4.156000137329102
2004-04-06 00:00:00,4.171000003814697,4.190999984741211,4.164000034332275
2004-04-07 00:00:00,4.166999816894531,4.178999900817871,4.124000072479248
2004-04-08 00:00:00,4.197000026702881,4.204999923706055,4.1570000648498535
2004-04-12 00:00:00,4.230000019073486,4.25,4.211999893188477
2004-04-13 00:00:00,4.340000152587891,4.3460001945495605,4.263000011444092
2004-04-14 00:00:00,4.381999969482422,4.468999862670898,4.354000091552734
2004-04-15 00:00:00,4.40500020980835,4.414000034332275,4.343999862670898
2004-04-16 00:00:00,4.3520002365112305,4.381999969482422,4.333000183105469
2004-04-19 00:00:00,4.372000217437744,4.374000072479248,4.311999797821045
2004-04-20 00:00:00,4.414999961853027,4.422999858856201,4.370999813079834
2004-04-21 00:00:00,4.422999858856201,4.48199987411499,4.401000022888184
2004-04-22 00:00:00,4.370999813079834,4.435999870300293,4.36899995803833
2004-04-23 00:00:00,4.452000141143799,4.4679999351501465,4.368000030517578
2004-04-26 00:00:00,4.433000087738037,4.453999996185303,4.421999931335449
2004-04-27 00:00:00,4.4039998054504395,4.449999809265137,4.396999835968018
2004-04-28 00:00:00,4.4670000076293945,4.4770002365112305,4.4029998779296875
2004-04-29 00:00:00,4.539999961853027,4.633999824523926,4.413000106811523
2004-04-30 00:00:00,4.500999927520752,4.553999900817871,4.48799991607666
2004-05-03 00:00:00,4.500999927520752,4.535999774932861,4.47599983215332
2004-05-04 00:00:00,4.543000221252441,4.571000099182129,4.443999767303467
2004-05-05 00:00:00,4.571000099182129,4.5879998207092285,4.486999988555908
2004-05-06 00:00:00,4.6020002365112305,4.618000030517578,4.580999851226807
2004-05-07 00:00:00,4.765999794006348,4.794000148773193,4.543000221252441
2004-05-10 00:00:00,4.781000137329102,4.797999858856201,4.74399995803833
2004-05-11 00:00:00,4.76800012588501,4.798999786376953,4.75600004196167
2004-05-12 00:00:00,4.796999931335449,4.798999786376953,4.745999813079834
2004-05-13 00:00:00,4.85099983215332,4.866000175476074,4.814000129699707
2004-05-14 00:00:00,4.788000106811523,4.9039998054504395,4.769999980926514
2004-05-17 00:00:00,4.698999881744385,4.751999855041504,4.697000026702881
2004-05-18 00:00:00,4.736000061035156,4.75600004196167,4.7170000076293945
2004-05-19 00:00:00,4.794000148773193,4.809000015258789,4.771999835968018
2004-05-20 00:00:00,4.7179999351501465,4.76800012588501,4.715000152587891
2004-05-21 00:00:00,4.763999938964844,4.769000053405762,4.679999828338623
2004-05-24 00:00:00,4.739999771118164,4.77400016784668,4.730000019073486
2004-05-25 00:00:00,4.723999977111816,4.736000061035156,4.706999778747559
2004-05-26 00:00:00,4.671000003814697,4.706999778747559,4.669000148773193
2004-05-27 00:00:00,4.5879998207092285,4.685999870300293,4.585999965667725
2004-05-28 00:00:00,4.65500020980835,4.668000221252441,4.591000080108643
2004-06-01 00:00:00,4.703999996185303,4.74399995803833,4.675000190734863
2004-06-02 00:00:00,4.730000019073486,4.73799991607666,4.698999881744385
2004-06-03 00:00:00,4.711999893188477,4.76200008392334,4.703999996185303
2004-06-04 00:00:00,4.77400016784668,4.7779998779296875,4.681000232696533
2004-06-07 00:00:00,4.764999866485596,4.810999870300293,4.757999897003174
2004-06-08 00:00:00,4.770999908447266,4.815999984741211,4.75600004196167
2004-06-09 00:00:00,4.811999797821045,4.8429999351501465,4.785999774932861
2004-06-10 00:00:00,4.790999889373779,4.8379998207092285,4.789000034332275
2004-06-14 00:00:00,4.869999885559082,4.874000072479248,4.820000171661377
2004-06-15 00:00:00,4.685999870300293,4.835999965667725,4.683000087738037
2004-06-16 00:00:00,4.73199987411499,4.755000114440918,4.710000038146973
2004-06-17 00:00:00,4.691999912261963,4.764999866485596,4.686999797821045
2004-06-18 00:00:00,4.710000038146973,4.715000152587891,4.651000022888184
2004-06-21 00:00:00,4.690000057220459,4.715000152587891,4.676000118255615
2004-06-22 00:00:00,4.703999996185303,4.718999862670898,4.696000099182129
2004-06-23 00:00:00,4.697999954223633,4.736999988555908,4.684000015258789
2004-06-24 00:00:00,4.645999908447266,4.676000118255615,4.61299991607666
2004-06-25 00:00:00,4.644999980926514,4.672999858856201,4.642000198364258
2004-06-28 00:00:00,4.738999843597412,4.751999855041504,4.631999969482422
2004-06-29 00:00:00,4.695000171661377,4.760000228881836,4.693999767303467
2004-06-30 00:00:00,4.617000102996826,4.682000160217285,4.589000225067139
2004-07-01 00:00:00,4.564000129699707,4.629000186920166,4.561999797821045
2004-07-02 00:00:00,4.458000183105469,4.579999923706055,4.409999847412109
2004-07-06 00:00:00,4.480000019073486,4.486000061035156,4.442999839782715
2004-07-07 00:00:00,4.4720001220703125,4.492000102996826,4.460999965667725
2004-07-08 00:00:00,4.46999979019165,4.502999782562256,4.442999839782715
2004-07-09 00:00:00,4.466000080108643,4.492000102996826,4.455999851226807
2004-07-12 00:00:00,4.442999839782715,4.455999851226807,4.431000232696533
2004-07-13 00:00:00,4.479000091552734,4.508999824523926,4.474999904632568
2004-07-14 00:00:00,4.484000205993652,4.499000072479248,4.442999839782715
2004-07-15 00:00:00,4.485000133514404,4.502999782562256,4.47599983215332
2004-07-16 00:00:00,4.361000061035156,4.493000030517578,4.361000061035156
2004-07-19 00:00:00,4.361000061035156,4.375999927520752,4.35099983215332
2004-07-20 00:00:00,4.447999954223633,4.448999881744385,4.369999885559082
2004-07-21 00:00:00,4.486999988555908,4.51800012588501,4.4710001945495605
2004-07-22 00:00:00,4.461999893188477,4.49399995803833,4.441999912261963
2004-07-23 00:00:00,4.432000160217285,4.4629998207092285,4.432000160217285
2004-07-26 00:00:00,4.474999904632568,4.486999988555908,4.435999870300293
2004-07-27 00:00:00,4.59499979019165,4.60099983215332,4.493000030517578
2004-07-28 00:00:00,4.585000038146973,4.640999794006348,4.585000038146973
2004-07-29 00:00:00,4.572999954223633,4.63100004196167,4.565000057220459
2004-07-30 00:00:00,4.474999904632568,4.565000057220459,4.46999979019165
2004-08-02 00:00:00,4.454999923706055,4.4670000076293945,4.428999900817871
2004-08-03 00:00:00,4.421999931335449,4.4730000495910645,4.4120001792907715
2004-08-04 00:00:00,4.428999900817871,4.447000026702881,4.388000011444092
2004-08-05 00:00:00,4.400000095367432,4.429999828338623,4.382999897003174
2004-08-06 00:00:00,4.218999862670898,4.3979997634887695,4.171000003814697
2004-08-09 00:00:00,4.24399995803833,4.25,4.224999904632568
2004-08-10 00:00:00,4.2870001792907715,4.290999889373779,4.2230000495910645
2004-08-11 00:00:00,4.275000095367432,4.311999797821045,4.264999866485596
2004-08-12 00:00:00,4.25,4.306000232696533,4.242000102996826
2004-08-13 00:00:00,4.2129998207092285,4.241000175476074,4.197999954223633
2004-08-16 00:00:00,4.257999897003174,4.289000034332275,4.2270002365112305
2004-08-17 00:00:00,4.205999851226807,4.2729997634887695,4.203000068664551
2004-08-18 00:00:00,4.2270002365112305,4.234000205993652,4.1539998054504395
2004-08-19 00:00:00,4.210999965667725,4.251999855041504,4.206999778747559
2004-08-20 00:00:00,4.230999946594238,4.242000102996826,4.199999809265137
2004-08-23 00:00:00,4.2789998054504395,4.296000003814697,4.264999866485596
2004-08-24 00:00:00,4.2829999923706055,4.315999984741211,4.28000020980835
2004-08-25 00:00:00,4.261000156402588,4.297999858856201,4.230999946594238
2004-08-26 00:00:00,4.2270002365112305,4.2729997634887695,4.218999862670898
2004-08-27 00:00:00,4.2270002365112305,4.230000019073486,4.188000202178955
2004-08-30 00:00:00,4.188000202178955,4.2230000495910645,4.188000202178955
2004-08-31 00:00:00,4.131999969482422,4.184000015258789,4.0960001945495605
2004-09-01 00:00:00,4.123000144958496,4.159999847412109,4.081999778747559
2004-09-02 00:00:00,4.193999767303467,4.196000099182129,4.116000175476074
2004-09-03 00:00:00,4.293000221252441,4.297999858856201,4.165999889373779
2004-09-07 00:00:00,4.245999813079834,4.293000221252441,4.244999885559082
2004-09-08 00:00:00,4.163000106811523,4.2870001792907715,4.15500020980835
2004-09-09 00:00:00,4.198999881744385,4.203999996185303,4.13100004196167
2004-09-10 00:00:00,4.179999828338623,4.192999839782715,4.129000186920166
2004-09-13 00:00:00,4.151000022888184,4.190999984741211,4.14300012588501
2004-09-14 00:00:00,4.132999897003174,4.179999828338623,4.123000144958496
2004-09-15 00:00:00,4.170000076293945,4.177999973297119,4.13100004196167
2004-09-16 00:00:00,4.068999767303467,4.177999973297119,4.057000160217285
2004-09-17 00:00:00,4.126999855041504,4.126999855041504,4.056000232696533
2004-09-20 00:00:00,4.058000087738037,4.105999946594238,4.054999828338623
2004-09-21 00:00:00,4.0370001792907715,4.093999862670898,4.0279998779296875
2004-09-22 00:00:00,3.989000082015991,4.058000087738037,3.9779999256134033
2004-09-23 00:00:00,4.0279998779296875,4.0289998054504395,3.9630000591278076
2004-09-24 00:00:00,4.031000137329102,4.063000202178955,4.010000228881836
2004-09-27 00:00:00,3.996999979019165,4.0329999923706055,3.9779999256134033
2004-09-28 00:00:00,4.01200008392334,4.0289998054504395,3.9639999866485596
2004-09-29 00:00:00,4.090000152587891,4.104000091552734,4.031000137329102
2004-09-30 00:00:00,4.11899995803833,4.170000076293945,4.056000232696533
2004-10-01 00:00:00,4.190999984741211,4.204999923706055,4.156000137329102
2004-10-04 00:00:00,4.172999858856201,4.239999771118164,4.170000076293945
2004-10-05 00:00:00,4.172999858856201,4.190000057220459,4.1579999923706055
2004-10-06 00:00:00,4.223999977111816,4.234000205993652,4.175000190734863
2004-10-07 00:00:00,4.24399995803833,4.257999897003174,4.2129998207092285
2004-10-08 00:00:00,4.132999897003174,4.249000072479248,4.11899995803833
2004-10-11 00:00:00,4.132999897003174,4.132999897003174,4.132999897003174
2004-10-12 00:00:00,4.1020002365112305,4.110000133514404,4.080999851226807
2004-10-13 00:00:00,4.078000068664551,4.144000053405762,4.071000099182129
2004-10-14 00:00:00,4.014999866485596,4.073999881744385,4.013000011444092
2004-10-15 00:00:00,4.052999973297119,4.111999988555908,3.996999979019165
2004-10-18 00:00:00,4.052999973297119,4.085000038146973,4.046999931335449
2004-10-19 00:00:00,4.038000106811523,4.105000019073486,4.0320000648498535
2004-10-20 00:00:00,3.990999937057495,4.01800012588501,3.9800000190734863
2004-10-21 00:00:00,3.996999979019165,4.005000114440918,3.9549999237060547
2004-10-22 00:00:00,3.9839999675750732,4.0329999923706055,3.9839999675750732
2004-10-25 00:00:00,3.9709999561309814,3.9760000705718994,3.943000078201294
2004-10-26 00:00:00,3.989000082015991,3.994999885559082,3.9570000171661377
2004-10-27 00:00:00,4.0879998207092285,4.0929999351501465,3.9639999866485596
2004-10-28 00:00:00,4.079999923706055,4.119999885559082,4.045000076293945
2004-10-29 00:00:00,4.0289998054504395,4.089000225067139,4.025000095367432
2004-11-01 00:00:00,4.090000152587891,4.09499979019165,4.035999774932861
2004-11-02 00:00:00,4.074999809265137,4.103000164031982,4.073999881744385
2004-11-03 00:00:00,4.070000171661377,4.159999847412109,4.065000057220459
2004-11-04 00:00:00,4.067999839782715,4.072000026702881,4.038000106811523
2004-11-05 00:00:00,4.185999870300293,4.243000030517578,4.070000171661377
2004-11-08 00:00:00,4.215000152587891,4.224999904632568,4.196000099182129
2004-11-09 00:00:00,4.2179999351501465,4.21999979019165,4.188000202178955
2004-11-10 00:00:00,4.252999782562256,4.2729997634887695,4.211999893188477
2004-11-11 00:00:00,4.252999782562256,4.252999782562256,4.252999782562256
2004-11-12 00:00:00,4.197999954223633,4.236999988555908,4.171000003814697
2004-11-15 00:00:00,4.190000057220459,4.210999965667725,4.178999900817871
2004-11-16 00:00:00,4.208000183105469,4.2230000495910645,4.173999786376953
2004-11-17 00:00:00,4.144000053405762,4.244999885559082,4.133999824523926
2004-11-18 00:00:00,4.117000102996826,4.163000106811523,4.11299991607666
2004-11-19 00:00:00,4.196000099182129,4.215000152587891,4.0980000495910645
2004-11-22 00:00:00,4.164999961853027,4.203999996185303,4.164999961853027
2004-11-23 00:00:00,4.184000015258789,4.210999965667725,4.139999866485596
2004-11-24 00:00:00,4.195000171661377,4.201000213623047,4.176000118255615
2004-11-26 00:00:00,4.23799991607666,4.249000072479248,4.228000164031982
2004-11-29 00:00:00,4.329999923706055,4.341000080108643,4.2230000495910645
2004-11-30 00:00:00,4.357999801635742,4.381999969482422,4.329999923706055
2004-12-01 00:00:00,4.375,4.388999938964844,4.323999881744385
2004-12-02 00:00:00,4.396999835968018,4.420000076293945,4.367000102996826
2004-12-03 00:00:00,4.269999980926514,4.3979997634887695,4.230000019073486
2004-12-06 00:00:00,4.239999771118164,4.256999969482422,4.223999977111816
2004-12-07 00:00:00,4.2270002365112305,4.256999969482422,4.2220001220703125
2004-12-08 00:00:00,4.133999824523926,4.2210001945495605,4.130000114440918
2004-12-09 00:00:00,4.160999774932861,4.179999828338623,4.111000061035156
2004-12-10 00:00:00,4.156000137329102,4.165999889373779,4.131999969482422
2004-12-13 00:00:00,4.151000022888184,4.172999858856201,4.120999813079834
2004-12-14 00:00:00,4.131999969482422,4.189000129699707,4.125
2004-12-15 00:00:00,4.076000213623047,4.103000164031982,4.068999767303467
2004-12-16 00:00:00,4.184999942779541,4.192999839782715,4.085000038146973
2004-12-17 00:00:00,4.206999778747559,4.248000144958496,4.170000076293945
2004-12-20 00:00:00,4.198999881744385,4.206999778747559,4.177999973297119
2004-12-21 00:00:00,4.168000221252441,4.201000213623047,4.168000221252441
2004-12-22 00:00:00,4.201000213623047,4.210000038146973,4.168000221252441
2004-12-23 00:00:00,4.2179999351501465,4.22599983215332,4.204999923706055
2004-12-27 00:00:00,4.290999889373779,4.311999797821045,4.238999843597412
2004-12-28 00:00:00,4.290999889373779,4.3460001945495605,4.289000034332275
2004-12-29 00:00:00,4.322000026702881,4.328000068664551,4.2779998779296875
2004-12-30 00:00:00,4.263000011444092,4.322999954223633,4.255000114440918
2004-12-31 00:00:00,4.216000080108643,4.243000030517578,4.216000080108643
2005-01-03 00:00:00,4.21999979019165,4.269999980926514,4.203000068664551
2005-01-04 00:00:00,4.2829999923706055,4.307000160217285,4.197000026702881
2005-01-05 00:00:00,4.2769999504089355,4.303999900817871,4.255000114440918
2005-01-06 00:00:00,4.271999835968018,4.297999858856201,4.256999969482422
2005-01-07 00:00:00,4.284999847412109,4.313000202178955,4.1479997634887695
2005-01-10 00:00:00,4.2779998779296875,4.295000076293945,4.260000228881836
2005-01-11 00:00:00,4.24399995803833,4.296999931335449,4.23799991607666
2005-01-12 00:00:00,4.236000061035156,4.270999908447266,4.2220001220703125
2005-01-13 00:00:00,4.186999797821045,4.236000061035156,4.172999858856201
2005-01-14 00:00:00,4.216000080108643,4.234000205993652,4.159999847412109
2005-01-18 00:00:00,4.195000171661377,4.242000102996826,4.192999839782715
2005-01-19 00:00:00,4.186999797821045,4.214000225067139,4.1519999504089355
2005-01-20 00:00:00,4.164999961853027,4.215000152587891,4.1519999504089355
2005-01-21 00:00:00,4.142000198364258,4.183000087738037,4.139999866485596
2005-01-24 00:00:00,4.122000217437744,4.1519999504089355,4.119999885559082
2005-01-25 00:00:00,4.189000129699707,4.202000141143799,4.11899995803833
2005-01-26 00:00:00,4.191999912261963,4.197000026702881,4.166999816894531
2005-01-27 00:00:00,4.206999778747559,4.242000102996826,4.203999996185303
2005-01-28 00:00:00,4.138000011444092,4.201000213623047,4.127999782562256
2005-01-31 00:00:00,4.132999897003174,4.169000148773193,4.132999897003174
2005-02-01 00:00:00,4.136000156402588,4.1529998779296875,4.116000175476074
2005-02-02 00:00:00,4.139999866485596,4.163000106811523,4.125999927520752
2005-02-03 00:00:00,4.163000106811523,4.193999767303467,4.1570000648498535
2005-02-04 00:00:00,4.072999954223633,4.163000106811523,4.046000003814697
2005-02-07 00:00:00,4.052000045776367,4.086999893188477,4.041999816894531
2005-02-08 00:00:00,4.0370001792907715,4.070000171661377,4.013000011444092
2005-02-09 00:00:00,3.9769999980926514,4.059999942779541,3.9769999980926514
2005-02-10 00:00:00,4.072999954223633,4.080999851226807,4.006999969482422
2005-02-11 00:00:00,4.09499979019165,4.111999988555908,4.064000129699707
2005-02-14 00:00:00,4.072999954223633,4.10699987411499,4.063000202178955
2005-02-15 00:00:00,4.0980000495910645,4.107999801635742,4.076000213623047
2005-02-16 00:00:00,4.1579999923706055,4.165999889373779,4.0920000076293945
2005-02-17 00:00:00,4.184999942779541,4.203000068664551,4.164999961853027
2005-02-18 00:00:00,4.260000228881836,4.275000095367432,4.205999851226807
2005-02-22 00:00:00,4.284999847412109,4.289000034332275,4.258999824523926
2005-02-23 00:00:00,4.26800012588501,4.301000118255615,4.21999979019165
2005-02-24 00:00:00,4.281000137329102,4.284999847412109,4.22599983215332
2005-02-25 00:00:00,4.271999835968018,4.293000221252441,4.254000186920166
2005-02-28 00:00:00,4.359000205993652,4.383999824523926,4.26800012588501
2005-03-01 00:00:00,4.372000217437744,4.394999980926514,4.361000061035156
2005-03-02 00:00:00,4.379000186920166,4.406000137329102,4.361000061035156
2005-03-03 00:00:00,4.382999897003174,4.390999794006348,4.3470001220703125
2005-03-04 00:00:00,4.309999942779541,4.427999973297119,4.300000190734863
2005-03-07 00:00:00,4.303999900817871,4.313000202178955,4.289000034332275
2005-03-08 00:00:00,4.375,4.390999794006348,4.328999996185303
2005-03-09 00:00:00,4.513999938964844,4.513999938964844,4.440000057220459
2005-03-10 00:00:00,4.459000110626221,4.550000190734863,4.445000171661377
2005-03-11 00:00:00,4.534999847412109,4.546000003814697,4.48799991607666
2005-03-14 00:00:00,4.515999794006348,4.568999767303467,4.513999938964844
2005-03-15 00:00:00,4.541999816894531,4.554999828338623,4.4710001945495605
2005-03-16 00:00:00,4.51800012588501,4.543000221252441,4.460000038146973
2005-03-17 00:00:00,4.46999979019165,4.48199987411499,4.438000202178955
2005-03-18 00:00:00,4.511000156402588,4.513000011444092,4.486999988555908
2005-03-21 00:00:00,4.525000095367432,4.534999847412109,4.508999824523926
2005-03-22 00:00:00,4.610000133514404,4.623000144958496,4.4720001220703125
2005-03-23 00:00:00,4.60699987411499,4.692999839782715,4.59499979019165
2005-03-24 00:00:00,4.591000080108643,4.605999946594238,4.565999984741211
2005-03-28 00:00:00,4.624000072479248,4.63700008392334,4.605000019073486
2005-03-29 00:00:00,4.591000080108643,4.611000061035156,4.581999778747559
2005-03-30 00:00:00,4.558000087738037,4.60099983215332,4.552000045776367
2005-03-31 00:00:00,4.495999813079834,4.560999870300293,4.489999771118164
2005-04-01 00:00:00,4.451000213623047,4.540999889373779,4.3979997634887695
2005-04-04 00:00:00,4.455999851226807,4.46999979019165,4.421999931335449
2005-04-05 00:00:00,4.46999979019165,4.482999801635742,4.441999912261963
2005-04-06 00:00:00,4.435999870300293,4.461999893188477,4.426000118255615
2005-04-07 00:00:00,4.4720001220703125,4.486000061035156,4.394000053405762
2005-04-08 00:00:00,4.491000175476074,4.525000095367432,4.473999977111816
2005-04-11 00:00:00,4.445000171661377,4.488999843597412,4.426000118255615
2005-04-12 00:00:00,4.360000133514404,4.4670000076293945,4.3470001220703125
2005-04-13 00:00:00,4.374000072479248,4.3979997634887695,4.326000213623047
2005-04-14 00:00:00,4.357999801635742,4.377999782562256,4.3429999351501465
2005-04-15 00:00:00,4.270999908447266,4.329999923706055,4.267000198364258
2005-04-18 00:00:00,4.249000072479248,4.269999980926514,4.2220001220703125
2005-04-19 00:00:00,4.203000068664551,4.283999919891357,4.190000057220459
2005-04-20 00:00:00,4.210999965667725,4.296999931335449,4.203000068664551
2005-04-21 00:00:00,4.300000190734863,4.306000232696533,4.224999904632568
2005-04-22 00:00:00,4.255000114440918,4.2870001792907715,4.25
2005-04-25 00:00:00,4.250999927520752,4.264999866485596,4.236999988555908
2005-04-26 00:00:00,4.267000198364258,4.295000076293945,4.224999904632568
2005-04-27 00:00:00,4.236999988555908,4.289000034332275,4.204999923706055
2005-04-28 00:00:00,4.172999858856201,4.234000205993652,4.165999889373779
2005-04-29 00:00:00,4.201000213623047,4.2129998207092285,4.144000053405762
2005-05-02 00:00:00,4.193999767303467,4.230000019073486,4.182000160217285
2005-05-03 00:00:00,4.185999870300293,4.216000080108643,4.164000034332275
2005-05-04 00:00:00,4.185999870300293,4.235000133514404,4.171000003814697
2005-05-05 00:00:00,4.1620001792907715,4.216000080108643,4.135000228881836
2005-05-06 00:00:00,4.265999794006348,4.28000020980835,4.1579999923706055
2005-05-09 00:00:00,4.2779998779296875,4.291999816894531,4.269999980926514
2005-05-10 00:00:00,4.2220001220703125,4.263999938964844,4.2170000076293945
2005-05-11 00:00:00,4.202000141143799,4.228000164031982,4.151000022888184
2005-05-12 00:00:00,4.184000015258789,4.249000072479248,4.176000118255615
2005-05-13 00:00:00,4.120999813079834,4.172999858856201,4.1020002365112305
2005-05-16 00:00:00,4.125,4.144000053405762,4.1020002365112305
2005-05-17 00:00:00,4.117000102996826,4.163000106811523,4.09499979019165
2005-05-18 00:00:00,4.067999839782715,4.116000175476074,4.043000221252441
2005-05-19 00:00:00,4.107999801635742,4.110000133514404,4.065999984741211
2005-05-20 00:00:00,4.125,4.133999824523926,4.109000205993652
2005-05-23 00:00:00,4.072000026702881,4.142000198364258,4.050000190734863
2005-05-24 00:00:00,4.0370001792907715,4.066999912261963,4.01200008392334
2005-05-25 00:00:00,4.072000026702881,4.081999778747559,4.001999855041504
2005-05-26 00:00:00,4.080999851226807,4.0980000495910645,4.057000160217285
2005-05-27 00:00:00,4.072999954223633,4.093999862670898,4.071000099182129
2005-05-31 00:00:00,4.00600004196167,4.047999858856201,3.992000102996826
2005-06-01 00:00:00,3.9070000648498535,3.9800000190734863,3.890000104904175
2005-06-02 00:00:00,3.890000104904175,3.9179999828338623,3.885999917984009
2005-06-03 00:00:00,3.9790000915527344,3.9830000400543213,3.802999973297119
2005-06-06 00:00:00,3.9619998931884766,3.997999906539917,3.9600000381469727
2005-06-07 00:00:00,3.9110000133514404,3.947999954223633,3.8949999809265137
2005-06-08 00:00:00,3.940000057220459,3.944999933242798,3.9100000858306885
2005-06-09 00:00:00,3.9649999141693115,4.000999927520752,3.9570000171661377
2005-06-10 00:00:00,4.046999931335449,4.046999931335449,3.9769999980926514
2005-06-13 00:00:00,4.085999965667725,4.098999977111816,4.066999912261963
2005-06-14 00:00:00,4.126999855041504,4.131999969482422,4.056000232696533
2005-06-15 00:00:00,4.114999771118164,4.1519999504089355,4.093999862670898
2005-06-16 00:00:00,4.076000213623047,4.13700008392334,4.071000099182129
2005-06-17 00:00:00,4.078000068664551,4.103000164031982,4.063000202178955
2005-06-20 00:00:00,4.103000164031982,4.1479997634887695,4.072999954223633
2005-06-21 00:00:00,4.048999786376953,4.113999843597412,4.048999786376953
2005-06-22 00:00:00,3.944999933242798,4.013999938964844,3.944000005722046
2005-06-23 00:00:00,3.9590001106262207,3.99399995803833,3.953000068664551
2005-06-24 00:00:00,3.9140000343322754,3.9489998817443848,3.9070000648498535
2005-06-27 00:00:00,3.9019999504089355,3.9230000972747803,3.8929998874664307
2005-06-28 00:00:00,3.9760000705718994,3.9790000915527344,3.931999921798706
2005-06-29 00:00:00,3.990000009536743,4.001999855041504,3.927999973297119
2005-06-30 00:00:00,3.944999933242798,3.989000082015991,3.936000108718872
2005-07-01 00:00:00,4.048999786376953,4.048999786376953,3.941999912261963
2005-07-05 00:00:00,4.098999977111816,4.105000019073486,4.059999942779541
2005-07-06 00:00:00,4.074999809265137,4.098999977111816,4.067999839782715
2005-07-07 00:00:00,4.031000137329102,4.048999786376953,3.990999937057495
2005-07-08 00:00:00,4.109000205993652,4.11299991607666,4.0329999923706055
2005-07-11 00:00:00,4.1020002365112305,4.1519999504089355,4.099999904632568
2005-07-12 00:00:00,4.140999794006348,4.14900016784668,4.091000080108643
2005-07-13 00:00:00,4.163000106811523,4.175000190734863,4.145999908447266
2005-07-14 00:00:00,4.179999828338623,4.196000099182129,4.131999969482422
2005-07-15 00:00:00,4.175000190734863,4.205999851226807,4.164999961853027
2005-07-18 00:00:00,4.2230000495910645,4.223999977111816,4.1620001792907715
2005-07-19 00:00:00,4.189000129699707,4.248000144958496,4.177000045776367
2005-07-20 00:00:00,4.177000045776367,4.23799991607666,4.177000045776367
2005-07-21 00:00:00,4.2820000648498535,4.289000034332275,4.198999881744385
2005-07-22 00:00:00,4.2230000495910645,4.26200008392334,4.2129998207092285
2005-07-25 00:00:00,4.247000217437744,4.258999824523926,4.2170000076293945
2005-07-26 00:00:00,4.238999843597412,4.256999969482422,4.234000205993652
2005-07-27 00:00:00,4.261000156402588,4.269000053405762,4.2179999351501465
2005-07-28 00:00:00,4.196000099182129,4.269000053405762,4.190999984741211
2005-07-29 00:00:00,4.285999774932861,4.297999858856201,4.193999767303467
2005-08-01 00:00:00,4.318999767303467,4.35099983215332,4.293000221252441
2005-08-02 00:00:00,4.335999965667725,4.348999977111816,4.302999973297119
2005-08-03 00:00:00,4.300000190734863,4.336999893188477,4.289999961853027
2005-08-04 00:00:00,4.318999767303467,4.329999923706055,4.285999774932861
2005-08-05 00:00:00,4.392000198364258,4.4019999504089355,4.303999900817871
2005-08-08 00:00:00,4.419000148773193,4.419000148773193,4.388000011444092
2005-08-09 00:00:00,4.394000053405762,4.434999942779541,4.392000198364258
2005-08-10 00:00:00,4.4039998054504395,4.419000148773193,4.363999843597412
2005-08-11 00:00:00,4.334000110626221,4.4019999504089355,4.302000045776367
2005-08-12 00:00:00,4.23799991607666,4.388999938964844,4.236999988555908
2005-08-15 00:00:00,4.269999980926514,4.269999980926514,4.250999927520752
2005-08-16 00:00:00,4.2270002365112305,4.281000137329102,4.202000141143799
2005-08-17 00:00:00,4.2729997634887695,4.27400016784668,4.218999862670898
2005-08-18 00:00:00,4.216000080108643,4.25,4.214000225067139
2005-08-19 00:00:00,4.210999965667725,4.243000030517578,4.208000183105469
2005-08-22 00:00:00,4.218999862670898,4.255000114440918,4.2170000076293945
2005-08-23 00:00:00,4.186999797821045,4.229000091552734,4.172999858856201
2005-08-24 00:00:00,4.178999900817871,4.199999809265137,4.1479997634887695
2005-08-25 00:00:00,4.159999847412109,4.189000129699707,4.1529998779296875
2005-08-26 00:00:00,4.189000129699707,4.197000026702881,4.144000053405762
2005-08-29 00:00:00,4.172999858856201,4.177999973297119,4.146999835968018
2005-08-30 00:00:00,4.090000152587891,4.177999973297119,4.090000152587891
2005-08-31 00:00:00,4.019999980926514,4.0960001945495605,4.005000114440918
2005-09-01 00:00:00,4.019000053405762,4.053999900817871,3.9830000400543213
2005-09-02 00:00:00,4.0289998054504395,4.053999900817871,4.013000011444092
2005-09-06 00:00:00,4.085000038146973,4.0920000076293945,4.0329999923706055
2005-09-07 00:00:00,4.138000011444092,4.169000148773193,4.0960001945495605
2005-09-08 00:00:00,4.138999938964844,4.150000095367432,4.104000091552734
2005-09-09 00:00:00,4.123000144958496,4.13100004196167,4.099999904632568
2005-09-12 00:00:00,4.169000148773193,4.197000026702881,4.142000198364258
2005-09-13 00:00:00,4.133999824523926,4.169000148773193,4.110000133514404
2005-09-14 00:00:00,4.168000221252441,4.171999931335449,4.10699987411499
2005-09-15 00:00:00,4.214000225067139,4.234000205993652,4.133999824523926
2005-09-16 00:00:00,4.26200008392334,4.281000137329102,4.2220001220703125
2005-09-19 00:00:00,4.247000217437744,4.275000095367432,4.235000133514404
2005-09-20 00:00:00,4.243000030517578,4.295000076293945,4.234000205993652
2005-09-21 00:00:00,4.188000202178955,4.204999923706055,4.177000045776367
2005-09-22 00:00:00,4.176000118255615,4.191999912261963,4.151000022888184
2005-09-23 00:00:00,4.248000144958496,4.250999927520752,4.201000213623047
2005-09-26 00:00:00,4.294000148773193,4.304999828338623,4.275000095367432
2005-09-27 00:00:00,4.301000118255615,4.321000099182129,4.263000011444092
2005-09-28 00:00:00,4.26200008392334,4.320000171661377,4.25
2005-09-29 00:00:00,4.289000034332275,4.306000232696533,4.236000061035156
2005-09-30 00:00:00,4.328000068664551,4.341000080108643,4.2789998054504395
2005-10-03 00:00:00,4.386000156402588,4.395999908447266,4.316999912261963
2005-10-04 00:00:00,4.375999927520752,4.392000198364258,4.3520002365112305
2005-10-05 00:00:00,4.361000061035156,4.368000030517578,4.329999923706055
2005-10-06 00:00:00,4.366000175476074,4.375,4.334000110626221
2005-10-07 00:00:00,4.361000061035156,4.440999984741211,4.361000061035156
2005-10-11 00:00:00,4.383999824523926,4.40500020980835,4.361000061035156
2005-10-12 00:00:00,4.440999984741211,4.454999923706055,4.395999908447266
2005-10-13 00:00:00,4.474999904632568,4.500999927520752,4.4670000076293945
2005-10-14 00:00:00,4.491000175476074,4.5279998779296875,4.427000045776367
2005-10-17 00:00:00,4.488999843597412,4.499000072479248,4.460999965667725
2005-10-18 00:00:00,4.480999946594238,4.51200008392334,4.4670000076293945
2005-10-19 00:00:00,4.4629998207092285,4.465000152587891,4.433000087738037
2005-10-20 00:00:00,4.459000110626221,4.498000144958496,4.453000068664551
2005-10-21 00:00:00,4.389999866485596,4.447999954223633,4.375999927520752
2005-10-24 00:00:00,4.446000099182129,4.461999893188477,4.394000053405762
2005-10-25 00:00:00,4.507999897003174,4.510000228881836,4.427999973297119
2005-10-26 00:00:00,4.591000080108643,4.603000164031982,4.553999900817871
2005-10-27 00:00:00,4.558000087738037,4.585000038146973,4.541999816894531
2005-10-28 00:00:00,4.566999912261963,4.605000019073486,4.533999919891357
2005-10-31 00:00:00,4.559000015258789,4.5929999351501465,4.533999919891357
2005-11-01 00:00:00,4.577000141143799,4.583000183105469,4.534999847412109
2005-11-02 00:00:00,4.610000133514404,4.618000030517578,4.565000057220459
2005-11-03 00:00:00,4.644000053405762,4.64900016784668,4.580999851226807
2005-11-04 00:00:00,4.6570000648498535,4.682000160217285,4.604000091552734
2005-11-07 00:00:00,4.638999938964844,4.64900016784668,4.619999885559082
2005-11-08 00:00:00,4.565000057220459,4.5960001945495605,4.554999828338623
2005-11-09 00:00:00,4.635000228881836,4.644999980926514,4.560999870300293
2005-11-10 00:00:00,4.564000129699707,4.63700008392334,4.561999797821045
2005-11-14 00:00:00,4.604000091552734,4.624000072479248,4.554999828338623
2005-11-15 00:00:00,4.557000160217285,4.619999885559082,4.543000221252441
2005-11-16 00:00:00,4.484000205993652,4.559000015258789,4.474999904632568
2005-11-17 00:00:00,4.459000110626221,4.519999980926514,4.434000015258789
2005-11-18 00:00:00,4.501999855041504,4.507999897003174,4.4720001220703125
2005-11-21 00:00:00,4.460999965667725,4.478000164031982,4.447000026702881
2005-11-22 00:00:00,4.427999973297119,4.480000019073486,4.423999786376953
2005-11-23 00:00:00,4.473999977111816,4.480000019073486,4.421999931335449
2005-11-25 00:00:00,4.431000232696533,4.447000026702881,4.423999786376953
2005-11-28 00:00:00,4.406000137329102,4.453000068664551,4.388000011444092
2005-11-29 00:00:00,4.48199987411499,4.48799991607666,4.394000053405762
2005-11-30 00:00:00,4.5,4.51200008392334,4.454999923706055
2005-12-01 00:00:00,4.520999908447266,4.545000076293945,4.460999965667725
2005-12-02 00:00:00,4.519000053405762,4.545000076293945,4.507999897003174
2005-12-05 00:00:00,4.566999912261963,4.580999851226807,4.539000034332275
2005-12-06 00:00:00,4.49399995803833,4.557000160217285,4.478000164031982
2005-12-07 00:00:00,4.517000198364258,4.5289998054504395,4.498000144958496
2005-12-08 00:00:00,4.464000225067139,4.50600004196167,4.461999893188477
2005-12-09 00:00:00,4.5370001792907715,4.539000034332275,4.47599983215332
2005-12-12 00:00:00,4.546999931335449,4.568999767303467,4.508999824523926
2005-12-13 00:00:00,4.534999847412109,4.552999973297119,4.508999824523926
2005-12-14 00:00:00,4.449999809265137,4.489999771118164,4.431000232696533
2005-12-15 00:00:00,4.4679999351501465,4.506999969482422,4.431000232696533
2005-12-16 00:00:00,4.447999954223633,4.453999996185303,4.421000003814697
2005-12-19 00:00:00,4.441999912261963,4.4679999351501465,4.421000003814697
2005-12-20 00:00:00,4.466000080108643,4.478000164031982,4.452000141143799
2005-12-21 00:00:00,4.486000061035156,4.498000144958496,4.4679999351501465
2005-12-22 00:00:00,4.433000087738037,4.48199987411499,4.427000045776367
2005-12-23 00:00:00,4.380000114440918,4.449999809265137,4.377999782562256
2005-12-27 00:00:00,4.341000080108643,4.396999835968018,4.339000225067139
2005-12-28 00:00:00,4.377999782562256,4.380000114440918,4.339000225067139
2005-12-29 00:00:00,4.375999927520752,4.396999835968018,4.361999988555908
2005-12-30 00:00:00,4.394999980926514,4.396999835968018,4.334000110626221
2006-01-03 00:00:00,4.369999885559082,4.427999973297119,4.3480000495910645
2006-01-04 00:00:00,4.355999946594238,4.39900016784668,4.3420000076293945
2006-01-05 00:00:00,4.355999946594238,4.38100004196167,4.340000152587891
2006-01-06 00:00:00,4.379000186920166,4.413000106811523,4.328000068664551
2006-01-09 00:00:00,4.379000186920166,4.39300012588501,4.361999988555908
2006-01-10 00:00:00,4.427999973297119,4.432000160217285,4.382999897003174
2006-01-11 00:00:00,4.458000183105469,4.461999893188477,4.4120001792907715
2006-01-12 00:00:00,4.409999847412109,4.452000141143799,4.4079999923706055
2006-01-13 00:00:00,4.349999904632568,4.432000160217285,4.3460001945495605
2006-01-17 00:00:00,4.331999778747559,4.375,4.329999923706055
2006-01-18 00:00:00,4.340000152587891,4.36299991607666,4.289000034332275
2006-01-19 00:00:00,4.379000186920166,4.388999938964844,4.343999862670898
2006-01-20 00:00:00,4.361000061035156,4.382999897003174,4.34499979019165
2006-01-23 00:00:00,4.35699987411499,4.406000137329102,4.34499979019165
2006-01-24 00:00:00,4.389999866485596,4.400000095367432,4.36899995803833
2006-01-25 00:00:00,4.479000091552734,4.482999801635742,4.409999847412109
2006-01-26 00:00:00,4.5229997634887695,4.5370001792907715,4.482999801635742
2006-01-27 00:00:00,4.502999782562256,4.525000095367432,4.474999904632568
2006-01-30 00:00:00,4.534999847412109,4.557000160217285,4.519000053405762
2006-01-31 00:00:00,4.5269999504089355,4.552999973297119,4.511000156402588
2006-02-01 00:00:00,4.560999870300293,4.572999954223633,4.525000095367432
2006-02-02 00:00:00,4.560999870300293,4.578999996185303,4.540999889373779
2006-02-03 00:00:00,4.5329999923706055,4.617000102996826,4.519000053405762
2006-02-06 00:00:00,4.545000076293945,4.557000160217285,4.5289998054504395
2006-02-07 00:00:00,4.566999912261963,4.574999809265137,4.519000053405762
2006-02-08 00:00:00,4.59499979019165,4.598999977111816,4.554999828338623
2006-02-09 00:00:00,4.540999889373779,4.577000141143799,4.521999835968018
2006-02-10 00:00:00,4.580999851226807,4.599999904632568,4.5
2006-02-13 00:00:00,4.583000183105469,4.5960001945495605,4.577000141143799
2006-02-14 00:00:00,4.613999843597412,4.630000114440918,4.590000152587891
2006-02-15 00:00:00,4.605999946594238,4.630000114440918,4.577000141143799
2006-02-16 00:00:00,4.5960001945495605,4.611999988555908,4.590000152587891
2006-02-17 00:00:00,4.540999889373779,4.583000183105469,4.531000137329102
2006-02-21 00:00:00,4.563000202178955,4.566999912261963,4.5329999923706055
2006-02-22 00:00:00,4.531000137329102,4.593999862670898,4.5229997634887695
2006-02-23 00:00:00,4.566999912261963,4.574999809265137,4.5370001792907715
2006-02-24 00:00:00,4.566999912261963,4.580999851226807,4.531000137329102
2006-02-27 00:00:00,4.590000152587891,4.599999904632568,4.557000160217285
2006-02-28 00:00:00,4.546999931335449,4.589000225067139,4.539000034332275
2006-03-01 00:00:00,4.589000225067139,4.5960001945495605,4.551000118255615
2006-03-02 00:00:00,4.638000011444092,4.668000221252441,4.589000225067139
2006-03-03 00:00:00,4.684000015258789,4.690000057220459,4.638000011444092
2006-03-06 00:00:00,4.73799991607666,4.74399995803833,4.703999996185303
2006-03-07 00:00:00,4.736000061035156,4.781000137329102,4.72599983215332
2006-03-08 00:00:00,4.734000205993652,4.754000186920166,4.728000164031982
2006-03-09 00:00:00,4.730000019073486,4.758999824523926,4.728000164031982
2006-03-10 00:00:00,4.755000114440918,4.7870001792907715,4.714000225067139
2006-03-13 00:00:00,4.775000095367432,4.793000221252441,4.767000198364258
2006-03-14 00:00:00,4.696000099182129,4.756999969482422,4.684000015258789
2006-03-15 00:00:00,4.730999946594238,4.750999927520752,4.708000183105469
2006-03-16 00:00:00,4.645999908447266,4.744999885559082,4.638000011444092
2006-03-17 00:00:00,4.673999786376953,4.682000160217285,4.6479997634887695
2006-03-20 00:00:00,4.656000137329102,4.678999900817871,4.638000011444092
2006-03-21 00:00:00,4.7170000076293945,4.729000091552734,4.645999908447266
2006-03-22 00:00:00,4.703000068664551,4.715000152587891,4.684999942779541
2006-03-23 00:00:00,4.738999843597412,4.741000175476074,4.684999942779541
2006-03-24 00:00:00,4.675000190734863,4.736999988555908,4.6529998779296875
2006-03-27 00:00:00,4.701000213623047,4.715000152587891,4.675000190734863
2006-03-28 00:00:00,4.7779998779296875,4.797999858856201,4.7210001945495605
2006-03-29 00:00:00,4.809999942779541,4.817999839782715,4.771999835968018
2006-03-30 00:00:00,4.855000019073486,4.883999824523926,4.806000232696533
2006-03-31 00:00:00,4.853000164031982,4.874000072479248,4.833000183105469
2006-04-03 00:00:00,4.874000072479248,4.8979997634887695,4.855000019073486
2006-04-04 00:00:00,4.872000217437744,4.880000114440918,4.839000225067139
2006-04-05 00:00:00,4.839000225067139,4.857999801635742,4.835000038146973
2006-04-06 00:00:00,4.89300012588501,4.9070000648498535,4.860000133514404
2006-04-07 00:00:00,4.9629998207092285,4.979000091552734,4.875999927520752
2006-04-10 00:00:00,4.9629998207092285,4.974999904632568,4.951000213623047
2006-04-11 00:00:00,4.932000160217285,4.953000068664551,4.921999931335449
2006-04-12 00:00:00,4.97599983215332,4.984000205993652,4.9029998779296875
2006-04-13 00:00:00,5.035999774932861,5.043000221252441,4.994999885559082
2006-04-17 00:00:00,5.006999969482422,5.043000221252441,4.993000030517578
2006-04-18 00:00:00,4.973999977111816,5.006999969482422,4.951000213623047
2006-04-19 00:00:00,5.0279998779296875,5.051000118255615,4.951000213623047
2006-04-20 00:00:00,5.039000034332275,5.051000118255615,5.015999794006348
2006-04-21 00:00:00,5.01200008392334,5.050000190734863,5.00600004196167
2006-04-24 00:00:00,4.985000133514404,5.010000228881836,4.964000225067139
2006-04-25 00:00:00,5.071000099182129,5.0879998207092285,4.995999813079834
2006-04-26 00:00:00,5.105000019073486,5.120999813079834,5.072999954223633
2006-04-27 00:00:00,5.084000110626221,5.14300012588501,5.050000190734863
2006-04-28 00:00:00,5.068999767303467,5.113999843597412,5.065000057220459
2006-05-01 00:00:00,5.13100004196167,5.140999794006348,5.057000160217285
2006-05-02 00:00:00,5.110000133514404,5.14300012588501,5.105000019073486
2006-05-03 00:00:00,5.144000053405762,5.166999816894531,5.119999885559082
2006-05-04 00:00:00,5.150000095367432,5.171000003814697,5.13100004196167
2006-05-05 00:00:00,5.107999801635742,5.170000076293945,5.083000183105469
2006-05-08 00:00:00,5.11899995803833,5.131999969482422,5.099999904632568
2006-05-09 00:00:00,5.125,5.145999908447266,5.120999813079834
2006-05-10 00:00:00,5.125,5.146999835968018,5.080999851226807
2006-05-11 00:00:00,5.15500020980835,5.178999900817871,5.117000102996826
2006-05-12 00:00:00,5.185999870300293,5.191999912261963,5.15500020980835
2006-05-15 00:00:00,5.1529998779296875,5.191999912261963,5.13100004196167
2006-05-16 00:00:00,5.105000019073486,5.160999774932861,5.098999977111816
2006-05-17 00:00:00,5.1529998779296875,5.185999870300293,5.11299991607666
2006-05-18 00:00:00,5.072999954223633,5.14300012588501,5.066999912261963
2006-05-19 00:00:00,5.053999900817871,5.085000038146973,5.02400016784668
2006-05-22 00:00:00,5.035999774932861,5.038000106811523,4.989999771118164
2006-05-23 00:00:00,5.065999984741211,5.084000110626221,5.056000232696533
2006-05-24 00:00:00,5.033999919891357,5.041999816894531,4.980000019073486
2006-05-25 00:00:00,5.073999881744385,5.079999923706055,5.026000022888184
2006-05-26 00:00:00,5.052000045776367,5.0960001945495605,5.041999816894531
2006-05-30 00:00:00,5.085999965667725,5.090000152587891,5.058000087738037
2006-05-31 00:00:00,5.11299991607666,5.125,5.058000087738037
2006-06-01 00:00:00,5.107999801635742,5.14300012588501,5.0920000076293945
2006-06-02 00:00:00,4.99399995803833,5.1020002365112305,4.989999771118164
2006-06-05 00:00:00,5.026000022888184,5.026000022888184,4.98799991607666
2006-06-06 00:00:00,5.00600004196167,5.047999858856201,4.99399995803833
2006-06-07 00:00:00,5.026000022888184,5.044000148773193,5.01200008392334
2006-06-08 00:00:00,4.992000102996826,5.015999794006348,4.952000141143799
2006-06-09 00:00:00,4.980999946594238,5.011000156402588,4.9670000076293945
2006-06-12 00:00:00,4.986999988555908,5.002999782562256,4.980999946594238
2006-06-13 00:00:00,4.960999965667725,4.986999988555908,4.948999881744385
2006-06-14 00:00:00,5.050000190734863,5.061999797821045,4.968999862670898
2006-06-15 00:00:00,5.0980000495910645,5.105999946594238,5.067999839782715
2006-06-16 00:00:00,5.127999782562256,5.131999969482422,5.073999881744385
2006-06-19 00:00:00,5.144999980926514,5.1529998779296875,5.127999782562256
2006-06-20 00:00:00,5.1570000648498535,5.166999816894531,5.125999927520752
2006-06-21 00:00:00,5.15500020980835,5.1570000648498535,5.13700008392334
2006-06-22 00:00:00,5.197999954223633,5.203999996185303,5.166999816894531
2006-06-23 00:00:00,5.228000164031982,5.235000133514404,5.175000190734863
2006-06-26 00:00:00,5.238999843597412,5.244999885559082,5.2179999351501465
2006-06-27 00:00:00,5.210000038146973,5.229000091552734,5.196000099182129
2006-06-28 00:00:00,5.244999885559082,5.244999885559082,5.205999851226807
2006-06-29 00:00:00,5.199999809265137,5.244999885559082,5.183000087738037
2006-06-30 00:00:00,5.138000011444092,5.223999977111816,5.133999824523926
2006-07-03 00:00:00,5.151000022888184,5.172999858856201,5.14900016784668
2006-07-05 00:00:00,5.2270002365112305,5.241000175476074,5.181000232696533
2006-07-06 00:00:00,5.184999942779541,5.223999977111816,5.178999900817871
2006-07-07 00:00:00,5.131999969482422,5.183000087738037,5.119999885559082
2006-07-10 00:00:00,5.130000114440918,5.1570000648498535,5.125999927520752
2006-07-11 00:00:00,5.099999904632568,5.124000072479248,5.080999851226807
2006-07-12 00:00:00,5.099999904632568,5.144999980926514,5.099999904632568
2006-07-13 00:00:00,5.071000099182129,5.110000133514404,5.071000099182129
2006-07-14 00:00:00,5.059000015258789,5.085000038146973,5.040999889373779
2006-07-17 00:00:00,5.068999767303467,5.091000080108643,5.059000015258789
2006-07-18 00:00:00,5.130000114440918,5.139999866485596,5.080999851226807
2006-07-19 00:00:00,5.059000015258789,5.178999900817871,5.051000118255615
2006-07-20 00:00:00,5.0279998779296875,5.080999851226807,5.019999980926514
2006-07-21 00:00:00,5.045000076293945,5.052999973297119,5.00600004196167
2006-07-24 00:00:00,5.044000148773193,5.059000015258789,5.0279998779296875
2006-07-25 00:00:00,5.065000057220459,5.071000099182129,5.0320000648498535
2006-07-26 00:00:00,5.035999774932861,5.080999851226807,5.021999835968018
2006-07-27 00:00:00,5.039999961853027,5.054999828338623,5.01200008392334
2006-07-28 00:00:00,4.989999771118164,5.047999858856201,4.979000091552734
2006-07-31 00:00:00,4.98799991607666,5.01200008392334,4.985000133514404
2006-08-01 00:00:00,4.982999801635742,5.01800012588501,4.979000091552734
2006-08-02 00:00:00,4.960999965667725,5.0,4.956999778747559
2006-08-03 00:00:00,4.951000213623047,4.985000133514404,4.940999984741211
2006-08-04 00:00:00,4.901000022888184,4.959000110626221,4.880000114440918
2006-08-07 00:00:00,4.921000003814697,4.931000232696533,4.908999919891357
2006-08-08 00:00:00,4.922999858856201,4.934999942779541,4.881999969482422
2006-08-09 00:00:00,4.936999797821045,4.959000110626221,4.931000232696533
2006-08-10 00:00:00,4.927000045776367,4.960999965667725,4.913000106811523
2006-08-11 00:00:00,4.9670000076293945,4.9710001945495605,4.939000129699707
2006-08-14 00:00:00,5.000999927520752,5.000999927520752,4.982999801635742
2006-08-15 00:00:00,4.931000232696533,4.994999885559082,4.914999961853027
2006-08-16 00:00:00,4.870999813079834,4.939000129699707,4.861000061035156
2006-08-17 00:00:00,4.867000102996826,4.88100004196167,4.8429999351501465
2006-08-18 00:00:00,4.835000038146973,4.86899995803833,4.833000183105469
2006-08-21 00:00:00,4.818999767303467,4.841000080108643,4.816999912261963
2006-08-22 00:00:00,4.810999870300293,4.822999954223633,4.798999786376953
2006-08-23 00:00:00,4.818999767303467,4.8429999351501465,4.809000015258789
2006-08-24 00:00:00,4.802999973297119,4.815000057220459,4.790999889373779
2006-08-25 00:00:00,4.790999889373779,4.813000202178955,4.7789998054504395
2006-08-28 00:00:00,4.796999931335449,4.809000015258789,4.793000221252441
2006-08-29 00:00:00,4.7829999923706055,4.839000225067139,4.781000137329102
2006-08-30 00:00:00,4.763000011444092,4.789000034332275,4.752999782562256
2006-08-31 00:00:00,4.73199987411499,4.764999866485596,4.728000164031982
2006-09-01 00:00:00,4.72599983215332,4.767000198364258,4.7220001220703125
2006-09-05 00:00:00,4.781000137329102,4.7829999923706055,4.747000217437744
2006-09-06 00:00:00,4.801000118255615,4.828999996185303,4.798999786376953
2006-09-07 00:00:00,4.795000076293945,4.828999996185303,4.7789998054504395
2006-09-08 00:00:00,4.770999908447266,4.789000034332275,4.756999969482422
2006-09-11 00:00:00,4.798999786376953,4.816999912261963,4.7729997634887695
2006-09-12 00:00:00,4.7729997634887695,4.823999881744385,4.767000198364258
2006-09-13 00:00:00,4.764999866485596,4.769000053405762,4.743000030517578
2006-09-14 00:00:00,4.793000221252441,4.796999931335449,4.732999801635742
2006-09-15 00:00:00,4.797999858856201,4.802000045776367,4.750999927520752
2006-09-18 00:00:00,4.809999942779541,4.8480000495910645,4.802000045776367
2006-09-19 00:00:00,4.736999988555908,4.811999797821045,4.735000133514404
2006-09-20 00:00:00,4.729000091552734,4.744999885559082,4.709000110626221
2006-09-21 00:00:00,4.6479997634887695,4.738999843597412,4.645999908447266
2006-09-22 00:00:00,4.5970001220703125,4.638000011444092,4.5929999351501465
2006-09-25 00:00:00,4.554999828338623,4.586999893188477,4.53000020980835
2006-09-26 00:00:00,4.585000038146973,4.59499979019165,4.557000160217285
2006-09-27 00:00:00,4.593999862670898,4.604000091552734,4.544000148773193
2006-09-28 00:00:00,4.625999927520752,4.636000156402588,4.593999862670898
2006-09-29 00:00:00,4.632999897003174,4.658999919891357,4.5980000495910645
2006-10-02 00:00:00,4.618000030517578,4.6529998779296875,4.5960001945495605
2006-10-03 00:00:00,4.616000175476074,4.626999855041504,4.5980000495910645
2006-10-04 00:00:00,4.565000057220459,4.610000133514404,4.559000015258789
2006-10-05 00:00:00,4.607999801635742,4.623000144958496,4.572000026702881
2006-10-06 00:00:00,4.696000099182129,4.702000141143799,4.573999881744385
2006-10-10 00:00:00,4.748000144958496,4.763999938964844,4.7220001220703125
2006-10-11 00:00:00,4.783999919891357,4.791999816894531,4.723999977111816
2006-10-12 00:00:00,4.7779998779296875,4.78000020980835,4.751999855041504
2006-10-13 00:00:00,4.806000232696533,4.817999839782715,4.748000144958496
2006-10-16 00:00:00,4.788000106811523,4.806000232696533,4.7820000648498535
2006-10-17 00:00:00,4.7779998779296875,4.785999774932861,4.728000164031982
2006-10-18 00:00:00,4.763999938964844,4.797999858856201,4.754000186920166
2006-10-19 00:00:00,4.785999774932861,4.806000232696533,4.769999980926514
2006-10-20 00:00:00,4.783999919891357,4.794000148773193,4.770999908447266
2006-10-23 00:00:00,4.826000213623047,4.8480000495910645,4.814000129699707
2006-10-24 00:00:00,4.823999881744385,4.831999778747559,4.817999839782715
2006-10-25 00:00:00,4.7729997634887695,4.831999778747559,4.770999908447266
2006-10-26 00:00:00,4.7210001945495605,4.763000011444092,4.715000152587891
2006-10-27 00:00:00,4.675000190734863,4.710999965667725,4.665999889373779
2006-10-30 00:00:00,4.672999858856201,4.689000129699707,4.656000137329102
2006-10-31 00:00:00,4.605999946594238,4.672999858856201,4.605999946594238
2006-11-01 00:00:00,4.560999870300293,4.624000072479248,4.551000118255615
2006-11-02 00:00:00,4.5960001945495605,4.607999801635742,4.572000026702881
2006-11-03 00:00:00,4.715000152587891,4.724999904632568,4.590000152587891
2006-11-06 00:00:00,4.709000110626221,4.736999988555908,4.709000110626221
2006-11-07 00:00:00,4.658999919891357,4.686999797821045,4.632999897003174
2006-11-08 00:00:00,4.632999897003174,4.666999816894531,4.632999897003174
2006-11-09 00:00:00,4.632999897003174,4.65500020980835,4.625
2006-11-10 00:00:00,4.585999965667725,4.614999771118164,4.576000213623047
2006-11-13 00:00:00,4.605000019073486,4.635000228881836,4.585999965667725
2006-11-14 00:00:00,4.567999839782715,4.60699987411499,4.543000221252441
2006-11-15 00:00:00,4.614999771118164,4.620999813079834,4.564000129699707
2006-11-16 00:00:00,4.65500020980835,4.670000076293945,4.559999942779541
2006-11-17 00:00:00,4.60699987411499,4.65500020980835,4.581999778747559
2006-11-20 00:00:00,4.59499979019165,4.614999771118164,4.591000080108643
2006-11-21 00:00:00,4.578000068664551,4.611000061035156,4.573999881744385
2006-11-22 00:00:00,4.567999839782715,4.579999923706055,4.559999942779541
2006-11-24 00:00:00,4.547999858856201,4.550000190734863,4.5269999504089355
2006-11-27 00:00:00,4.538000106811523,4.598999977111816,4.535999774932861
2006-11-28 00:00:00,4.508999824523926,4.541999816894531,4.485000133514404
2006-11-29 00:00:00,4.520999908447266,4.5279998779296875,4.486999988555908
2006-11-30 00:00:00,4.458000183105469,4.511000156402588,4.455999851226807
2006-12-01 00:00:00,4.425000190734863,4.482999801635742,4.4039998054504395
2006-12-04 00:00:00,4.433000087738037,4.460000038146973,4.425000190734863
2006-12-05 00:00:00,4.441999912261963,4.4679999351501465,4.4070000648498535
2006-12-06 00:00:00,4.480999946594238,4.482999801635742,4.455999851226807
2006-12-07 00:00:00,4.482999801635742,4.500999927520752,4.464000225067139
2006-12-08 00:00:00,4.552000045776367,4.553999900817871,4.480999946594238
2006-12-11 00:00:00,4.519999980926514,4.550000190734863,4.510000228881836
2006-12-12 00:00:00,4.491000175476074,4.5320000648498535,4.486999988555908
2006-12-13 00:00:00,4.577000141143799,4.589000225067139,4.4770002365112305
2006-12-14 00:00:00,4.59499979019165,4.605000019073486,4.571000099182129
2006-12-15 00:00:00,4.5970001220703125,4.61299991607666,4.50600004196167
2006-12-18 00:00:00,4.586999893188477,4.60699987411499,4.580999851226807
2006-12-19 00:00:00,4.598999977111816,4.622000217437744,4.568999767303467
2006-12-20 00:00:00,4.59499979019165,4.605000019073486,4.589000225067139
2006-12-21 00:00:00,4.548999786376953,4.60099983215332,4.543000221252441
2006-12-22 00:00:00,4.624000072479248,4.627999782562256,4.554999828338623
2006-12-26 00:00:00,4.603000164031982,4.622000217437744,4.591000080108643
2006-12-27 00:00:00,4.6539998054504395,4.665999889373779,4.5929999351501465
2006-12-28 00:00:00,4.690000057220459,4.7179999351501465,4.630000114440918
2006-12-29 00:00:00,4.710000038146973,4.71999979019165,4.685999870300293
2007-01-03 00:00:00,4.664000034332275,4.691999912261963,4.636000156402588
2007-01-04 00:00:00,4.618000030517578,4.6620001792907715,4.6020002365112305
2007-01-05 00:00:00,4.645999908447266,4.699999809265137,4.583000183105469
2007-01-08 00:00:00,4.659999847412109,4.677999973297119,4.6539998054504395
2007-01-09 00:00:00,4.656000137329102,4.670000076293945,4.644000053405762
2007-01-10 00:00:00,4.682000160217285,4.699999809265137,4.659999847412109
2007-01-11 00:00:00,4.736999988555908,4.752999782562256,4.705999851226807
2007-01-12 00:00:00,4.770999908447266,4.7789998054504395,4.741000175476074
2007-01-16 00:00:00,4.750999927520752,4.764999866485596,4.736999988555908
2007-01-17 00:00:00,4.7870001792907715,4.7870001792907715,4.735000133514404
2007-01-18 00:00:00,4.750999927520752,4.817999839782715,4.747000217437744
2007-01-19 00:00:00,4.7729997634887695,4.7870001792907715,4.747000217437744
2007-01-22 00:00:00,4.758999824523926,4.775000095367432,4.749000072479248
2007-01-23 00:00:00,4.803999900817871,4.808000087738037,4.755000114440918
2007-01-24 00:00:00,4.809999942779541,4.820000171661377,4.7870001792907715
2007-01-25 00:00:00,4.867000102996826,4.879000186920166,4.809999942779541
2007-01-26 00:00:00,4.879000186920166,4.906000137329102,4.859000205993652
2007-01-29 00:00:00,4.892000198364258,4.9019999504089355,4.85699987411499
2007-01-30 00:00:00,4.875,4.886000156402588,4.86899995803833
2007-01-31 00:00:00,4.826000213623047,4.9019999504089355,4.826000213623047
2007-02-01 00:00:00,4.836999893188477,4.841000080108643,4.769000053405762
2007-02-02 00:00:00,4.827000141143799,4.869999885559082,4.794000148773193
2007-02-05 00:00:00,4.808000087738037,4.822000026702881,4.800000190734863
2007-02-06 00:00:00,4.764999866485596,4.827000141143799,4.761000156402588
2007-02-07 00:00:00,4.744999885559082,4.7779998779296875,4.738999843597412
2007-02-08 00:00:00,4.730000019073486,4.75600004196167,4.714000225067139
2007-02-09 00:00:00,4.783999919891357,4.791999816894531,4.75
2007-02-12 00:00:00,4.803999900817871,4.811999797821045,4.7820000648498535
2007-02-13 00:00:00,4.814000129699707,4.822000026702881,4.785999774932861
2007-02-14 00:00:00,4.730000019073486,4.803999900817871,4.723999977111816
2007-02-15 00:00:00,4.705999851226807,4.7220001220703125,4.685999870300293
2007-02-16 00:00:00,4.690000057220459,4.703999996185303,4.659999847412109
2007-02-20 00:00:00,4.679999828338623,4.708000183105469,4.677999973297119
2007-02-21 00:00:00,4.691999912261963,4.716000080108643,4.670000076293945
2007-02-22 00:00:00,4.730000019073486,4.742000102996826,4.702000141143799
2007-02-23 00:00:00,4.677999973297119,4.716000080108643,4.6620001792907715
2007-02-26 00:00:00,4.63100004196167,4.656000137329102,4.623000144958496
2007-02-27 00:00:00,4.513000011444092,4.609000205993652,4.508999824523926
2007-02-28 00:00:00,4.550000190734863,4.577000141143799,4.525000095367432
2007-03-01 00:00:00,4.556000232696533,4.573999881744385,4.493000030517578
2007-03-02 00:00:00,4.514999866485596,4.553999900817871,4.500999927520752
2007-03-05 00:00:00,4.51800012588501,4.52400016784668,4.480999946594238
2007-03-06 00:00:00,4.5279998779296875,4.538000106811523,4.500999927520752
2007-03-07 00:00:00,4.497000217437744,4.535999774932861,4.493000030517578
2007-03-08 00:00:00,4.508999824523926,4.5320000648498535,4.499000072479248
2007-03-09 00:00:00,4.589000225067139,4.60099983215332,4.510000228881836
2007-03-12 00:00:00,4.552999973297119,4.584000110626221,4.539000034332275
2007-03-13 00:00:00,4.494999885559082,4.5279998779296875,4.492000102996826
2007-03-14 00:00:00,4.521999835968018,4.526000022888184,4.4730000495910645
2007-03-15 00:00:00,4.535999774932861,4.559000015258789,4.521999835968018
2007-03-16 00:00:00,4.545000076293945,4.574999809265137,4.535999774932861
2007-03-19 00:00:00,4.571000099182129,4.578999996185303,4.560999870300293
2007-03-20 00:00:00,4.546999931335449,4.566999912261963,4.533999919891357
2007-03-21 00:00:00,4.51800012588501,4.591000080108643,4.510000228881836
2007-03-22 00:00:00,4.589000225067139,4.60099983215332,4.543000221252441
2007-03-23 00:00:00,4.61299991607666,4.616000175476074,4.565000057220459
2007-03-26 00:00:00,4.586999893188477,4.627999782562256,4.563000202178955
2007-03-27 00:00:00,4.611999988555908,4.619999885559082,4.5929999351501465
2007-03-28 00:00:00,4.619999885559082,4.630000114440918,4.560999870300293
2007-03-29 00:00:00,4.631999969482422,4.6479997634887695,4.618000030517578
2007-03-30 00:00:00,4.6479997634887695,4.671999931335449,4.583000183105469
2007-04-02 00:00:00,4.642000198364258,4.6539998054504395,4.630000114440918
2007-04-03 00:00:00,4.664000034332275,4.670000076293945,4.645999908447266
2007-04-04 00:00:00,4.6519999504089355,4.6579999923706055,4.630000114440918
2007-04-05 00:00:00,4.673999786376953,4.679999828338623,4.6479997634887695
2007-04-09 00:00:00,4.744999885559082,4.752999782562256,4.734000205993652
2007-04-10 00:00:00,4.723999977111816,4.73199987411499,4.710000038146973
2007-04-11 00:00:00,4.738999843597412,4.743000030517578,4.703999996185303
2007-04-12 00:00:00,4.736999988555908,4.743000030517578,4.710000038146973
2007-04-13 00:00:00,4.761000156402588,4.769000053405762,4.7220001220703125
2007-04-16 00:00:00,4.735000133514404,4.775000095367432,4.729000091552734
2007-04-17 00:00:00,4.688000202178955,4.747000217437744,4.682000160217285
2007-04-18 00:00:00,4.6539998054504395,4.671999931335449,4.6479997634887695
2007-04-19 00:00:00,4.670000076293945,4.679999828338623,4.627999782562256
2007-04-20 00:00:00,4.671999931335449,4.691999912261963,4.6579999923706055
2007-04-23 00:00:00,4.650000095367432,4.688000202178955,4.638000011444092
2007-04-24 00:00:00,4.622000217437744,4.6479997634887695,4.611999988555908
2007-04-25 00:00:00,4.645999908447266,4.656000137329102,4.618000030517578
2007-04-26 00:00:00,4.684000015258789,4.691999912261963,4.6519999504089355
2007-04-27 00:00:00,4.697999954223633,4.704999923706055,4.659999847412109
2007-04-30 00:00:00,4.630000114440918,4.679999828338623,4.627999782562256
2007-05-01 00:00:00,4.642000198364258,4.665999889373779,4.607999801635742
2007-05-02 00:00:00,4.645999908447266,4.6539998054504395,4.625999927520752
2007-05-03 00:00:00,4.673999786376953,4.690000057220459,4.622000217437744
2007-05-04 00:00:00,4.639999866485596,4.709000110626221,4.631999969482422
2007-05-07 00:00:00,4.636000156402588,4.6519999504089355,4.627999782562256
2007-05-08 00:00:00,4.633999824523926,4.636000156402588,4.607999801635742
2007-05-09 00:00:00,4.668000221252441,4.670000076293945,4.619999885559082
2007-05-10 00:00:00,4.6479997634887695,4.677999973297119,4.642000198364258
2007-05-11 00:00:00,4.670000076293945,4.676000118255615,4.6020002365112305
2007-05-14 00:00:00,4.690000057220459,4.693999767303467,4.668000221252441
2007-05-15 00:00:00,4.711999893188477,4.72599983215332,4.671999931335449
2007-05-16 00:00:00,4.708000183105469,4.7179999351501465,4.685999870300293
2007-05-17 00:00:00,4.75600004196167,4.757999897003174,4.714000225067139
2007-05-18 00:00:00,4.803999900817871,4.814000129699707,4.74399995803833
2007-05-21 00:00:00,4.788000106811523,4.815999984741211,4.785999774932861
2007-05-22 00:00:00,4.830999851226807,4.830999851226807,4.785999774932861
2007-05-23 00:00:00,4.859000205993652,4.875,4.817999839782715
2007-05-24 00:00:00,4.85699987411499,4.9019999504089355,4.836999893188477
2007-05-25 00:00:00,4.861000061035156,4.873000144958496,4.848999977111816
2007-05-29 00:00:00,4.881999969482422,4.888000011444092,4.853000164031982
2007-05-30 00:00:00,4.877999782562256,4.886000156402588,4.8429999351501465
2007-05-31 00:00:00,4.889999866485596,4.921000003814697,4.866000175476074
2007-06-01 00:00:00,4.955999851226807,4.955999851226807,4.874000072479248
2007-06-04 00:00:00,4.928999900817871,4.955999851226807,4.922999858856201
2007-06-05 00:00:00,4.97599983215332,4.991000175476074,4.933000087738037
2007-06-06 00:00:00,4.96999979019165,4.994999885559082,4.960000038146973
2007-06-07 00:00:00,5.098999977111816,5.11299991607666,5.0279998779296875
2007-06-08 00:00:00,5.118000030517578,5.181000232696533,5.105000019073486
2007-06-11 00:00:00,5.13700008392334,5.159999847412109,5.118000030517578
2007-06-12 00:00:00,5.248000144958496,5.25,5.178999900817871
2007-06-13 00:00:00,5.199999809265137,5.315999984741211,5.197999954223633
2007-06-14 00:00:00,5.2170000076293945,5.250999927520752,5.171000003814697
2007-06-15 00:00:00,5.171000003814697,5.241000175476074,5.156000137329102
2007-06-18 00:00:00,5.142000198364258,5.188000202178955,5.132999897003174
2007-06-19 00:00:00,5.085999965667725,5.142000198364258,5.080999851226807
2007-06-20 00:00:00,5.123000144958496,5.142000198364258,5.0879998207092285
2007-06-21 00:00:00,5.163000106811523,5.171999931335449,5.123000144958496
2007-06-22 00:00:00,5.138000011444092,5.208000183105469,5.133999824523926
2007-06-25 00:00:00,5.078000068664551,5.122000217437744,5.072000026702881
2007-06-26 00:00:00,5.10099983215332,5.111000061035156,5.070000171661377
2007-06-27 00:00:00,5.070000171661377,5.078000068664551,5.0279998779296875
2007-06-28 00:00:00,5.118000030517578,5.119999885559082,5.078000068664551
2007-06-29 00:00:00,5.0329999923706055,5.091000080108643,5.031000137329102
2007-07-02 00:00:00,4.998000144958496,5.039000034332275,4.998000144958496
2007-07-03 00:00:00,5.050000190734863,5.050000190734863,4.985000133514404
2007-07-05 00:00:00,5.144000053405762,5.144000053405762,5.085000038146973
2007-07-06 00:00:00,5.195000171661377,5.201000213623047,5.151000022888184
2007-07-09 00:00:00,5.158999919891357,5.171999931335449,5.146999835968018
2007-07-10 00:00:00,5.038000106811523,5.11899995803833,5.038000106811523
2007-07-11 00:00:00,5.079999923706055,5.093999862670898,5.014999866485596
2007-07-12 00:00:00,5.116000175476074,5.138999938964844,5.066999912261963
2007-07-13 00:00:00,5.10699987411499,5.140999794006348,5.079999923706055
2007-07-16 00:00:00,5.040999889373779,5.10099983215332,5.039000034332275
2007-07-17 00:00:00,5.078000068664551,5.0970001220703125,5.040999889373779
2007-07-18 00:00:00,5.010000228881836,5.065999984741211,4.991000175476074
2007-07-19 00:00:00,5.0279998779296875,5.070000171661377,5.02400016784668
2007-07-20 00:00:00,4.955999851226807,5.010000228881836,4.931000232696533
2007-07-23 00:00:00,4.964000225067139,4.9770002365112305,4.946000099182129
2007-07-24 00:00:00,4.943999767303467,4.9710001945495605,4.933000087738037
2007-07-25 00:00:00,4.9039998054504395,4.946000099182129,4.895999908447266
2007-07-26 00:00:00,4.7769999504089355,4.867000102996826,4.758999824523926
2007-07-27 00:00:00,4.788000106811523,4.817999839782715,4.741000175476074
2007-07-30 00:00:00,4.803999900817871,4.809999942779541,4.763000011444092
2007-07-31 00:00:00,4.770999908447266,4.8429999351501465,4.769000053405762
2007-08-01 00:00:00,4.758999824523926,4.78000020980835,4.7210001945495605
2007-08-02 00:00:00,4.752999782562256,4.806000232696533,4.752999782562256
2007-08-03 00:00:00,4.699999809265137,4.77400016784668,4.693999767303467
2007-08-06 00:00:00,4.730999946594238,4.735000133514404,4.679999828338623
2007-08-07 00:00:00,4.743000030517578,4.76200008392334,4.699999809265137
2007-08-08 00:00:00,4.860000133514404,4.888999938964844,4.801000118255615
2007-08-09 00:00:00,4.789999961853027,4.815999984741211,4.73799991607666
2007-08-10 00:00:00,4.776000022888184,4.7820000648498535,4.730000019073486
2007-08-13 00:00:00,4.7779998779296875,4.889999866485596,4.76800012588501
2007-08-14 00:00:00,4.73199987411499,4.815999984741211,4.72599983215332
2007-08-15 00:00:00,4.705999851226807,4.751999855041504,4.686999797821045
2007-08-16 00:00:00,4.599999904632568,4.689000129699707,4.583000183105469
2007-08-17 00:00:00,4.672999858856201,4.734000205993652,4.631999969482422
2007-08-20 00:00:00,4.633999824523926,4.686999797821045,4.611999988555908
2007-08-21 00:00:00,4.590000152587891,4.632999897003174,4.577000141143799
2007-08-22 00:00:00,4.619999885559082,4.669000148773193,4.611999988555908
2007-08-23 00:00:00,4.618000030517578,4.681000232696533,4.604000091552734
2007-08-24 00:00:00,4.632999897003174,4.64900016784668,4.610000133514404
2007-08-27 00:00:00,4.5960001945495605,4.63700008392334,4.5879998207092285
2007-08-28 00:00:00,4.53000020980835,4.584000110626221,4.52400016784668
2007-08-29 00:00:00,4.552999973297119,4.559000015258789,4.495999813079834
2007-08-30 00:00:00,4.501999855041504,4.543000221252441,4.501999855041504
2007-08-31 00:00:00,4.5370001792907715,4.576000213623047,4.517000198364258
2007-09-04 00:00:00,4.558000087738037,4.576000213623047,4.510000228881836
2007-09-05 00:00:00,4.4730000495910645,4.5289998054504395,4.465000152587891
2007-09-06 00:00:00,4.5,4.513000011444092,4.4629998207092285
2007-09-07 00:00:00,4.368000030517578,4.48799991607666,4.359000205993652
2007-09-10 00:00:00,4.323999881744385,4.38100004196167,4.301000118255615
2007-09-11 00:00:00,4.363999843597412,4.369999885559082,4.323999881744385
2007-09-12 00:00:00,4.4079999923706055,4.420000076293945,4.333000183105469
2007-09-13 00:00:00,4.48199987411499,4.497000217437744,4.4120001792907715
2007-09-14 00:00:00,4.461999893188477,4.499000072479248,4.406000137329102
2007-09-17 00:00:00,4.46999979019165,4.499000072479248,4.458000183105469
2007-09-18 00:00:00,4.480000019073486,4.539999961853027,4.445000171661377
2007-09-19 00:00:00,4.52400016784668,4.566999912261963,4.491000175476074
2007-09-20 00:00:00,4.671999931335449,4.679999828338623,4.565000057220459
2007-09-21 00:00:00,4.631999969482422,4.702000141143799,4.618000030517578
2007-09-24 00:00:00,4.624000072479248,4.6579999923706055,4.616000175476074
2007-09-25 00:00:00,4.613999843597412,4.616000175476074,4.565000057220459
2007-09-26 00:00:00,4.619999885559082,4.668000221252441,4.611999988555908
2007-09-27 00:00:00,4.572999954223633,4.636000156402588,4.565000057220459
2007-09-28 00:00:00,4.578999996185303,4.607999801635742,4.526000022888184
2007-10-01 00:00:00,4.557000160217285,4.593999862670898,4.5370001792907715
2007-10-02 00:00:00,4.5289998054504395,4.574999809265137,4.501999855041504
2007-10-03 00:00:00,4.543000221252441,4.572999954223633,4.498000144958496
2007-10-04 00:00:00,4.5229997634887695,4.578000068664551,4.519999980926514
2007-10-05 00:00:00,4.639999866485596,4.660999774932861,4.531000137329102
2007-10-08 00:00:00,4.638000011444092,4.638000011444092,4.638000011444092
2007-10-09 00:00:00,4.651000022888184,4.664999961853027,4.610000133514404
2007-10-10 00:00:00,4.646999835968018,4.678999900817871,4.619999885559082
2007-10-11 00:00:00,4.658999919891357,4.706999778747559,4.6570000648498535
2007-10-12 00:00:00,4.686999797821045,4.698999881744385,4.63700008392334
2007-10-15 00:00:00,4.672999858856201,4.718999862670898,4.669000148773193
2007-10-16 00:00:00,4.65500020980835,4.672999858856201,4.635000228881836
2007-10-17 00:00:00,4.546000003814697,4.6529998779296875,4.533999919891357
2007-10-18 00:00:00,4.502999782562256,4.5289998054504395,4.494999885559082
2007-10-19 00:00:00,4.401000022888184,4.488999843597412,4.388000011444092
2007-10-22 00:00:00,4.39300012588501,4.440000057220459,4.374000072479248
2007-10-23 00:00:00,4.40500020980835,4.438000202178955,4.396999835968018
2007-10-24 00:00:00,4.330999851226807,4.382999897003174,4.311999797821045
2007-10-25 00:00:00,4.3520002365112305,4.369999885559082,4.327000141143799
2007-10-26 00:00:00,4.388999938964844,4.4120001792907715,4.349999904632568
2007-10-29 00:00:00,4.382999897003174,4.415999889373779,4.367000102996826
2007-10-30 00:00:00,4.382999897003174,4.4120001792907715,4.370999813079834
2007-10-31 00:00:00,4.474999904632568,4.479000091552734,4.39300012588501
2007-11-01 00:00:00,4.361000061035156,4.456999778747559,4.3379998207092285
2007-11-02 00:00:00,4.290999889373779,4.4079999923706055,4.2779998779296875
2007-11-05 00:00:00,4.317999839782715,4.335999965667725,4.295000076293945
2007-11-06 00:00:00,4.35699987411499,4.376999855041504,4.311999797821045
2007-11-07 00:00:00,4.334000110626221,4.370999813079834,4.317999839782715
2007-11-08 00:00:00,4.2729997634887695,4.329999923706055,4.257999897003174
2007-11-09 00:00:00,4.224999904632568,4.267000198364258,4.218999862670898
2007-11-12 00:00:00,4.210999965667725,4.210999965667725,4.210999965667725
2007-11-13 00:00:00,4.25600004196167,4.269000053405762,4.2210001945495605
2007-11-14 00:00:00,4.269000053405762,4.311999797821045,4.263999938964844
2007-11-15 00:00:00,4.158999919891357,4.24399995803833,4.1539998054504395
2007-11-16 00:00:00,4.150000095367432,4.188000202178955,4.132999897003174
2007-11-19 00:00:00,4.078999996185303,4.175000190734863,4.045000076293945
2007-11-20 00:00:00,4.053999900817871,4.123000144958496,4.045000076293945
2007-11-21 00:00:00,4.02400016784668,4.0329999923706055,3.9779999256134033
2007-11-23 00:00:00,4.01200008392334,4.059999942779541,4.010000228881836
2007-11-26 00:00:00,3.8469998836517334,4.040999889373779,3.8450000286102295
2007-11-27 00:00:00,3.944000005722046,4.015999794006348,3.865000009536743
2007-11-28 00:00:00,4.025000095367432,4.034999847412109,3.9509999752044678
2007-11-29 00:00:00,3.940000057220459,4.004000186920166,3.8970000743865967
2007-11-30 00:00:00,3.9719998836517334,4.041999816894531,3.944999933242798
2007-12-03 00:00:00,3.8949999809265137,3.944000005722046,3.871999979019165
2007-12-04 00:00:00,3.8889999389648438,3.9230000972747803,3.8399999141693115
2007-12-05 00:00:00,3.9110000133514404,3.9489998817443848,3.884999990463257
2007-12-06 00:00:00,3.997999906539917,4.011000156402588,3.9549999237060547
2007-12-07 00:00:00,4.119999885559082,4.136000156402588,4.0279998779296875
2007-12-10 00:00:00,4.14900016784668,4.182000160217285,4.0929999351501465
2007-12-11 00:00:00,3.990000009536743,4.130000114440918,3.990000009536743
2007-12-12 00:00:00,4.076000213623047,4.177999973297119,4.051000118255615
2007-12-13 00:00:00,4.170000076293945,4.185999870300293,4.084000110626221
2007-12-14 00:00:00,4.23199987411499,4.261000156402588,4.201000213623047
2007-12-17 00:00:00,4.192999839782715,4.23199987411499,4.182000160217285
2007-12-18 00:00:00,4.119999885559082,4.182000160217285,4.089000225067139
2007-12-19 00:00:00,4.070000171661377,4.1529998779296875,4.008999824523926
2007-12-20 00:00:00,4.026000022888184,4.052999973297119,3.9860000610351562
2007-12-21 00:00:00,4.168000221252441,4.176000118255615,4.058000087738037
2007-12-24 00:00:00,4.211999893188477,4.22599983215332,4.1620001792907715
2007-12-26 00:00:00,4.281000137329102,4.281000137329102,4.181000232696533
2007-12-27 00:00:00,4.198999881744385,4.239999771118164,4.177000045776367
2007-12-28 00:00:00,4.0960001945495605,4.164000034332275,4.046000003814697
2007-12-31 00:00:00,4.034999847412109,4.058000087738037,4.013999938964844
2008-01-02 00:00:00,3.9010000228881836,4.052000045776367,3.8919999599456787
2008-01-03 00:00:00,3.9010000228881836,3.9579999446868896,3.8919999599456787
2008-01-04 00:00:00,3.8540000915527344,3.990000009536743,3.809000015258789
2008-01-07 00:00:00,3.8389999866485596,3.9030001163482666,3.8329999446868896
2008-01-08 00:00:00,3.8399999141693115,3.8970000743865967,3.8369998931884766
2008-01-09 00:00:00,3.7909998893737793,3.822000026702881,3.75600004196167
2008-01-10 00:00:00,3.88700008392334,3.8910000324249268,3.7909998893737793
2008-01-11 00:00:00,3.809999942779541,3.881999969482422,3.805999994277954
2008-01-14 00:00:00,3.7929999828338623,3.821000099182129,3.7720000743865967
2008-01-15 00:00:00,3.7009999752044678,3.74399995803833,3.7009999752044678
2008-01-16 00:00:00,3.7119998931884766,3.7309999465942383,3.6549999713897705
2008-01-17 00:00:00,3.640000104904175,3.74399995803833,3.625
2008-01-18 00:00:00,3.6480000019073486,3.684000015258789,3.624000072479248
2008-01-22 00:00:00,3.4839999675750732,3.6019999980926514,3.4730000495910645
2008-01-23 00:00:00,3.4260001182556152,3.4260001182556152,3.2809998989105225
2008-01-24 00:00:00,3.640000104904175,3.677999973297119,3.5299999713897705
2008-01-25 00:00:00,3.5840001106262207,3.746000051498413,3.572999954223633
2008-01-28 00:00:00,3.5859999656677246,3.611999988555908,3.552999973297119
2008-01-29 00:00:00,3.6579999923706055,3.696000099182129,3.614000082015991
2008-01-30 00:00:00,3.7330000400543213,3.746000051498413,3.674999952316284
2008-01-31 00:00:00,3.6389999389648438,3.6579999923706055,3.569000005722046
2008-02-01 00:00:00,3.5999999046325684,3.7009999752044678,3.5390000343322754
2008-02-04 00:00:00,3.6429998874664307,3.6630001068115234,3.624000072479248
2008-02-05 00:00:00,3.5869998931884766,3.625999927520752,3.5260000228881836
2008-02-06 00:00:00,3.614000082015991,3.632999897003174,3.5829999446868896
2008-02-07 00:00:00,3.7360000610351562,3.811000108718872,3.553999900817871
2008-02-08 00:00:00,3.6540000438690186,3.7090001106262207,3.6470000743865967
2008-02-11 00:00:00,3.618000030517578,3.6730000972747803,3.5810000896453857
2008-02-12 00:00:00,3.678999900817871,3.7239999771118164,3.6640000343322754
2008-02-13 00:00:00,3.694000005722046,3.7239999771118164,3.6600000858306885
2008-02-14 00:00:00,3.818000078201294,3.8340001106262207,3.7149999141693115
2008-02-15 00:00:00,3.7799999713897705,3.812999963760376,3.750999927520752
2008-02-19 00:00:00,3.875,3.9130001068115234,3.809000015258789
2008-02-20 00:00:00,3.9170000553131104,3.9600000381469727,3.8570001125335693
2008-02-21 00:00:00,3.7839999198913574,3.881999969482422,3.750999927520752
2008-02-22 00:00:00,3.7899999618530273,3.7939999103546143,3.7230000495910645
2008-02-25 00:00:00,3.9019999504089355,3.9200000762939453,3.803999900817871
2008-02-26 00:00:00,3.859999895095825,3.931999921798706,3.8499999046325684
2008-02-27 00:00:00,3.8499999046325684,3.8970000743865967,3.7690000534057617
2008-02-28 00:00:00,3.7149999141693115,3.7920000553131104,3.697999954223633
2008-02-29 00:00:00,3.5339999198913574,3.624000072479248,3.5320000648498535
2008-03-03 00:00:00,3.5339999198913574,3.5859999656677246,3.5320000648498535
2008-03-04 00:00:00,3.5789999961853027,3.5789999961853027,3.503999948501587
2008-03-05 00:00:00,3.693000078201294,3.7039999961853027,3.5880000591278076
2008-03-06 00:00:00,3.621999979019165,3.690999984741211,3.5789999961853027
2008-03-07 00:00:00,3.5409998893737793,3.621000051498413,3.4830000400543213
2008-03-10 00:00:00,3.437999963760376,3.5390000343322754,3.4210000038146973
2008-03-11 00:00:00,3.5959999561309814,3.628000020980835,3.492000102996826
2008-03-12 00:00:00,3.4830000400543213,3.5859999656677246,3.4790000915527344
2008-03-13 00:00:00,3.5339999198913574,3.571000099182129,3.3929998874664307
2008-03-14 00:00:00,3.4210000038146973,3.5369999408721924,3.3580000400543213
2008-03-17 00:00:00,3.313999891281128,3.4159998893737793,3.2880001068115234
2008-03-18 00:00:00,3.4509999752044678,3.4579999446868896,3.3580000400543213
2008-03-19 00:00:00,3.361999988555908,3.496000051498413,3.3559999465942383
2008-03-20 00:00:00,3.328000068664551,3.381999969482422,3.319000005722046
2008-03-24 00:00:00,3.5220000743865967,3.5239999294281006,3.3910000324249268
2008-03-25 00:00:00,3.492000102996826,3.5320000648498535,3.4749999046325684
2008-03-26 00:00:00,3.49399995803833,3.506999969482422,3.447000026702881
2008-03-27 00:00:00,3.5339999198913574,3.559999942779541,3.4730000495910645
2008-03-28 00:00:00,3.4660000801086426,3.559999942779541,3.4600000381469727
2008-03-31 00:00:00,3.431999921798706,3.434000015258789,3.384999990463257
2008-04-01 00:00:00,3.5450000762939453,3.5789999961853027,3.4860000610351562
2008-04-02 00:00:00,3.5829999446868896,3.61299991607666,3.5390000343322754
2008-04-03 00:00:00,3.5910000801086426,3.5999999046325684,3.5409998893737793
2008-04-04 00:00:00,3.4809999465942383,3.6059999465942383,3.4679999351501465
2008-04-07 00:00:00,3.555999994277954,3.6059999465942383,3.5239999294281006
2008-04-08 00:00:00,3.558000087738037,3.568000078201294,3.5
2008-04-09 00:00:00,3.4660000801086426,3.552999973297119,3.4489998817443848
2008-04-10 00:00:00,3.5320000648498535,3.552999973297119,3.4519999027252197
2008-04-11 00:00:00,3.4709999561309814,3.506999969482422,3.4509999752044678
2008-04-14 00:00:00,3.503000020980835,3.515000104904175,3.430000066757202
2008-04-15 00:00:00,3.569999933242798,3.5889999866485596,3.497999906539917
2008-04-16 00:00:00,3.696000099182129,3.7179999351501465,3.569999933242798
2008-04-17 00:00:00,3.7290000915527344,3.7639999389648438,3.6730000972747803
2008-04-18 00:00:00,3.743000030517578,3.8499999046325684,3.736999988555908
2008-04-21 00:00:00,3.7119998931884766,3.7720000743865967,3.7060000896453857
2008-04-22 00:00:00,3.7200000286102295,3.76200008392334,3.683000087738037
2008-04-23 00:00:00,3.7300000190734863,3.7660000324249268,3.678999900817871
2008-04-24 00:00:00,3.8269999027252197,3.865999937057495,3.7179999351501465
2008-04-25 00:00:00,3.865999937057495,3.881999969482422,3.8350000381469727
2008-04-28 00:00:00,3.8350000381469727,3.888000011444092,3.8289999961853027
2008-04-29 00:00:00,3.825000047683716,3.8269999027252197,3.7709999084472656
2008-04-30 00:00:00,3.759000062942505,3.871999979019165,3.759000062942505
2008-05-01 00:00:00,3.749000072479248,3.7820000648498535,3.681999921798706
2008-05-02 00:00:00,3.8450000286102295,3.88100004196167,3.7149999141693115
2008-05-05 00:00:00,3.8450000286102295,3.884999990463257,3.8259999752044678
2008-05-06 00:00:00,3.8929998874664307,3.8949999809265137,3.799999952316284
2008-05-07 00:00:00,3.867000102996826,3.9519999027252197,3.8550000190734863
2008-05-08 00:00:00,3.805000066757202,3.885999917984009,3.7960000038146973
2008-05-09 00:00:00,3.7669999599456787,3.7920000553131104,3.7239999771118164
2008-05-12 00:00:00,3.7750000953674316,3.7960000038146973,3.7260000705718994
2008-05-13 00:00:00,3.9089999198913574,3.9089999198913574,3.7750000953674316
2008-05-14 00:00:00,3.937999963760376,3.98799991607666,3.8559999465942383
2008-05-15 00:00:00,3.8429999351501465,3.930000066757202,3.8429999351501465
2008-05-16 00:00:00,3.8499999046325684,3.8919999599456787,3.7769999504089355
2008-05-19 00:00:00,3.8389999866485596,3.888000011444092,3.813999891281128
2008-05-20 00:00:00,3.7760000228881836,3.865000009536743,3.7760000228881836
2008-05-21 00:00:00,3.822000026702881,3.8429999351501465,3.7820000648498535
2008-05-22 00:00:00,3.9210000038146973,3.9590001106262207,3.8450000286102295
2008-05-23 00:00:00,3.8310000896453857,3.88100004196167,3.8269999027252197
2008-05-27 00:00:00,3.9210000038146973,3.930000066757202,3.859999895095825
2008-05-28 00:00:00,4.008999824523926,4.0279998779296875,3.930000066757202
2008-05-29 00:00:00,4.078999996185303,4.138999938964844,4.033999919891357
2008-05-30 00:00:00,4.046000003814697,4.060999870300293,4.019000053405762
2008-06-02 00:00:00,3.9709999561309814,4.046000003814697,3.947999954223633
2008-06-03 00:00:00,3.8980000019073486,4.025000095367432,3.875
2008-06-04 00:00:00,3.940000057220459,3.9609999656677246,3.8559999465942383
2008-06-05 00:00:00,4.025000095367432,4.041999816894531,3.9509999752044678
2008-06-06 00:00:00,3.937999963760376,4.058000087738037,3.9070000648498535
2008-06-09 00:00:00,3.992000102996826,4.038000106811523,3.924999952316284
2008-06-10 00:00:00,4.098999977111816,4.119999885559082,4.001999855041504
2008-06-11 00:00:00,4.072999954223633,4.109000205993652,4.013000011444092
2008-06-12 00:00:00,4.204999923706055,4.224999904632568,4.11299991607666
2008-06-13 00:00:00,4.261000156402588,4.323999881744385,4.170000076293945
2008-06-16 00:00:00,4.244999885559082,4.2729997634887695,4.206999778747559
2008-06-17 00:00:00,4.224999904632568,4.258999824523926,4.184999942779541
2008-06-18 00:00:00,4.1539998054504395,4.206999778747559,4.130000114440918
2008-06-19 00:00:00,4.198999881744385,4.218999862670898,4.1519999504089355
2008-06-20 00:00:00,4.13700008392334,4.171999931335449,4.120999813079834
2008-06-23 00:00:00,4.168000221252441,4.179999828338623,4.123000144958496
2008-06-24 00:00:00,4.105000019073486,4.1539998054504395,4.0929999351501465
2008-06-25 00:00:00,4.114999771118164,4.184000015258789,4.10699987411499
2008-06-26 00:00:00,4.0329999923706055,4.109000205993652,4.017000198364258
2008-06-27 00:00:00,3.990000009536743,4.031000137329102,3.9519999027252197
2008-06-30 00:00:00,3.9790000915527344,4.004000186920166,3.9539999961853027
2008-07-01 00:00:00,3.992000102996826,3.997999906539917,3.8980000019073486
2008-07-02 00:00:00,3.9590001106262207,3.997999906539917,3.9519999027252197
2008-07-03 00:00:00,3.9730000495910645,4.01200008392334,3.930000066757202
2008-07-07 00:00:00,3.930000066757202,4.00600004196167,3.8610000610351562
2008-07-08 00:00:00,3.880000114440918,3.934000015258789,3.871000051498413
2008-07-09 00:00:00,3.8340001106262207,3.9230000972747803,3.828000068664551
2008-07-10 00:00:00,3.811000108718872,3.8529999256134033,3.7839999198913574
2008-07-11 00:00:00,3.940000057220459,3.9730000495910645,3.803999900817871
2008-07-14 00:00:00,3.880000114440918,3.993000030517578,3.8380000591278076
2008-07-15 00:00:00,3.8440001010894775,3.8570001125335693,3.7690000534057617
2008-07-16 00:00:00,3.934000015258789,3.944000005722046,3.8359999656677246
2008-07-17 00:00:00,4.038000106811523,4.043000221252441,3.937999963760376
2008-07-18 00:00:00,4.080999851226807,4.0929999351501465,4.000999927520752
2008-07-21 00:00:00,4.066999912261963,4.116000175476074,4.060999870300293
2008-07-22 00:00:00,4.0970001220703125,4.127999782562256,4.039999961853027
2008-07-23 00:00:00,4.1479997634887695,4.173999786376953,4.124000072479248
2008-07-24 00:00:00,4.015999794006348,4.111000061035156,4.010000228881836
2008-07-25 00:00:00,4.111000061035156,4.11299991607666,4.013999938964844
2008-07-28 00:00:00,4.01800012588501,4.0929999351501465,3.994999885559082
2008-07-29 00:00:00,4.044000148773193,4.089000225067139,4.038000106811523
2008-07-30 00:00:00,4.047999858856201,4.11899995803833,4.013000011444092
2008-07-31 00:00:00,3.9790000915527344,4.053999900817871,3.950000047683716
2008-08-01 00:00:00,3.947999954223633,4.005000114440918,3.930999994277954
2008-08-04 00:00:00,3.9719998836517334,3.9739999771118164,3.924999952316284
2008-08-05 00:00:00,4.006999969482422,4.008999824523926,3.9619998931884766
2008-08-06 00:00:00,4.047999858856201,4.090000152587891,4.002999782562256
2008-08-07 00:00:00,3.934999942779541,4.039999961853027,3.930000066757202
2008-08-08 00:00:00,3.950000047683716,3.9639999866485596,3.9030001163482666
2008-08-11 00:00:00,4.001999855041504,4.044000148773193,3.930000066757202
2008-08-12 00:00:00,3.9179999828338623,3.9749999046325684,3.9140000343322754
2008-08-13 00:00:00,3.947000026702881,3.9660000801086426,3.86899995803833
2008-08-14 00:00:00,3.8919999599456787,3.9660000801086426,3.877000093460083
2008-08-15 00:00:00,3.8519999980926514,3.8970000743865967,3.8239998817443848
2008-08-18 00:00:00,3.815999984741211,3.865000009536743,3.805000066757202
2008-08-19 00:00:00,3.8420000076293945,3.8519999980926514,3.7950000762939453
2008-08-20 00:00:00,3.7990000247955322,3.819999933242798,3.7769999504089355
2008-08-21 00:00:00,3.8380000591278076,3.8540000915527344,3.7880001068115234
2008-08-22 00:00:00,3.867000102996826,3.8970000743865967,3.8399999141693115
2008-08-25 00:00:00,3.7909998893737793,3.8380000591278076,3.763000011444092
2008-08-26 00:00:00,3.7839999198913574,3.818000078201294,3.7780001163482666
2008-08-27 00:00:00,3.7720000743865967,3.8440001010894775,3.7669999599456787
2008-08-28 00:00:00,3.7950000762939453,3.8310000896453857,3.7690000534057617
2008-08-29 00:00:00,3.812999963760376,3.8459999561309814,3.763000011444092
2008-09-02 00:00:00,3.746000051498413,3.871999979019165,3.742000102996826
2008-09-03 00:00:00,3.697000026702881,3.747999906539917,3.693000078201294
2008-09-04 00:00:00,3.6429998874664307,3.7009999752044678,3.630000114440918
2008-09-05 00:00:00,3.6600000858306885,3.6600000858306885,3.546999931335449
2008-09-08 00:00:00,3.6649999618530273,3.811000108718872,3.6500000953674316
2008-09-09 00:00:00,3.5959999561309814,3.693000078201294,3.5739998817443848
2008-09-10 00:00:00,3.6410000324249268,3.6760001182556152,3.5940001010894775
2008-09-11 00:00:00,3.621999979019165,3.6519999504089355,3.561000108718872
2008-09-12 00:00:00,3.7300000190734863,3.7320001125335693,3.6089999675750732
2008-09-15 00:00:00,3.4830000400543213,3.5739998817443848,3.4739999771118164
2008-09-16 00:00:00,3.490999937057495,3.497999906539917,3.25
2008-09-17 00:00:00,3.4100000858306885,3.4560000896453857,3.3320000171661377
2008-09-18 00:00:00,3.437000036239624,3.492000102996826,3.3540000915527344
2008-09-19 00:00:00,3.7690000534057617,3.8239998817443848,3.7070000171661377
2008-09-22 00:00:00,3.8259999752044678,3.9040000438690186,3.822000026702881
2008-09-23 00:00:00,3.8410000801086426,3.861999988555908,3.7760000228881836
2008-09-24 00:00:00,3.7709999084472656,3.818000078201294,3.736999988555908
2008-09-25 00:00:00,3.861999988555908,3.9049999713897705,3.7709999084472656
2008-09-26 00:00:00,3.8269999027252197,3.8310000896453857,3.7780001163482666
2008-09-29 00:00:00,3.631999969482422,3.819999933242798,3.569999933242798
2008-09-30 00:00:00,3.8269999027252197,3.8269999027252197,3.61299991607666
2008-10-01 00:00:00,3.7679998874664307,3.803999900817871,3.6440000534057617
2008-10-02 00:00:00,3.6459999084472656,3.7249999046325684,3.632999897003174
2008-10-03 00:00:00,3.6440000534057617,3.7660000324249268,3.5969998836517334
2008-10-06 00:00:00,3.4260001182556152,3.569999933242798,3.421999931335449
2008-10-07 00:00:00,3.50600004196167,3.5880000591278076,3.4570000171661377
2008-10-08 00:00:00,3.7149999141693115,3.8380000591278076,3.4000000953674316
2008-10-09 00:00:00,3.8340001106262207,3.8420000076293945,3.700000047683716
2008-10-10 00:00:00,3.8610000610351562,3.9149999618530273,3.822999954223633
2008-10-13 00:00:00,3.8610000610351562,3.8610000610351562,3.8610000610351562
2008-10-14 00:00:00,4.0229997634887695,4.061999797821045,3.9779999256134033
2008-10-15 00:00:00,4.011000156402588,4.109000205993652,3.9700000286102295
2008-10-16 00:00:00,3.936000108718872,4.065999984741211,3.9179999828338623
2008-10-17 00:00:00,3.937999963760376,3.99399995803833,3.880000114440918
2008-10-20 00:00:00,3.885999917984009,3.9649999141693115,3.885999917984009
2008-10-21 00:00:00,3.703000068664551,3.8259999752044678,3.694000005722046
2008-10-22 00:00:00,3.618000030517578,3.697000026702881,3.6050000190734863
2008-10-23 00:00:00,3.5339999198913574,3.6689999103546143,3.5139999389648438
2008-10-24 00:00:00,3.697000026702881,3.7039999961853027,3.4839999675750732
2008-10-27 00:00:00,3.7290000915527344,3.752000093460083,3.627000093460083
2008-10-28 00:00:00,3.819999933242798,3.828000068664551,3.7330000400543213
2008-10-29 00:00:00,3.874000072479248,3.875999927520752,3.756999969482422
2008-10-30 00:00:00,3.938999891281128,3.9630000591278076,3.9030001163482666
2008-10-31 00:00:00,3.9700000286102295,3.9719998836517334,3.8410000801086426
2008-11-03 00:00:00,3.9040000438690186,3.9639999866485596,3.8989999294281006
2008-11-04 00:00:00,3.765000104904175,3.943000078201294,3.7320001125335693
2008-11-05 00:00:00,3.694000005722046,3.746000051498413,3.677000045776367
2008-11-06 00:00:00,3.7070000171661377,3.7850000858306885,3.6679999828338623
2008-11-07 00:00:00,3.7799999713897705,3.7950000762939453,3.6519999504089355
2008-11-10 00:00:00,3.759999990463257,3.8369998931884766,3.750999927520752
2008-11-11 00:00:00,3.755000114440918,3.755000114440918,3.755000114440918
2008-11-12 00:00:00,3.6649999618530273,3.7339999675750732,3.634999990463257
2008-11-13 00:00:00,3.818000078201294,3.8389999866485596,3.7090001106262207
2008-11-14 00:00:00,3.75,3.7709999084472656,3.697000026702881
2008-11-17 00:00:00,3.684000015258789,3.7330000400543213,3.6689999103546143
2008-11-18 00:00:00,3.5350000858306885,3.6519999504089355,3.513000011444092
2008-11-19 00:00:00,3.3910000324249268,3.513000011444092,3.3499999046325684
2008-11-20 00:00:00,3.1440000534057617,3.259000062942505,3.115999937057495
2008-11-21 00:00:00,3.1670000553131104,3.2730000019073486,3.0850000381469727
2008-11-24 00:00:00,3.3399999141693115,3.3540000915527344,3.2149999141693115
2008-11-25 00:00:00,3.0920000076293945,3.2639999389648438,3.058000087738037
2008-11-26 00:00:00,3.000999927520752,3.0999999046325684,2.9769999980926514
2008-11-28 00:00:00,2.9570000171661377,2.996999979019165,2.930000066757202
2008-12-01 00:00:00,2.7190001010894775,2.88700008392334,2.6489999294281006
2008-12-02 00:00:00,2.693000078201294,2.799999952316284,2.6570000648498535
2008-12-03 00:00:00,2.6760001182556152,2.7750000953674316,2.6480000019073486
2008-12-04 00:00:00,2.569999933242798,2.6740000247955322,2.566999912261963
2008-12-05 00:00:00,2.6570000648498535,2.6640000343322754,2.507999897003174
2008-12-08 00:00:00,2.7339999675750732,2.759999990463257,2.6740000247955322
2008-12-09 00:00:00,2.6689999103546143,2.753000020980835,2.638000011444092
2008-12-10 00:00:00,2.684000015258789,2.755000114440918,2.6600000858306885
2008-12-11 00:00:00,2.6480000019073486,2.7100000381469727,2.617000102996826
2008-12-12 00:00:00,2.5889999866485596,2.75,2.5380001068115234
2008-12-15 00:00:00,2.5329999923706055,2.5820000171661377,2.509000062942505
2008-12-16 00:00:00,2.36299991607666,2.5510001182556152,2.3499999046325684
2008-12-17 00:00:00,2.190000057220459,2.2190001010894775,2.0739998817443848
2008-12-18 00:00:00,2.0739998817443848,2.125999927520752,2.0380001068115234
2008-12-19 00:00:00,2.13100004196167,2.174999952316284,2.072999954223633
2008-12-22 00:00:00,2.1410000324249268,2.180999994277954,2.1080000400543213
2008-12-23 00:00:00,2.1630001068115234,2.2249999046325684,2.1429998874664307
2008-12-24 00:00:00,2.178999900817871,2.2230000495910645,2.1540000438690186
2008-12-26 00:00:00,2.13700008392334,2.240000009536743,2.134999990463257
2008-12-29 00:00:00,2.0959999561309814,2.134999990463257,2.049999952316284
2008-12-30 00:00:00,2.0869998931884766,2.1519999504089355,2.063999891281128
2008-12-31 00:00:00,2.24399995803833,2.252000093460083,2.072000026702881
2009-01-02 00:00:00,2.4159998893737793,2.4170000553131104,2.1589999198913574
2009-01-05 00:00:00,2.48799991607666,2.5199999809265137,2.4089999198913574
2009-01-06 00:00:00,2.505000114440918,2.614000082015991,2.4670000076293945
2009-01-07 00:00:00,2.49399995803833,2.5369999408721924,2.4549999237060547
2009-01-08 00:00:00,2.444999933242798,2.49399995803833,2.4079999923706055
2009-01-09 00:00:00,2.4070000648498535,2.500999927520752,2.3480000495910645
2009-01-12 00:00:00,2.309000015258789,2.4489998817443848,2.308000087738037
2009-01-13 00:00:00,2.296999931335449,2.3459999561309814,2.2960000038146973
2009-01-14 00:00:00,2.2130000591278076,2.2769999504089355,2.1630001068115234
2009-01-15 00:00:00,2.2009999752044678,2.2339999675750732,2.1659998893737793
2009-01-16 00:00:00,2.303999900817871,2.3989999294281006,2.259000062942505
2009-01-20 00:00:00,2.3450000286102295,2.496999979019165,2.3320000171661377
2009-01-21 00:00:00,2.5260000228881836,2.5260000228881836,2.4049999713897705
2009-01-22 00:00:00,2.5940001010894775,2.63700008392334,2.4860000610351562
2009-01-23 00:00:00,2.621999979019165,2.680999994277954,2.5789999961853027
2009-01-26 00:00:00,2.6429998874664307,2.687999963760376,2.6080000400543213
2009-01-27 00:00:00,2.5190000534057617,2.6440000534057617,2.5190000534057617
2009-01-28 00:00:00,2.6559998989105225,2.6610000133514404,2.505000114440918
2009-01-29 00:00:00,2.815000057220459,2.815999984741211,2.6589999198913574
2009-01-30 00:00:00,2.8440001010894775,2.8559999465942383,2.75600004196167
2009-02-02 00:00:00,2.7190001010894775,2.8450000286102295,2.7019999027252197
2009-02-03 00:00:00,2.8420000076293945,2.8610000610351562,2.75
2009-02-04 00:00:00,2.9140000343322754,2.9570000171661377,2.8480000495910645
2009-02-05 00:00:00,2.9000000953674316,2.9489998817443848,2.8570001125335693
2009-02-06 00:00:00,2.9790000915527344,3.000999927520752,2.8970000743865967
2009-02-09 00:00:00,3.0269999504089355,3.053999900817871,2.993000030517578
2009-02-10 00:00:00,2.8469998836517334,2.9560000896453857,2.809999942779541
2009-02-11 00:00:00,2.76200008392334,2.8350000381469727,2.7269999980926514
2009-02-12 00:00:00,2.7269999980926514,2.8350000381469727,2.7179999351501465
2009-02-13 00:00:00,2.881999969482422,2.8989999294281006,2.7750000953674316
2009-02-17 00:00:00,2.6619999408721924,2.763000011444092,2.6549999713897705
2009-02-18 00:00:00,2.7279999256134033,2.756999969482422,2.628000020980835
2009-02-19 00:00:00,2.8570001125335693,2.878999948501587,2.7790000438690186
2009-02-20 00:00:00,2.7720000743865967,2.805999994277954,2.684999942779541
2009-02-23 00:00:00,2.7769999504089355,2.875,2.7679998874664307
2009-02-24 00:00:00,2.7990000247955322,2.803999900817871,2.688999891281128
2009-02-25 00:00:00,2.944999933242798,2.947000026702881,2.8010001182556152
2009-02-26 00:00:00,2.9779999256134033,3.0220000743865967,2.9560000896453857
2009-02-27 00:00:00,3.0409998893737793,3.052000045776367,2.9210000038146973
2009-03-02 00:00:00,2.9189999103546143,2.9800000190734863,2.877000093460083
2009-03-03 00:00:00,2.937999963760376,2.9739999771118164,2.864000082015991
2009-03-04 00:00:00,3.010999917984009,3.0409998893737793,2.9779999256134033
2009-03-05 00:00:00,2.819000005722046,2.927999973297119,2.812999963760376
2009-03-06 00:00:00,2.828000068664551,2.885999917984009,2.7720000743865967
2009-03-09 00:00:00,2.885999917984009,2.937999963760376,2.8499999046325684
2009-03-10 00:00:00,2.9820001125335693,2.990999937057495,2.9159998893737793
2009-03-11 00:00:00,2.9159998893737793,3.0399999618530273,2.9010000228881836
2009-03-12 00:00:00,2.8919999599456787,2.934000015258789,2.821000099182129
2009-03-13 00:00:00,2.884999990463257,2.9660000801086426,2.828000068664551
2009-03-16 00:00:00,2.9509999752044678,2.99399995803833,2.927000045776367
2009-03-17 00:00:00,3.003000020980835,3.01200008392334,2.9049999713897705
2009-03-18 00:00:00,2.5329999923706055,3.0220000743865967,2.4690001010894775
2009-03-19 00:00:00,2.5969998836517334,2.5989999771118164,2.4639999866485596
2009-03-20 00:00:00,2.625,2.634000062942505,2.569999933242798
2009-03-23 00:00:00,2.6600000858306885,2.6600000858306885,2.6089999675750732
2009-03-24 00:00:00,2.6540000438690186,2.747999906539917,2.6540000438690186
2009-03-25 00:00:00,2.7720000743865967,2.808000087738037,2.7100000381469727
2009-03-26 00:00:00,2.7330000400543213,2.822999954223633,2.7209999561309814
2009-03-27 00:00:00,2.760999917984009,2.7860000133514404,2.703000068664551
2009-03-30 00:00:00,2.7139999866485596,2.752000093460083,2.680999994277954
2009-03-31 00:00:00,2.684999942779541,2.740999937057495,2.678999900817871
2009-04-01 00:00:00,2.6579999923706055,2.691999912261963,2.634000062942505
2009-04-02 00:00:00,2.752000093460083,2.7720000743865967,2.690000057220459
2009-04-03 00:00:00,2.9070000648498535,2.9170000553131104,2.7699999809265137
2009-04-06 00:00:00,2.938999891281128,2.943000078201294,2.8540000915527344
2009-04-07 00:00:00,2.9089999198913574,2.9260001182556152,2.881999969482422
2009-04-08 00:00:00,2.8469998836517334,2.8949999809265137,2.8389999866485596
2009-04-09 00:00:00,2.9260001182556152,2.947000026702881,2.872999906539917
2009-04-13 00:00:00,2.8450000286102295,2.934000015258789,2.8359999656677246
2009-04-14 00:00:00,2.7860000133514404,2.880000114440918,2.7750000953674316
2009-04-15 00:00:00,2.759000062942505,2.8299999237060547,2.759000062942505
2009-04-16 00:00:00,2.8299999237060547,2.8429999351501465,2.7769999504089355
2009-04-17 00:00:00,2.930000066757202,2.9509999752044678,2.8510000705718994
2009-04-20 00:00:00,2.8429999351501465,2.8929998874664307,2.8320000171661377
2009-04-21 00:00:00,2.9019999504089355,2.9059998989105225,2.7809998989105225
2009-04-22 00:00:00,2.9639999866485596,2.9730000495910645,2.881999969482422
2009-04-23 00:00:00,2.927000045776367,2.984999895095825,2.927000045776367
2009-04-24 00:00:00,2.996000051498413,2.997999906539917,2.947000026702881
2009-04-27 00:00:00,2.9210000038146973,2.990000009536743,2.9179999828338623
2009-04-28 00:00:00,3.002000093460083,3.0199999809265137,2.872999906539917
2009-04-29 00:00:00,3.0959999561309814,3.121999979019165,2.9790000915527344
2009-04-30 00:00:00,3.124000072479248,3.1659998893737793,3.0959999561309814
2009-05-01 00:00:00,3.1740000247955322,3.2070000171661377,3.1530001163482666
2009-05-04 00:00:00,3.1570000648498535,3.197000026702881,3.140000104904175
2009-05-05 00:00:00,3.1570000648498535,3.203000068664551,3.128999948501587
2009-05-06 00:00:00,3.1519999504089355,3.194000005722046,3.111999988555908
2009-05-07 00:00:00,3.2950000762939453,3.3380000591278076,3.2230000495910645
2009-05-08 00:00:00,3.2929999828338623,3.38700008392334,3.265000104904175
2009-05-11 00:00:00,3.180000066757202,3.2320001125335693,3.177999973297119
2009-05-12 00:00:00,3.174999952316284,3.2260000705718994,3.1530001163482666
2009-05-13 00:00:00,3.1050000190734863,3.1730000972747803,3.0899999141693115
2009-05-14 00:00:00,3.1070001125335693,3.138000011444092,3.0769999027252197
2009-05-15 00:00:00,3.122999906539917,3.1559998989105225,3.0880000591278076
2009-05-18 00:00:00,3.2109999656677246,3.2130000591278076,3.0899999141693115
2009-05-19 00:00:00,3.243000030517578,3.2780001163482666,3.2300000190734863
2009-05-20 00:00:00,3.2019999027252197,3.25600004196167,3.177999973297119
2009-05-21 00:00:00,3.3529999256134033,3.375999927520752,3.1530001163482666
2009-05-22 00:00:00,3.447999954223633,3.453000068664551,3.315999984741211
2009-05-26 00:00:00,3.493000030517578,3.493000030517578,3.3949999809265137
2009-05-27 00:00:00,3.694999933242798,3.7049999237060547,3.51200008392334
2009-05-28 00:00:00,3.671999931335449,3.757999897003174,3.578000068664551
2009-05-29 00:00:00,3.4649999141693115,3.634000062942505,3.4649999141693115
2009-06-01 00:00:00,3.7149999141693115,3.743000030517578,3.505000114440918
2009-06-02 00:00:00,3.6440000534057617,3.7209999561309814,3.615000009536743
2009-06-03 00:00:00,3.5510001182556152,3.61299991607666,3.5360000133514404
2009-06-04 00:00:00,3.7160000801086426,3.7219998836517334,3.5820000171661377
2009-06-05 00:00:00,3.861999988555908,3.9049999713897705,3.753000020980835
2009-06-08 00:00:00,3.8889999389648438,3.9030001163482666,3.796999931335449
2009-06-09 00:00:00,3.8580000400543213,3.9000000953674316,3.828000068664551
2009-06-10 00:00:00,3.936000108718872,4.001999855041504,3.874000072479248
2009-06-11 00:00:00,3.861999988555908,4.013999938964844,3.809000015258789
2009-06-12 00:00:00,3.7880001068115234,3.8529999256134033,3.753999948501587
2009-06-15 00:00:00,3.7130000591278076,3.7780001163482666,3.7049999237060547
2009-06-16 00:00:00,3.6740000247955322,3.7820000648498535,3.6610000133514404
2009-06-17 00:00:00,3.6470000743865967,3.686000108718872,3.5810000896453857
2009-06-18 00:00:00,3.8340001106262207,3.8469998836517334,3.7100000381469727
2009-06-19 00:00:00,3.7890000343322754,3.881999969482422,3.7769999504089355
2009-06-22 00:00:00,3.693000078201294,3.742000102996826,3.684999942779541
2009-06-23 00:00:00,3.640000104904175,3.7279999256134033,3.627000093460083
2009-06-24 00:00:00,3.684999942779541,3.7009999752044678,3.578000068664551
2009-06-25 00:00:00,3.5460000038146973,3.7049999237060547,3.5399999618530273
2009-06-26 00:00:00,3.50600004196167,3.5460000038146973,3.492000102996826
2009-06-29 00:00:00,3.492000102996826,3.509000062942505,3.4560000896453857
2009-06-30 00:00:00,3.5230000019073486,3.5829999446868896,3.4730000495910645
2009-07-01 00:00:00,3.5439999103546143,3.609999895095825,3.5380001068115234
2009-07-02 00:00:00,3.494999885559082,3.568000078201294,3.4639999866485596
2009-07-06 00:00:00,3.50600004196167,3.559999942779541,3.493000030517578
2009-07-07 00:00:00,3.4600000381469727,3.5450000762939453,3.4579999446868896
2009-07-08 00:00:00,3.2890000343322754,3.4509999752044678,3.2799999713897705
2009-07-09 00:00:00,3.4130001068115234,3.427999973297119,3.3420000076293945
2009-07-10 00:00:00,3.2950000762939453,3.3480000495910645,3.265000104904175
2009-07-13 00:00:00,3.3459999561309814,3.3499999046325684,3.2760000228881836
2009-07-14 00:00:00,3.447000026702881,3.4509999752044678,3.3959999084472656
2009-07-15 00:00:00,3.5959999561309814,3.6040000915527344,3.490000009536743
2009-07-16 00:00:00,3.556999921798706,3.6019999980926514,3.510999917984009
2009-07-17 00:00:00,3.6510000228881836,3.6589999198913574,3.5420000553131104
2009-07-20 00:00:00,3.5850000381469727,3.694000005722046,3.569000005722046
2009-07-21 00:00:00,3.4769999980926514,3.6710000038146973,3.4539999961853027
2009-07-22 00:00:00,3.553999900817871,3.562000036239624,3.4630000591278076
2009-07-23 00:00:00,3.7090001106262207,3.7119998931884766,3.513000011444092
2009-07-24 00:00:00,3.6700000762939453,3.7009999752044678,3.6519999504089355
2009-07-27 00:00:00,3.7130000591278076,3.7660000324249268,3.697000026702881
2009-07-28 00:00:00,3.687999963760376,3.7330000400543213,3.61899995803833
2009-07-29 00:00:00,3.6640000343322754,3.736999988555908,3.625
2009-07-30 00:00:00,3.6410000324249268,3.7290000915527344,3.615000009536743
2009-07-31 00:00:00,3.500999927520752,3.6470000743865967,3.494999885559082
2009-08-03 00:00:00,3.6389999389648438,3.6670000553131104,3.559000015258789
2009-08-04 00:00:00,3.678999900817871,3.7300000190734863,3.5869998931884766
2009-08-05 00:00:00,3.7639999389648438,3.7660000324249268,3.6389999389648438
2009-08-06 00:00:00,3.746000051498413,3.7980000972747803,3.7119998931884766
2009-08-07 00:00:00,3.8540000915527344,3.885999917984009,3.740999937057495
2009-08-10 00:00:00,3.7709999084472656,3.8580000400543213,3.760999917984009
2009-08-11 00:00:00,3.693000078201294,3.7730000019073486,3.681999921798706
2009-08-12 00:00:00,3.7009999752044678,3.7869999408721924,3.6480000019073486
2009-08-13 00:00:00,3.5910000801086426,3.7720000743865967,3.5869998931884766
2009-08-14 00:00:00,3.558000087738037,3.5989999771118164,3.493000030517578
2009-08-17 00:00:00,3.490999937057495,3.5220000743865967,3.4700000286102295
2009-08-18 00:00:00,3.5260000228881836,3.5280001163482666,3.4679999351501465
2009-08-19 00:00:00,3.4630000591278076,3.5,3.4019999504089355
2009-08-20 00:00:00,3.434999942779541,3.496000051498413,3.428999900817871
2009-08-21 00:00:00,3.555999994277954,3.565000057220459,3.4260001182556152
2009-08-24 00:00:00,3.49399995803833,3.609999895095825,3.4790000915527344
2009-08-25 00:00:00,3.450000047683716,3.5199999809265137,3.440000057220459
2009-08-26 00:00:00,3.437999963760376,3.4639999866485596,3.4179999828338623
2009-08-27 00:00:00,3.4619998931884766,3.513000011444092,3.4240000247955322
2009-08-28 00:00:00,3.4509999752044678,3.5260000228881836,3.436000108718872
2009-08-31 00:00:00,3.4010000228881836,3.4600000381469727,3.3940000534057617
2009-09-01 00:00:00,3.375,3.4639999866485596,3.3480000495910645
2009-09-02 00:00:00,3.2950000762939453,3.382999897003174,3.2929999828338623
2009-09-03 00:00:00,3.328000068664551,3.3550000190734863,3.311000108718872
2009-09-04 00:00:00,3.441999912261963,3.444999933242798,3.3380000591278076
2009-09-08 00:00:00,3.4690001010894775,3.4790000915527344,3.4159998893737793
2009-09-09 00:00:00,3.4790000915527344,3.5350000858306885,3.4709999561309814
2009-09-10 00:00:00,3.3420000076293945,3.4649999141693115,3.3380000591278076
2009-09-11 00:00:00,3.3429999351501465,3.364000082015991,3.2720000743865967
2009-09-14 00:00:00,3.4059998989105225,3.4110000133514404,3.3559999465942383
2009-09-15 00:00:00,3.4519999027252197,3.490000009536743,3.4260001182556152
2009-09-16 00:00:00,3.4709999561309814,3.499000072479248,3.384999990463257
2009-09-17 00:00:00,3.3980000019073486,3.500999927520752,3.3889999389648438
2009-09-18 00:00:00,3.4739999771118164,3.486999988555908,3.4019999504089355
2009-09-21 00:00:00,3.486999988555908,3.494999885559082,3.4149999618530273
2009-09-22 00:00:00,3.4560000896453857,3.507999897003174,3.443000078201294
2009-09-23 00:00:00,3.4179999828338623,3.515000104904175,3.4049999713897705
2009-09-24 00:00:00,3.38100004196167,3.443000078201294,3.3610000610351562
2009-09-25 00:00:00,3.3289999961853027,3.4019999504089355,3.318000078201294
2009-09-28 00:00:00,3.302000045776367,3.3420000076293945,3.2909998893737793
2009-09-29 00:00:00,3.2920000553131104,3.3420000076293945,3.2780001163482666
2009-09-30 00:00:00,3.306999921798706,3.3310000896453857,3.2799999713897705
2009-10-01 00:00:00,3.194000005722046,3.2980000972747803,3.171999931335449
2009-10-02 00:00:00,3.2209999561309814,3.2239999771118164,3.1059999465942383
2009-10-05 00:00:00,3.2239999771118164,3.2309999465942383,3.177000045776367
2009-10-06 00:00:00,3.247999906539917,3.2679998874664307,3.234999895095825
2009-10-07 00:00:00,3.174999952316284,3.246000051498413,3.1730000972747803
2009-10-08 00:00:00,3.255000114440918,3.260999917984009,3.1579999923706055
2009-10-09 00:00:00,3.384000062942505,3.4030001163482666,3.240000009536743
2009-10-12 00:00:00,3.380000114440918,3.380000114440918,3.380000114440918
2009-10-13 00:00:00,3.312000036239624,3.3410000801086426,3.3010001182556152
2009-10-14 00:00:00,3.4230000972747803,3.443000078201294,3.361999988555908
2009-10-15 00:00:00,3.4700000286102295,3.4769999980926514,3.4019999504089355
2009-10-16 00:00:00,3.4170000553131104,3.4709999561309814,3.4040000438690186
2009-10-19 00:00:00,3.3949999809265137,3.434000015258789,3.384999990463257
2009-10-20 00:00:00,3.3369998931884766,3.384999990463257,3.311000108718872
2009-10-21 00:00:00,3.4110000133514404,3.427999973297119,3.369999885559082
2009-10-22 00:00:00,3.4210000038146973,3.4539999961853027,3.3959999084472656
2009-10-23 00:00:00,3.4749999046325684,3.4860000610351562,3.450000047683716
2009-10-26 00:00:00,3.553999900817871,3.5789999961853027,3.4820001125335693
2009-10-27 00:00:00,3.4619998931884766,3.555999994277954,3.4539999961853027
2009-10-28 00:00:00,3.4110000133514404,3.4619998931884766,3.390000104904175
2009-10-29 00:00:00,3.500999927520752,3.5280001163482666,3.4240000247955322
2009-10-30 00:00:00,3.3919999599456787,3.4690001010894775,3.3919999599456787
2009-11-02 00:00:00,3.421999931335449,3.446000099182129,3.388000011444092
2009-11-03 00:00:00,3.4730000495910645,3.490000009536743,3.3919999599456787
2009-11-04 00:00:00,3.5460000038146973,3.563999891281128,3.4860000610351562
2009-11-05 00:00:00,3.5329999923706055,3.553999900817871,3.5139999389648438
2009-11-06 00:00:00,3.503000020980835,3.553999900817871,3.4590001106262207
2009-11-09 00:00:00,3.4860000610351562,3.5220000743865967,3.4630000591278076
2009-11-10 00:00:00,3.4820001125335693,3.500999927520752,3.434999942779541
2009-11-11 00:00:00,3.4739999771118164,3.4739999771118164,3.4739999771118164
2009-11-12 00:00:00,3.446000099182129,3.5299999713897705,3.440000057220459
2009-11-13 00:00:00,3.428999900817871,3.4719998836517334,3.424999952316284
2009-11-16 00:00:00,3.3310000896453857,3.4070000648498535,3.3310000896453857
2009-11-17 00:00:00,3.319000005722046,3.390000104904175,3.313999891281128
2009-11-18 00:00:00,3.365999937057495,3.377000093460083,3.318000078201294
2009-11-19 00:00:00,3.3489999771118164,3.365999937057495,3.309999942779541
2009-11-20 00:00:00,3.3559999465942383,3.38100004196167,3.3289999961853027
2009-11-23 00:00:00,3.364000082015991,3.4159998893737793,3.361999988555908
2009-11-24 00:00:00,3.316999912261963,3.359999895095825,3.312000036239624
2009-11-25 00:00:00,3.2790000438690186,3.3489999771118164,3.259999990463257
2009-11-27 00:00:00,3.2309999465942383,3.249000072479248,3.200000047683716
2009-11-30 00:00:00,3.2009999752044678,3.249000072479248,3.2009999752044678
2009-12-01 00:00:00,3.2750000953674316,3.2790000438690186,3.2230000495910645
2009-12-02 00:00:00,3.322999954223633,3.322999954223633,3.2660000324249268
2009-12-03 00:00:00,3.380000114440918,3.4010000228881836,3.359999895095825
2009-12-04 00:00:00,3.4830000400543213,3.5139999389648438,3.367000102996826
2009-12-07 00:00:00,3.447999954223633,3.4739999771118164,3.4200000762939453
2009-12-08 00:00:00,3.3919999599456787,3.4079999923706055,3.3469998836517334
2009-12-09 00:00:00,3.4230000972747803,3.450000047683716,3.367000102996826
2009-12-10 00:00:00,3.4820001125335693,3.5209999084472656,3.446000099182129
2009-12-11 00:00:00,3.5399999618530273,3.5840001106262207,3.5139999389648438
2009-12-14 00:00:00,3.5460000038146973,3.556999921798706,3.5209999084472656
2009-12-15 00:00:00,3.6029999256134033,3.619999885559082,3.5799999237060547
2009-12-16 00:00:00,3.5959999561309814,3.6070001125335693,3.5399999618530273
2009-12-17 00:00:00,3.486999988555908,3.5480000972747803,3.4820001125335693
2009-12-18 00:00:00,3.5460000038146973,3.552000045776367,3.4860000610351562
2009-12-21 00:00:00,3.681999921798706,3.686000108718872,3.5880000591278076
2009-12-22 00:00:00,3.74399995803833,3.763000011444092,3.703000068664551
2009-12-23 00:00:00,3.747999906539917,3.752000093460083,3.690000057220459
2009-12-24 00:00:00,3.806999921798706,3.811000108718872,3.736999988555908
2009-12-28 00:00:00,3.8420000076293945,3.8499999046325684,3.815000057220459
2009-12-29 00:00:00,3.809000015258789,3.865999937057495,3.805000066757202
2009-12-30 00:00:00,3.7839999198913574,3.8269999027252197,3.7839999198913574
2009-12-31 00:00:00,3.8429999351501465,3.9179999828338623,3.809000015258789
2010-01-04 00:00:00,3.8410000801086426,3.8589999675750732,3.808000087738037
2010-01-05 00:00:00,3.755000114440918,3.799999952316284,3.749000072479248
2010-01-06 00:00:00,3.808000087738037,3.8369998931884766,3.760999917984009
2010-01-07 00:00:00,3.822000026702881,3.8589999675750732,3.799999952316284
2010-01-08 00:00:00,3.808000087738037,3.8510000705718994,3.7750000953674316
2010-01-11 00:00:00,3.818000078201294,3.8359999656677246,3.7960000038146973
2010-01-12 00:00:00,3.7190001010894775,3.752000093460083,3.7070000171661377
2010-01-13 00:00:00,3.7829999923706055,3.7950000762939453,3.7209999561309814
2010-01-14 00:00:00,3.7339999675750732,3.7750000953674316,3.7090001106262207
2010-01-15 00:00:00,3.6760001182556152,3.7149999141693115,3.6570000648498535
2010-01-19 00:00:00,3.7070000171661377,3.7290000915527344,3.690000057220459
2010-01-20 00:00:00,3.6589999198913574,3.674999952316284,3.635999917984009
2010-01-21 00:00:00,3.6110000610351562,3.681999921798706,3.5950000286102295
2010-01-22 00:00:00,3.5980000495910645,3.631999969482422,3.5940001010894775
2010-01-25 00:00:00,3.630000114440918,3.6519999504089355,3.6110000610351562
2010-01-26 00:00:00,3.630000114440918,3.638000011444092,3.578000068664551
2010-01-27 00:00:00,3.6440000534057617,3.6559998989105225,3.5759999752044678
2010-01-28 00:00:00,3.6579999923706055,3.684999942779541,3.635999917984009
2010-01-29 00:00:00,3.6089999675750732,3.694999933242798,3.6019999980926514
2010-02-01 00:00:00,3.6540000438690186,3.6679999828338623,3.617000102996826
2010-02-02 00:00:00,3.634999990463257,3.6559998989105225,3.632999897003174
2010-02-03 00:00:00,3.703000068664551,3.7090001106262207,3.6659998893737793
2010-02-04 00:00:00,3.609999895095825,3.683000087738037,3.5940001010894775
2010-02-05 00:00:00,3.5460000038146973,3.6449999809265137,3.5369999408721924
2010-02-08 00:00:00,3.5920000076293945,3.6019999980926514,3.571000099182129
2010-02-09 00:00:00,3.632999897003174,3.6470000743865967,3.575000047683716
2010-02-10 00:00:00,3.694000005722046,3.7109999656677246,3.618000030517578
2010-02-11 00:00:00,3.7330000400543213,3.763000011444092,3.694999933242798
2010-02-12 00:00:00,3.693000078201294,3.7100000381469727,3.6679999828338623
2010-02-16 00:00:00,3.6640000343322754,3.7249999046325684,3.6570000648498535
2010-02-17 00:00:00,3.742000102996826,3.756999969482422,3.680999994277954
2010-02-18 00:00:00,3.802999973297119,3.819999933242798,3.7100000381469727
2010-02-19 00:00:00,3.7820000648498535,3.828000068664551,3.7750000953674316
2010-02-22 00:00:00,3.7990000247955322,3.802999973297119,3.7780001163482666
2010-02-23 00:00:00,3.690999984741211,3.7799999713897705,3.684999942779541
2010-02-24 00:00:00,3.694999933242798,3.7139999866485596,3.6589999198913574
2010-02-25 00:00:00,3.6419999599456787,3.6630001068115234,3.628999948501587
2010-02-26 00:00:00,3.5950000286102295,3.635999917984009,3.5850000381469727
2010-03-01 00:00:00,3.6059999465942383,3.63100004196167,3.5950000286102295
2010-03-02 00:00:00,3.614000082015991,3.6530001163482666,3.6080000400543213
2010-03-03 00:00:00,3.625,3.6549999713897705,3.615000009536743
2010-03-04 00:00:00,3.6059999465942383,3.6530001163482666,3.5929999351501465
2010-03-05 00:00:00,3.681999921798706,3.7019999027252197,3.621000051498413
2010-03-08 00:00:00,3.7079999446868896,3.7309999465942383,3.7019999027252197
2010-03-09 00:00:00,3.7009999752044678,3.7230000495910645,3.680000066757202
2010-03-10 00:00:00,3.7200000286102295,3.747999906539917,3.7179999351501465
2010-03-11 00:00:00,3.7200000286102295,3.752000093460083,3.7060000896453857
2010-03-12 00:00:00,3.7100000381469727,3.7790000438690186,3.684999942779541
2010-03-15 00:00:00,3.7039999961853027,3.7309999465942383,3.694999933242798
2010-03-16 00:00:00,3.6530001163482666,3.7119998931884766,3.6459999084472656
2010-03-17 00:00:00,3.6419999599456787,3.6589999198913574,3.628999948501587
2010-03-18 00:00:00,3.671999931335449,3.680000066757202,3.61899995803833
2010-03-19 00:00:00,3.687000036239624,3.7100000381469727,3.6489999294281006
2010-03-22 00:00:00,3.6630001068115234,3.694999933242798,3.6570000648498535
2010-03-23 00:00:00,3.680000066757202,3.680000066757202,3.6530001163482666
2010-03-24 00:00:00,3.8289999961853027,3.8519999980926514,3.7239999771118164
2010-03-25 00:00:00,3.9010000228881836,3.930000066757202,3.8329999446868896
2010-03-26 00:00:00,3.8550000190734863,3.8989999294281006,3.8469998836517334
2010-03-29 00:00:00,3.864000082015991,3.885999917984009,3.8469998836517334
2010-03-30 00:00:00,3.868000030517578,3.9010000228881836,3.859999895095825
2010-03-31 00:00:00,3.8329999446868896,3.8529999256134033,3.818000078201294
2010-04-01 00:00:00,3.8589999675750732,3.888000011444092,3.8429999351501465
2010-04-05 00:00:00,3.99399995803833,4.013000011444092,3.947000026702881
2010-04-06 00:00:00,3.9679999351501465,3.9800000190734863,3.937000036239624
2010-04-07 00:00:00,3.86299991607666,3.9679999351501465,3.8589999675750732
2010-04-08 00:00:00,3.8959999084472656,3.8980000019073486,3.8380000591278076
2010-04-09 00:00:00,3.888000011444092,3.927000045776367,3.875
2010-04-12 00:00:00,3.8459999561309814,3.9040000438690186,3.8299999237060547
2010-04-13 00:00:00,3.811000108718872,3.8399999141693115,3.8010001182556152
2010-04-14 00:00:00,3.8550000190734863,3.8610000610351562,3.802999973297119
2010-04-15 00:00:00,3.8480000495910645,3.890000104904175,3.8259999752044678
2010-04-16 00:00:00,3.7699999809265137,3.8399999141693115,3.759000062942505
2010-04-19 00:00:00,3.806999921798706,3.806999921798706,3.7679998874664307
2010-04-20 00:00:00,3.805000066757202,3.822999954223633,3.796999931335449
2010-04-21 00:00:00,3.73799991607666,3.7920000553131104,3.7360000610351562
2010-04-22 00:00:00,3.7720000743865967,3.7720000743865967,3.7130000591278076
2010-04-23 00:00:00,3.816999912261963,3.8329999446868896,3.8010001182556152
2010-04-26 00:00:00,3.815000057220459,3.822999954223633,3.7799999713897705
2010-04-27 00:00:00,3.690000057220459,3.7780001163482666,3.6760001182556152
2010-04-28 00:00:00,3.7730000019073486,3.7760000228881836,3.7149999141693115
2010-04-29 00:00:00,3.7279999256134033,3.7799999713897705,3.7260000705718994
2010-04-30 00:00:00,3.6630001068115234,3.753000020980835,3.6549999713897705
2010-05-03 00:00:00,3.7049999237060547,3.7130000591278076,3.687999963760376
2010-05-04 00:00:00,3.61299991607666,3.6510000228881836,3.6050000190734863
2010-05-05 00:00:00,3.549999952316284,3.5789999961853027,3.48799991607666
2010-05-06 00:00:00,3.3980000019073486,3.5769999027252197,3.2660000324249268
2010-05-07 00:00:00,3.428999900817871,3.51200008392334,3.296999931335449
2010-05-10 00:00:00,3.5390000343322754,3.5859999656677246,3.5160000324249268
2010-05-11 00:00:00,3.5350000858306885,3.5769999027252197,3.48799991607666
2010-05-12 00:00:00,3.566999912261963,3.575000047683716,3.5350000858306885
2010-05-13 00:00:00,3.563999891281128,3.6070001125335693,3.5239999294281006
2010-05-14 00:00:00,3.441999912261963,3.509000062942505,3.4130001068115234
2010-05-17 00:00:00,3.4719998836517334,3.4719998836517334,3.3959999084472656
2010-05-18 00:00:00,3.375999927520752,3.497999906539917,3.371999979019165
2010-05-19 00:00:00,3.3589999675750732,3.3959999084472656,3.311000108718872
2010-05-20 00:00:00,3.2639999389648438,3.2929999828338623,3.197999954223633
2010-05-21 00:00:00,3.200000047683716,3.242000102996826,3.1040000915527344
2010-05-24 00:00:00,3.2269999980926514,3.2320001125335693,3.171999931335449
2010-05-25 00:00:00,3.1579999923706055,3.1689999103546143,3.0980000495910645
2010-05-26 00:00:00,3.2179999351501465,3.2669999599456787,3.203000068664551
2010-05-27 00:00:00,3.3380000591278076,3.3510000705718994,3.259999990463257
2010-05-28 00:00:00,3.3010001182556152,3.3420000076293945,3.2939999103546143
2010-06-01 00:00:00,3.2960000038146973,3.306999921798706,3.2260000705718994
2010-06-02 00:00:00,3.3340001106262207,3.3420000076293945,3.255000114440918
2010-06-03 00:00:00,3.378999948501587,3.424999952316284,3.3399999141693115
2010-06-04 00:00:00,3.194999933242798,3.3380000591278076,3.194999933242798
2010-06-07 00:00:00,3.184000015258789,3.242000102996826,3.174999952316284
2010-06-08 00:00:00,3.1679999828338623,3.194999933242798,3.1510000228881836
2010-06-09 00:00:00,3.187000036239624,3.242000102996826,3.186000108718872
2010-06-10 00:00:00,3.319000005722046,3.319000005722046,3.2060000896453857
2010-06-11 00:00:00,3.2160000801086426,3.302999973297119,3.2160000801086426
2010-06-14 00:00:00,3.2750000953674316,3.3299999237060547,3.2639999389648438
2010-06-15 00:00:00,3.309999942779541,3.322999954223633,3.244999885559082
2010-06-16 00:00:00,3.2820000648498535,3.302000045776367,3.23799991607666
2010-06-17 00:00:00,3.190000057220459,3.2750000953674316,3.180000066757202
2010-06-18 00:00:00,3.2230000495910645,3.2320001125335693,3.191999912261963
2010-06-21 00:00:00,3.243000030517578,3.308000087738037,3.2339999675750732
2010-06-22 00:00:00,3.1659998893737793,3.240999937057495,3.1630001068115234
2010-06-23 00:00:00,3.115000009536743,3.184999942779541,3.0920000076293945
2010-06-24 00:00:00,3.122999906539917,3.1429998874664307,3.068000078201294
2010-06-25 00:00:00,3.11299991607666,3.1679999828338623,3.0810000896453857
2010-06-28 00:00:00,3.0320000648498535,3.1019999980926514,3.0299999713897705
2010-06-29 00:00:00,2.9670000076293945,3.000999927520752,2.9560000896453857
2010-06-30 00:00:00,2.9509999752044678,2.98799991607666,2.947000026702881
2010-07-01 00:00:00,2.927000045776367,2.944999933242798,2.882999897003174
2010-07-02 00:00:00,2.9790000915527344,2.990000009536743,2.9089999198913574
2010-07-06 00:00:00,2.931999921798706,2.993000030517578,2.928999900817871
2010-07-07 00:00:00,2.9800000190734863,2.9800000190734863,2.9210000038146973
2010-07-08 00:00:00,3.0199999809265137,3.0510001182556152,3.0
2010-07-09 00:00:00,3.055999994277954,3.061000108718872,3.0230000019073486
2010-07-12 00:00:00,3.0460000038146973,3.053999900817871,3.0139999389648438
2010-07-13 00:00:00,3.114000082015991,3.124000072479248,3.069999933242798
2010-07-14 00:00:00,3.049999952316284,3.115000009536743,3.0390000343322754
2010-07-15 00:00:00,2.9779999256134033,3.0840001106262207,2.9649999141693115
2010-07-16 00:00:00,2.938999891281128,3.007999897003174,2.9179999828338623
2010-07-19 00:00:00,2.9639999866485596,2.9660000801086426,2.930000066757202
2010-07-20 00:00:00,2.931999921798706,2.9539999961853027,2.8959999084472656
2010-07-21 00:00:00,2.8919999599456787,2.9660000801086426,2.8910000324249268
2010-07-22 00:00:00,2.931999921798706,2.947999954223633,2.9030001163482666
2010-07-23 00:00:00,2.99399995803833,3.0,2.930999994277954
2010-07-26 00:00:00,2.99399995803833,3.0339999198913574,2.9830000400543213
2010-07-27 00:00:00,3.046999931335449,3.053999900817871,3.0209999084472656
2010-07-28 00:00:00,3.000999927520752,3.061000108718872,2.996000051498413
2010-07-29 00:00:00,2.999000072479248,3.0339999198913574,2.9630000591278076
2010-07-30 00:00:00,2.9070000648498535,2.9570000171661377,2.9030001163482666
2010-08-02 00:00:00,2.9630000591278076,2.9639999866485596,2.934000015258789
2010-08-03 00:00:00,2.9140000343322754,2.938999891281128,2.8940000534057617
2010-08-04 00:00:00,2.9519999027252197,2.9549999237060547,2.88700008392334
2010-08-05 00:00:00,2.9149999618530273,2.9549999237060547,2.8959999084472656
2010-08-06 00:00:00,2.8239998817443848,2.9200000762939453,2.816999912261963
2010-08-09 00:00:00,2.822000026702881,2.8399999141693115,2.815000057220459
2010-08-10 00:00:00,2.7809998989105225,2.8389999866485596,2.744999885559082
2010-08-11 00:00:00,2.684999942779541,2.7339999675750732,2.683000087738037
2010-08-12 00:00:00,2.734999895095825,2.753999948501587,2.690999984741211
2010-08-13 00:00:00,2.687999963760376,2.7269999980926514,2.686000108718872
2010-08-16 00:00:00,2.575000047683716,2.627000093460083,2.572000026702881
2010-08-17 00:00:00,2.6449999809265137,2.6589999198913574,2.5980000495910645
2010-08-18 00:00:00,2.6410000324249268,2.6429998874664307,2.5799999237060547
2010-08-19 00:00:00,2.5789999961853027,2.6679999828338623,2.556999921798706
2010-08-20 00:00:00,2.611999988555908,2.621000051498413,2.546999931335449
2010-08-23 00:00:00,2.6070001125335693,2.63700008392334,2.6019999980926514
2010-08-24 00:00:00,2.499000072479248,2.5460000038146973,2.4690001010894775
2010-08-25 00:00:00,2.5380001068115234,2.5429999828338623,2.4189999103546143
2010-08-26 00:00:00,2.499000072479248,2.553999900817871,2.496999979019165
2010-08-27 00:00:00,2.6519999504089355,2.6640000343322754,2.490999937057495
2010-08-30 00:00:00,2.5450000762939453,2.6050000190734863,2.5320000648498535
2010-08-31 00:00:00,2.4769999980926514,2.513000011444092,2.4679999351501465
2010-09-01 00:00:00,2.5820000171661377,2.627000093460083,2.490999937057495
2010-09-02 00:00:00,2.628000020980835,2.6389999389648438,2.5859999656677246
2010-09-03 00:00:00,2.7060000896453857,2.7679998874664307,2.6500000953674316
2010-09-07 00:00:00,2.6089999675750732,2.6540000438690186,2.6089999675750732
2010-09-08 00:00:00,2.6540000438690186,2.680999994277954,2.625
2010-09-09 00:00:00,2.760999917984009,2.76200008392334,2.677000045776367
2010-09-10 00:00:00,2.7950000762939453,2.822999954223633,2.7769999504089355
2010-09-13 00:00:00,2.740999937057495,2.8269999027252197,2.740999937057495
2010-09-14 00:00:00,2.6659998893737793,2.752000093460083,2.6649999618530273
2010-09-15 00:00:00,2.7230000495910645,2.7320001125335693,2.6610000133514404
2010-09-16 00:00:00,2.759000062942505,2.7939999103546143,2.691999912261963
2010-09-17 00:00:00,2.746000051498413,2.759000062942505,2.694999933242798
2010-09-20 00:00:00,2.7060000896453857,2.752000093460083,2.703000068664551
2010-09-21 00:00:00,2.5940001010894775,2.7100000381469727,2.5869998931884766
2010-09-22 00:00:00,2.5480000972747803,2.566999912261963,2.505000114440918
2010-09-23 00:00:00,2.555000066757202,2.569000005722046,2.4820001125335693
2010-09-24 00:00:00,2.611999988555908,2.615999937057495,2.565000057220459
2010-09-27 00:00:00,2.5169999599456787,2.566999912261963,2.509999990463257
2010-09-28 00:00:00,2.4560000896453857,2.5420000553131104,2.4489998817443848
2010-09-29 00:00:00,2.50600004196167,2.51200008392334,2.453000068664551
2010-09-30 00:00:00,2.5169999599456787,2.6010000705718994,2.4709999561309814
2010-10-01 00:00:00,2.5260000228881836,2.5739998817443848,2.503999948501587
2010-10-04 00:00:00,2.4790000915527344,2.507999897003174,2.4739999771118164
2010-10-05 00:00:00,2.4739999771118164,2.494999885559082,2.4539999961853027
2010-10-06 00:00:00,2.3989999294281006,2.4059998989105225,2.3589999675750732
2010-10-07 00:00:00,2.3959999084472656,2.4170000553131104,2.372999906539917
2010-10-08 00:00:00,2.38100004196167,2.430999994277954,2.3340001106262207
2010-10-12 00:00:00,2.421999931335449,2.421999931335449,2.3529999256134033
2010-10-13 00:00:00,2.430999994277954,2.490000009536743,2.4260001182556152
2010-10-14 00:00:00,2.494999885559082,2.509000062942505,2.421999931335449
2010-10-15 00:00:00,2.5759999752044678,2.5940001010894775,2.4539999961853027
2010-10-18 00:00:00,2.490999937057495,2.5339999198913574,2.48799991607666
2010-10-19 00:00:00,2.4749999046325684,2.561000108718872,2.4570000171661377
2010-10-20 00:00:00,2.4700000286102295,2.5179998874664307,2.4539999961853027
2010-10-21 00:00:00,2.5309998989105225,2.5429999828338623,2.4839999675750732
2010-10-22 00:00:00,2.562999963760376,2.5869998931884766,2.546999931335449
2010-10-25 00:00:00,2.553999900817871,2.566999912261963,2.496999979019165
2010-10-26 00:00:00,2.635999917984009,2.6470000743865967,2.5959999561309814
2010-10-27 00:00:00,2.7119998931884766,2.7200000286102295,2.6670000553131104
2010-10-28 00:00:00,2.6610000133514404,2.7119998931884766,2.6429998874664307
2010-10-29 00:00:00,2.611999988555908,2.6630001068115234,2.609999895095825
2010-11-01 00:00:00,2.628000020980835,2.6410000324249268,2.559000015258789
2010-11-02 00:00:00,2.5940001010894775,2.615999937057495,2.5869998931884766
2010-11-03 00:00:00,2.61899995803833,2.6540000438690186,2.5269999504089355
2010-11-04 00:00:00,2.4839999675750732,2.549999952316284,2.4600000381469727
2010-11-05 00:00:00,2.5360000133514404,2.5899999141693115,2.486999988555908
2010-11-08 00:00:00,2.562999963760376,2.566999912261963,2.5139999389648438
2010-11-09 00:00:00,2.6589999198913574,2.6649999618530273,2.5339999198913574
2010-11-10 00:00:00,2.6480000019073486,2.7829999923706055,2.6480000019073486
2010-11-11 00:00:00,2.6480000019073486,2.6480000019073486,2.6480000019073486
2010-11-12 00:00:00,2.75600004196167,2.7760000228881836,2.6659998893737793
2010-11-15 00:00:00,2.9110000133514404,2.9110000133514404,2.812999963760376
2010-11-16 00:00:00,2.8469998836517334,2.9630000591278076,2.8450000286102295
2010-11-17 00:00:00,2.864000082015991,2.878000020980835,2.802000045776367
2010-11-18 00:00:00,2.9019999504089355,2.9600000381469727,2.8989999294281006
2010-11-19 00:00:00,2.875,2.9100000858306885,2.868000030517578
2010-11-22 00:00:00,2.812999963760376,2.8480000495910645,2.7980000972747803
2010-11-23 00:00:00,2.76200008392334,2.7869999408721924,2.7279999256134033
2010-11-24 00:00:00,2.9140000343322754,2.930000066757202,2.808000087738037
2010-11-26 00:00:00,2.864000082015991,2.8959999084472656,2.8410000801086426
2010-11-29 00:00:00,2.822000026702881,2.8550000190734863,2.811000108718872
2010-11-30 00:00:00,2.796999931335449,2.805999994277954,2.750999927520752
2010-12-01 00:00:00,2.9639999866485596,2.9830000400543213,2.890000104904175
2010-12-02 00:00:00,3.0,3.0239999294281006,2.941999912261963
2010-12-03 00:00:00,3.0169999599456787,3.062000036239624,2.9030001163482666
2010-12-06 00:00:00,2.940999984741211,2.9809999465942383,2.937000036239624
2010-12-07 00:00:00,3.1649999618530273,3.177000045776367,3.0190000534057617
2010-12-08 00:00:00,3.2360000610351562,3.3299999237060547,3.1730000972747803
2010-12-09 00:00:00,3.2230000495910645,3.2780001163482666,3.178999900817871
2010-12-10 00:00:00,3.2960000038146973,3.2980000972747803,3.2330000400543213
2010-12-13 00:00:00,3.2829999923706055,3.371000051498413,3.25
2010-12-14 00:00:00,3.4549999237060547,3.4670000076293945,3.299999952316284
2010-12-15 00:00:00,3.5199999809265137,3.562999963760376,3.3970000743865967
2010-12-16 00:00:00,3.4769999980926514,3.565999984741211,3.4590001106262207
2010-12-17 00:00:00,3.3299999237060547,3.4230000972747803,3.328000068664551
2010-12-20 00:00:00,3.3489999771118164,3.371000051498413,3.249000072479248
2010-12-21 00:00:00,3.3259999752044678,3.38100004196167,3.3010001182556152
2010-12-22 00:00:00,3.3459999561309814,3.365000009536743,3.302999973297119
2010-12-23 00:00:00,3.3929998874664307,3.4070000648498535,3.3540000915527344
2010-12-27 00:00:00,3.3510000705718994,3.427999973297119,3.3489999771118164
2010-12-28 00:00:00,3.4809999465942383,3.486999988555908,3.3259999752044678
2010-12-29 00:00:00,3.3410000801086426,3.493000030517578,3.3369998931884766
2010-12-30 00:00:00,3.36899995803833,3.4210000038146973,3.3550000190734863
2010-12-31 00:00:00,3.305000066757202,3.36299991607666,3.2820000648498535
2011-01-03 00:00:00,3.3420000076293945,3.4200000762939453,3.312999963760376
2011-01-04 00:00:00,3.3459999561309814,3.361999988555908,3.302000045776367
2011-01-05 00:00:00,3.4830000400543213,3.496999979019165,3.378999948501587
2011-01-06 00:00:00,3.4189999103546143,3.4600000381469727,3.3929998874664307
2011-01-07 00:00:00,3.328000068664551,3.4639999866485596,3.296999931335449
2011-01-10 00:00:00,3.303999900817871,3.328000068664551,3.2769999504089355
2011-01-11 00:00:00,3.3410000801086426,3.371000051498413,3.2929999828338623
2011-01-12 00:00:00,3.3550000190734863,3.4179999828338623,3.3480000495910645
2011-01-13 00:00:00,3.3010001182556152,3.3889999389648438,3.296999931335449
2011-01-14 00:00:00,3.3329999446868896,3.3350000381469727,3.255000114440918
2011-01-18 00:00:00,3.364000082015991,3.4130001068115234,3.2809998989105225
2011-01-19 00:00:00,3.3369998931884766,3.388000011444092,3.3269999027252197
2011-01-20 00:00:00,3.4590001106262207,3.4739999771118164,3.3589999675750732
2011-01-21 00:00:00,3.4159998893737793,3.4709999561309814,3.4100000858306885
2011-01-24 00:00:00,3.4079999923706055,3.431999921798706,3.38100004196167
2011-01-25 00:00:00,3.319000005722046,3.4200000762939453,3.309000015258789
2011-01-26 00:00:00,3.427999973297119,3.441999912261963,3.361999988555908
2011-01-27 00:00:00,3.384999990463257,3.4619998931884766,3.378999948501587
2011-01-28 00:00:00,3.3289999961853027,3.453000068664551,3.309999942779541
2011-01-31 00:00:00,3.378000020980835,3.4040000438690186,3.3289999961853027
2011-02-01 00:00:00,3.443000078201294,3.4690001010894775,3.4179999828338623
2011-02-02 00:00:00,3.489000082015991,3.506999969482422,3.3980000019073486
2011-02-03 00:00:00,3.5409998893737793,3.5510001182556152,3.490999937057495
2011-02-04 00:00:00,3.6519999504089355,3.6659998893737793,3.5299999713897705
2011-02-07 00:00:00,3.6440000534057617,3.691999912261963,3.640000104904175
2011-02-08 00:00:00,3.7249999046325684,3.734999895095825,3.640000104904175
2011-02-09 00:00:00,3.6419999599456787,3.74399995803833,3.625999927520752
2011-02-10 00:00:00,3.7079999446868896,3.7209999561309814,3.6549999713897705
2011-02-11 00:00:00,3.6459999084472656,3.6700000762939453,3.6080000400543213
2011-02-14 00:00:00,3.614000082015991,3.6640000343322754,3.6010000705718994
2011-02-15 00:00:00,3.615999937057495,3.6610000133514404,3.6010000705718994
2011-02-16 00:00:00,3.621000051498413,3.6510000228881836,3.5759999752044678
2011-02-17 00:00:00,3.5739998817443848,3.614000082015991,3.549999952316284
2011-02-18 00:00:00,3.5889999866485596,3.631999969482422,3.5799999237060547
2011-02-22 00:00:00,3.4609999656677246,3.5439999103546143,3.4570000171661377
2011-02-23 00:00:00,3.486999988555908,3.492000102996826,3.430999994277954
2011-02-24 00:00:00,3.437999963760376,3.4630000591278076,3.4149999618530273
2011-02-25 00:00:00,3.424999952316284,3.4679999351501465,3.4179999828338623
2011-02-28 00:00:00,3.4140000343322754,3.427000045776367,3.4030001163482666
2011-03-01 00:00:00,3.4140000343322754,3.490000009536743,3.4070000648498535
2011-03-02 00:00:00,3.4639999866485596,3.4660000801086426,3.4070000648498535
2011-03-03 00:00:00,3.572000026702881,3.5739998817443848,3.4830000400543213
2011-03-04 00:00:00,3.492000102996826,3.5950000286102295,3.4790000915527344
2011-03-07 00:00:00,3.496999979019165,3.552000045776367,3.4690001010894775
2011-03-08 00:00:00,3.5439999103546143,3.555000066757202,3.492000102996826
2011-03-09 00:00:00,3.4690001010894775,3.5399999618530273,3.4489998817443848
2011-03-10 00:00:00,3.3929998874664307,3.4790000915527344,3.381999969482422
2011-03-11 00:00:00,3.3929998874664307,3.4140000343322754,3.3489999771118164
2011-03-14 00:00:00,3.3469998836517334,3.388000011444092,3.3310000896453857
2011-03-15 00:00:00,3.322999954223633,3.325000047683716,3.2300000190734863
2011-03-16 00:00:00,3.2119998931884766,3.306999921798706,3.1410000324249268
2011-03-17 00:00:00,3.247999906539917,3.2899999618530273,3.2279999256134033
2011-03-18 00:00:00,3.2769999504089355,3.325000047683716,3.24399995803833
2011-03-21 00:00:00,3.322999954223633,3.367000102996826,3.296999931335449
2011-03-22 00:00:00,3.3320000171661377,3.3610000610351562,3.3299999237060547
2011-03-23 00:00:00,3.3480000495910645,3.3519999980926514,3.2799999713897705
2011-03-24 00:00:00,3.4040000438690186,3.4040000438690186,3.3589999675750732
2011-03-25 00:00:00,3.444000005722046,3.4609999656677246,3.382999897003174
2011-03-28 00:00:00,3.447999954223633,3.4800000190734863,3.430999994277954
2011-03-29 00:00:00,3.490999937057495,3.502000093460083,3.428999900817871
2011-03-30 00:00:00,3.4549999237060547,3.489000082015991,3.450000047683716
2011-03-31 00:00:00,3.4539999961853027,3.4820001125335693,3.4030001163482666
2011-04-01 00:00:00,3.4509999752044678,3.5260000228881836,3.447999954223633
2011-04-04 00:00:00,3.430999994277954,3.441999912261963,3.4030001163482666
2011-04-05 00:00:00,3.486999988555908,3.5,3.3989999294281006
2011-04-06 00:00:00,3.5450000762939453,3.5490000247955322,3.496000051498413
2011-04-07 00:00:00,3.555000066757202,3.5769999027252197,3.5230000019073486
2011-04-08 00:00:00,3.569999933242798,3.61899995803833,3.568000078201294
2011-04-11 00:00:00,3.569999933242798,3.6019999980926514,3.558000087738037
2011-04-12 00:00:00,3.5,3.5390000343322754,3.4749999046325684
2011-04-13 00:00:00,3.4660000801086426,3.5450000762939453,3.4600000381469727
2011-04-14 00:00:00,3.484999895095825,3.5,3.4210000038146973
2011-04-15 00:00:00,3.4100000858306885,3.4679999351501465,3.3989999294281006
2011-04-18 00:00:00,3.371000051498413,3.4549999237060547,3.36299991607666
2011-04-19 00:00:00,3.3559999465942383,3.3980000019073486,3.3480000495910645
2011-04-20 00:00:00,3.4000000953674316,3.4019999504089355,3.374000072479248
2011-04-21 00:00:00,3.4000000953674316,3.4019999504089355,3.369999885559082
2011-04-25 00:00:00,3.36299991607666,3.3959999084472656,3.3610000610351562
2011-04-26 00:00:00,3.319999933242798,3.365000009536743,3.313999891281128
2011-04-27 00:00:00,3.368000030517578,3.3910000324249268,3.3380000591278076
2011-04-28 00:00:00,3.312000036239624,3.3459999561309814,3.2980000972747803
2011-04-29 00:00:00,3.2960000038146973,3.3329999446868896,3.2860000133514404
2011-05-02 00:00:00,3.2860000133514404,3.312000036239624,3.2639999389648438
2011-05-03 00:00:00,3.255000114440918,3.2839999198913574,3.249000072479248
2011-05-04 00:00:00,3.2230000495910645,3.2690000534057617,3.2090001106262207
2011-05-05 00:00:00,3.1679999828338623,3.1989998817443848,3.1640000343322754
2011-05-06 00:00:00,3.1570000648498535,3.239000082015991,3.128000020980835
2011-05-09 00:00:00,3.1419999599456787,3.180999994277954,3.134999990463257
2011-05-10 00:00:00,3.194999933242798,3.1989998817443848,3.1600000858306885
2011-05-11 00:00:00,3.1570000648498535,3.2239999771118164,3.1530001163482666
2011-05-12 00:00:00,3.2300000190734863,3.247999906539917,3.1689999103546143
2011-05-13 00:00:00,3.187000036239624,3.2300000190734863,3.131999969482422
2011-05-16 00:00:00,3.1489999294281006,3.1989998817443848,3.1470000743865967
2011-05-17 00:00:00,3.121000051498413,3.1489999294281006,3.0980000495910645
2011-05-18 00:00:00,3.1710000038146973,3.177999973297119,3.0980000495910645
2011-05-19 00:00:00,3.1710000038146973,3.240999937057495,3.1689999103546143
2011-05-20 00:00:00,3.1519999504089355,3.188999891281128,3.1470000743865967
2011-05-23 00:00:00,3.134000062942505,3.1410000324249268,3.0940001010894775
2011-05-24 00:00:00,3.122999906539917,3.1619999408721924,3.114000082015991
2011-05-25 00:00:00,3.128999948501587,3.140000104904175,3.0989999771118164
2011-05-26 00:00:00,3.061000108718872,3.1470000743865967,3.061000108718872
2011-05-27 00:00:00,3.063999891281128,3.1010000705718994,3.055000066757202
2011-05-31 00:00:00,3.049999952316284,3.0989999771118164,3.0409998893737793
2011-06-01 00:00:00,2.9660000801086426,3.0239999294281006,2.9519999027252197
2011-06-02 00:00:00,3.0299999713897705,3.0329999923706055,2.9660000801086426
2011-06-03 00:00:00,2.996999979019165,3.0239999294281006,2.947999954223633
2011-06-06 00:00:00,3.002000093460083,3.0409998893737793,3.0
2011-06-07 00:00:00,3.010999917984009,3.055000066757202,3.009000062942505
2011-06-08 00:00:00,2.9619998931884766,2.9800000190734863,2.933000087738037
2011-06-09 00:00:00,2.997999906539917,3.0199999809265137,2.9189999103546143
2011-06-10 00:00:00,2.9709999561309814,2.9800000190734863,2.937000036239624
2011-06-13 00:00:00,2.990999937057495,3.013000011444092,2.9489998817443848
2011-06-14 00:00:00,3.0989999771118164,3.1029999256134033,3.006999969482422
2011-06-15 00:00:00,2.9730000495910645,3.0950000286102295,2.9639999866485596
2011-06-16 00:00:00,2.9089999198913574,2.9649999141693115,2.8929998874664307
2011-06-17 00:00:00,2.944000005722046,2.9779999256134033,2.927000045776367
2011-06-20 00:00:00,2.9630000591278076,2.9779999256134033,2.8980000019073486
2011-06-21 00:00:00,2.984999895095825,3.0,2.9539999961853027
2011-06-22 00:00:00,2.993000030517578,2.99399995803833,2.940000057220459
2011-06-23 00:00:00,2.9089999198913574,2.941999912261963,2.88700008392334
2011-06-24 00:00:00,2.871000051498413,2.936000108718872,2.8469998836517334
2011-06-27 00:00:00,2.927000045776367,2.931999921798706,2.8550000190734863
2011-06-28 00:00:00,3.0450000762939453,3.055000066757202,2.930000066757202
2011-06-29 00:00:00,3.1080000400543213,3.131999969482422,3.055000066757202
2011-06-30 00:00:00,3.1579999923706055,3.2160000801086426,3.0880000591278076
2011-07-01 00:00:00,3.197000026702881,3.2230000495910645,3.140000104904175
2011-07-05 00:00:00,3.135999917984009,3.1579999923706055,3.11899995803833
2011-07-06 00:00:00,3.0950000286102295,3.11899995803833,3.072999954223633
2011-07-07 00:00:00,3.1489999294281006,3.174999952316284,3.1410000324249268
2011-07-08 00:00:00,3.0160000324249268,3.180999994277954,3.007999897003174
2011-07-11 00:00:00,2.9170000553131104,2.9749999046325684,2.9130001068115234
2011-07-12 00:00:00,2.9079999923706055,2.937000036239624,2.875
2011-07-13 00:00:00,2.8910000324249268,2.9519999027252197,2.890000104904175
2011-07-14 00:00:00,2.944000005722046,2.946000099182129,2.890000104904175
2011-07-15 00:00:00,2.9079999923706055,2.9839999675750732,2.8989999294281006
2011-07-18 00:00:00,2.9089999198913574,2.930999994277954,2.875
2011-07-19 00:00:00,2.8910000324249268,2.9590001106262207,2.878000020980835
2011-07-20 00:00:00,2.933000087738037,2.941999912261963,2.8970000743865967
2011-07-21 00:00:00,3.009999990463257,3.0360000133514404,2.953000068664551
2011-07-22 00:00:00,2.9639999866485596,2.990999937057495,2.9619998931884766
2011-07-25 00:00:00,3.003999948501587,3.0320000648498535,2.941999912261963
2011-07-26 00:00:00,2.9509999752044678,3.0260000228881836,2.940000057220459
2011-07-27 00:00:00,2.9800000190734863,3.009999990463257,2.944999933242798
2011-07-28 00:00:00,2.9509999752044678,2.9660000801086426,2.933000087738037
2011-07-29 00:00:00,2.805000066757202,2.9200000762939453,2.805000066757202
2011-08-01 00:00:00,2.740000009536743,2.821000099182129,2.7190001010894775
2011-08-02 00:00:00,2.624000072479248,2.7239999771118164,2.6040000915527344
2011-08-03 00:00:00,2.5989999771118164,2.632999897003174,2.5460000038146973
2011-08-04 00:00:00,2.4579999446868896,2.6019999980926514,2.4560000896453857
2011-08-05 00:00:00,2.558000087738037,2.5810000896453857,2.427999973297119
2011-08-08 00:00:00,2.3389999866485596,2.503000020980835,2.328000068664551
2011-08-09 00:00:00,2.181999921798706,2.4059998989105225,2.1730000972747803
2011-08-10 00:00:00,2.13700008392334,2.2160000801086426,2.0920000076293945
2011-08-11 00:00:00,2.3359999656677246,2.359999895095825,2.130000114440918
2011-08-12 00:00:00,2.236999988555908,2.312999963760376,2.2230000495910645
2011-08-15 00:00:00,2.2850000858306885,2.2899999618530273,2.234999895095825
2011-08-16 00:00:00,2.2139999866485596,2.3010001182556152,2.200000047683716
2011-08-17 00:00:00,2.1649999618530273,2.259999990463257,2.1600000858306885
2011-08-18 00:00:00,2.0829999446868896,2.1110000610351562,1.9780000448226929
2011-08-19 00:00:00,2.071000099182129,2.122999906539917,2.069000005722046
2011-08-22 00:00:00,2.0880000591278076,2.134000062942505,2.0829999446868896
2011-08-23 00:00:00,2.13700008392334,2.1619999408721924,2.063999891281128
2011-08-24 00:00:00,2.259999990463257,2.2660000324249268,2.1389999389648438
2011-08-25 00:00:00,2.2219998836517334,2.2939999103546143,2.2109999656677246
2011-08-26 00:00:00,2.187999963760376,2.2200000286102295,2.121000051498413
2011-08-29 00:00:00,2.2709999084472656,2.2960000038146973,2.2249999046325684
2011-08-30 00:00:00,2.1760001182556152,2.2060000896453857,2.1579999923706055
2011-08-31 00:00:00,2.2179999351501465,2.2230000495910645,2.1389999389648438
2011-09-01 00:00:00,2.1459999084472656,2.2780001163482666,2.1440000534057617
2011-09-02 00:00:00,1.996000051498413,2.1640000343322754,1.996000051498413
2011-09-06 00:00:00,1.9789999723434448,1.9889999628067017,1.9290000200271606
2011-09-07 00:00:00,2.0360000133514404,2.059999942779541,2.005000114440918
2011-09-08 00:00:00,1.9859999418258667,2.0390000343322754,1.9769999980926514
2011-09-09 00:00:00,1.9149999618530273,2.0179998874664307,1.8960000276565552
2011-09-12 00:00:00,1.9299999475479126,1.9490000009536743,1.8960000276565552
2011-09-13 00:00:00,1.99399995803833,2.00600004196167,1.940999984741211
2011-09-14 00:00:00,2.010999917984009,2.0320000648498535,1.9630000591278076
2011-09-15 00:00:00,2.0850000381469727,2.118000030517578,2.0309998989105225
2011-09-16 00:00:00,2.0759999752044678,2.118000030517578,2.059999942779541
2011-09-19 00:00:00,1.940000057220459,1.9919999837875366,1.9279999732971191
2011-09-20 00:00:00,1.9470000267028809,1.9919999837875366,1.934999942779541
2011-09-21 00:00:00,1.875,1.9570000171661377,1.8559999465942383
2011-09-22 00:00:00,1.715000033378601,1.7929999828338623,1.6990000009536743
2011-09-23 00:00:00,1.8079999685287476,1.815999984741211,1.6959999799728394
2011-09-26 00:00:00,1.9040000438690186,1.909000039100647,1.8329999446868896
2011-09-27 00:00:00,2.0160000324249268,2.0160000324249268,1.9550000429153442
2011-09-28 00:00:00,2.002000093460083,2.065000057220459,1.9730000495910645
2011-09-29 00:00:00,1.9570000171661377,2.0280001163482666,1.9520000219345093
2011-09-30 00:00:00,1.9240000247955322,1.9550000429153442,1.8930000066757202
2011-10-03 00:00:00,1.784999966621399,1.8910000324249268,1.7760000228881836
2011-10-04 00:00:00,1.781000018119812,1.840000033378601,1.7170000076293945
2011-10-05 00:00:00,1.9049999713897705,1.9119999408721924,1.843000054359436
2011-10-06 00:00:00,1.9859999418258667,1.9859999418258667,1.9149999618530273
2011-10-07 00:00:00,2.068000078201294,2.118000030517578,2.006999969482422
2011-10-10 00:00:00,2.0759999752044678,2.0759999752044678,2.0759999752044678
2011-10-11 00:00:00,2.1600000858306885,2.180000066757202,2.134000062942505
2011-10-12 00:00:00,2.2260000705718994,2.2690000534057617,2.190000057220459
2011-10-13 00:00:00,2.1689999103546143,2.203000068664551,2.122999906539917
2011-10-14 00:00:00,2.2320001125335693,2.2639999389648438,2.2119998931884766
2011-10-17 00:00:00,2.1549999713897705,2.24399995803833,2.1510000228881836
2011-10-18 00:00:00,2.1510000228881836,2.1659998893737793,2.1040000915527344
2011-10-19 00:00:00,2.1589999198913574,2.2249999046325684,2.134000062942505
2011-10-20 00:00:00,2.180000066757202,2.2070000171661377,2.114000082015991
2011-10-21 00:00:00,2.203000068664551,2.239000082015991,2.180000066757202
2011-10-24 00:00:00,2.2339999675750732,2.239000082015991,2.174999952316284
2011-10-25 00:00:00,2.128000020980835,2.256999969482422,2.114000082015991
2011-10-26 00:00:00,2.203000068664551,2.2139999866485596,2.111999988555908
2011-10-27 00:00:00,2.3949999809265137,2.4070000648498535,2.2709999084472656
2011-10-28 00:00:00,2.305999994277954,2.372999906539917,2.2929999828338623
2011-10-31 00:00:00,2.174999952316284,2.236999988555908,2.174999952316284
2011-11-01 00:00:00,2.000999927520752,2.046999931335449,1.9559999704360962
2011-11-02 00:00:00,2.00600004196167,2.062999963760376,1.9910000562667847
2011-11-03 00:00:00,2.065999984741211,2.0799999237060547,2.0169999599456787
2011-11-04 00:00:00,2.049999952316284,2.13700008392334,2.0239999294281006
2011-11-07 00:00:00,1.99399995803833,2.055999994277954,1.9609999656677246
2011-11-08 00:00:00,2.065000057220459,2.068000078201294,1.9989999532699585
2011-11-09 00:00:00,1.9550000429153442,2.01200008392334,1.9290000200271606
2011-11-10 00:00:00,2.055999994277954,2.1080000400543213,2.01200008392334
2011-11-11 00:00:00,2.055999994277954,2.055999994277954,2.055999994277954
2011-11-14 00:00:00,2.0429999828338623,2.0969998836517334,2.0260000228881836
2011-11-15 00:00:00,2.056999921798706,2.072999954223633,1.9950000047683716
2011-11-16 00:00:00,2.0239999294281006,2.052000045776367,2.006999969482422
2011-11-17 00:00:00,1.9579999446868896,2.0399999618530273,1.937999963760376
2011-11-18 00:00:00,2.01200008392334,2.0360000133514404,1.9839999675750732
2011-11-21 00:00:00,1.9620000123977661,1.9739999771118164,1.9429999589920044
2011-11-22 00:00:00,1.9390000104904175,1.9880000352859497,1.9359999895095825
2011-11-23 00:00:00,1.878999948501587,1.9639999866485596,1.878999948501587
2011-11-25 00:00:00,1.9670000076293945,1.968999981880188,1.9129999876022339
2011-11-28 00:00:00,1.9579999446868896,2.0799999237060547,1.9509999752044678
2011-11-29 00:00:00,1.996000051498413,2.046999931335449,1.965000033378601
2011-11-30 00:00:00,2.068000078201294,2.1070001125335693,2.0450000762939453
2011-12-01 00:00:00,2.117000102996826,2.140000104904175,2.072000026702881
2011-12-02 00:00:00,2.0420000553131104,2.1559998989105225,2.0380001068115234
2011-12-05 00:00:00,2.053999900817871,2.109999895095825,2.0420000553131104
2011-12-06 00:00:00,2.0929999351501465,2.0959999561309814,2.053999900817871
2011-12-07 00:00:00,2.0169999599456787,2.0869998931884766,2.0139999389648438
2011-12-08 00:00:00,1.972000002861023,2.0959999561309814,1.972000002861023
2011-12-09 00:00:00,2.052000045776367,2.059000015258789,1.972000002861023
2011-12-12 00:00:00,2.009000062942505,2.0299999713897705,1.9889999628067017
2011-12-13 00:00:00,1.9620000123977661,2.059000015258789,1.9490000009536743
2011-12-14 00:00:00,1.9010000228881836,1.9700000286102295,1.8980000019073486
2011-12-15 00:00:00,1.9129999876022339,1.9420000314712524,1.8960000276565552
2011-12-16 00:00:00,1.8539999723434448,1.9249999523162842,1.8350000381469727
2011-12-19 00:00:00,1.812999963760376,1.878000020980835,1.8009999990463257
2011-12-20 00:00:00,1.9249999523162842,1.9290000200271606,1.847000002861023
2011-12-21 00:00:00,1.9670000076293945,1.9789999723434448,1.8969999551773071
2011-12-22 00:00:00,1.9509999752044678,1.965000033378601,1.9199999570846558
2011-12-23 00:00:00,2.0299999713897705,2.0369999408721924,1.9579999446868896
2011-12-27 00:00:00,2.009000062942505,2.0309998989105225,2.002000093460083
2011-12-28 00:00:00,1.9079999923706055,2.009000062942505,1.9079999923706055
2011-12-29 00:00:00,1.8969999551773071,1.940999984741211,1.8849999904632568
2011-12-30 00:00:00,1.871000051498413,1.9040000438690186,1.8569999933242798
2012-01-03 00:00:00,1.9600000381469727,1.965000033378601,1.9140000343322754
2012-01-04 00:00:00,1.9950000047683716,2.01200008392334,1.9329999685287476
2012-01-05 00:00:00,1.9930000305175781,2.0209999084472656,1.944000005722046
2012-01-06 00:00:00,1.9609999656677246,2.0439999103546143,1.9459999799728394
2012-01-09 00:00:00,1.9600000381469727,1.9859999418258667,1.9190000295639038
2012-01-10 00:00:00,1.972000002861023,2.009000062942505,1.9529999494552612
2012-01-11 00:00:00,1.9040000438690186,1.9509999752044678,1.8980000019073486
2012-01-12 00:00:00,1.9329999685287476,1.9420000314712524,1.8919999599456787
2012-01-13 00:00:00,1.8530000448226929,1.9049999713897705,1.8359999656677246
2012-01-17 00:00:00,1.850000023841858,1.9049999713897705,1.8459999561309814
2012-01-18 00:00:00,1.8969999551773071,1.9040000438690186,1.8359999656677246
2012-01-19 00:00:00,1.972000002861023,1.9980000257492065,1.9170000553131104
2012-01-20 00:00:00,2.0280001163482666,2.0329999923706055,1.9839999675750732
2012-01-23 00:00:00,2.066999912261963,2.0940001010894775,2.0460000038146973
2012-01-24 00:00:00,2.063999891281128,2.0850000381469727,2.0369999408721924
2012-01-25 00:00:00,2.006999969482422,2.069000005722046,1.9170000553131104
2012-01-26 00:00:00,1.930999994277954,1.9789999723434448,1.9229999780654907
2012-01-27 00:00:00,1.8980000019073486,1.9700000286102295,1.8880000114440918
2012-01-30 00:00:00,1.8370000123977661,1.8489999771118164,1.8140000104904175
2012-01-31 00:00:00,1.7990000247955322,1.8559999465942383,1.7970000505447388
2012-02-01 00:00:00,1.8459999561309814,1.8530000448226929,1.7999999523162842
2012-02-02 00:00:00,1.8250000476837158,1.8489999771118164,1.812999963760376
2012-02-03 00:00:00,1.9490000009536743,1.9559999704360962,1.812000036239624
2012-02-06 00:00:00,1.9010000228881836,1.9450000524520874,1.8860000371932983
2012-02-07 00:00:00,1.965999960899353,1.9910000562667847,1.9140000343322754
2012-02-08 00:00:00,1.975000023841858,2.0,1.9609999656677246
2012-02-09 00:00:00,2.046999931335449,2.0799999237060547,2.0280001163482666
2012-02-10 00:00:00,1.968999981880188,1.9950000047683716,1.9550000429153442
2012-02-13 00:00:00,1.9900000095367432,2.0160000324249268,1.9589999914169312
2012-02-14 00:00:00,1.9240000247955322,1.9709999561309814,1.9170000553131104
2012-02-15 00:00:00,1.930999994277954,1.9450000524520874,1.899999976158142
2012-02-16 00:00:00,1.9930000305175781,2.0160000324249268,1.9170000553131104
2012-02-17 00:00:00,2.009999990463257,2.0380001068115234,2.006999969482422
2012-02-21 00:00:00,2.0450000762939453,2.0799999237060547,2.0209999084472656
2012-02-22 00:00:00,2.005000114440918,2.053999900817871,1.9980000257492065
2012-02-23 00:00:00,1.9839999675750732,2.0450000762939453,1.9739999771118164
2012-02-24 00:00:00,1.9769999980926514,1.9910000562667847,1.968999981880188
2012-02-27 00:00:00,1.9220000505447388,1.940999984741211,1.9119999408721924
2012-02-28 00:00:00,1.9290000200271606,1.934000015258789,1.8960000276565552
2012-02-29 00:00:00,1.9769999980926514,2.009000062942505,1.9170000553131104
2012-03-01 00:00:00,2.0369999408721924,2.063999891281128,2.0190000534057617
2012-03-02 00:00:00,1.9859999418258667,2.0139999389648438,1.9700000286102295
2012-03-05 00:00:00,2.005000114440918,2.006999969482422,1.9700000286102295
2012-03-06 00:00:00,1.944000005722046,1.9769999980926514,1.930999994277954
2012-03-07 00:00:00,1.972000002861023,1.9839999675750732,1.9500000476837158
2012-03-08 00:00:00,2.0139999389648438,2.0239999294281006,1.9789999723434448
2012-03-09 00:00:00,2.0380001068115234,2.059000015258789,2.0190000534057617
2012-03-12 00:00:00,2.0309998989105225,2.0329999923706055,1.9889999628067017
2012-03-13 00:00:00,2.1070001125335693,2.11899995803833,2.052000045776367
2012-03-14 00:00:00,2.2739999294281006,2.2899999618530273,2.1689999103546143
2012-03-15 00:00:00,2.2809998989105225,2.3369998931884766,2.253000020980835
2012-03-16 00:00:00,2.2980000972747803,2.36299991607666,2.2920000553131104
2012-03-19 00:00:00,2.378999948501587,2.390000104904175,2.2669999599456787
2012-03-20 00:00:00,2.371999979019165,2.3970000743865967,2.3320000171661377
2012-03-21 00:00:00,2.2939999103546143,2.3469998836517334,2.2829999923706055
2012-03-22 00:00:00,2.2750000953674316,2.2939999103546143,2.249000072479248
2012-03-23 00:00:00,2.236999988555908,2.259999990463257,2.2100000381469727
2012-03-26 00:00:00,2.24399995803833,2.2869999408721924,2.240999937057495
2012-03-27 00:00:00,2.187000036239624,2.236999988555908,2.181999921798706
2012-03-28 00:00:00,2.196000099182129,2.2249999046325684,2.1589999198913574
2012-03-29 00:00:00,2.1589999198913574,2.197999954223633,2.1480000019073486
2012-03-30 00:00:00,2.2160000801086426,2.236999988555908,2.1410000324249268
2012-04-02 00:00:00,2.193000078201294,2.2070000171661377,2.1619999408721924
2012-04-03 00:00:00,2.2839999198913574,2.2839999198913574,2.1500000953674316
2012-04-04 00:00:00,2.243000030517578,2.263000011444092,2.2269999980926514
2012-04-05 00:00:00,2.174999952316284,2.2090001106262207,2.140000104904175
2012-04-09 00:00:00,2.0369999408721924,2.0439999103546143,2.0190000534057617
2012-04-10 00:00:00,1.9880000352859497,2.046999931335449,1.965000033378601
2012-04-11 00:00:00,2.0280001163482666,2.046999931335449,2.0169999599456787
2012-04-12 00:00:00,2.0490000247955322,2.062999963760376,2.01200008392334
2012-04-13 00:00:00,1.9980000257492065,2.0260000228881836,1.9809999465942383
2012-04-16 00:00:00,1.9739999771118164,1.9980000257492065,1.9459999799728394
2012-04-17 00:00:00,2.009000062942505,2.0160000324249268,1.9910000562667847
2012-04-18 00:00:00,1.9819999933242798,1.9910000562667847,1.972000002861023
2012-04-19 00:00:00,1.9520000219345093,1.9789999723434448,1.9490000009536743
2012-04-20 00:00:00,1.9700000286102295,1.996000051498413,1.9630000591278076
2012-04-23 00:00:00,1.9329999685287476,1.937000036239624,1.909999966621399
2012-04-24 00:00:00,1.9609999656677246,1.9630000591278076,1.937000036239624
2012-04-25 00:00:00,1.9839999675750732,2.0369999408721924,1.965999960899353
2012-04-26 00:00:00,1.9589999914169312,1.968000054359436,1.9299999475479126
2012-04-27 00:00:00,1.9329999685287476,1.9579999446868896,1.9259999990463257
2012-04-30 00:00:00,1.9149999618530273,1.9240000247955322,1.906999945640564
2012-05-01 00:00:00,1.9559999704360962,1.9609999656677246,1.899999976158142
2012-05-02 00:00:00,1.9220000505447388,1.937999963760376,1.899999976158142
2012-05-03 00:00:00,1.9240000247955322,1.9559999704360962,1.9149999618530273
2012-05-04 00:00:00,1.8799999952316284,1.9539999961853027,1.8730000257492065
2012-05-07 00:00:00,1.8769999742507935,1.8819999694824219,1.8589999675750732
2012-05-08 00:00:00,1.8370000123977661,1.8609999418258667,1.815999984741211
2012-05-09 00:00:00,1.8350000381469727,1.8450000286102295,1.7929999828338623
2012-05-10 00:00:00,1.8839999437332153,1.9210000038146973,1.8830000162124634
2012-05-11 00:00:00,1.840999960899353,1.8619999885559082,1.8380000591278076
2012-05-14 00:00:00,1.7879999876022339,1.7979999780654907,1.7669999599456787
2012-05-15 00:00:00,1.7769999504089355,1.809999942779541,1.7669999599456787
2012-05-16 00:00:00,1.7649999856948853,1.819000005722046,1.7519999742507935
2012-05-17 00:00:00,1.7020000219345093,1.7760000228881836,1.7020000219345093
2012-05-18 00:00:00,1.7020000219345093,1.7430000305175781,1.7000000476837158
2012-05-21 00:00:00,1.7350000143051147,1.746999979019165,1.7230000495910645
2012-05-22 00:00:00,1.7929999828338623,1.8049999475479126,1.781000018119812
2012-05-23 00:00:00,1.7209999561309814,1.7450000047683716,1.7070000171661377
2012-05-24 00:00:00,1.7589999437332153,1.7769999504089355,1.75
2012-05-25 00:00:00,1.7450000047683716,1.7640000581741333,1.7400000095367432
2012-05-29 00:00:00,1.7309999465942383,1.7400000095367432,1.7070000171661377
2012-05-30 00:00:00,1.625,1.687999963760376,1.61899995803833
2012-05-31 00:00:00,1.5809999704360962,1.6169999837875366,1.5329999923706055
2012-06-01 00:00:00,1.4670000076293945,1.5260000228881836,1.440000057220459
2012-06-04 00:00:00,1.5269999504089355,1.531999945640564,1.4869999885559082
2012-06-05 00:00:00,1.555999994277954,1.5740000009536743,1.531999945640564
2012-06-06 00:00:00,1.6510000228881836,1.6710000038146973,1.5540000200271606
2012-06-07 00:00:00,1.6540000438690186,1.684999942779541,1.6319999694824219
2012-06-08 00:00:00,1.6369999647140503,1.6399999856948853,1.562000036239624
2012-06-11 00:00:00,1.600000023841858,1.656999945640564,1.5829999446868896
2012-06-12 00:00:00,1.6610000133514404,1.6679999828338623,1.6100000143051147
2012-06-13 00:00:00,1.5989999771118164,1.6859999895095825,1.5959999561309814
2012-06-14 00:00:00,1.6109999418258667,1.6449999809265137,1.590999960899353
2012-06-15 00:00:00,1.5870000123977661,1.6059999465942383,1.5640000104904175
2012-06-18 00:00:00,1.5839999914169312,1.5989999771118164,1.559999942779541
2012-06-19 00:00:00,1.6200000047683716,1.6399999856948853,1.5770000219345093
2012-06-20 00:00:00,1.6419999599456787,1.6829999685287476,1.6009999513626099
2012-06-21 00:00:00,1.6180000305175781,1.6490000486373901,1.5959999561309814
2012-06-22 00:00:00,1.6720000505447388,1.6759999990463257,1.6399999856948853
2012-06-25 00:00:00,1.6080000400543213,1.628000020980835,1.6039999723434448
2012-06-26 00:00:00,1.628000020980835,1.6519999504089355,1.6109999418258667
2012-06-27 00:00:00,1.621000051498413,1.649999976158142,1.6139999628067017
2012-06-28 00:00:00,1.5770000219345093,1.5989999771118164,1.5679999589920044
2012-06-29 00:00:00,1.659000039100647,1.6759999990463257,1.6349999904632568
2012-07-02 00:00:00,1.5800000429153442,1.6430000066757202,1.555999994277954
2012-07-03 00:00:00,1.63100004196167,1.6360000371932983,1.5870000123977661
2012-07-05 00:00:00,1.597000002861023,1.6239999532699585,1.5829999446868896
2012-07-06 00:00:00,1.5440000295639038,1.590000033378601,1.5369999408721924
2012-07-09 00:00:00,1.5130000114440918,1.5390000343322754,1.5069999694824219
2012-07-10 00:00:00,1.4980000257492065,1.5269999504089355,1.4980000257492065
2012-07-11 00:00:00,1.4980000257492065,1.5149999856948853,1.4520000219345093
2012-07-12 00:00:00,1.4789999723434448,1.5010000467300415,1.4780000448226929
2012-07-13 00:00:00,1.4989999532699585,1.5160000324249268,1.4830000400543213
2012-07-16 00:00:00,1.4639999866485596,1.4769999980926514,1.4420000314712524
2012-07-17 00:00:00,1.5010000467300415,1.5080000162124634,1.468999981880188
2012-07-18 00:00:00,1.4789999723434448,1.4910000562667847,1.472000002861023
2012-07-19 00:00:00,1.5149999856948853,1.5230000019073486,1.4869999885559082
2012-07-20 00:00:00,1.4600000381469727,1.4769999980926514,1.4470000267028809
2012-07-23 00:00:00,1.434999942779541,1.4429999589920044,1.4040000438690186
2012-07-24 00:00:00,1.4040000438690186,1.465000033378601,1.3940000534057617
2012-07-25 00:00:00,1.406000018119812,1.4329999685287476,1.3969999551773071
2012-07-26 00:00:00,1.4279999732971191,1.4450000524520874,1.4160000085830688
2012-07-27 00:00:00,1.5549999475479126,1.5889999866485596,1.4700000286102295
2012-07-30 00:00:00,1.503999948501587,1.5449999570846558,1.503999948501587
2012-07-31 00:00:00,1.4919999837875366,1.5210000276565552,1.465999960899353
2012-08-01 00:00:00,1.5390000343322754,1.5390000343322754,1.4759999513626099
2012-08-02 00:00:00,1.4780000448226929,1.5750000476837158,1.4490000009536743
2012-08-03 00:00:00,1.5770000219345093,1.5920000076293945,1.5119999647140503
2012-08-06 00:00:00,1.5579999685287476,1.5579999685287476,1.5299999713897705
2012-08-07 00:00:00,1.628000020980835,1.6419999599456787,1.5959999561309814
2012-08-08 00:00:00,1.6399999856948853,1.656000018119812,1.6080000400543213
2012-08-09 00:00:00,1.687999963760376,1.7289999723434448,1.6759999990463257
2012-08-10 00:00:00,1.6490000486373901,1.659000039100647,1.6299999952316284
2012-08-13 00:00:00,1.6540000438690186,1.6690000295639038,1.6299999952316284
2012-08-14 00:00:00,1.7259999513626099,1.7309999465942383,1.680999994277954
2012-08-15 00:00:00,1.8049999475479126,1.812000036239624,1.75
2012-08-16 00:00:00,1.8359999656677246,1.8609999418258667,1.7860000133514404
2012-08-17 00:00:00,1.815999984741211,1.8259999752044678,1.7970000505447388
2012-08-20 00:00:00,1.8140000104904175,1.8370000123977661,1.7949999570846558
2012-08-21 00:00:00,1.8049999475479126,1.8630000352859497,1.8040000200271606
2012-08-22 00:00:00,1.718999981880188,1.7690000534057617,1.7100000381469727
2012-08-23 00:00:00,1.6660000085830688,1.7089999914169312,1.659000039100647
2012-08-24 00:00:00,1.6779999732971191,1.6829999685287476,1.6319999694824219
2012-08-27 00:00:00,1.6490000486373901,1.6779999732971191,1.6440000534057617
2012-08-28 00:00:00,1.6299999952316284,1.6440000534057617,1.6150000095367432
2012-08-29 00:00:00,1.6540000438690186,1.6749999523162842,1.6369999647140503
2012-08-30 00:00:00,1.6200000047683716,1.6419999599456787,1.6100000143051147
2012-08-31 00:00:00,1.562000036239624,1.6490000486373901,1.562000036239624
2012-09-04 00:00:00,1.5809999704360962,1.5889999866485596,1.5479999780654907
2012-09-05 00:00:00,1.593999981880188,1.5980000495910645,1.569000005722046
2012-09-06 00:00:00,1.6729999780654907,1.6820000410079956,1.6339999437332153
2012-09-07 00:00:00,1.6610000133514404,1.7330000400543213,1.5889999866485596
2012-09-10 00:00:00,1.6829999685287476,1.690000057220459,1.659000039100647
2012-09-11 00:00:00,1.6950000524520874,1.7039999961853027,1.6699999570846558
2012-09-12 00:00:00,1.7649999856948853,1.7730000019073486,1.7319999933242798
2012-09-13 00:00:00,1.75600004196167,1.8359999656677246,1.7139999866485596
2012-09-14 00:00:00,1.8700000047683716,1.8919999599456787,1.7960000038146973
2012-09-17 00:00:00,1.8380000591278076,1.8639999628067017,1.8209999799728394
2012-09-18 00:00:00,1.812000036239624,1.812000036239624,1.7799999713897705
2012-09-19 00:00:00,1.781999945640564,1.8009999990463257,1.7649999856948853
2012-09-20 00:00:00,1.7769999504089355,1.7860000133514404,1.7230000495910645
2012-09-21 00:00:00,1.7599999904632568,1.7929999828338623,1.7510000467300415
2012-09-24 00:00:00,1.718000054359436,1.7319999933242798,1.7059999704360962
2012-09-25 00:00:00,1.6820000410079956,1.7339999675750732,1.6820000410079956
2012-09-26 00:00:00,1.6180000305175781,1.6469999551773071,1.6150000095367432
2012-09-27 00:00:00,1.6399999856948853,1.6579999923706055,1.621000051498413
2012-09-28 00:00:00,1.6369999647140503,1.6510000228881836,1.5989999771118164
2012-10-01 00:00:00,1.625,1.6490000486373901,1.6130000352859497
2012-10-02 00:00:00,1.6150000095367432,1.6490000486373901,1.6109999418258667
2012-10-03 00:00:00,1.6230000257492065,1.6399999856948853,1.6130000352859497
2012-10-04 00:00:00,1.6649999618530273,1.6649999618530273,1.628000020980835
2012-10-05 00:00:00,1.7319999933242798,1.7410000562667847,1.6779999732971191
2012-10-08 00:00:00,1.746000051498413,1.746000051498413,1.746000051498413
2012-10-09 00:00:00,1.7200000286102295,1.7289999723434448,1.6920000314712524
2012-10-10 00:00:00,1.690999984741211,1.75,1.6790000200271606
2012-10-11 00:00:00,1.6749999523162842,1.7319999933242798,1.6720000505447388
2012-10-12 00:00:00,1.6629999876022339,1.6790000200271606,1.6339999437332153
2012-10-15 00:00:00,1.6629999876022339,1.6890000104904175,1.6510000228881836
2012-10-16 00:00:00,1.7200000286102295,1.7259999513626099,1.6959999799728394
2012-10-17 00:00:00,1.8109999895095825,1.8109999895095825,1.7549999952316284
2012-10-18 00:00:00,1.8259999752044678,1.8259999752044678,1.7829999923706055
2012-10-19 00:00:00,1.7680000066757202,1.819000005722046,1.7610000371932983
2012-10-22 00:00:00,1.7979999780654907,1.815000057220459,1.784000039100647
2012-10-23 00:00:00,1.7640000581741333,1.774999976158142,1.75
2012-10-24 00:00:00,1.774999976158142,1.7920000553131104,1.7630000114440918
2012-10-25 00:00:00,1.8279999494552612,1.8519999980926514,1.7979999780654907
2012-10-26 00:00:00,1.75,1.7960000038146973,1.7489999532699585
2012-10-31 00:00:00,1.6859999895095825,1.7350000143051147,1.6859999895095825
2012-11-01 00:00:00,1.715000033378601,1.7380000352859497,1.7050000429153442
2012-11-02 00:00:00,1.7259999513626099,1.7790000438690186,1.7170000076293945
2012-11-05 00:00:00,1.684000015258789,1.6950000524520874,1.6740000247955322
2012-11-06 00:00:00,1.7419999837875366,1.7489999532699585,1.690999984741211
2012-11-07 00:00:00,1.6319999694824219,1.6510000228881836,1.6180000305175781
2012-11-08 00:00:00,1.6319999694824219,1.6970000267028809,1.6169999837875366
2012-11-09 00:00:00,1.6130000352859497,1.6419999599456787,1.5889999866485596
2012-11-12 00:00:00,1.6109999418258667,1.6109999418258667,1.6109999418258667
2012-11-13 00:00:00,1.5889999866485596,1.6080000400543213,1.5789999961853027
2012-11-14 00:00:00,1.5889999866485596,1.6299999952316284,1.5859999656677246
2012-11-15 00:00:00,1.5889999866485596,1.6130000352859497,1.5720000267028809
2012-11-16 00:00:00,1.5740000009536743,1.5989999771118164,1.555999994277954
2012-11-19 00:00:00,1.6109999418258667,1.6269999742507935,1.6059999465942383
2012-11-20 00:00:00,1.656000018119812,1.6610000133514404,1.6180000305175781
2012-11-21 00:00:00,1.687000036239624,1.6950000524520874,1.6710000038146973
2012-11-23 00:00:00,1.6929999589920044,1.6950000524520874,1.6749999523162842
2012-11-26 00:00:00,1.6640000343322754,1.6660000085830688,1.6399999856948853
2012-11-27 00:00:00,1.6449999809265137,1.6749999523162842,1.6390000581741333
2012-11-28 00:00:00,1.6169999837875366,1.628000020980835,1.6009999513626099
2012-11-29 00:00:00,1.6200000047683716,1.6440000534057617,1.6109999418258667
2012-11-30 00:00:00,1.6059999465942383,1.6230000257492065,1.5959999561309814
2012-12-03 00:00:00,1.628000020980835,1.656000018119812,1.625
2012-12-04 00:00:00,1.6080000400543213,1.6299999952316284,1.5989999771118164
2012-12-05 00:00:00,1.590999960899353,1.6030000448226929,1.5750000476837158
2012-12-06 00:00:00,1.5809999704360962,1.5820000171661377,1.5640000104904175
2012-12-07 00:00:00,1.6269999742507935,1.6330000162124634,1.5720000267028809
2012-12-10 00:00:00,1.6160000562667847,1.6269999742507935,1.5989999771118164
2012-12-11 00:00:00,1.6490000486373901,1.659000039100647,1.6399999856948853
2012-12-12 00:00:00,1.6970000267028809,1.7039999961853027,1.6349999904632568
2012-12-13 00:00:00,1.7280000448226929,1.74399995803833,1.7020000219345093
2012-12-14 00:00:00,1.7079999446868896,1.7280000448226929,1.6950000524520874
2012-12-17 00:00:00,1.7630000114440918,1.7630000114440918,1.7059999704360962
2012-12-18 00:00:00,1.8270000219345093,1.847000002861023,1.7719999551773071
2012-12-19 00:00:00,1.7999999523162842,1.8240000009536743,1.774999976158142
2012-12-20 00:00:00,1.7999999523162842,1.8070000410079956,1.7699999809265137
2012-12-21 00:00:00,1.753999948501587,1.7599999904632568,1.7369999885559082
2012-12-24 00:00:00,1.7740000486373901,1.7790000438690186,1.7669999599456787
2012-12-26 00:00:00,1.7580000162124634,1.7790000438690186,1.746000051498413
2012-12-27 00:00:00,1.715000033378601,1.7719999551773071,1.7020000219345093
2012-12-28 00:00:00,1.7109999656677246,1.7230000495910645,1.6990000009536743
2012-12-31 00:00:00,1.75600004196167,1.7649999856948853,1.694000005722046
2013-01-02 00:00:00,1.8389999866485596,1.8600000143051147,1.8250000476837158
2013-01-03 00:00:00,1.8990000486373901,1.9110000133514404,1.8350000381469727
2013-01-04 00:00:00,1.9149999618530273,1.965000033378601,1.9110000133514404
2013-01-07 00:00:00,1.902999997138977,1.9170000553131104,1.8919999599456787
2013-01-08 00:00:00,1.871000051498413,1.8940000534057617,1.8639999628067017
2013-01-09 00:00:00,1.8519999980926514,1.8760000467300415,1.8459999561309814
2013-01-10 00:00:00,1.8940000534057617,1.9079999923706055,1.875
2013-01-11 00:00:00,1.875,1.9299999475479126,1.8680000305175781
2013-01-14 00:00:00,1.8569999933242798,1.8639999628067017,1.8339999914169312
2013-01-15 00:00:00,1.8309999704360962,1.8329999446868896,1.8109999895095825
2013-01-16 00:00:00,1.8240000009536743,1.8359999656677246,1.8029999732971191
2013-01-17 00:00:00,1.875,1.8910000324249268,1.8380000591278076
2013-01-18 00:00:00,1.843000054359436,1.8660000562667847,1.8350000381469727
2013-01-22 00:00:00,1.8350000381469727,1.8739999532699585,1.8289999961853027
2013-01-23 00:00:00,1.8329999446868896,1.8420000076293945,1.812999963760376
2013-01-24 00:00:00,1.843999981880188,1.8700000047683716,1.812000036239624
2013-01-25 00:00:00,1.9470000267028809,1.9500000476837158,1.9040000438690186
2013-01-28 00:00:00,1.9739999771118164,2.00600004196167,1.9579999446868896
2013-01-29 00:00:00,1.9880000352859497,1.9989999532699585,1.9490000009536743
2013-01-30 00:00:00,2.00600004196167,2.0369999408721924,1.9739999771118164
2013-01-31 00:00:00,1.9850000143051147,2.00600004196167,1.9709999561309814
2013-02-01 00:00:00,2.009999990463257,2.0360000133514404,1.9259999990463257
2013-02-04 00:00:00,1.9730000495910645,2.006999969482422,1.9509999752044678
2013-02-05 00:00:00,2.0160000324249268,2.0199999809265137,2.0
2013-02-06 00:00:00,1.968000054359436,1.996000051498413,1.9620000123977661
2013-02-07 00:00:00,1.9509999752044678,1.9800000190734863,1.937000036239624
2013-02-08 00:00:00,1.9539999961853027,1.9910000562667847,1.9359999895095825
2013-02-11 00:00:00,1.9459999799728394,1.965999960899353,1.9450000524520874
2013-02-12 00:00:00,1.9819999933242798,1.9859999418258667,1.9630000591278076
2013-02-13 00:00:00,2.0190000534057617,2.0329999923706055,1.9989999532699585
2013-02-14 00:00:00,2.0,2.053999900817871,1.9950000047683716
2013-02-15 00:00:00,2.006999969482422,2.0369999408721924,2.0
2013-02-19 00:00:00,2.0260000228881836,2.0280001163482666,1.9880000352859497
2013-02-20 00:00:00,2.0209999084472656,2.052000045776367,2.009000062942505
2013-02-21 00:00:00,1.9759999513626099,1.9930000305175781,1.9570000171661377
2013-02-22 00:00:00,1.9670000076293945,1.9880000352859497,1.9579999446868896
2013-02-25 00:00:00,1.8949999809265137,2.002000093460083,1.8739999532699585
2013-02-26 00:00:00,1.878999948501587,1.8949999809265137,1.843000054359436
2013-02-27 00:00:00,1.902999997138977,1.902999997138977,1.843000054359436
2013-02-28 00:00:00,1.8880000114440918,1.906999945640564,1.871999979019165
2013-03-01 00:00:00,1.8530000448226929,1.86899995803833,1.840999960899353
2013-03-04 00:00:00,1.8769999742507935,1.878999948501587,1.8389999866485596
2013-03-05 00:00:00,1.8940000534057617,1.909999966621399,1.8860000371932983
2013-03-06 00:00:00,1.937999963760376,1.944000005722046,1.9190000295639038
2013-03-07 00:00:00,1.9910000562667847,1.9950000047683716,1.9390000104904175
2013-03-08 00:00:00,2.055999994277954,2.0859999656677246,2.003000020980835
2013-03-11 00:00:00,2.055999994277954,2.062999963760376,2.0420000553131104
2013-03-12 00:00:00,2.0230000019073486,2.0399999618530273,2.01200008392334
2013-03-13 00:00:00,2.0209999084472656,2.052000045776367,2.005000114440918
2013-03-14 00:00:00,2.0329999923706055,2.068000078201294,2.0190000534057617
2013-03-15 00:00:00,1.996000051498413,2.0420000553131104,1.9910000562667847
2013-03-18 00:00:00,1.9559999704360962,1.9930000305175781,1.940999984741211
2013-03-19 00:00:00,1.9079999923706055,1.9479999542236328,1.8919999599456787
2013-03-20 00:00:00,1.937000036239624,1.9529999494552612,1.9290000200271606
2013-03-21 00:00:00,1.9320000410079956,1.9579999446868896,1.9220000505447388
2013-03-22 00:00:00,1.9149999618530273,1.944000005722046,1.9110000133514404
2013-03-25 00:00:00,1.9149999618530273,1.972000002861023,1.8949999809265137
2013-03-26 00:00:00,1.906000018119812,1.944000005722046,1.9010000228881836
2013-03-27 00:00:00,1.8509999513626099,1.86899995803833,1.8329999446868896
2013-03-28 00:00:00,1.8519999980926514,1.8680000305175781,1.843000054359436
2013-04-01 00:00:00,1.840000033378601,1.8880000114440918,1.8309999704360962
2013-04-02 00:00:00,1.8609999418258667,1.8680000305175781,1.8350000381469727
2013-04-03 00:00:00,1.812000036239624,1.8569999933242798,1.7970000505447388
2013-04-04 00:00:00,1.7589999437332153,1.7949999570846558,1.7569999694824219
2013-04-05 00:00:00,1.694000005722046,1.7569999694824219,1.6770000457763672
2013-04-08 00:00:00,1.7319999933242798,1.7319999933242798,1.7079999446868896
2013-04-09 00:00:00,1.746999979019165,1.7519999742507935,1.7230000495910645
2013-04-10 00:00:00,1.8049999475479126,1.8049999475479126,1.7660000324249268
2013-04-11 00:00:00,1.7910000085830688,1.8049999475479126,1.781000018119812
2013-04-12 00:00:00,1.7209999561309814,1.7599999904632568,1.718999981880188
2013-04-15 00:00:00,1.7020000219345093,1.7280000448226929,1.6979999542236328
2013-04-16 00:00:00,1.718999981880188,1.7339999675750732,1.7089999914169312
2013-04-17 00:00:00,1.7039999961853027,1.722000002861023,1.6729999780654907
2013-04-18 00:00:00,1.684999942779541,1.7120000123977661,1.6790000200271606
2013-04-19 00:00:00,1.7029999494552612,1.7120000123977661,1.690999984741211
2013-04-22 00:00:00,1.6979999542236328,1.715000033378601,1.680999994277954
2013-04-23 00:00:00,1.6979999542236328,1.7079999446868896,1.6430000066757202
2013-04-24 00:00:00,1.6979999542236328,1.7130000591278076,1.6929999589920044
2013-04-25 00:00:00,1.7109999656677246,1.7269999980926514,1.7100000381469727
2013-04-26 00:00:00,1.6629999876022339,1.6890000104904175,1.6619999408721924
2013-04-29 00:00:00,1.6679999828338623,1.6679999828338623,1.6510000228881836
2013-04-30 00:00:00,1.6749999523162842,1.6790000200271606,1.6380000114440918
2013-05-01 00:00:00,1.6390000581741333,1.6579999923706055,1.6139999628067017
2013-05-02 00:00:00,1.63100004196167,1.6649999618530273,1.6239999532699585
2013-05-03 00:00:00,1.7519999742507935,1.7519999742507935,1.6269999742507935
2013-05-06 00:00:00,1.7710000276565552,1.7760000228881836,1.7380000352859497
2013-05-07 00:00:00,1.7829999923706055,1.7899999618530273,1.7730000019073486
2013-05-08 00:00:00,1.7599999904632568,1.7920000553131104,1.75
2013-05-09 00:00:00,1.812999963760376,1.8170000314712524,1.7760000228881836
2013-05-10 00:00:00,1.899999976158142,1.9279999732971191,1.8380000591278076
2013-05-13 00:00:00,1.9229999780654907,1.9420000314712524,1.9119999408721924
2013-05-14 00:00:00,1.9520000219345093,1.9639999866485596,1.8949999809265137
2013-05-15 00:00:00,1.9429999589920044,1.975000023841858,1.9210000038146973
2013-05-16 00:00:00,1.8650000095367432,1.9579999446868896,1.8580000400543213
2013-05-17 00:00:00,1.9490000009536743,1.9559999704360962,1.88100004196167
2013-05-20 00:00:00,1.965000033378601,1.975000023841858,1.9190000295639038
2013-05-21 00:00:00,1.944000005722046,1.9980000257492065,1.9249999523162842
2013-05-22 00:00:00,2.0260000228881836,2.0420000553131104,1.8880000114440918
2013-05-23 00:00:00,2.0230000019073486,2.0510001182556152,1.9819999933242798
2013-05-24 00:00:00,2.010999917984009,2.0299999713897705,1.9809999465942383
2013-05-28 00:00:00,2.134999990463257,2.13700008392334,2.0409998893737793
2013-05-29 00:00:00,2.124000072479248,2.1670000553131104,2.121000051498413
2013-05-30 00:00:00,2.124000072479248,2.1579999923706055,2.0940001010894775
2013-05-31 00:00:00,2.1640000343322754,2.2109999656677246,2.0840001106262207
2013-06-03 00:00:00,2.134000062942505,2.1689999103546143,2.0859999656677246
2013-06-04 00:00:00,2.13700008392334,2.1640000343322754,2.11899995803833
2013-06-05 00:00:00,2.0999999046325684,2.128000020980835,2.0840001106262207
2013-06-06 00:00:00,2.075000047683716,2.127000093460083,1.9989999532699585
2013-06-07 00:00:00,2.1610000133514404,2.1700000762939453,2.046999931335449
2013-06-10 00:00:00,2.2149999141693115,2.2309999465942383,2.174999952316284
2013-06-11 00:00:00,2.194999933242798,2.2690000534057617,2.1740000247955322
2013-06-12 00:00:00,2.2300000190734863,2.2300000190734863,2.1670000553131104
2013-06-13 00:00:00,2.1740000247955322,2.2300000190734863,2.1649999618530273
2013-06-14 00:00:00,2.125999927520752,2.1470000743865967,2.0989999771118164
2013-06-17 00:00:00,2.1710000038146973,2.174999952316284,2.115000009536743
2013-06-18 00:00:00,2.181999921798706,2.2179999351501465,2.1710000038146973
2013-06-19 00:00:00,2.311000108718872,2.3289999961853027,2.1670000553131104
2013-06-20 00:00:00,2.4189999103546143,2.447000026702881,2.361999988555908
2013-06-21 00:00:00,2.5139999389648438,2.5139999389648438,2.384999990463257
2013-06-24 00:00:00,2.5480000972747803,2.6570000648498535,2.5179998874664307
2013-06-25 00:00:00,2.5889999866485596,2.6080000400543213,2.5
2013-06-26 00:00:00,2.5390000343322754,2.5820000171661377,2.506999969482422
2013-06-27 00:00:00,2.4830000400543213,2.5220000743865967,2.4660000801086426
2013-06-28 00:00:00,2.4779999256134033,2.5510001182556152,2.4779999256134033
2013-07-01 00:00:00,2.490000009536743,2.5329999923706055,2.4730000495910645
2013-07-02 00:00:00,2.4690001010894775,2.494999885559082,2.4600000381469727
2013-07-03 00:00:00,2.500999927520752,2.500999927520752,2.4509999752044678
2013-07-05 00:00:00,2.7149999141693115,2.7249999046325684,2.5510001182556152
2013-07-08 00:00:00,2.6449999809265137,2.7230000495910645,2.6429998874664307
2013-07-09 00:00:00,2.630000114440918,2.6510000228881836,2.617000102996826
2013-07-10 00:00:00,2.680000066757202,2.690999984741211,2.622999906539917
2013-07-11 00:00:00,2.5739998817443848,2.614000082015991,2.565999984741211
2013-07-12 00:00:00,2.6010000705718994,2.6050000190734863,2.5199999809265137
2013-07-15 00:00:00,2.555999994277954,2.63700008392334,2.5429999828338623
2013-07-16 00:00:00,2.5320000648498535,2.549999952316284,2.5209999084472656
2013-07-17 00:00:00,2.490999937057495,2.553999900817871,2.4609999656677246
2013-07-18 00:00:00,2.5339999198913574,2.5420000553131104,2.4800000190734863
2013-07-19 00:00:00,2.490999937057495,2.5350000858306885,2.4839999675750732
2013-07-22 00:00:00,2.48799991607666,2.49399995803833,2.4649999141693115
2013-07-23 00:00:00,2.5160000324249268,2.5329999923706055,2.496000051498413
2013-07-24 00:00:00,2.5880000591278076,2.625999927520752,2.553999900817871
2013-07-25 00:00:00,2.6070001125335693,2.634000062942505,2.5880000591278076
2013-07-26 00:00:00,2.561000108718872,2.5810000896453857,2.5450000762939453
2013-07-29 00:00:00,2.5850000381469727,2.6040000915527344,2.562999963760376
2013-07-30 00:00:00,2.6029999256134033,2.6080000400543213,2.572000026702881
2013-07-31 00:00:00,2.5929999351501465,2.7019999027252197,2.5899999141693115
2013-08-01 00:00:00,2.7230000495910645,2.7230000495910645,2.5989999771118164
2013-08-02 00:00:00,2.6019999980926514,2.736999988555908,2.5980000495910645
2013-08-05 00:00:00,2.640000104904175,2.6610000133514404,2.617000102996826
2013-08-06 00:00:00,2.6419999599456787,2.6649999618530273,2.632999897003174
2013-08-07 00:00:00,2.5999999046325684,2.6419999599456787,2.5869998931884766
2013-08-08 00:00:00,2.5869998931884766,2.611999988555908,2.575000047683716
2013-08-09 00:00:00,2.5799999237060547,2.6110000610351562,2.5769999027252197
2013-08-12 00:00:00,2.6050000190734863,2.6070001125335693,2.552000045776367
2013-08-13 00:00:00,2.7149999141693115,2.7279999256134033,2.6670000553131104
2013-08-14 00:00:00,2.7119998931884766,2.7209999561309814,2.697000026702881
2013-08-15 00:00:00,2.755000114440918,2.821000099182129,2.734999895095825
2013-08-16 00:00:00,2.8289999961853027,2.864000082015991,2.7669999599456787
2013-08-19 00:00:00,2.884000062942505,2.8989999294281006,2.8359999656677246
2013-08-20 00:00:00,2.813999891281128,2.8380000591278076,2.811000108718872
2013-08-21 00:00:00,2.8550000190734863,2.884000062942505,2.811000108718872
2013-08-22 00:00:00,2.9010000228881836,2.9200000762939453,2.872999906539917
2013-08-23 00:00:00,2.818000078201294,2.9159998893737793,2.803999900817871
2013-08-26 00:00:00,2.805000066757202,2.8289999961853027,2.7839999198913574
2013-08-27 00:00:00,2.7209999561309814,2.765000104904175,2.7070000171661377
2013-08-28 00:00:00,2.7820000648498535,2.7950000762939453,2.744999885559082
2013-08-29 00:00:00,2.750999927520752,2.8299999237060547,2.743000030517578
2013-08-30 00:00:00,2.749000072479248,2.7839999198913574,2.74399995803833
2013-09-03 00:00:00,2.8480000495910645,2.9110000133514404,2.8320000171661377
2013-09-04 00:00:00,2.8970000743865967,2.9079999923706055,2.8489999771118164
2013-09-05 00:00:00,2.9790000915527344,2.9839999675750732,2.8980000019073486
2013-09-06 00:00:00,2.937999963760376,2.9719998836517334,2.864000082015991
2013-09-09 00:00:00,2.8970000743865967,2.9119999408721924,2.875
2013-09-10 00:00:00,2.9590001106262207,2.9660000801086426,2.924999952316284
2013-09-11 00:00:00,2.9200000762939453,2.9679999351501465,2.9079999923706055
2013-09-12 00:00:00,2.9070000648498535,2.9119999408721924,2.861999988555908
2013-09-13 00:00:00,2.8980000019073486,2.9200000762939453,2.878999948501587
2013-09-16 00:00:00,2.874000072479248,2.875,2.7769999504089355
2013-09-17 00:00:00,2.8529999256134033,2.874000072479248,2.8310000896453857
2013-09-18 00:00:00,2.7079999446868896,2.8980000019073486,2.7019999027252197
2013-09-19 00:00:00,2.747999906539917,2.752000093460083,2.693000078201294
2013-09-20 00:00:00,2.7320001125335693,2.7739999294281006,2.7170000076293945
2013-09-23 00:00:00,2.7139999866485596,2.739000082015991,2.6989998817443848
2013-09-24 00:00:00,2.6530001163482666,2.694999933242798,2.6440000534057617
2013-09-25 00:00:00,2.614000082015991,2.6659998893737793,2.614000082015991
2013-09-26 00:00:00,2.6429998874664307,2.6589999198913574,2.634000062942505
2013-09-27 00:00:00,2.61899995803833,2.6410000324249268,2.6040000915527344
2013-09-30 00:00:00,2.615000009536743,2.6440000534057617,2.5989999771118164
2013-10-01 00:00:00,2.6459999084472656,2.6500000953674316,2.621000051498413
2013-10-02 00:00:00,2.625999927520752,2.628000020980835,2.5940001010894775
2013-10-03 00:00:00,2.6059999465942383,2.6389999389648438,2.5810000896453857
2013-10-04 00:00:00,2.6519999504089355,2.6579999923706055,2.61899995803833
2013-10-07 00:00:00,2.634000062942505,2.634000062942505,2.6070001125335693
2013-10-08 00:00:00,2.635999917984009,2.6589999198913574,2.615999937057495
2013-10-09 00:00:00,2.6500000953674316,2.6740000247955322,2.635999917984009
2013-10-10 00:00:00,2.684999942779541,2.7219998836517334,2.684999942779541
2013-10-11 00:00:00,2.681999921798706,2.683000087738037,2.6449999809265137
2013-10-14 00:00:00,2.690999984741211,2.690999984741211,2.690999984741211
2013-10-15 00:00:00,2.7200000286102295,2.7330000400543213,2.693000078201294
2013-10-16 00:00:00,2.6710000038146973,2.756999969482422,2.6670000553131104
2013-10-17 00:00:00,2.5869998931884766,2.63100004196167,2.5810000896453857
2013-10-18 00:00:00,2.5889999866485596,2.5959999561309814,2.565000057220459
2013-10-21 00:00:00,2.6089999675750732,2.619999885559082,2.5889999866485596
2013-10-22 00:00:00,2.51200008392334,2.5869998931884766,2.51200008392334
2013-10-23 00:00:00,2.484999895095825,2.509000062942505,2.4709999561309814
2013-10-24 00:00:00,2.5220000743865967,2.5220000743865967,2.4739999771118164
2013-10-25 00:00:00,2.503000020980835,2.5199999809265137,2.496000051498413
2013-10-28 00:00:00,2.51200008392334,2.5220000743865967,2.5
2013-10-29 00:00:00,2.506999969482422,2.5360000133514404,2.505000114440918
2013-10-30 00:00:00,2.5269999504089355,2.5490000247955322,2.4730000495910645
2013-10-31 00:00:00,2.5420000553131104,2.571000099182129,2.502000093460083
2013-11-01 00:00:00,2.619999885559082,2.628999948501587,2.572000026702881
2013-11-04 00:00:00,2.6019999980926514,2.6070001125335693,2.5889999866485596
2013-11-05 00:00:00,2.6619999408721924,2.677000045776367,2.618000030517578
2013-11-06 00:00:00,2.640000104904175,2.6600000858306885,2.63100004196167
2013-11-07 00:00:00,2.61299991607666,2.6459999084472656,2.5959999561309814
2013-11-08 00:00:00,2.746000051498413,2.763000011444092,2.618000030517578
2013-11-11 00:00:00,2.750999927520752,2.750999927520752,2.750999927520752
2013-11-12 00:00:00,2.7679998874664307,2.7809998989105225,2.753000020980835
2013-11-13 00:00:00,2.7249999046325684,2.742000102996826,2.7200000286102295
2013-11-14 00:00:00,2.7019999027252197,2.739000082015991,2.686000108718872
2013-11-15 00:00:00,2.7090001106262207,2.7320001125335693,2.693000078201294
2013-11-18 00:00:00,2.677999973297119,2.7049999237060547,2.6689999103546143
2013-11-19 00:00:00,2.7119998931884766,2.7160000801086426,2.680000066757202
2013-11-20 00:00:00,2.7920000553131104,2.7950000762939453,2.687000036239624
2013-11-21 00:00:00,2.7839999198913574,2.8389999866485596,2.7769999504089355
2013-11-22 00:00:00,2.752000093460083,2.7820000648498535,2.746000051498413
2013-11-25 00:00:00,2.740999937057495,2.7660000324249268,2.7279999256134033
2013-11-26 00:00:00,2.696000099182129,2.7339999675750732,2.694000005722046
2013-11-27 00:00:00,2.7360000610351562,2.7699999809265137,2.7100000381469727
2013-11-29 00:00:00,2.740999937057495,2.7679998874664307,2.7360000610351562
2013-12-02 00:00:00,2.8010001182556152,2.809999942779541,2.7679998874664307
2013-12-03 00:00:00,2.7750000953674316,2.7839999198913574,2.759000062942505
2013-12-04 00:00:00,2.8410000801086426,2.8519999980926514,2.8239998817443848
2013-12-05 00:00:00,2.861999988555908,2.872999906539917,2.8410000801086426
2013-12-06 00:00:00,2.882999897003174,2.931999921798706,2.8410000801086426
2013-12-09 00:00:00,2.8570001125335693,2.8570001125335693,2.8350000381469727
2013-12-10 00:00:00,2.796999931335449,2.822000026702881,2.7920000553131104
2013-12-11 00:00:00,2.8440001010894775,2.8459999561309814,2.805999994277954
2013-12-12 00:00:00,2.877000093460083,2.888000011444092,2.8529999256134033
2013-12-13 00:00:00,2.868000030517578,2.878999948501587,2.8540000915527344
2013-12-16 00:00:00,2.877000093460083,2.88700008392334,2.8389999866485596
2013-12-17 00:00:00,2.8429999351501465,2.88700008392334,2.8389999866485596
2013-12-18 00:00:00,2.884999990463257,2.928999900817871,2.8239998817443848
2013-12-19 00:00:00,2.924999952316284,2.9509999752044678,2.882999897003174
2013-12-20 00:00:00,2.88700008392334,2.9660000801086426,2.880000114440918
2013-12-23 00:00:00,2.928999900817871,2.933000087738037,2.8959999084472656
2013-12-24 00:00:00,2.9830000400543213,2.984999895095825,2.941999912261963
2013-12-26 00:00:00,2.990000009536743,3.0,2.9809999465942383
2013-12-27 00:00:00,3.00600004196167,3.0190000534057617,2.9809999465942383
2013-12-30 00:00:00,2.9760000705718994,2.990999937057495,2.9670000076293945
2013-12-31 00:00:00,3.0260000228881836,3.0360000133514404,2.9830000400543213
2014-01-02 00:00:00,2.984999895095825,3.0339999198913574,2.9779999256134033
2014-01-03 00:00:00,2.994999885559082,3.01200008392334,2.9709999561309814
2014-01-06 00:00:00,2.9609999656677246,2.9839999675750732,2.946000099182129
2014-01-07 00:00:00,2.937000036239624,2.9649999141693115,2.937000036239624
2014-01-08 00:00:00,2.993000030517578,3.009999990463257,2.9760000705718994
2014-01-09 00:00:00,2.9630000591278076,3.000999927520752,2.9630000591278076
2014-01-10 00:00:00,2.859999895095825,2.9690001010894775,2.8580000400543213
2014-01-13 00:00:00,2.8269999027252197,2.865000009536743,2.819000005722046
2014-01-14 00:00:00,2.86899995803833,2.875,2.8399999141693115
2014-01-15 00:00:00,2.884000062942505,2.9119999408721924,2.859999895095825
2014-01-16 00:00:00,2.8429999351501465,2.880000114440918,2.8380000591278076
2014-01-17 00:00:00,2.8269999027252197,2.859999895095825,2.8269999027252197
2014-01-21 00:00:00,2.825000047683716,2.8450000286102295,2.819000005722046
2014-01-22 00:00:00,2.859999895095825,2.859999895095825,2.8359999656677246
2014-01-23 00:00:00,2.7730000019073486,2.8380000591278076,2.759000062942505
2014-01-24 00:00:00,2.734999895095825,2.760999917984009,2.7170000076293945
2014-01-27 00:00:00,2.7660000324249268,2.7660000324249268,2.7219998836517334
2014-01-28 00:00:00,2.746000051498413,2.7809998989105225,2.739000082015991
2014-01-29 00:00:00,2.674999952316284,2.760999917984009,2.6730000972747803
2014-01-30 00:00:00,2.693000078201294,2.7260000705718994,2.690999984741211
2014-01-31 00:00:00,2.6679999828338623,2.674999952316284,2.6459999084472656
2014-02-03 00:00:00,2.5810000896453857,2.677000045776367,2.5789999961853027
2014-02-04 00:00:00,2.624000072479248,2.634999990463257,2.6080000400543213
2014-02-05 00:00:00,2.6670000553131104,2.6730000972747803,2.5989999771118164
2014-02-06 00:00:00,2.7019999027252197,2.7090001106262207,2.6710000038146973
2014-02-07 00:00:00,2.674999952316284,2.7260000705718994,2.632999897003174
2014-02-10 00:00:00,2.677999973297119,2.694999933242798,2.6670000553131104
2014-02-11 00:00:00,2.7190001010894775,2.7330000400543213,2.681999921798706
2014-02-12 00:00:00,2.763000011444092,2.7769999504089355,2.736999988555908
2014-02-13 00:00:00,2.7360000610351562,2.760999917984009,2.7269999980926514
2014-02-14 00:00:00,2.746000051498413,2.755000114440918,2.7300000190734863
2014-02-18 00:00:00,2.7109999656677246,2.739000082015991,2.696000099182129
2014-02-19 00:00:00,2.7339999675750732,2.739000082015991,2.674999952316284
2014-02-20 00:00:00,2.753999948501587,2.7730000019073486,2.7249999046325684
2014-02-21 00:00:00,2.7339999675750732,2.7809998989105225,2.7320001125335693
2014-02-24 00:00:00,2.75,2.763000011444092,2.7300000190734863
2014-02-25 00:00:00,2.7009999752044678,2.746000051498413,2.700000047683716
2014-02-26 00:00:00,2.6730000972747803,2.7170000076293945,2.6640000343322754
2014-02-27 00:00:00,2.6419999599456787,2.6600000858306885,2.6389999389648438
2014-02-28 00:00:00,2.6579999923706055,2.697999954223633,2.640000104904175
2014-03-03 00:00:00,2.6070001125335693,2.634999990463257,2.5959999561309814
2014-03-04 00:00:00,2.690999984741211,2.691999912261963,2.640000104904175
2014-03-05 00:00:00,2.697999954223633,2.7190001010894775,2.680000066757202
2014-03-06 00:00:00,2.736999988555908,2.747999906539917,2.7170000076293945
2014-03-07 00:00:00,2.7899999618530273,2.821000099182129,2.7209999561309814
2014-03-10 00:00:00,2.7839999198913574,2.802000045776367,2.7750000953674316
2014-03-11 00:00:00,2.7660000324249268,2.7990000247955322,2.763000011444092
2014-03-12 00:00:00,2.7260000705718994,2.752000093460083,2.7139999866485596
2014-03-13 00:00:00,2.6530001163482666,2.755000114440918,2.6510000228881836
2014-03-14 00:00:00,2.6449999809265137,2.6670000553131104,2.609999895095825
2014-03-17 00:00:00,2.6989998817443848,2.6989998817443848,2.6579999923706055
2014-03-18 00:00:00,2.680999994277954,2.7009999752044678,2.671999931335449
2014-03-19 00:00:00,2.7720000743865967,2.7720000743865967,2.680999994277954
2014-03-20 00:00:00,2.7750000953674316,2.7929999828338623,2.763000011444092
2014-03-21 00:00:00,2.75,2.7839999198913574,2.74399995803833
2014-03-24 00:00:00,2.7330000400543213,2.7769999504089355,2.7209999561309814
2014-03-25 00:00:00,2.734999895095825,2.763000011444092,2.7260000705718994
2014-03-26 00:00:00,2.7009999752044678,2.763000011444092,2.696000099182129
2014-03-27 00:00:00,2.671999931335449,2.7139999866485596,2.6589999198913574
2014-03-28 00:00:00,2.7119998931884766,2.7330000400543213,2.683000087738037
2014-03-31 00:00:00,2.7230000495910645,2.7679998874664307,2.7230000495910645
2014-04-01 00:00:00,2.759000062942505,2.7660000324249268,2.743000030517578
2014-04-02 00:00:00,2.802999973297119,2.808000087738037,2.7750000953674316
2014-04-03 00:00:00,2.7899999618530273,2.805999994277954,2.7769999504089355
2014-04-04 00:00:00,2.7260000705718994,2.8010001182556152,2.7209999561309814
2014-04-07 00:00:00,2.694999933242798,2.7279999256134033,2.683000087738037
2014-04-08 00:00:00,2.680999994277954,2.7209999561309814,2.674999952316284
2014-04-09 00:00:00,2.684000015258789,2.7230000495910645,2.6740000247955322
2014-04-10 00:00:00,2.628000020980835,2.686000108718872,2.614000082015991
2014-04-11 00:00:00,2.61899995803833,2.634999990463257,2.6070001125335693
2014-04-14 00:00:00,2.6389999389648438,2.6549999713897705,2.628000020980835
2014-04-15 00:00:00,2.628000020980835,2.6630001068115234,2.5959999561309814
2014-04-16 00:00:00,2.63700008392334,2.6610000133514404,2.634999990463257
2014-04-17 00:00:00,2.7209999561309814,2.7279999256134033,2.6440000534057617
2014-04-21 00:00:00,2.7209999561309814,2.7219998836517334,2.687999963760376
2014-04-22 00:00:00,2.7260000705718994,2.747999906539917,2.7170000076293945
2014-04-23 00:00:00,2.686000108718872,2.7060000896453857,2.677000045776367
2014-04-24 00:00:00,2.687999963760376,2.7330000400543213,2.684000015258789
2014-04-25 00:00:00,2.6659998893737793,2.678999900817871,2.6440000534057617
2014-04-28 00:00:00,2.677000045776367,2.7100000381469727,2.6679999828338623
2014-04-29 00:00:00,2.694999933242798,2.7309999465942383,2.690999984741211
2014-04-30 00:00:00,2.6480000019073486,2.7109999656677246,2.6480000019073486
2014-05-01 00:00:00,2.6059999465942383,2.6619999408721924,2.5929999351501465
2014-05-02 00:00:00,2.5910000801086426,2.700000047683716,2.5739998817443848
2014-05-05 00:00:00,2.6110000610351562,2.61299991607666,2.572000026702881
2014-05-06 00:00:00,2.5950000286102295,2.6110000610351562,2.5859999656677246
2014-05-07 00:00:00,2.5899999141693115,2.617000102996826,2.5769999027252197
2014-05-08 00:00:00,2.6019999980926514,2.63100004196167,2.5799999237060547
2014-05-09 00:00:00,2.622999906539917,2.635999917984009,2.5950000286102295
2014-05-12 00:00:00,2.6559998989105225,2.6630001068115234,2.638000011444092
2014-05-13 00:00:00,2.618000030517578,2.6579999923706055,2.6110000610351562
2014-05-14 00:00:00,2.5429999828338623,2.5859999656677246,2.5250000953674316
2014-05-15 00:00:00,2.502000093460083,2.561000108718872,2.4730000495910645
2014-05-16 00:00:00,2.5179998874664307,2.5209999084472656,2.493000030517578
2014-05-19 00:00:00,2.5360000133514404,2.5390000343322754,2.494999885559082
2014-05-20 00:00:00,2.509000062942505,2.553999900817871,2.502000093460083
2014-05-21 00:00:00,2.5369999408721924,2.559000015258789,2.5299999713897705
2014-05-22 00:00:00,2.555000066757202,2.562000036239624,2.5339999198913574
2014-05-23 00:00:00,2.5360000133514404,2.5450000762939453,2.5179998874664307
2014-05-27 00:00:00,2.5179998874664307,2.553999900817871,2.5139999389648438
2014-05-28 00:00:00,2.437999963760376,2.497999906539917,2.434000015258789
2014-05-29 00:00:00,2.447000026702881,2.4570000171661377,2.4019999504089355
2014-05-30 00:00:00,2.4570000171661377,2.490999937057495,2.4519999027252197
2014-06-02 00:00:00,2.5339999198913574,2.5409998893737793,2.486999988555908
2014-06-03 00:00:00,2.5929999351501465,2.5950000286102295,2.5450000762939453
2014-06-04 00:00:00,2.6059999465942383,2.615000009536743,2.568000078201294
2014-06-05 00:00:00,2.5840001106262207,2.6459999084472656,2.572999954223633
2014-06-06 00:00:00,2.5969998836517334,2.6019999980926514,2.5299999713897705
2014-06-09 00:00:00,2.61299991607666,2.628000020980835,2.6019999980926514
2014-06-10 00:00:00,2.634999990463257,2.6510000228881836,2.624000072479248
2014-06-11 00:00:00,2.640000104904175,2.6470000743865967,2.61299991607666
2014-06-12 00:00:00,2.5859999656677246,2.6549999713897705,2.5789999961853027
2014-06-13 00:00:00,2.6040000915527344,2.6440000534057617,2.5880000591278076
2014-06-16 00:00:00,2.5969998836517334,2.61299991607666,2.5810000896453857
2014-06-17 00:00:00,2.6549999713897705,2.6549999713897705,2.5899999141693115
2014-06-18 00:00:00,2.61299991607666,2.6549999713897705,2.5899999141693115
2014-06-19 00:00:00,2.621999979019165,2.6459999084472656,2.563999891281128
2014-06-20 00:00:00,2.624000072479248,2.6589999198913574,2.617000102996826
2014-06-23 00:00:00,2.622999906539917,2.624000072479248,2.5899999141693115
2014-06-24 00:00:00,2.5859999656677246,2.61899995803833,2.5789999961853027
2014-06-25 00:00:00,2.559000015258789,2.572000026702881,2.5290000438690186
2014-06-26 00:00:00,2.5250000953674316,2.565000057220459,2.5160000324249268
2014-06-27 00:00:00,2.5320000648498535,2.5360000133514404,2.506999969482422
2014-06-30 00:00:00,2.5160000324249268,2.546999931335449,2.5139999389648438
2014-07-01 00:00:00,2.562999963760376,2.569999933242798,2.5450000762939453
2014-07-02 00:00:00,2.628000020980835,2.630000114440918,2.5850000381469727
2014-07-03 00:00:00,2.6480000019073486,2.691999912261963,2.625
2014-07-07 00:00:00,2.617000102996826,2.635999917984009,2.6080000400543213
2014-07-08 00:00:00,2.565000057220459,2.5969998836517334,2.555999994277954
2014-07-09 00:00:00,2.546999931335449,2.6010000705718994,2.5429999828338623
2014-07-10 00:00:00,2.5320000648498535,2.5409998893737793,2.49399995803833
2014-07-11 00:00:00,2.5199999809265137,2.5290000438690186,2.505000114440918
2014-07-14 00:00:00,2.5490000247955322,2.549999952316284,2.5290000438690186
2014-07-15 00:00:00,2.5490000247955322,2.569999933242798,2.5199999809265137
2014-07-16 00:00:00,2.5380001068115234,2.566999912261963,2.5299999713897705
2014-07-17 00:00:00,2.4749999046325684,2.5179998874664307,2.4670000076293945
2014-07-18 00:00:00,2.4839999675750732,2.5,2.4600000381469727
2014-07-21 00:00:00,2.4739999771118164,2.484999895095825,2.447999954223633
2014-07-22 00:00:00,2.4660000801086426,2.502000093460083,2.4600000381469727
2014-07-23 00:00:00,2.4639999866485596,2.4660000801086426,2.4489998817443848
2014-07-24 00:00:00,2.509000062942505,2.5220000743865967,2.490999937057495
2014-07-25 00:00:00,2.4690001010894775,2.506999969482422,2.4660000801086426
2014-07-28 00:00:00,2.490999937057495,2.496000051498413,2.4660000801086426
2014-07-29 00:00:00,2.4619998931884766,2.486999988555908,2.4509999752044678
2014-07-30 00:00:00,2.553999900817871,2.566999912261963,2.4670000076293945
2014-07-31 00:00:00,2.555999994277954,2.614000082015991,2.5420000553131104
2014-08-01 00:00:00,2.505000114440918,2.5910000801086426,2.4820001125335693
2014-08-04 00:00:00,2.490999937057495,2.496000051498413,2.4709999561309814
2014-08-05 00:00:00,2.4830000400543213,2.5250000953674316,2.4730000495910645
2014-08-06 00:00:00,2.4739999771118164,2.4739999771118164,2.299999952316284
2014-08-07 00:00:00,2.4240000247955322,2.4820001125335693,2.4240000247955322
2014-08-08 00:00:00,2.4149999618530273,2.4260001182556152,2.369999885559082
2014-08-11 00:00:00,2.4200000762939453,2.440000057220459,2.4110000133514404
2014-08-12 00:00:00,2.441999912261963,2.447000026702881,2.4149999618530273
2014-08-13 00:00:00,2.4130001068115234,2.4600000381469727,2.4079999923706055
2014-08-14 00:00:00,2.4000000953674316,2.424999952316284,2.3910000324249268
2014-08-15 00:00:00,2.3450000286102295,2.3980000019073486,2.305000066757202
2014-08-18 00:00:00,2.38700008392334,2.3940000534057617,2.36299991607666
2014-08-19 00:00:00,2.4049999713897705,2.4070000648498535,2.3610000610351562
2014-08-20 00:00:00,2.4260001182556152,2.444000005722046,2.4010000228881836
2014-08-21 00:00:00,2.4070000648498535,2.441999912261963,2.3980000019073486
2014-08-22 00:00:00,2.4030001163482666,2.444000005722046,2.3910000324249268
2014-08-25 00:00:00,2.38700008392334,2.4100000858306885,2.385999917984009
2014-08-26 00:00:00,2.3910000324249268,2.4000000953674316,2.368000030517578
2014-08-27 00:00:00,2.3610000610351562,2.3889999389648438,2.3589999675750732
2014-08-28 00:00:00,2.3340001106262207,2.3499999046325684,2.322000026702881
2014-08-29 00:00:00,2.3429999351501465,2.3540000915527344,2.325000047683716
2014-09-02 00:00:00,2.4189999103546143,2.4189999103546143,2.3910000324249268
2014-09-03 00:00:00,2.4100000858306885,2.4570000171661377,2.4089999198913574
2014-09-04 00:00:00,2.447999954223633,2.4570000171661377,2.381999969482422
2014-09-05 00:00:00,2.4609999656677246,2.486999988555908,2.3889999389648438
2014-09-08 00:00:00,2.4690001010894775,2.4800000190734863,2.4210000038146973
2014-09-09 00:00:00,2.5,2.506999969482422,2.4820001125335693
2014-09-10 00:00:00,2.5339999198913574,2.5409998893737793,2.5220000743865967
2014-09-11 00:00:00,2.5309998989105225,2.5380001068115234,2.506999969482422
2014-09-12 00:00:00,2.614000082015991,2.615999937057495,2.5759999752044678
2014-09-15 00:00:00,2.5910000801086426,2.6089999675750732,2.5820000171661377
2014-09-16 00:00:00,2.5889999866485596,2.5889999866485596,2.552999973297119
2014-09-17 00:00:00,2.5999999046325684,2.615999937057495,2.5510001182556152
2014-09-18 00:00:00,2.628999948501587,2.6419999599456787,2.615999937057495
2014-09-19 00:00:00,2.5869998931884766,2.628999948501587,2.5820000171661377
2014-09-22 00:00:00,2.565999984741211,2.578000068664551,2.546999931335449
2014-09-23 00:00:00,2.5350000858306885,2.555999994277954,2.5329999923706055
2014-09-24 00:00:00,2.569000005722046,2.569000005722046,2.5269999504089355
2014-09-25 00:00:00,2.510999917984009,2.5460000038146973,2.503999948501587
2014-09-26 00:00:00,2.5350000858306885,2.5490000247955322,2.496999979019165
2014-09-29 00:00:00,2.490999937057495,2.500999927520752,2.4790000915527344
2014-09-30 00:00:00,2.507999897003174,2.510999917984009,2.4839999675750732
2014-10-01 00:00:00,2.4030001163482666,2.4749999046325684,2.4030001163482666
2014-10-02 00:00:00,2.437999963760376,2.438999891281128,2.385999917984009
2014-10-03 00:00:00,2.447000026702881,2.4839999675750732,2.436000108718872
2014-10-06 00:00:00,2.424999952316284,2.450000047683716,2.4040000438690186
2014-10-07 00:00:00,2.3499999046325684,2.4179999828338623,2.3429999351501465
2014-10-08 00:00:00,2.3299999237060547,2.385999917984009,2.328000068664551
2014-10-09 00:00:00,2.3269999027252197,2.3389999866485596,2.2890000343322754
2014-10-10 00:00:00,2.306999921798706,2.322999954223633,2.2980000972747803
2014-10-13 00:00:00,2.2860000133514404,2.2860000133514404,2.2860000133514404
2014-10-14 00:00:00,2.2060000896453857,2.2360000610351562,2.190000057220459
2014-10-15 00:00:00,2.0899999141693115,2.1689999103546143,1.8680000305175781
2014-10-16 00:00:00,2.1530001163482666,2.180000066757202,2.0230000019073486
2014-10-17 00:00:00,2.1989998817443848,2.2290000915527344,2.1710000038146973
2014-10-20 00:00:00,2.180999994277954,2.2019999027252197,2.1600000858306885
2014-10-21 00:00:00,2.2079999446868896,2.2249999046325684,2.194999933242798
2014-10-22 00:00:00,2.2290000915527344,2.25,2.200000047683716
2014-10-23 00:00:00,2.2750000953674316,2.299999952316284,2.240999937057495
2014-10-24 00:00:00,2.2730000019073486,2.2760000228881836,2.2290000915527344
2014-10-27 00:00:00,2.256999969482422,2.2679998874664307,2.243000030517578
2014-10-28 00:00:00,2.2839999198913574,2.2960000038146973,2.255000114440918
2014-10-29 00:00:00,2.322999954223633,2.359999895095825,2.2890000343322754
2014-10-30 00:00:00,2.305000066757202,2.322999954223633,2.2799999713897705
2014-10-31 00:00:00,2.3350000381469727,2.3499999046325684,2.316999912261963
2014-11-03 00:00:00,2.3480000495910645,2.384000062942505,2.321000099182129
2014-11-04 00:00:00,2.3420000076293945,2.3480000495910645,2.302999973297119
2014-11-05 00:00:00,2.3499999046325684,2.36899995803833,2.3369998931884766
2014-11-06 00:00:00,2.375,2.381999969482422,2.3350000381469727
2014-11-07 00:00:00,2.312000036239624,2.4070000648498535,2.308000087738037
2014-11-10 00:00:00,2.3589999675750732,2.359999895095825,2.2939999103546143
2014-11-11 00:00:00,2.359999895095825,2.359999895095825,2.359999895095825
2014-11-12 00:00:00,2.3589999675750732,2.371000051498413,2.319000005722046
2014-11-13 00:00:00,2.3469998836517334,2.369999885559082,2.3399999141693115
2014-11-14 00:00:00,2.319999933242798,2.377000093460083,2.315000057220459
2014-11-17 00:00:00,2.3399999141693115,2.3469998836517334,2.2899999618530273
2014-11-18 00:00:00,2.322000026702881,2.3380000591278076,2.308000087738037
2014-11-19 00:00:00,2.3510000705718994,2.36299991607666,2.321000099182129
2014-11-20 00:00:00,2.3350000381469727,2.3510000705718994,2.302999973297119
2014-11-21 00:00:00,2.315000057220459,2.3450000286102295,2.315000057220459
2014-11-24 00:00:00,2.309999942779541,2.3380000591278076,2.302999973297119
2014-11-25 00:00:00,2.259999990463257,2.316999912261963,2.259999990463257
2014-11-26 00:00:00,2.2339999675750732,2.253000020980835,2.2290000915527344
2014-11-28 00:00:00,2.194000005722046,2.2179999351501465,2.194000005722046
2014-12-01 00:00:00,2.2179999351501465,2.2179999351501465,2.1549999713897705
2014-12-02 00:00:00,2.2850000858306885,2.2890000343322754,2.243000030517578
2014-12-03 00:00:00,2.2869999408721924,2.306999921798706,2.2780001163482666
2014-12-04 00:00:00,2.256999969482422,2.2980000972747803,2.253000020980835
2014-12-05 00:00:00,2.306999921798706,2.3310000896453857,2.252000093460083
2014-12-08 00:00:00,2.256999969482422,2.309999942779541,2.243000030517578
2014-12-09 00:00:00,2.2200000286102295,2.239000082015991,2.187000036239624
2014-12-10 00:00:00,2.1689999103546143,2.2269999980926514,2.1689999103546143
2014-12-11 00:00:00,2.177999973297119,2.2160000801086426,2.1459999084472656
2014-12-12 00:00:00,2.1029999256134033,2.1459999084472656,2.0829999446868896
2014-12-15 00:00:00,2.115999937057495,2.135999917984009,2.0799999237060547
2014-12-16 00:00:00,2.071000099182129,2.1040000915527344,2.0450000762939453
2014-12-17 00:00:00,2.1480000019073486,2.1480000019073486,2.065999984741211
2014-12-18 00:00:00,2.2039999961853027,2.2249999046325684,2.1710000038146973
2014-12-19 00:00:00,2.1760001182556152,2.2090001106262207,2.1670000553131104
2014-12-22 00:00:00,2.1619999408721924,2.187999963760376,2.1549999713897705
2014-12-23 00:00:00,2.256999969482422,2.260999917984009,2.171999931335449
2014-12-24 00:00:00,2.2639999389648438,2.3010001182556152,2.260999917984009
2014-12-26 00:00:00,2.25,2.2660000324249268,2.2360000610351562
2014-12-29 00:00:00,2.2070000171661377,2.2290000915527344,2.194999933242798
2014-12-30 00:00:00,2.190000057220459,2.191999912261963,2.1670000553131104
2014-12-31 00:00:00,2.1700000762939453,2.190000057220459,2.1689999103546143
2015-01-02 00:00:00,2.122999906539917,2.2130000591278076,2.1019999980926514
2015-01-05 00:00:00,2.0390000343322754,2.1089999675750732,2.0369999408721924
2015-01-06 00:00:00,1.9630000591278076,1.996999979019165,1.8890000581741333
2015-01-07 00:00:00,1.9539999961853027,2.007999897003174,1.937999963760376
2015-01-08 00:00:00,2.0160000324249268,2.0299999713897705,1.9880000352859497
2015-01-09 00:00:00,1.9709999561309814,2.0209999084472656,1.9429999589920044
2015-01-12 00:00:00,1.9119999408721924,1.965999960899353,1.9019999504089355
2015-01-13 00:00:00,1.8899999856948853,1.9450000524520874,1.8760000467300415
2015-01-14 00:00:00,1.8370000123977661,1.8660000562667847,1.784000039100647
2015-01-15 00:00:00,1.774999976158142,1.8519999980926514,1.75600004196167
2015-01-16 00:00:00,1.815000057220459,1.8309999704360962,1.7000000476837158
2015-01-20 00:00:00,1.8070000410079956,1.8270000219345093,1.7610000371932983
2015-01-21 00:00:00,1.8530000448226929,1.8630000352859497,1.7730000019073486
2015-01-22 00:00:00,1.8960000276565552,1.9529999494552612,1.812000036239624
2015-01-23 00:00:00,1.8170000314712524,1.847000002861023,1.8009999990463257
2015-01-26 00:00:00,1.8279999494552612,1.8420000076293945,1.7960000038146973
2015-01-27 00:00:00,1.8250000476837158,1.8300000429153442,1.75
2015-01-28 00:00:00,1.7239999771118164,1.8279999494552612,1.7209999561309814
2015-01-29 00:00:00,1.7510000467300415,1.784999966621399,1.7380000352859497
2015-01-30 00:00:00,1.6749999523162842,1.7070000171661377,1.6510000228881836
2015-02-02 00:00:00,1.6729999780654907,1.7120000123977661,1.6540000438690186
2015-02-03 00:00:00,1.7799999713897705,1.784999966621399,1.7170000076293945
2015-02-04 00:00:00,1.7970000505447388,1.8459999561309814,1.7829999923706055
2015-02-05 00:00:00,1.815000057220459,1.8289999961853027,1.7879999876022339
2015-02-06 00:00:00,1.937999963760376,1.9529999494552612,1.8049999475479126
2015-02-09 00:00:00,1.9479999542236328,1.9500000476837158,1.902999997138977
2015-02-10 00:00:00,1.9910000562667847,2.0160000324249268,1.968999981880188
2015-02-11 00:00:00,1.9880000352859497,2.0250000953674316,1.9700000286102295
2015-02-12 00:00:00,1.9859999418258667,2.0399999618530273,1.9589999914169312
2015-02-13 00:00:00,2.0209999084472656,2.0260000228881836,1.9950000047683716
2015-02-17 00:00:00,2.1449999809265137,2.1519999504089355,2.0160000324249268
2015-02-18 00:00:00,2.065999984741211,2.135999917984009,2.0429999828338623
2015-02-19 00:00:00,2.11299991607666,2.121999979019165,2.059000015258789
2015-02-20 00:00:00,2.132999897003174,2.1419999599456787,2.0450000762939453
2015-02-23 00:00:00,2.059000015258789,2.111999988555908,2.055999994277954
2015-02-24 00:00:00,1.9880000352859497,2.1080000400543213,1.9769999980926514
2015-02-25 00:00:00,1.968999981880188,2.0,1.9620000123977661
2015-02-26 00:00:00,2.0160000324249268,2.0209999084472656,1.930999994277954
2015-02-27 00:00:00,2.002000093460083,2.0490000247955322,2.0
2015-03-02 00:00:00,2.0840001106262207,2.0859999656677246,2.005000114440918
2015-03-03 00:00:00,2.121999979019165,2.124000072479248,2.0769999027252197
2015-03-04 00:00:00,2.122999906539917,2.13100004196167,2.111999988555908
2015-03-05 00:00:00,2.111999988555908,2.1470000743865967,2.0959999561309814
2015-03-06 00:00:00,2.240000009536743,2.259000062942505,2.1050000190734863
2015-03-09 00:00:00,2.194999933242798,2.2179999351501465,2.191999912261963
2015-03-10 00:00:00,2.125999927520752,2.1600000858306885,2.117000102996826
2015-03-11 00:00:00,2.1089999675750732,2.1600000858306885,2.0980000495910645
2015-03-12 00:00:00,2.0959999561309814,2.122999906539917,2.0420000553131104
2015-03-13 00:00:00,2.111999988555908,2.132999897003174,2.0859999656677246
2015-03-16 00:00:00,2.0980000495910645,2.1050000190734863,2.065000057220459
2015-03-17 00:00:00,2.058000087738037,2.072000026702881,2.0380001068115234
2015-03-18 00:00:00,1.9509999752044678,2.053999900817871,1.944000005722046
2015-03-19 00:00:00,1.9769999980926514,1.9889999628067017,1.9249999523162842
2015-03-20 00:00:00,1.9299999475479126,1.9579999446868896,1.9270000457763672
2015-03-23 00:00:00,1.9149999618530273,1.9390000104904175,1.909000039100647
2015-03-24 00:00:00,1.878000020980835,1.9199999570846558,1.8700000047683716
2015-03-25 00:00:00,1.9199999570846558,1.9229999780654907,1.8519999980926514
2015-03-26 00:00:00,2.006999969482422,2.009000062942505,1.9220000505447388
2015-03-27 00:00:00,1.9479999542236328,1.9859999418258667,1.944000005722046
2015-03-30 00:00:00,1.9630000591278076,1.9739999771118164,1.940999984741211
2015-03-31 00:00:00,1.934000015258789,1.968000054359436,1.9279999732971191
2015-04-01 00:00:00,1.8680000305175781,1.8969999551773071,1.8519999980926514
2015-04-02 00:00:00,1.9040000438690186,1.909000039100647,1.8550000190734863
2015-04-06 00:00:00,1.9040000438690186,1.9110000133514404,1.843000054359436
2015-04-07 00:00:00,1.8930000066757202,1.9279999732971191,1.8869999647140503
2015-04-08 00:00:00,1.8949999809265137,1.9249999523162842,1.88100004196167
2015-04-09 00:00:00,1.9579999446868896,1.965000033378601,1.878000020980835
2015-04-10 00:00:00,1.9509999752044678,1.9559999704360962,1.9190000295639038
2015-04-13 00:00:00,1.9390000104904175,1.972000002861023,1.9329999685287476
2015-04-14 00:00:00,1.9040000438690186,1.9249999523162842,1.8550000190734863
2015-04-15 00:00:00,1.899999976158142,1.9179999828338623,1.871999979019165
2015-04-16 00:00:00,1.878000020980835,1.9259999990463257,1.871000051498413
2015-04-17 00:00:00,1.850000023841858,1.9110000133514404,1.8450000286102295
2015-04-20 00:00:00,1.8949999809265137,1.9019999504089355,1.8530000448226929
2015-04-21 00:00:00,1.9160000085830688,1.9190000295639038,1.8650000095367432
2015-04-22 00:00:00,1.972000002861023,1.9809999465942383,1.8910000324249268
2015-04-23 00:00:00,1.9470000267028809,1.9889999628067017,1.944000005722046
2015-04-24 00:00:00,1.9170000553131104,1.9589999914169312,1.906999945640564
2015-04-27 00:00:00,1.9240000247955322,1.9490000009536743,1.906999945640564
2015-04-28 00:00:00,1.9730000495910645,1.9889999628067017,1.9259999990463257
2015-04-29 00:00:00,2.0350000858306885,2.0810000896453857,1.9950000047683716
2015-04-30 00:00:00,2.0460000038146973,2.109999895095825,2.0299999713897705
2015-05-01 00:00:00,2.117000102996826,2.124000072479248,2.058000087738037
2015-05-04 00:00:00,2.134999990463257,2.1419999599456787,2.0869998931884766
2015-05-05 00:00:00,2.1760001182556152,2.200000047683716,2.117000102996826
2015-05-06 00:00:00,2.240000009536743,2.252000093460083,2.181999921798706
2015-05-07 00:00:00,2.184000015258789,2.249000072479248,2.184000015258789
2015-05-08 00:00:00,2.1500000953674316,2.200000047683716,2.1010000705718994
2015-05-11 00:00:00,2.2739999294281006,2.2780001163482666,2.1730000972747803
2015-05-12 00:00:00,2.259999990463257,2.3350000381469727,2.2339999675750732
2015-05-13 00:00:00,2.2820000648498535,2.2890000343322754,2.188999891281128
2015-05-14 00:00:00,2.239000082015991,2.2780001163482666,2.2249999046325684
2015-05-15 00:00:00,2.1410000324249268,2.2109999656677246,2.134000062942505
2015-05-18 00:00:00,2.2279999256134033,2.2339999675750732,2.1559998989105225
2015-05-19 00:00:00,2.26200008392334,2.3010001182556152,2.2139999866485596
2015-05-20 00:00:00,2.250999927520752,2.2850000858306885,2.2290000915527344
2015-05-21 00:00:00,2.184999942779541,2.256999969482422,2.184999942779541
2015-05-22 00:00:00,2.2149999141693115,2.240999937057495,2.1710000038146973
2015-05-26 00:00:00,2.13700008392334,2.2130000591278076,2.131999969482422
2015-05-27 00:00:00,2.134999990463257,2.1740000247955322,2.134999990463257
2015-05-28 00:00:00,2.130000114440918,2.1530001163482666,2.115999937057495
2015-05-29 00:00:00,2.0950000286102295,2.134000062942505,2.0920000076293945
2015-06-01 00:00:00,2.191999912261963,2.197000026702881,2.1059999465942383
2015-06-02 00:00:00,2.2660000324249268,2.2769999504089355,2.2109999656677246
2015-06-03 00:00:00,2.365999937057495,2.388000011444092,2.2709999084472656
2015-06-04 00:00:00,2.306999921798706,2.361999988555908,2.2960000038146973
2015-06-05 00:00:00,2.4019999504089355,2.437999963760376,2.3410000801086426
2015-06-08 00:00:00,2.38100004196167,2.4019999504089355,2.365999937057495
2015-06-09 00:00:00,2.4170000553131104,2.4489998817443848,2.385999917984009
2015-06-10 00:00:00,2.4779999256134033,2.489000082015991,2.453000068664551
2015-06-11 00:00:00,2.382999897003174,2.4839999675750732,2.382999897003174
2015-06-12 00:00:00,2.384999990463257,2.4059998989105225,2.3340001106262207
2015-06-15 00:00:00,2.3580000400543213,2.375999927520752,2.312999963760376
2015-06-16 00:00:00,2.318000078201294,2.3559999465942383,2.312999963760376
2015-06-17 00:00:00,2.305999994277954,2.4030001163482666,2.305999994277954
2015-06-18 00:00:00,2.3510000705718994,2.38100004196167,2.2880001068115234
2015-06-19 00:00:00,2.2669999599456787,2.316999912261963,2.259999990463257
2015-06-22 00:00:00,2.359999895095825,2.36899995803833,2.2850000858306885
2015-06-23 00:00:00,2.4089999198913574,2.428999900817871,2.367000102996826
2015-06-24 00:00:00,2.371000051498413,2.4140000343322754,2.365000009536743
2015-06-25 00:00:00,2.3929998874664307,2.4230000972747803,2.381999969482422
2015-06-26 00:00:00,2.4760000705718994,2.489000082015991,2.434000015258789
2015-06-29 00:00:00,2.3310000896453857,2.4089999198913574,2.328000068664551
2015-06-30 00:00:00,2.3350000381469727,2.378000020980835,2.309999942779541
2015-07-01 00:00:00,2.4179999828338623,2.444000005722046,2.3970000743865967
2015-07-02 00:00:00,2.3929998874664307,2.4700000286102295,2.364000082015991
2015-07-06 00:00:00,2.2780001163482666,2.3459999561309814,2.2760000228881836
2015-07-07 00:00:00,2.2309999465942383,2.236999988555908,2.187000036239624
2015-07-08 00:00:00,2.2060000896453857,2.250999927520752,2.197999954223633
2015-07-09 00:00:00,2.3010001182556152,2.306999921798706,2.246000051498413
2015-07-10 00:00:00,2.4170000553131104,2.4210000038146973,2.3610000610351562
2015-07-13 00:00:00,2.430000066757202,2.4609999656677246,2.4049999713897705
2015-07-14 00:00:00,2.3989999294281006,2.431999921798706,2.390000104904175
2015-07-15 00:00:00,2.3499999046325684,2.431999921798706,2.3450000286102295
2015-07-16 00:00:00,2.3519999980926514,2.3959999084472656,2.3399999141693115
2015-07-17 00:00:00,2.3489999771118164,2.374000072479248,2.3359999656677246
2015-07-20 00:00:00,2.371999979019165,2.3959999084472656,2.3519999980926514
2015-07-21 00:00:00,2.3399999141693115,2.4030001163482666,2.3310000896453857
2015-07-22 00:00:00,2.322000026702881,2.3359999656677246,2.302000045776367
2015-07-23 00:00:00,2.2769999504089355,2.3440001010894775,2.2709999084472656
2015-07-24 00:00:00,2.2709999084472656,2.2860000133514404,2.255000114440918
2015-07-27 00:00:00,2.2279999256134033,2.243000030517578,2.2100000381469727
2015-07-28 00:00:00,2.25,2.2660000324249268,2.240999937057495
2015-07-29 00:00:00,2.2790000438690186,2.296999931335449,2.263000011444092
2015-07-30 00:00:00,2.2679998874664307,2.319999933242798,2.255000114440918
2015-07-31 00:00:00,2.2049999237060547,2.260999917984009,2.194000005722046
2015-08-03 00:00:00,2.1500000953674316,2.2070000171661377,2.1389999389648438
2015-08-04 00:00:00,2.2109999656677246,2.2160000801086426,2.1659998893737793
2015-08-05 00:00:00,2.2679998874664307,2.2929999828338623,2.2139999866485596
2015-08-06 00:00:00,2.2339999675750732,2.2769999504089355,2.2200000286102295
2015-08-07 00:00:00,2.174999952316284,2.252000093460083,2.1659998893737793
2015-08-10 00:00:00,2.23799991607666,2.243000030517578,2.2019999027252197
2015-08-11 00:00:00,2.13700008392334,2.174999952316284,2.114000082015991
2015-08-12 00:00:00,2.130000114440918,2.134000062942505,2.0820000171661377
2015-08-13 00:00:00,2.188999891281128,2.196000099182129,2.1519999504089355
2015-08-14 00:00:00,2.196000099182129,2.2209999561309814,2.1730000972747803
2015-08-17 00:00:00,2.1500000953674316,2.181999921798706,2.1449999809265137
2015-08-18 00:00:00,2.196000099182129,2.197999954223633,2.1640000343322754
2015-08-19 00:00:00,2.128999948501587,2.2300000190734863,2.128999948501587
2015-08-20 00:00:00,2.0840001106262207,2.117000102996826,2.075000047683716
2015-08-21 00:00:00,2.053999900817871,2.0850000381469727,2.0299999713897705
2015-08-24 00:00:00,1.996999979019165,2.0450000762939453,1.9049999713897705
2015-08-25 00:00:00,2.132999897003174,2.134999990463257,2.0490000247955322
2015-08-26 00:00:00,2.171999931335449,2.180999994277954,2.0980000495910645
2015-08-27 00:00:00,2.1679999828338623,2.2070000171661377,2.1610000133514404
2015-08-28 00:00:00,2.186000108718872,2.193000078201294,2.128000020980835
2015-08-31 00:00:00,2.200000047683716,2.2070000171661377,2.13700008392334
2015-09-01 00:00:00,2.171999931335449,2.194999933242798,2.1510000228881836
2015-09-02 00:00:00,2.193000078201294,2.1989998817443848,2.1540000438690186
2015-09-03 00:00:00,2.1679999828338623,2.197000026702881,2.1530001163482666
2015-09-04 00:00:00,2.128000020980835,2.1689999103546143,2.114000082015991
2015-09-08 00:00:00,2.194000005722046,2.1989998817443848,2.1600000858306885
2015-09-09 00:00:00,2.180999994277954,2.253999948501587,2.171999931335449
2015-09-10 00:00:00,2.2219998836517334,2.2360000610351562,2.190000057220459
2015-09-11 00:00:00,2.183000087738037,2.2060000896453857,2.171999931335449
2015-09-14 00:00:00,2.180000066757202,2.196000099182129,2.1640000343322754
2015-09-15 00:00:00,2.2809998989105225,2.2809998989105225,2.1710000038146973
2015-09-16 00:00:00,2.302999973297119,2.302999973297119,2.2639999389648438
2015-09-17 00:00:00,2.2170000076293945,2.2939999103546143,2.203000068664551
2015-09-18 00:00:00,2.130000114440918,2.1730000972747803,2.130000114440918
2015-09-21 00:00:00,2.2139999866485596,2.2170000076293945,2.1659998893737793
2015-09-22 00:00:00,2.125,2.1710000038146973,2.114000082015991
2015-09-23 00:00:00,2.1440000534057617,2.1710000038146973,2.135999917984009
2015-09-24 00:00:00,2.119999885559082,2.127000093460083,2.0810000896453857
2015-09-25 00:00:00,2.1679999828338623,2.197999954223633,2.1570000648498535
2015-09-28 00:00:00,2.0950000286102295,2.1570000648498535,2.0929999351501465
2015-09-29 00:00:00,2.053999900817871,2.114000082015991,2.046999931335449
2015-09-30 00:00:00,2.059999942779541,2.0929999351501465,2.052999973297119
2015-10-01 00:00:00,2.0420000553131104,2.0460000038146973,2.009999990463257
2015-10-02 00:00:00,1.9889999628067017,2.065000057220459,1.906000018119812
2015-10-05 00:00:00,2.055999994277954,2.059999942779541,2.01200008392334
2015-10-06 00:00:00,2.0350000858306885,2.0769999027252197,2.0299999713897705
2015-10-07 00:00:00,2.062000036239624,2.0859999656677246,2.052999973297119
2015-10-08 00:00:00,2.1080000400543213,2.11299991607666,2.0490000247955322
2015-10-09 00:00:00,2.0989999771118164,2.138000011444092,2.0880000591278076
2015-10-12 00:00:00,2.0899999141693115,2.0899999141693115,2.0899999141693115
2015-10-13 00:00:00,2.055000066757202,2.078000068664551,2.0439999103546143
2015-10-14 00:00:00,1.9809999465942383,2.0420000553131104,1.9789999723434448
2015-10-15 00:00:00,2.0230000019073486,2.0280001163482666,1.996000051498413
2015-10-16 00:00:00,2.0230000019073486,2.0329999923706055,2.005000114440918
2015-10-19 00:00:00,2.0280001163482666,2.055999994277954,2.0209999084472656
2015-10-20 00:00:00,2.071000099182129,2.0789999961853027,2.052999973297119
2015-10-21 00:00:00,2.0299999713897705,2.058000087738037,2.0179998874664307
2015-10-22 00:00:00,2.0250000953674316,2.055000066757202,2.003000020980835
2015-10-23 00:00:00,2.0829999446868896,2.0969998836517334,2.072000026702881
2015-10-26 00:00:00,2.058000087738037,2.0739998817443848,2.0510001182556152
2015-10-27 00:00:00,2.0280001163482666,2.0420000553131104,2.009000062942505
2015-10-28 00:00:00,2.0920000076293945,2.1059999465942383,2.0320000648498535
2015-10-29 00:00:00,2.1730000972747803,2.180000066757202,2.0959999561309814
2015-10-30 00:00:00,2.1510000228881836,2.181999921798706,2.1419999599456787
2015-11-02 00:00:00,2.187000036239624,2.188999891281128,2.1670000553131104
2015-11-03 00:00:00,2.2200000286102295,2.2249999046325684,2.188999891281128
2015-11-04 00:00:00,2.2300000190734863,2.240999937057495,2.197999954223633
2015-11-05 00:00:00,2.244999885559082,2.260999917984009,2.2249999046325684
2015-11-06 00:00:00,2.3329999446868896,2.3489999771118164,2.2290000915527344
2015-11-09 00:00:00,2.3420000076293945,2.377000093460083,2.3310000896453857
2015-11-10 00:00:00,2.322000026702881,2.3529999256134033,2.311000108718872
2015-11-11 00:00:00,2.3380000591278076,2.3380000591278076,2.3380000591278076
2015-11-12 00:00:00,2.319000005722046,2.3420000076293945,2.2990000247955322
2015-11-13 00:00:00,2.2799999713897705,2.312000036239624,2.2709999084472656
2015-11-16 00:00:00,2.2730000019073486,2.2730000019073486,2.243000030517578
2015-11-17 00:00:00,2.260999917984009,2.312999963760376,2.253999948501587
2015-11-18 00:00:00,2.2690000534057617,2.2990000247955322,2.26200008392334
2015-11-19 00:00:00,2.247999906539917,2.2639999389648438,2.2320001125335693
2015-11-20 00:00:00,2.26200008392334,2.26200008392334,2.2309999465942383
2015-11-23 00:00:00,2.25,2.2980000972747803,2.239000082015991
2015-11-24 00:00:00,2.243000030517578,2.25,2.2060000896453857
2015-11-25 00:00:00,2.2320001125335693,2.247999906539917,2.2239999771118164
2015-11-27 00:00:00,2.2249999046325684,2.2290000915527344,2.2079999446868896
2015-11-30 00:00:00,2.2179999351501465,2.2339999675750732,2.2130000591278076
2015-12-01 00:00:00,2.1549999713897705,2.2320001125335693,2.1449999809265137
2015-12-02 00:00:00,2.177999973297119,2.1989998817443848,2.1679999828338623
2015-12-03 00:00:00,2.3299999237060547,2.3469998836517334,2.2039999961853027
2015-12-04 00:00:00,2.2750000953674316,2.3559999465942383,2.260999917984009
2015-12-07 00:00:00,2.2249999046325684,2.2920000553131104,2.2039999961853027
2015-12-08 00:00:00,2.23799991607666,2.243000030517578,2.197000026702881
2015-12-09 00:00:00,2.2079999446868896,2.2709999084472656,2.197000026702881
2015-12-10 00:00:00,2.239000082015991,2.239000082015991,2.2060000896453857
2015-12-11 00:00:00,2.1389999389648438,2.2060000896453857,2.131999969482422
2015-12-14 00:00:00,2.2249999046325684,2.2309999465942383,2.1519999504089355
2015-12-15 00:00:00,2.2679998874664307,2.2890000343322754,2.23799991607666
2015-12-16 00:00:00,2.2869999408721924,2.3320000171661377,2.25
2015-12-17 00:00:00,2.23799991607666,2.2750000953674316,2.2309999465942383
2015-12-18 00:00:00,2.1989998817443848,2.2179999351501465,2.177999973297119
2015-12-21 00:00:00,2.197000026702881,2.2109999656677246,2.171999931335449
2015-12-22 00:00:00,2.239000082015991,2.239000082015991,2.197000026702881
2015-12-23 00:00:00,2.2639999389648438,2.2799999713897705,2.25
2015-12-24 00:00:00,2.243000030517578,2.26200008392334,2.240999937057495
2015-12-28 00:00:00,2.2249999046325684,2.244999885559082,2.2130000591278076
2015-12-29 00:00:00,2.306999921798706,2.315999984741211,2.246000051498413
2015-12-30 00:00:00,2.302999973297119,2.325000047683716,2.2869999408721924
2015-12-31 00:00:00,2.2690000534057617,2.299999952316284,2.2660000324249268
2016-01-04 00:00:00,2.244999885559082,2.244999885559082,2.200000047683716
2016-01-05 00:00:00,2.247999906539917,2.260999917984009,2.2249999046325684
2016-01-06 00:00:00,2.177000045776367,2.2090001106262207,2.1760001182556152
2016-01-07 00:00:00,2.1530001163482666,2.200000047683716,2.1530001163482666
2016-01-08 00:00:00,2.130000114440918,2.2139999866485596,2.11899995803833
2016-01-11 00:00:00,2.1579999923706055,2.178999900817871,2.140000104904175
2016-01-12 00:00:00,2.1019999980926514,2.197999954223633,2.0820000171661377
2016-01-13 00:00:00,2.065999984741211,2.134999990463257,2.0420000553131104
2016-01-14 00:00:00,2.0980000495910645,2.122999906539917,2.053999900817871
2016-01-15 00:00:00,2.0329999923706055,2.0420000553131104,1.9880000352859497
2016-01-19 00:00:00,2.0350000858306885,2.068000078201294,2.0209999084472656
2016-01-20 00:00:00,1.9839999675750732,2.0,1.9390000104904175
2016-01-21 00:00:00,2.0190000534057617,2.0350000858306885,1.9579999446868896
2016-01-22 00:00:00,2.0480000972747803,2.0889999866485596,2.046999931335449
2016-01-25 00:00:00,2.0220000743865967,2.0409998893737793,2.015000104904175
2016-01-26 00:00:00,1.99399995803833,2.0269999504089355,1.9919999837875366
2016-01-27 00:00:00,2.000999927520752,2.052000045776367,1.9980000257492065
2016-01-28 00:00:00,1.9850000143051147,2.0380001068115234,1.9730000495910645
2016-01-29 00:00:00,1.930999994277954,1.9559999704360962,1.9110000133514404
2016-02-01 00:00:00,1.965999960899353,1.965999960899353,1.9170000553131104
2016-02-02 00:00:00,1.8639999628067017,1.9240000247955322,1.8619999885559082
2016-02-03 00:00:00,1.88100004196167,1.8960000276565552,1.7929999828338623
2016-02-04 00:00:00,1.8639999628067017,1.8910000324249268,1.850000023841858
2016-02-05 00:00:00,1.8480000495910645,1.8960000276565552,1.8270000219345093
2016-02-08 00:00:00,1.7350000143051147,1.809999942779541,1.7330000400543213
2016-02-09 00:00:00,1.7289999723434448,1.7519999742507935,1.6990000009536743
2016-02-10 00:00:00,1.7050000429153442,1.7690000534057617,1.7020000219345093
2016-02-11 00:00:00,1.6440000534057617,1.6490000486373901,1.5670000314712524
2016-02-12 00:00:00,1.7480000257492065,1.7589999437332153,1.6710000038146973
2016-02-16 00:00:00,1.777999997138977,1.7970000505447388,1.7569999694824219
2016-02-17 00:00:00,1.819000005722046,1.847000002861023,1.7970000505447388
2016-02-18 00:00:00,1.7589999437332153,1.8300000429153442,1.7549999952316284
2016-02-19 00:00:00,1.7480000257492065,1.784999966621399,1.7289999723434448
2016-02-22 00:00:00,1.7660000324249268,1.7760000228881836,1.7519999742507935
2016-02-23 00:00:00,1.7450000047683716,1.8140000104904175,1.7259999513626099
2016-02-24 00:00:00,1.7419999837875366,1.7419999837875366,1.6490000486373901
2016-02-25 00:00:00,1.6970000267028809,1.7450000047683716,1.6779999732971191
2016-02-26 00:00:00,1.7619999647140503,1.7829999923706055,1.7400000095367432
2016-02-29 00:00:00,1.7400000095367432,1.7680000066757202,1.7369999885559082
2016-03-01 00:00:00,1.8339999914169312,1.8370000123977661,1.7280000448226929
2016-03-02 00:00:00,1.8480000495910645,1.871999979019165,1.8279999494552612
2016-03-03 00:00:00,1.8300000429153442,1.8580000400543213,1.815000057220459
2016-03-04 00:00:00,1.8830000162124634,1.9019999504089355,1.8270000219345093
2016-03-07 00:00:00,1.9019999504089355,1.9179999828338623,1.8969999551773071
2016-03-08 00:00:00,1.8320000171661377,1.8530000448226929,1.8040000200271606
2016-03-09 00:00:00,1.8919999599456787,1.8969999551773071,1.8569999933242798
2016-03-10 00:00:00,1.9290000200271606,1.9520000219345093,1.8639999628067017
2016-03-11 00:00:00,1.9769999980926514,1.9859999418258667,1.9240000247955322
2016-03-14 00:00:00,1.9630000591278076,1.9700000286102295,1.9420000314712524
2016-03-15 00:00:00,1.9589999914169312,1.975000023841858,1.9149999618530273
2016-03-16 00:00:00,1.937999963760376,2.002000093460083,1.9149999618530273
2016-03-17 00:00:00,1.902999997138977,1.909999966621399,1.8639999628067017
2016-03-18 00:00:00,1.871000051498413,1.8960000276565552,1.8660000562667847
2016-03-21 00:00:00,1.9229999780654907,1.9240000247955322,1.8869999647140503
2016-03-22 00:00:00,1.934999942779541,1.9390000104904175,1.8839999437332153
2016-03-23 00:00:00,1.875,1.934999942779541,1.871999979019165
2016-03-24 00:00:00,1.899999976158142,1.9019999504089355,1.8530000448226929
2016-03-28 00:00:00,1.8700000047683716,1.9049999713897705,1.8630000352859497
2016-03-29 00:00:00,1.8140000104904175,1.871999979019165,1.812000036239624
2016-03-30 00:00:00,1.8300000429153442,1.8600000143051147,1.815999984741211
2016-03-31 00:00:00,1.7860000133514404,1.8320000171661377,1.7829999923706055
2016-04-01 00:00:00,1.7920000553131104,1.8140000104904175,1.7619999647140503
2016-04-04 00:00:00,1.7790000438690186,1.7920000553131104,1.7640000581741333
2016-04-05 00:00:00,1.7269999980926514,1.7389999628067017,1.7170000076293945
2016-04-06 00:00:00,1.7549999952316284,1.7740000486373901,1.7319999933242798
2016-04-07 00:00:00,1.690999984741211,1.7430000305175781,1.684999942779541
2016-04-08 00:00:00,1.7200000286102295,1.7380000352859497,1.7130000591278076
2016-04-11 00:00:00,1.7239999771118164,1.7549999952316284,1.7130000591278076
2016-04-12 00:00:00,1.781000018119812,1.7829999923706055,1.7480000257492065
2016-04-13 00:00:00,1.7619999647140503,1.7949999570846558,1.7569999694824219
2016-04-14 00:00:00,1.781000018119812,1.8040000200271606,1.7710000276565552
2016-04-15 00:00:00,1.7519999742507935,1.781999945640564,1.7400000095367432
2016-04-18 00:00:00,1.7730000019073486,1.7869999408721924,1.7410000562667847
2016-04-19 00:00:00,1.7829999923706055,1.805999994277954,1.7710000276565552
2016-04-20 00:00:00,1.8539999723434448,1.8539999723434448,1.7660000324249268
2016-04-21 00:00:00,1.8700000047683716,1.8890000581741333,1.8589999675750732
2016-04-22 00:00:00,1.8880000114440918,1.8969999551773071,1.8680000305175781
2016-04-25 00:00:00,1.9019999504089355,1.906999945640564,1.8680000305175781
2016-04-26 00:00:00,1.930999994277954,1.940999984741211,1.899999976158142
2016-04-27 00:00:00,1.8600000143051147,1.9170000553131104,1.8539999723434448
2016-04-28 00:00:00,1.8380000591278076,1.871999979019165,1.8370000123977661
2016-04-29 00:00:00,1.819000005722046,1.8739999532699585,1.819000005722046
2016-05-02 00:00:00,1.8650000095367432,1.8669999837875366,1.815999984741211
2016-05-03 00:00:00,1.7999999523162842,1.8179999589920044,1.781999945640564
2016-05-04 00:00:00,1.784000039100647,1.8179999589920044,1.774999976158142
2016-05-05 00:00:00,1.746999979019165,1.8020000457763672,1.7450000047683716
2016-05-06 00:00:00,1.7790000438690186,1.7860000133514404,1.7050000429153442
2016-05-09 00:00:00,1.7599999904632568,1.7769999504089355,1.753000020980835
2016-05-10 00:00:00,1.7599999904632568,1.7680000066757202,1.746999979019165
2016-05-11 00:00:00,1.7369999885559082,1.7649999856948853,1.7209999561309814
2016-05-12 00:00:00,1.7569999694824219,1.7649999856948853,1.7410000562667847
2016-05-13 00:00:00,1.7050000429153442,1.7549999952316284,1.7050000429153442
2016-05-16 00:00:00,1.753000020980835,1.7549999952316284,1.722000002861023
2016-05-17 00:00:00,1.7589999437332153,1.7740000486373901,1.7359999418258667
2016-05-18 00:00:00,1.8799999952316284,1.8819999694824219,1.7790000438690186
2016-05-19 00:00:00,1.8450000286102295,1.8799999952316284,1.8309999704360962
2016-05-20 00:00:00,1.8489999771118164,1.8660000562667847,1.8370000123977661
2016-05-23 00:00:00,1.8380000591278076,1.8559999465942383,1.8259999752044678
2016-05-24 00:00:00,1.8589999675750732,1.8799999952316284,1.8389999866485596
2016-05-25 00:00:00,1.8700000047683716,1.875,1.8489999771118164
2016-05-26 00:00:00,1.8229999542236328,1.8650000095367432,1.8209999799728394
2016-05-27 00:00:00,1.8509999513626099,1.8559999465942383,1.8250000476837158
2016-05-31 00:00:00,1.8339999914169312,1.8899999856948853,1.8339999914169312
2016-06-01 00:00:00,1.8459999561309814,1.8489999771118164,1.805999994277954
2016-06-02 00:00:00,1.8109999895095825,1.840999960899353,1.7970000505447388
2016-06-03 00:00:00,1.7039999961853027,1.7970000505447388,1.6990000009536743
2016-06-06 00:00:00,1.7230000495910645,1.7419999837875366,1.7130000591278076
2016-06-07 00:00:00,1.7130000591278076,1.7259999513626099,1.7039999961853027
2016-06-08 00:00:00,1.7059999704360962,1.715999960899353,1.6970000267028809
2016-06-09 00:00:00,1.6799999475479126,1.6829999685287476,1.659000039100647
2016-06-10 00:00:00,1.6390000581741333,1.6610000133514404,1.6269999742507935
2016-06-13 00:00:00,1.6160000562667847,1.6399999856948853,1.6100000143051147
2016-06-14 00:00:00,1.6109999418258667,1.6160000562667847,1.5740000009536743
2016-06-15 00:00:00,1.5959999561309814,1.6299999952316284,1.5770000219345093
2016-06-16 00:00:00,1.5640000104904175,1.5809999704360962,1.5180000066757202
2016-06-17 00:00:00,1.6180000305175781,1.621999979019165,1.5820000171661377
2016-06-20 00:00:00,1.6699999570846558,1.6820000410079956,1.656000018119812
2016-06-21 00:00:00,1.6970000267028809,1.7059999704360962,1.6610000133514404
2016-06-22 00:00:00,1.684999942779541,1.7109999656677246,1.6799999475479126
2016-06-23 00:00:00,1.7389999628067017,1.7480000257492065,1.7079999446868896
2016-06-24 00:00:00,1.5789999961853027,1.5870000123977661,1.5260000228881836
2016-06-27 00:00:00,1.4600000381469727,1.4900000095367432,1.4500000476837158
2016-06-28 00:00:00,1.4609999656677246,1.4830000400543213,1.4500000476837158
2016-06-29 00:00:00,1.4769999980926514,1.4800000190734863,1.4559999704360962
2016-06-30 00:00:00,1.4880000352859497,1.5119999647140503,1.4550000429153442
2016-07-01 00:00:00,1.4559999704360962,1.4730000495910645,1.4140000343322754
2016-07-05 00:00:00,1.3669999837875366,1.4049999713897705,1.3569999933242798
2016-07-06 00:00:00,1.3849999904632568,1.3949999809265137,1.3359999656677246
2016-07-07 00:00:00,1.3869999647140503,1.4220000505447388,1.3700000047683716
2016-07-08 00:00:00,1.3660000562667847,1.440999984741211,1.3650000095367432
2016-07-11 00:00:00,1.434000015258789,1.434000015258789,1.3899999856948853
2016-07-12 00:00:00,1.5130000114440918,1.531000018119812,1.4709999561309814
2016-07-13 00:00:00,1.468000054359436,1.4809999465942383,1.4589999914169312
2016-07-14 00:00:00,1.531000018119812,1.5509999990463257,1.5199999809265137
2016-07-15 00:00:00,1.593999981880188,1.6009999513626099,1.5360000133514404
2016-07-18 00:00:00,1.5870000123977661,1.6039999723434448,1.555999994277954
2016-07-19 00:00:00,1.5579999685287476,1.5750000476837158,1.5460000038146973
2016-07-20 00:00:00,1.5800000429153442,1.5959999561309814,1.565999984741211
2016-07-21 00:00:00,1.565000057220459,1.628000020980835,1.562999963760376
2016-07-22 00:00:00,1.5700000524520874,1.5989999771118164,1.5440000295639038
2016-07-25 00:00:00,1.5709999799728394,1.5839999914169312,1.5540000200271606
2016-07-26 00:00:00,1.562999963760376,1.5870000123977661,1.5490000247955322
2016-07-27 00:00:00,1.5149999856948853,1.5700000524520874,1.5110000371932983
2016-07-28 00:00:00,1.5110000371932983,1.534999966621399,1.4930000305175781
2016-07-29 00:00:00,1.4579999446868896,1.5299999713897705,1.4579999446868896
2016-08-01 00:00:00,1.496000051498413,1.5080000162124634,1.475000023841858
2016-08-02 00:00:00,1.5369999408721924,1.5709999799728394,1.5160000324249268
2016-08-03 00:00:00,1.5420000553131104,1.5709999799728394,1.5299999713897705
2016-08-04 00:00:00,1.503000020980835,1.5269999504089355,1.4839999675750732
2016-08-05 00:00:00,1.5820000171661377,1.5870000123977661,1.4989999532699585
2016-08-08 00:00:00,1.5829999446868896,1.6160000562667847,1.5750000476837158
2016-08-09 00:00:00,1.5449999570846558,1.593999981880188,1.5369999408721924
2016-08-10 00:00:00,1.5089999437332153,1.5399999618530273,1.5010000467300415
2016-08-11 00:00:00,1.5729999542236328,1.5759999752044678,1.503000020980835
2016-08-12 00:00:00,1.5149999856948853,1.5369999408721924,1.4800000190734863
2016-08-15 00:00:00,1.5529999732971191,1.555999994277954,1.5190000534057617
2016-08-16 00:00:00,1.5759999752044678,1.5870000123977661,1.5149999856948853
2016-08-17 00:00:00,1.5609999895095825,1.5870000123977661,1.5369999408721924
2016-08-18 00:00:00,1.5360000133514404,1.565999984741211,1.524999976158142
2016-08-19 00:00:00,1.5779999494552612,1.5920000076293945,1.555999994277954
2016-08-22 00:00:00,1.5390000343322754,1.5700000524520874,1.5360000133514404
2016-08-23 00:00:00,1.5529999732971191,1.562999963760376,1.5269999504089355
2016-08-24 00:00:00,1.559000015258789,1.5700000524520874,1.5440000295639038
2016-08-25 00:00:00,1.5770000219345093,1.5829999446868896,1.5540000200271606
2016-08-26 00:00:00,1.6349999904632568,1.6349999904632568,1.531000018119812
2016-08-29 00:00:00,1.565999984741211,1.6180000305175781,1.562999963760376
2016-08-30 00:00:00,1.5700000524520874,1.5820000171661377,1.5609999895095825
2016-08-31 00:00:00,1.5679999589920044,1.5829999446868896,1.5540000200271606
2016-09-01 00:00:00,1.5700000524520874,1.61899995803833,1.555999994277954
2016-09-02 00:00:00,1.5959999561309814,1.621000051498413,1.5440000295639038
2016-09-06 00:00:00,1.5429999828338623,1.6080000400543213,1.534000039100647
2016-09-07 00:00:00,1.5410000085830688,1.5440000295639038,1.5190000534057617
2016-09-08 00:00:00,1.6160000562667847,1.6200000047683716,1.5509999990463257
2016-09-09 00:00:00,1.6720000505447388,1.6779999732971191,1.6469999551773071
2016-09-12 00:00:00,1.6720000505447388,1.6959999799728394,1.6610000133514404
2016-09-13 00:00:00,1.7339999675750732,1.7519999742507935,1.6610000133514404
2016-09-14 00:00:00,1.6890000104904175,1.722000002861023,1.6820000410079956
2016-09-15 00:00:00,1.7029999494552612,1.7339999675750732,1.6649999618530273
2016-09-16 00:00:00,1.7009999752044678,1.7029999494552612,1.6649999618530273
2016-09-19 00:00:00,1.6959999799728394,1.7050000429153442,1.6859999895095825
2016-09-20 00:00:00,1.687999963760376,1.6929999589920044,1.6679999828338623
2016-09-21 00:00:00,1.6679999828338623,1.7239999771118164,1.6619999408721924
2016-09-22 00:00:00,1.6319999694824219,1.6480000019073486,1.6080000400543213
2016-09-23 00:00:00,1.6150000095367432,1.6319999694824219,1.6080000400543213
2016-09-26 00:00:00,1.5889999866485596,1.6059999465942383,1.5740000009536743
2016-09-27 00:00:00,1.555999994277954,1.5750000476837158,1.5460000038146973
2016-09-28 00:00:00,1.5670000314712524,1.5720000267028809,1.5429999828338623
2016-09-29 00:00:00,1.5570000410079956,1.6009999513626099,1.5429999828338623
2016-09-30 00:00:00,1.6080000400543213,1.6150000095367432,1.5449999570846558
2016-10-03 00:00:00,1.621999979019165,1.6260000467300415,1.5959999561309814
2016-10-04 00:00:00,1.6829999685287476,1.6859999895095825,1.6150000095367432
2016-10-05 00:00:00,1.715999960899353,1.7300000190734863,1.6799999475479126
2016-10-06 00:00:00,1.7419999837875366,1.746000051498413,1.7089999914169312
2016-10-07 00:00:00,1.7359999418258667,1.7710000276565552,1.718000054359436
2016-10-10 00:00:00,1.7230000495910645,1.7230000495910645,1.7230000495910645
2016-10-11 00:00:00,1.7589999437332153,1.781000018119812,1.7450000047683716
2016-10-12 00:00:00,1.777999997138977,1.8009999990463257,1.7710000276565552
2016-10-13 00:00:00,1.7380000352859497,1.7599999904632568,1.7289999723434448
2016-10-14 00:00:00,1.7940000295639038,1.7940000295639038,1.7519999742507935
2016-10-17 00:00:00,1.7660000324249268,1.7890000343322754,1.7569999694824219
2016-10-18 00:00:00,1.7489999532699585,1.7869999408721924,1.7450000047683716
2016-10-19 00:00:00,1.7519999742507935,1.7699999809265137,1.7289999723434448
2016-10-20 00:00:00,1.746999979019165,1.7680000066757202,1.7239999771118164
2016-10-21 00:00:00,1.7400000095367432,1.7580000162124634,1.7309999465942383
2016-10-24 00:00:00,1.7630000114440918,1.774999976158142,1.7259999513626099
2016-10-25 00:00:00,1.7580000162124634,1.7790000438690186,1.7419999837875366
2016-10-26 00:00:00,1.7899999618530273,1.7970000505447388,1.7740000486373901
2016-10-27 00:00:00,1.843000054359436,1.8700000047683716,1.815000057220459
2016-10-28 00:00:00,1.8450000286102295,1.878999948501587,1.8329999446868896
2016-10-31 00:00:00,1.8339999914169312,1.843000054359436,1.8259999752044678
2016-11-01 00:00:00,1.8200000524520874,1.878999948501587,1.8109999895095825
2016-11-02 00:00:00,1.7990000247955322,1.8220000267028809,1.7740000486373901
2016-11-03 00:00:00,1.812000036239624,1.8289999961853027,1.805999994277954
2016-11-04 00:00:00,1.7829999923706055,1.8209999799728394,1.7710000276565552
2016-11-07 00:00:00,1.8279999494552612,1.8329999446868896,1.8140000104904175
2016-11-08 00:00:00,1.8619999885559082,1.8739999532699585,1.819000005722046
2016-11-09 00:00:00,2.072000026702881,2.0899999141693115,1.9279999732971191
2016-11-10 00:00:00,2.117000102996826,2.125999927520752,2.065999984741211
2016-11-14 00:00:00,2.2219998836517334,2.2699999809265137,2.188999891281128
2016-11-15 00:00:00,2.23799991607666,2.242000102996826,2.2009999752044678
2016-11-16 00:00:00,2.2230000495910645,2.2790000438690186,2.2049999237060547
2016-11-17 00:00:00,2.2760000228881836,2.2829999923706055,2.2230000495910645
2016-11-18 00:00:00,2.3350000381469727,2.3550000190734863,2.2669999599456787
2016-11-21 00:00:00,2.3389999866485596,2.3410000801086426,2.309999942779541
2016-11-22 00:00:00,2.321000099182129,2.3259999752044678,2.2869999408721924
2016-11-23 00:00:00,2.3570001125335693,2.4170000553131104,2.321000099182129
2016-11-25 00:00:00,2.371999979019165,2.3919999599456787,2.3499999046325684
2016-11-28 00:00:00,2.319999933242798,2.3450000286102295,2.313999891281128
2016-11-29 00:00:00,2.302000045776367,2.3499999046325684,2.299999952316284
2016-11-30 00:00:00,2.368000030517578,2.4100000858306885,2.3540000915527344
2016-12-01 00:00:00,2.440999984741211,2.492000102996826,2.4030001163482666
2016-12-02 00:00:00,2.390000104904175,2.438999891281128,2.374000072479248
2016-12-05 00:00:00,2.38700008392334,2.4489998817443848,2.361999988555908
2016-12-06 00:00:00,2.3959999084472656,2.4030001163482666,2.378000020980835
2016-12-07 00:00:00,2.3469998836517334,2.375999927520752,2.3459999561309814
2016-12-08 00:00:00,2.38700008392334,2.424999952316284,2.371000051498413
2016-12-09 00:00:00,2.4639999866485596,2.4779999256134033,2.3980000019073486
2016-12-12 00:00:00,2.4790000915527344,2.51200008392334,2.4660000801086426
2016-12-13 00:00:00,2.4809999465942383,2.494999885559082,2.438999891281128
2016-12-14 00:00:00,2.5250000953674316,2.5299999713897705,2.4240000247955322
2016-12-15 00:00:00,2.5799999237060547,2.621000051498413,2.565000057220459
2016-12-16 00:00:00,2.5969998836517334,2.61899995803833,2.555000066757202
2016-12-19 00:00:00,2.5420000553131104,2.569999933242798,2.5290000438690186
2016-12-20 00:00:00,2.568000078201294,2.5899999141693115,2.556999921798706
2016-12-21 00:00:00,2.5460000038146973,2.568000078201294,2.5369999408721924
2016-12-22 00:00:00,2.552999973297119,2.5759999752044678,2.5439999103546143
2016-12-23 00:00:00,2.5429999828338623,2.5450000762939453,2.5260000228881836
2016-12-27 00:00:00,2.562999963760376,2.5759999752044678,2.549999952316284
2016-12-28 00:00:00,2.50600004196167,2.562999963760376,2.503000020980835
2016-12-29 00:00:00,2.4769999980926514,2.496999979019165,2.4600000381469727
2016-12-30 00:00:00,2.446000099182129,2.4830000400543213,2.431999921798706
2017-01-03 00:00:00,2.450000047683716,2.5179998874664307,2.447999954223633
2017-01-04 00:00:00,2.4519999027252197,2.4739999771118164,2.434000015258789
2017-01-05 00:00:00,2.368000030517578,2.443000078201294,2.3459999561309814
2017-01-06 00:00:00,2.4179999828338623,2.424999952316284,2.3389999866485596
2017-01-09 00:00:00,2.375999927520752,2.3919999599456787,2.368000030517578
2017-01-10 00:00:00,2.378999948501587,2.3919999599456787,2.36299991607666
2017-01-11 00:00:00,2.369999885559082,2.3980000019073486,2.3289999961853027
2017-01-12 00:00:00,2.3610000610351562,2.36299991607666,2.309000015258789
2017-01-13 00:00:00,2.380000114440918,2.430999994277954,2.3359999656677246
2017-01-17 00:00:00,2.3269999027252197,2.3540000915527344,2.312999963760376
2017-01-18 00:00:00,2.3889999389648438,2.3970000743865967,2.3580000400543213
2017-01-19 00:00:00,2.4590001106262207,2.496000051498413,2.433000087738037
2017-01-20 00:00:00,2.4670000076293945,2.513000011444092,2.4600000381469727
2017-01-23 00:00:00,2.4030001163482666,2.4709999561309814,2.38100004196167
2017-01-24 00:00:00,2.4709999561309814,2.4730000495910645,2.4189999103546143
2017-01-25 00:00:00,2.5230000019073486,2.5360000133514404,2.4820001125335693
2017-01-26 00:00:00,2.507999897003174,2.555000066757202,2.503999948501587
2017-01-27 00:00:00,2.4809999465942383,2.5250000953674316,2.4809999465942383
2017-01-30 00:00:00,2.4830000400543213,2.496999979019165,2.4660000801086426
2017-01-31 00:00:00,2.4509999752044678,2.496000051498413,2.433000087738037
2017-02-01 00:00:00,2.4739999771118164,2.5160000324249268,2.4630000591278076
2017-02-02 00:00:00,2.4700000286102295,2.4739999771118164,2.433000087738037
2017-02-03 00:00:00,2.490999937057495,2.502000093460083,2.427999973297119
2017-02-06 00:00:00,2.4130001068115234,2.4579999446868896,2.4059998989105225
2017-02-07 00:00:00,2.3889999389648438,2.440999984741211,2.367000102996826
2017-02-08 00:00:00,2.3510000705718994,2.371000051498413,2.325000047683716
2017-02-09 00:00:00,2.3949999809265137,2.3980000019073486,2.3489999771118164
2017-02-10 00:00:00,2.4089999198913574,2.434000015258789,2.3970000743865967
2017-02-13 00:00:00,2.434000015258789,2.4519999027252197,2.427000045776367
2017-02-14 00:00:00,2.4700000286102295,2.502000093460083,2.430999994277954
2017-02-15 00:00:00,2.502000093460083,2.5239999294281006,2.4830000400543213
2017-02-16 00:00:00,2.450000047683716,2.492000102996826,2.437999963760376
2017-02-17 00:00:00,2.424999952316284,2.428999900817871,2.4000000953674316
2017-02-21 00:00:00,2.427000045776367,2.4609999656677246,2.4130001068115234
2017-02-22 00:00:00,2.4179999828338623,2.4539999961853027,2.3919999599456787
2017-02-23 00:00:00,2.388000011444092,2.3989999294281006,2.38100004196167
2017-02-24 00:00:00,2.316999912261963,2.3529999256134033,2.313999891281128
2017-02-27 00:00:00,2.36899995803833,2.369999885559082,2.3289999961853027
2017-02-28 00:00:00,2.3580000400543213,2.36899995803833,2.3369998931884766
2017-03-01 00:00:00,2.4630000591278076,2.4709999561309814,2.434999942779541
2017-03-02 00:00:00,2.489000082015991,2.505000114440918,2.4649999141693115
2017-03-03 00:00:00,2.492000102996826,2.5199999809265137,2.4820001125335693
2017-03-06 00:00:00,2.49399995803833,2.506999969482422,2.4639999866485596
2017-03-07 00:00:00,2.510999917984009,2.5179998874664307,2.503000020980835
2017-03-08 00:00:00,2.552000045776367,2.5829999446868896,2.5450000762939453
2017-03-09 00:00:00,2.5980000495910645,2.6070001125335693,2.558000087738037
2017-03-10 00:00:00,2.5820000171661377,2.615000009536743,2.575000047683716
2017-03-13 00:00:00,2.6080000400543213,2.615000009536743,2.5759999752044678
2017-03-14 00:00:00,2.5950000286102295,2.61299991607666,2.5880000591278076
2017-03-15 00:00:00,2.507999897003174,2.5910000801086426,2.50600004196167
2017-03-16 00:00:00,2.5220000743865967,2.5380001068115234,2.515000104904175
2017-03-17 00:00:00,2.500999927520752,2.5309998989105225,2.490000009536743
2017-03-20 00:00:00,2.4730000495910645,2.509999990463257,2.4719998836517334
2017-03-21 00:00:00,2.436000108718872,2.499000072479248,2.4210000038146973
2017-03-22 00:00:00,2.3959999084472656,2.4210000038146973,2.375
2017-03-23 00:00:00,2.4179999828338623,2.437000036239624,2.38700008392334
2017-03-24 00:00:00,2.4000000953674316,2.424999952316284,2.3929998874664307
2017-03-27 00:00:00,2.372999906539917,2.381999969482422,2.3480000495910645
2017-03-28 00:00:00,2.4089999198913574,2.4200000762939453,2.3570001125335693
2017-03-29 00:00:00,2.385999917984009,2.4049999713897705,2.378000020980835
2017-03-30 00:00:00,2.4159998893737793,2.4200000762939453,2.378000020980835
2017-03-31 00:00:00,2.3959999084472656,2.427000045776367,2.3949999809265137
2017-04-03 00:00:00,2.3499999046325684,2.3910000324249268,2.3320000171661377
2017-04-04 00:00:00,2.3499999046325684,2.3589999675750732,2.321000099182129
2017-04-05 00:00:00,2.3570001125335693,2.384000062942505,2.3529999256134033
2017-04-06 00:00:00,2.3429999351501465,2.368000030517578,2.328000068664551
2017-04-07 00:00:00,2.372999906539917,2.372999906539917,2.2709999084472656
2017-04-10 00:00:00,2.3610000610351562,2.3910000324249268,2.3459999561309814
2017-04-11 00:00:00,2.2980000972747803,2.3429999351501465,2.2929999828338623
2017-04-12 00:00:00,2.2960000038146973,2.305000066757202,2.2780001163482666
2017-04-13 00:00:00,2.2320001125335693,2.2709999084472656,2.2200000286102295
2017-04-17 00:00:00,2.252000093460083,2.252000093460083,2.2179999351501465
2017-04-18 00:00:00,2.178999900817871,2.2269999980926514,2.177000045776367
2017-04-19 00:00:00,2.2019999027252197,2.2249999046325684,2.200000047683716
2017-04-20 00:00:00,2.240999937057495,2.256999969482422,2.2249999046325684
2017-04-21 00:00:00,2.236999988555908,2.239000082015991,2.2090001106262207
2017-04-24 00:00:00,2.2730000019073486,2.312999963760376,2.2660000324249268
2017-04-25 00:00:00,2.3269999027252197,2.3340001106262207,2.2960000038146973
2017-04-26 00:00:00,2.311000108718872,2.3499999046325684,2.309000015258789
2017-04-27 00:00:00,2.2960000038146973,2.322000026702881,2.2820000648498535
2017-04-28 00:00:00,2.2820000648498535,2.3359999656677246,2.2820000648498535
2017-05-01 00:00:00,2.325000047683716,2.3380000591278076,2.2799999713897705
2017-05-02 00:00:00,2.2960000038146973,2.3399999141693115,2.2929999828338623
2017-05-03 00:00:00,2.309000015258789,2.318000078201294,2.2790000438690186
2017-05-04 00:00:00,2.3559999465942383,2.36899995803833,2.3380000591278076
2017-05-05 00:00:00,2.3519999980926514,2.380000114440918,2.3380000591278076
2017-05-08 00:00:00,2.375999927520752,2.390000104904175,2.3310000896453857
2017-05-09 00:00:00,2.4070000648498535,2.4159998893737793,2.3889999389648438
2017-05-10 00:00:00,2.4140000343322754,2.4159998893737793,2.371000051498413
2017-05-11 00:00:00,2.4000000953674316,2.4230000972747803,2.3910000324249268
2017-05-12 00:00:00,2.3350000381469727,2.380000114440918,2.322000026702881
2017-05-15 00:00:00,2.3380000591278076,2.3499999046325684,2.3329999446868896
2017-05-16 00:00:00,2.3289999961853027,2.3589999675750732,2.308000087738037
2017-05-17 00:00:00,2.2160000801086426,2.2869999408721924,2.2119998931884766
2017-05-18 00:00:00,2.2330000400543213,2.23799991607666,2.190999984741211
2017-05-19 00:00:00,2.244999885559082,2.260999917984009,2.2330000400543213
2017-05-22 00:00:00,2.253999948501587,2.25600004196167,2.23799991607666
2017-05-23 00:00:00,2.2850000858306885,2.2890000343322754,2.234999895095825
2017-05-24 00:00:00,2.2660000324249268,2.296999931335449,2.253999948501587
2017-05-25 00:00:00,2.255000114440918,2.2690000534057617,2.247999906539917
2017-05-26 00:00:00,2.25,2.252000093460083,2.2309999465942383
2017-05-30 00:00:00,2.2170000076293945,2.247999906539917,2.2130000591278076
2017-05-31 00:00:00,2.196000099182129,2.2219998836517334,2.196000099182129
2017-06-01 00:00:00,2.2170000076293945,2.239000082015991,2.2149999141693115
2017-06-02 00:00:00,2.1589999198913574,2.2079999446868896,2.1440000534057617
2017-06-05 00:00:00,2.181999921798706,2.188999891281128,2.1700000762939453
2017-06-06 00:00:00,2.1470000743865967,2.1540000438690186,2.132999897003174
2017-06-07 00:00:00,2.177999973297119,2.183000087738037,2.1449999809265137
2017-06-08 00:00:00,2.194000005722046,2.2149999141693115,2.180000066757202
2017-06-09 00:00:00,2.1989998817443848,2.2290000915527344,2.197000026702881
2017-06-12 00:00:00,2.2130000591278076,2.2230000495910645,2.187000036239624
2017-06-13 00:00:00,2.2070000171661377,2.2269999980926514,2.200000047683716
2017-06-14 00:00:00,2.138000011444092,2.2019999027252197,2.1029999256134033
2017-06-15 00:00:00,2.1619999408721924,2.171999931335449,2.1519999504089355
2017-06-16 00:00:00,2.1570000648498535,2.178999900817871,2.1440000534057617
2017-06-19 00:00:00,2.190000057220459,2.190999984741211,2.1459999084472656
2017-06-20 00:00:00,2.1530001163482666,2.183000087738037,2.1510000228881836
2017-06-21 00:00:00,2.1549999713897705,2.177000045776367,2.1510000228881836
2017-06-22 00:00:00,2.1530001163482666,2.1649999618530273,2.1389999389648438
2017-06-23 00:00:00,2.1440000534057617,2.1670000553131104,2.1440000534057617
2017-06-26 00:00:00,2.13700008392334,2.1470000743865967,2.121000051498413
2017-06-27 00:00:00,2.197999954223633,2.2160000801086426,2.1679999828338623
2017-06-28 00:00:00,2.2209999561309814,2.240000009536743,2.2049999237060547
2017-06-29 00:00:00,2.2669999599456787,2.296999931335449,2.257999897003174
2017-06-30 00:00:00,2.302000045776367,2.305000066757202,2.265000104904175
2017-07-03 00:00:00,2.3459999561309814,2.3529999256134033,2.2899999618530273
2017-07-05 00:00:00,2.3340001106262207,2.3570001125335693,2.322999954223633
2017-07-06 00:00:00,2.369999885559082,2.3910000324249268,2.361999988555908
2017-07-07 00:00:00,2.3929998874664307,2.3959999084472656,2.361999988555908
2017-07-10 00:00:00,2.371000051498413,2.385999917984009,2.364000082015991
2017-07-11 00:00:00,2.361999988555908,2.3910000324249268,2.3550000190734863
2017-07-12 00:00:00,2.3269999027252197,2.3519999980926514,2.302000045776367
2017-07-13 00:00:00,2.3480000495910645,2.365999937057495,2.328000068664551
2017-07-14 00:00:00,2.319000005722046,2.3359999656677246,2.2790000438690186
2017-07-17 00:00:00,2.309000015258789,2.3299999237060547,2.305000066757202
2017-07-18 00:00:00,2.263000011444092,2.299999952316284,2.259000062942505
2017-07-19 00:00:00,2.2679998874664307,2.2750000953674316,2.255000114440918
2017-07-20 00:00:00,2.2660000324249268,2.2709999084472656,2.23799991607666
2017-07-21 00:00:00,2.2320001125335693,2.252000093460083,2.2249999046325684
2017-07-24 00:00:00,2.253999948501587,2.260999917984009,2.240999937057495
2017-07-25 00:00:00,2.3259999752044678,2.328000068664551,2.2780001163482666
2017-07-26 00:00:00,2.2820000648498535,2.3369998931884766,2.2820000648498535
2017-07-27 00:00:00,2.309999942779541,2.3259999752044678,2.299999952316284
2017-07-28 00:00:00,2.2890000343322754,2.328000068664551,2.2869999408721924
2017-07-31 00:00:00,2.2920000553131104,2.305000066757202,2.2909998893737793
2017-08-01 00:00:00,2.250999927520752,2.321000099182129,2.250999927520752
2017-08-02 00:00:00,2.26200008392334,2.2839999198913574,2.243000030517578
2017-08-03 00:00:00,2.2279999256134033,2.250999927520752,2.2279999256134033
2017-08-04 00:00:00,2.2669999599456787,2.2909998893737793,2.2300000190734863
2017-08-07 00:00:00,2.256999969482422,2.2760000228881836,2.253000020980835
2017-08-08 00:00:00,2.2829999923706055,2.2909998893737793,2.253000020980835
2017-08-09 00:00:00,2.240999937057495,2.249000072479248,2.2119998931884766
2017-08-10 00:00:00,2.2119998931884766,2.240999937057495,2.2100000381469727
2017-08-11 00:00:00,2.188999891281128,2.2219998836517334,2.181999921798706
2017-08-14 00:00:00,2.2190001010894775,2.2269999980926514,2.203000068664551
2017-08-15 00:00:00,2.2660000324249268,2.2829999923706055,2.25
2017-08-16 00:00:00,2.2260000705718994,2.2820000648498535,2.2200000286102295
2017-08-17 00:00:00,2.1989998817443848,2.246999979019165,2.197999954223633
2017-08-18 00:00:00,2.194000005722046,2.2109999656677246,2.1630001068115234
2017-08-21 00:00:00,2.180000066757202,2.197000026702881,2.177000045776367
2017-08-22 00:00:00,2.2149999141693115,2.2170000076293945,2.197000026702881
2017-08-23 00:00:00,2.1710000038146973,2.196000099182129,2.1710000038146973
2017-08-24 00:00:00,2.194000005722046,2.194000005722046,2.174999952316284
2017-08-25 00:00:00,2.1689999103546143,2.203000068664551,2.1619999408721924
2017-08-28 00:00:00,2.1589999198913574,2.180000066757202,2.1549999713897705
2017-08-29 00:00:00,2.135999917984009,2.1410000324249268,2.0910000801086426
2017-08-30 00:00:00,2.1429998874664307,2.1549999713897705,2.132999897003174
2017-08-31 00:00:00,2.121000051498413,2.1480000019073486,2.121000051498413
2017-09-01 00:00:00,2.1570000648498535,2.1670000553131104,2.0999999046325684
2017-09-05 00:00:00,2.069999933242798,2.138000011444092,2.066999912261963
2017-09-06 00:00:00,2.1080000400543213,2.109999895095825,2.059999942779541
2017-09-07 00:00:00,2.061000108718872,2.0940001010894775,2.0339999198913574
2017-09-08 00:00:00,2.061000108718872,2.075000047683716,2.0369999408721924
2017-09-11 00:00:00,2.125,2.134000062942505,2.0980000495910645
2017-09-12 00:00:00,2.1710000038146973,2.180000066757202,2.1429998874664307
2017-09-13 00:00:00,2.194999933242798,2.197000026702881,2.1600000858306885
2017-09-14 00:00:00,2.197000026702881,2.2249999046325684,2.184999942779541
2017-09-15 00:00:00,2.2019999027252197,2.2130000591278076,2.183000087738037
2017-09-18 00:00:00,2.2290000915527344,2.23799991607666,2.2109999656677246
2017-09-19 00:00:00,2.243000030517578,2.244999885559082,2.2160000801086426
2017-09-20 00:00:00,2.2769999504089355,2.2890000343322754,2.2300000190734863
2017-09-21 00:00:00,2.2780001163482666,2.2780001163482666,2.244999885559082
2017-09-22 00:00:00,2.26200008392334,2.2660000324249268,2.239000082015991
2017-09-25 00:00:00,2.2200000286102295,2.256999969482422,2.2149999141693115
2017-09-26 00:00:00,2.2290000915527344,2.246000051498413,2.2200000286102295
2017-09-27 00:00:00,2.309000015258789,2.315999984741211,2.2869999408721924
2017-09-28 00:00:00,2.309000015258789,2.3440001010894775,2.306999921798706
2017-09-29 00:00:00,2.3259999752044678,2.3389999866485596,2.2960000038146973
2017-10-02 00:00:00,2.3369998931884766,2.3440001010894775,2.318000078201294
2017-10-03 00:00:00,2.3340001106262207,2.3610000610351562,2.3269999027252197
2017-10-04 00:00:00,2.3299999237060547,2.3480000495910645,2.309000015258789
2017-10-05 00:00:00,2.3499999046325684,2.3589999675750732,2.319000005722046
2017-10-06 00:00:00,2.369999885559082,2.4019999504089355,2.3540000915527344
2017-10-09 00:00:00,2.3610000610351562,2.3610000610351562,2.3610000610351562
2017-10-10 00:00:00,2.3450000286102295,2.364000082015991,2.319000005722046
2017-10-11 00:00:00,2.3450000286102295,2.3519999980926514,2.3320000171661377
2017-10-12 00:00:00,2.322999954223633,2.3459999561309814,2.318000078201294
2017-10-13 00:00:00,2.2799999713897705,2.3320000171661377,2.2730000019073486
2017-10-16 00:00:00,2.306999921798706,2.312000036239624,2.2869999408721924
2017-10-17 00:00:00,2.2980000972747803,2.3289999961853027,2.2980000972747803
2017-10-18 00:00:00,2.3389999866485596,2.3499999046325684,2.3289999961853027
2017-10-19 00:00:00,2.321000099182129,2.3289999961853027,2.2980000972747803
2017-10-20 00:00:00,2.38100004196167,2.3919999599456787,2.36299991607666
2017-10-23 00:00:00,2.375999927520752,2.388000011444092,2.36299991607666
2017-10-24 00:00:00,2.4059998989105225,2.4140000343322754,2.3970000743865967
2017-10-25 00:00:00,2.444000005722046,2.4749999046325684,2.430000066757202
2017-10-26 00:00:00,2.4519999027252197,2.4570000171661377,2.4230000972747803
2017-10-27 00:00:00,2.427999973297119,2.4700000286102295,2.4189999103546143
2017-10-30 00:00:00,2.369999885559082,2.4079999923706055,2.369999885559082
2017-10-31 00:00:00,2.375999927520752,2.378999948501587,2.36899995803833
2017-11-01 00:00:00,2.375999927520752,2.4010000228881836,2.3489999771118164
2017-11-02 00:00:00,2.3469998836517334,2.369999885559082,2.3359999656677246
2017-11-03 00:00:00,2.3429999351501465,2.3610000610351562,2.3239998817443848
2017-11-06 00:00:00,2.319999933242798,2.3329999446868896,2.315000057220459
2017-11-07 00:00:00,2.306999921798706,2.3289999961853027,2.303999900817871
2017-11-08 00:00:00,2.325000047683716,2.3269999027252197,2.305999994277954
2017-11-09 00:00:00,2.3310000896453857,2.3450000286102295,2.315000057220459
2017-11-10 00:00:00,2.4000000953674316,2.4059998989105225,2.365999937057495
2017-11-13 00:00:00,2.4000000953674316,2.4040000438690186,2.378999948501587
2017-11-14 00:00:00,2.38100004196167,2.4070000648498535,2.374000072479248
2017-11-15 00:00:00,2.3350000381469727,2.3589999675750732,2.319000005722046
2017-11-16 00:00:00,2.3610000610351562,2.3610000610351562,2.3429999351501465
2017-11-17 00:00:00,2.3540000915527344,2.374000072479248,2.3359999656677246
2017-11-20 00:00:00,2.371999979019165,2.371999979019165,2.3359999656677246
2017-11-21 00:00:00,2.36299991607666,2.374000072479248,2.3350000381469727
2017-11-22 00:00:00,2.322000026702881,2.371999979019165,2.319000005722046
2017-11-24 00:00:00,2.3399999141693115,2.3440001010894775,2.3289999961853027
2017-11-27 00:00:00,2.328000068664551,2.3510000705718994,2.3239998817443848
2017-11-28 00:00:00,2.3380000591278076,2.3420000076293945,2.309999942779541
2017-11-29 00:00:00,2.375999927520752,2.3949999809265137,2.36299991607666
2017-11-30 00:00:00,2.4170000553131104,2.437000036239624,2.38100004196167
2017-12-01 00:00:00,2.361999988555908,2.4240000247955322,2.315000057220459
2017-12-04 00:00:00,2.378999948501587,2.4030001163482666,2.378000020980835
2017-12-05 00:00:00,2.3559999465942383,2.3959999084472656,2.3550000190734863
2017-12-06 00:00:00,2.3299999237060547,2.3350000381469727,2.313999891281128
2017-12-07 00:00:00,2.375999927520752,2.375999927520752,2.322999954223633
2017-12-08 00:00:00,2.382999897003174,2.3919999599456787,2.361999988555908
2017-12-11 00:00:00,2.384999990463257,2.38700008392334,2.3580000400543213
2017-12-12 00:00:00,2.4030001163482666,2.4210000038146973,2.3919999599456787
2017-12-13 00:00:00,2.3489999771118164,2.4260001182556152,2.3489999771118164
2017-12-14 00:00:00,2.3459999561309814,2.3889999389648438,2.3440001010894775
2017-12-15 00:00:00,2.3550000190734863,2.380000114440918,2.3529999256134033
2017-12-18 00:00:00,2.3919999599456787,2.3980000019073486,2.367000102996826
2017-12-19 00:00:00,2.4630000591278076,2.4719998836517334,2.4070000648498535
2017-12-20 00:00:00,2.496999979019165,2.496999979019165,2.4719998836517334
2017-12-21 00:00:00,2.4809999465942383,2.499000072479248,2.4790000915527344
2017-12-22 00:00:00,2.484999895095825,2.492000102996826,2.4809999465942383
2017-12-26 00:00:00,2.4670000076293945,2.490000009536743,2.4590001106262207
2017-12-27 00:00:00,2.4140000343322754,2.4670000076293945,2.4110000133514404
2017-12-28 00:00:00,2.431999921798706,2.440999984741211,2.4200000762939453
2017-12-29 00:00:00,2.4049999713897705,2.441999912261963,2.4049999713897705
2018-01-02 00:00:00,2.4649999141693115,2.4800000190734863,2.424999952316284
2018-01-03 00:00:00,2.447000026702881,2.4649999141693115,2.440000057220459
2018-01-04 00:00:00,2.453000068664551,2.486999988555908,2.4489998817443848
2018-01-05 00:00:00,2.4760000705718994,2.4800000190734863,2.436000108718872
2018-01-08 00:00:00,2.4800000190734863,2.489000082015991,2.4619998931884766
2018-01-09 00:00:00,2.5460000038146973,2.5460000038146973,2.489000082015991
2018-01-10 00:00:00,2.549999952316284,2.5950000286102295,2.549999952316284
2018-01-11 00:00:00,2.5309998989105225,2.569999933242798,2.5260000228881836
2018-01-12 00:00:00,2.552000045776367,2.5940001010894775,2.5460000038146973
2018-01-16 00:00:00,2.5439999103546143,2.562999963760376,2.5260000228881836
2018-01-17 00:00:00,2.578000068664551,2.5810000896453857,2.5409998893737793
2018-01-18 00:00:00,2.6110000610351562,2.619999885559082,2.5980000495910645
2018-01-19 00:00:00,2.63700008392334,2.6459999084472656,2.61299991607666
2018-01-22 00:00:00,2.6649999618530273,2.6649999618530273,2.631999969482422
2018-01-23 00:00:00,2.624000072479248,2.6389999389648438,2.6110000610351562
2018-01-24 00:00:00,2.6540000438690186,2.6630001068115234,2.634000062942505
2018-01-25 00:00:00,2.621000051498413,2.6760001182556152,2.61899995803833
2018-01-26 00:00:00,2.6619999408721924,2.6730000972747803,2.630000114440918
2018-01-29 00:00:00,2.6989998817443848,2.7249999046325684,2.694000005722046
2018-01-30 00:00:00,2.7260000705718994,2.7330000400543213,2.7009999752044678
2018-01-31 00:00:00,2.7200000286102295,2.753999948501587,2.697999954223633
2018-02-01 00:00:00,2.7730000019073486,2.7760000228881836,2.7219998836517334
2018-02-02 00:00:00,2.8540000915527344,2.8540000915527344,2.7860000133514404
2018-02-05 00:00:00,2.7939999103546143,2.861999988555908,2.7939999103546143
2018-02-06 00:00:00,2.7679998874664307,2.7869999408721924,2.7360000610351562
2018-02-07 00:00:00,2.8440001010894775,2.8510000705718994,2.7720000743865967
2018-02-08 00:00:00,2.8510000705718994,2.884000062942505,2.808000087738037
2018-02-09 00:00:00,2.8289999961853027,2.861999988555908,2.7880001068115234
2018-02-12 00:00:00,2.8570001125335693,2.881999969482422,2.828000068664551
2018-02-13 00:00:00,2.8399999141693115,2.8529999256134033,2.8350000381469727
2018-02-14 00:00:00,2.9130001068115234,2.9130001068115234,2.816999912261963
2018-02-15 00:00:00,2.8910000324249268,2.9260001182556152,2.881999969482422
2018-02-16 00:00:00,2.877000093460083,2.888000011444092,2.8499999046325684
2018-02-20 00:00:00,2.8929998874664307,2.9149999618530273,2.890000104904175
2018-02-21 00:00:00,2.943000078201294,2.943000078201294,2.877000093460083
2018-02-22 00:00:00,2.9170000553131104,2.927999973297119,2.9040000438690186
2018-02-23 00:00:00,2.871000051498413,2.8929998874664307,2.861999988555908
2018-02-26 00:00:00,2.8589999675750732,2.861999988555908,2.8310000896453857
2018-02-27 00:00:00,2.9079999923706055,2.924999952316284,2.8499999046325684
2018-02-28 00:00:00,2.868000030517578,2.8970000743865967,2.868000030517578
2018-03-01 00:00:00,2.803999900817871,2.868000030517578,2.7950000762939453
2018-03-02 00:00:00,2.8570001125335693,2.869999885559082,2.816999912261963
2018-03-05 00:00:00,2.88100004196167,2.8949999809265137,2.8299999237060547
2018-03-06 00:00:00,2.877000093460083,2.8970000743865967,2.8570001125335693
2018-03-07 00:00:00,2.882999897003174,2.882999897003174,2.8499999046325684
2018-03-08 00:00:00,2.865999937057495,2.888000011444092,2.8480000495910645
2018-03-09 00:00:00,2.8940000534057617,2.9140000343322754,2.869999885559082
2018-03-12 00:00:00,2.869999885559082,2.9010000228881836,2.869999885559082
2018-03-13 00:00:00,2.8480000495910645,2.871999979019165,2.8299999237060547
2018-03-14 00:00:00,2.816999912261963,2.8570001125335693,2.8010001182556152
2018-03-15 00:00:00,2.8259999752044678,2.8350000381469727,2.808000087738037
2018-03-16 00:00:00,2.8480000495910645,2.8589999675750732,2.822999954223633
2018-03-19 00:00:00,2.8450000286102295,2.878999948501587,2.8340001106262207
2018-03-20 00:00:00,2.878999948501587,2.8889999389648438,2.869999885559082
2018-03-21 00:00:00,2.9070000648498535,2.936000108718872,2.869999885559082
2018-03-22 00:00:00,2.8320000171661377,2.8499999046325684,2.7990000247955322
2018-03-23 00:00:00,2.8299999237060547,2.8519999980926514,2.825000047683716
2018-03-26 00:00:00,2.8429999351501465,2.8540000915527344,2.819000005722046
2018-03-27 00:00:00,2.7860000133514404,2.8410000801086426,2.7860000133514404
2018-03-28 00:00:00,2.7750000953674316,2.7899999618530273,2.74399995803833
2018-03-29 00:00:00,2.740999937057495,2.7750000953674316,2.739000082015991
2018-04-02 00:00:00,2.7320001125335693,2.7739999294281006,2.7170000076293945
2018-04-03 00:00:00,2.7839999198913574,2.7839999198913574,2.753000020980835
2018-04-04 00:00:00,2.7880001068115234,2.7950000762939453,2.747999906539917
2018-04-05 00:00:00,2.8320000171661377,2.8340001106262207,2.813999891281128
2018-04-06 00:00:00,2.7750000953674316,2.819000005722046,2.7739999294281006
2018-04-09 00:00:00,2.7860000133514404,2.812000036239624,2.7860000133514404
2018-04-10 00:00:00,2.796999931335449,2.812000036239624,2.7839999198913574
2018-04-11 00:00:00,2.7899999618530273,2.796999931335449,2.755000114440918
2018-04-12 00:00:00,2.8340001106262207,2.8380000591278076,2.7920000553131104
2018-04-13 00:00:00,2.8289999961853027,2.8489999771118164,2.818000078201294
2018-04-16 00:00:00,2.8320000171661377,2.865000009536743,2.8299999237060547
2018-04-17 00:00:00,2.813999891281128,2.8410000801086426,2.813999891281128
2018-04-18 00:00:00,2.867000102996826,2.867000102996826,2.8320000171661377
2018-04-19 00:00:00,2.9140000343322754,2.934000015258789,2.8929998874664307
2018-04-20 00:00:00,2.9509999752044678,2.953000068664551,2.9159998893737793
2018-04-23 00:00:00,2.9730000495910645,2.990000009536743,2.9639999866485596
2018-04-24 00:00:00,2.9830000400543213,3.003000020980835,2.9749999046325684
2018-04-25 00:00:00,3.0239999294281006,3.0350000858306885,3.006999969482422
2018-04-26 00:00:00,2.990000009536743,3.003000020980835,2.9809999465942383
2018-04-27 00:00:00,2.9570000171661377,2.9830000400543213,2.9549999237060547
2018-04-30 00:00:00,2.936000108718872,2.9590001106262207,2.934999942779541
2018-05-01 00:00:00,2.9760000705718994,2.9790000915527344,2.9630000591278076
2018-05-02 00:00:00,2.9639999866485596,2.989000082015991,2.9570000171661377
2018-05-03 00:00:00,2.946000099182129,2.953000068664551,2.927000045776367
2018-05-04 00:00:00,2.944000005722046,2.9649999141693115,2.9110000133514404
2018-05-07 00:00:00,2.950000047683716,2.9590001106262207,2.946000099182129
2018-05-08 00:00:00,2.9690001010894775,2.986999988555908,2.9549999237060547
2018-05-09 00:00:00,3.003999948501587,3.009999990463257,2.993000030517578
2018-05-10 00:00:00,2.9709999561309814,2.9820001125335693,2.9509999752044678
2018-05-11 00:00:00,2.9709999561309814,2.9820001125335693,2.9549999237060547
2018-05-14 00:00:00,2.994999885559082,2.996999979019165,2.9860000610351562
2018-05-15 00:00:00,3.0799999237060547,3.0950000286102295,3.0230000019073486
2018-05-16 00:00:00,3.0950000286102295,3.0950000286102295,3.058000087738037
2018-05-17 00:00:00,3.1089999675750732,3.115000009536743,3.0929999351501465
2018-05-18 00:00:00,3.066999912261963,3.1059999465942383,3.065000057220459
2018-05-21 00:00:00,3.065000057220459,3.078000068664551,3.058000087738037
2018-05-22 00:00:00,3.065000057220459,3.078000068664551,3.058000087738037
2018-05-23 00:00:00,3.003000020980835,3.0280001163482666,3.003000020980835
2018-05-24 00:00:00,2.9809999465942383,2.994999885559082,2.9549999237060547
2018-05-25 00:00:00,2.930999994277954,2.9509999752044678,2.921999931335449
2018-05-29 00:00:00,2.7679998874664307,2.8910000324249268,2.759000062942505
2018-05-30 00:00:00,2.8420000076293945,2.865999937057495,2.821000099182129
2018-05-31 00:00:00,2.822000026702881,2.869999885559082,2.822000026702881
2018-06-01 00:00:00,2.8949999809265137,2.9240000247955322,2.880000114440918
2018-06-04 00:00:00,2.937000036239624,2.940999984741211,2.9019999504089355
2018-06-05 00:00:00,2.9189999103546143,2.930999994277954,2.9000000953674316
2018-06-06 00:00:00,2.9749999046325684,2.9809999465942383,2.947999954223633
2018-06-07 00:00:00,2.933000087738037,2.992000102996826,2.884000062942505
2018-06-08 00:00:00,2.937000036239624,2.941999912261963,2.9210000038146973
2018-06-11 00:00:00,2.9570000171661377,2.9700000286102295,2.9519999027252197
2018-06-12 00:00:00,2.9570000171661377,2.9809999465942383,2.9570000171661377
2018-06-13 00:00:00,2.9769999980926514,3.009000062942505,2.950000047683716
2018-06-14 00:00:00,2.946000099182129,2.9649999141693115,2.927999973297119
2018-06-15 00:00:00,2.9240000247955322,2.930000066757202,2.8889999389648438
2018-06-18 00:00:00,2.9260001182556152,2.933000087738037,2.9019999504089355
2018-06-19 00:00:00,2.8929998874664307,2.8949999809265137,2.868000030517578
2018-06-20 00:00:00,2.927999973297119,2.930000066757202,2.884000062942505
2018-06-21 00:00:00,2.8970000743865967,2.9260001182556152,2.8910000324249268
2018-06-22 00:00:00,2.9000000953674316,2.927999973297119,2.8970000743865967
2018-06-25 00:00:00,2.875,2.8970000743865967,2.865999937057495
2018-06-26 00:00:00,2.880000114440918,2.8910000324249268,2.865999937057495
2018-06-27 00:00:00,2.8269999027252197,2.865999937057495,2.8259999752044678
2018-06-28 00:00:00,2.8469998836517334,2.8529999256134033,2.8239998817443848
2018-06-29 00:00:00,2.8489999771118164,2.8529999256134033,2.8329999446868896
2018-07-02 00:00:00,2.865999937057495,2.871000051498413,2.8289999961853027
2018-07-03 00:00:00,2.8380000591278076,2.881999969482422,2.8359999656677246
2018-07-05 00:00:00,2.8399999141693115,2.861999988555908,2.819999933242798
2018-07-06 00:00:00,2.8310000896453857,2.8359999656677246,2.811000108718872
2018-07-09 00:00:00,2.859999895095825,2.861999988555908,2.8489999771118164
2018-07-10 00:00:00,2.872999906539917,2.875,2.8580000400543213
2018-07-11 00:00:00,2.8420000076293945,2.865999937057495,2.8380000591278076
2018-07-12 00:00:00,2.8529999256134033,2.871000051498413,2.8450000286102295
2018-07-13 00:00:00,2.8310000896453857,2.8450000286102295,2.8269999027252197
2018-07-16 00:00:00,2.8580000400543213,2.877000093460083,2.8550000190734863
2018-07-17 00:00:00,2.864000082015991,2.867000102996826,2.8469998836517334
2018-07-18 00:00:00,2.875,2.875,2.8469998836517334
2018-07-19 00:00:00,2.8469998836517334,2.8889999389648438,2.8340001106262207
2018-07-20 00:00:00,2.8949999809265137,2.8970000743865967,2.8469998836517334
2018-07-23 00:00:00,2.9649999141693115,2.9649999141693115,2.888000011444092
2018-07-24 00:00:00,2.9489998817443848,2.9730000495910645,2.947000026702881
2018-07-25 00:00:00,2.936000108718872,2.9489998817443848,2.927999973297119
2018-07-26 00:00:00,2.9749999046325684,2.9760000705718994,2.947000026702881
2018-07-27 00:00:00,2.9600000381469727,2.98799991607666,2.9509999752044678
2018-07-30 00:00:00,2.9749999046325684,2.990000009536743,2.9639999866485596
2018-07-31 00:00:00,2.9639999866485596,2.9690001010894775,2.944999933242798
2018-08-01 00:00:00,3.003000020980835,3.0160000324249268,2.9860000610351562
2018-08-02 00:00:00,2.9860000610351562,3.003000020980835,2.9800000190734863
2018-08-03 00:00:00,2.953000068664551,2.9839999675750732,2.9509999752044678
2018-08-06 00:00:00,2.937999963760376,2.9600000381469727,2.924999952316284
2018-08-07 00:00:00,2.9730000495910645,2.9769999980926514,2.9539999961853027
2018-08-08 00:00:00,2.9709999561309814,2.9860000610351562,2.9579999446868896
2018-08-09 00:00:00,2.934999942779541,2.953000068664551,2.928999900817871
2018-08-10 00:00:00,2.8570001125335693,2.8929998874664307,2.8529999256134033
2018-08-13 00:00:00,2.877000093460083,2.890000104904175,2.861999988555908
2018-08-14 00:00:00,2.8949999809265137,2.8949999809265137,2.877000093460083
2018-08-15 00:00:00,2.8519999980926514,2.875,2.8369998931884766
2018-08-16 00:00:00,2.871000051498413,2.8929998874664307,2.8589999675750732
2018-08-17 00:00:00,2.872999906539917,2.877000093460083,2.8459999561309814
2018-08-20 00:00:00,2.822999954223633,2.8529999256134033,2.821000099182129
2018-08-21 00:00:00,2.8440001010894775,2.8529999256134033,2.8329999446868896
2018-08-22 00:00:00,2.822999954223633,2.8350000381469727,2.808000087738037
2018-08-23 00:00:00,2.821000099182129,2.8259999752044678,2.813999891281128
2018-08-24 00:00:00,2.8259999752044678,2.8499999046325684,2.816999912261963
2018-08-27 00:00:00,2.8480000495910645,2.8510000705718994,2.828000068664551
2018-08-28 00:00:00,2.884000062942505,2.885999917984009,2.8529999256134033
2018-08-29 00:00:00,2.884000062942505,2.8989999294281006,2.871000051498413
2018-08-30 00:00:00,2.859999895095825,2.878999948501587,2.8589999675750732
2018-08-31 00:00:00,2.8529999256134033,2.8570001125335693,2.8310000896453857
2018-09-04 00:00:00,2.9019999504089355,2.9059998989105225,2.868000030517578
2018-09-05 00:00:00,2.9019999504089355,2.9170000553131104,2.884000062942505
2018-09-06 00:00:00,2.878999948501587,2.9100000858306885,2.871000051498413
2018-09-07 00:00:00,2.941999912261963,2.950000047683716,2.885999917984009
2018-09-10 00:00:00,2.937000036239624,2.947999954223633,2.930000066757202
2018-09-11 00:00:00,2.9769999980926514,2.9809999465942383,2.947999954223633
2018-09-12 00:00:00,2.9630000591278076,2.9679999351501465,2.9549999237060547
2018-09-13 00:00:00,2.9630000591278076,2.9830000400543213,2.944000005722046
2018-09-14 00:00:00,2.99399995803833,3.003000020980835,2.9809999465942383
2018-09-17 00:00:00,3.000999927520752,3.0199999809265137,2.989000082015991
2018-09-18 00:00:00,3.0480000972747803,3.0480000972747803,3.005000114440918
2018-09-19 00:00:00,3.0829999446868896,3.0920000076293945,3.0439999103546143
2018-09-20 00:00:00,3.078000068664551,3.0959999561309814,3.059000015258789
2018-09-21 00:00:00,3.068000078201294,3.0829999446868896,3.061000108718872
2018-09-24 00:00:00,3.078000068664551,3.0910000801086426,3.065000057220459
2018-09-25 00:00:00,3.1019999980926514,3.109999895095825,3.0929999351501465
2018-09-26 00:00:00,3.061000108718872,3.0910000801086426,3.061000108718872
2018-09-27 00:00:00,3.055999994277954,3.0739998817443848,3.053999900817871
2018-09-28 00:00:00,3.055999994277954,3.058000087738037,3.0299999713897705
2018-10-01 00:00:00,3.0799999237060547,3.0859999656677246,3.062999963760376
2018-10-02 00:00:00,3.055999994277954,3.0739998817443848,3.0460000038146973
2018-10-03 00:00:00,3.1610000133514404,3.178999900817871,3.0799999237060547
2018-10-04 00:00:00,3.197000026702881,3.2100000381469727,3.1760001182556152
2018-10-05 00:00:00,3.2249999046325684,3.247999906539917,3.188999891281128
2018-10-08 00:00:00,3.2330000400543213,3.2330000400543213,3.2330000400543213
2018-10-09 00:00:00,3.2079999446868896,3.239000082015991,3.203000068664551
2018-10-10 00:00:00,3.2249999046325684,3.242000102996826,3.2119998931884766
2018-10-11 00:00:00,3.132999897003174,3.190999984741211,3.127000093460083
2018-10-12 00:00:00,3.1410000324249268,3.1730000972747803,3.13100004196167
2018-10-15 00:00:00,3.1630001068115234,3.1649999618530273,3.1429998874664307
2018-10-16 00:00:00,3.1559998989105225,3.177000045776367,3.1540000438690186
2018-10-17 00:00:00,3.178999900817871,3.178999900817871,3.1459999084472656
2018-10-18 00:00:00,3.174999952316284,3.2149999141693115,3.1600000858306885
2018-10-19 00:00:00,3.197999954223633,3.2090001106262207,3.180999994277954
2018-10-22 00:00:00,3.196000099182129,3.197999954223633,3.178999900817871
2018-10-23 00:00:00,3.1659998893737793,3.1659998893737793,3.1110000610351562
2018-10-24 00:00:00,3.124000072479248,3.1470000743865967,3.117000102996826
2018-10-25 00:00:00,3.135999917984009,3.1449999809265137,3.117000102996826
2018-10-26 00:00:00,3.0769999027252197,3.1019999980926514,3.059000015258789
2018-10-29 00:00:00,3.0869998931884766,3.117000102996826,3.0850000381469727
2018-10-30 00:00:00,3.109999895095825,3.122999906539917,3.0940001010894775
2018-10-31 00:00:00,3.1589999198913574,3.1610000133514404,3.134000062942505
2018-11-01 00:00:00,3.1440000534057617,3.1740000247955322,3.135999917984009
2018-11-02 00:00:00,3.2139999866485596,3.2160000801086426,3.1549999713897705
2018-11-05 00:00:00,3.2009999752044678,3.2049999237060547,3.186000108718872
2018-11-06 00:00:00,3.2139999866485596,3.2239999771118164,3.190999984741211
2018-11-07 00:00:00,3.2130000591278076,3.2149999141693115,3.184000015258789
2018-11-08 00:00:00,3.2339999675750732,3.239000082015991,3.2060000896453857
2018-11-09 00:00:00,3.188999891281128,3.2300000190734863,3.180000066757202
2018-11-12 00:00:00,3.186000108718872,3.186000108718872,3.186000108718872
2018-11-13 00:00:00,3.1449999809265137,3.1689999103546143,3.1429998874664307
2018-11-14 00:00:00,3.119999885559082,3.1649999618530273,3.0940001010894775
2018-11-15 00:00:00,3.118000030517578,3.128999948501587,3.0810000896453857
2018-11-16 00:00:00,3.0739998817443848,3.1029999256134033,3.068000078201294
2018-11-19 00:00:00,3.056999921798706,3.0959999561309814,3.052000045776367
2018-11-20 00:00:00,3.0480000972747803,3.061000108718872,3.0360000133514404
2018-11-21 00:00:00,3.061000108718872,3.0850000381469727,3.061000108718872
2018-11-23 00:00:00,3.053999900817871,3.053999900817871,3.0320000648498535
2018-11-26 00:00:00,3.072000026702881,3.0789999961853027,3.056999921798706
2018-11-27 00:00:00,3.055000066757202,3.0739998817443848,3.0439999103546143
2018-11-28 00:00:00,3.0439999103546143,3.075000047683716,3.0429999828338623
2018-11-29 00:00:00,3.0350000858306885,3.0439999103546143,3.007999897003174
2018-11-30 00:00:00,3.013000011444092,3.0220000743865967,3.007999897003174
2018-12-03 00:00:00,2.992000102996826,3.0409998893737793,2.9860000610351562
2018-12-04 00:00:00,2.9240000247955322,2.9700000286102295,2.884999990463257
2018-12-06 00:00:00,2.875999927520752,2.8989999294281006,2.8259999752044678
2018-12-07 00:00:00,2.8499999046325684,2.9100000858306885,2.8499999046325684
2018-12-10 00:00:00,2.8559999465942383,2.868000030517578,2.825000047683716
2018-12-11 00:00:00,2.878999948501587,2.882999897003174,2.8469998836517334
2018-12-12 00:00:00,2.9059998989105225,2.9170000553131104,2.890000104904175
2018-12-13 00:00:00,2.9110000133514404,2.9189999103546143,2.8929998874664307
2018-12-14 00:00:00,2.8910000324249268,2.9000000953674316,2.877000093460083
2018-12-17 00:00:00,2.8570001125335693,2.8889999389648438,2.8550000190734863
2018-12-18 00:00:00,2.825000047683716,2.8529999256134033,2.819000005722046
2018-12-19 00:00:00,2.7780001163482666,2.8610000610351562,2.7760000228881836
2018-12-20 00:00:00,2.7890000343322754,2.7899999618530273,2.749000072479248
2018-12-21 00:00:00,2.7920000553131104,2.802999973297119,2.7809998989105225
2018-12-24 00:00:00,2.749000072479248,2.7790000438690186,2.749000072479248
2018-12-26 00:00:00,2.796999931335449,2.796999931335449,2.7360000610351562
2018-12-27 00:00:00,2.743000030517578,2.7679998874664307,2.7330000400543213
2018-12-28 00:00:00,2.7360000610351562,2.7679998874664307,2.7269999980926514
2018-12-31 00:00:00,2.686000108718872,2.744999885559082,2.678999900817871
2019-01-02 00:00:00,2.6610000133514404,2.678999900817871,2.6489999294281006
2019-01-03 00:00:00,2.553999900817871,2.6559998989105225,2.553999900817871
2019-01-04 00:00:00,2.6589999198913574,2.6730000972747803,2.5969998836517334
2019-01-07 00:00:00,2.681999921798706,2.687000036239624,2.631999969482422
2019-01-08 00:00:00,2.7160000801086426,2.7170000076293945,2.696000099182129
2019-01-09 00:00:00,2.7279999256134033,2.747999906539917,2.7119998931884766
2019-01-10 00:00:00,2.7309999465942383,2.7330000400543213,2.696000099182129
2019-01-11 00:00:00,2.7009999752044678,2.7130000591278076,2.680999994277954
2019-01-14 00:00:00,2.7100000381469727,2.7100000381469727,2.671999931335449
2019-01-15 00:00:00,2.7109999656677246,2.7219998836517334,2.678999900817871
2019-01-16 00:00:00,2.7309999465942383,2.743000030517578,2.7170000076293945
2019-01-17 00:00:00,2.749000072479248,2.760999917984009,2.7070000171661377
2019-01-18 00:00:00,2.7839999198913574,2.7990000247955322,2.753999948501587
2019-01-22 00:00:00,2.7300000190734863,2.759000062942505,2.7269999980926514
2019-01-23 00:00:00,2.755000114440918,2.7790000438690186,2.736999988555908
2019-01-24 00:00:00,2.7119998931884766,2.7260000705718994,2.7009999752044678
2019-01-25 00:00:00,2.753000020980835,2.759000062942505,2.7320001125335693
2019-01-28 00:00:00,2.74399995803833,2.76200008392334,2.7279999256134033
2019-01-29 00:00:00,2.7119998931884766,2.747999906539917,2.7079999446868896
2019-01-30 00:00:00,2.694999933242798,2.734999895095825,2.687999963760376
2019-01-31 00:00:00,2.634999990463257,2.6760001182556152,2.625999927520752
2019-02-01 00:00:00,2.690999984741211,2.697000026702881,2.63100004196167
2019-02-04 00:00:00,2.7239999771118164,2.7339999675750732,2.694999933242798
2019-02-05 00:00:00,2.7019999027252197,2.7290000915527344,2.687999963760376
2019-02-06 00:00:00,2.7019999027252197,2.7039999961853027,2.6730000972747803
2019-02-07 00:00:00,2.6519999504089355,2.674999952316284,2.6519999504089355
2019-02-08 00:00:00,2.631999969482422,2.6519999504089355,2.625
2019-02-11 00:00:00,2.6610000133514404,2.6700000762939453,2.6480000019073486
2019-02-12 00:00:00,2.684000015258789,2.690999984741211,2.6679999828338623
2019-02-13 00:00:00,2.7079999446868896,2.7149999141693115,2.687999963760376
2019-02-14 00:00:00,2.6570000648498535,2.686000108718872,2.6429998874664307
2019-02-15 00:00:00,2.6659998893737793,2.687999963760376,2.6630001068115234
2019-02-19 00:00:00,2.6470000743865967,2.6700000762939453,2.635999917984009
2019-02-20 00:00:00,2.6540000438690186,2.6589999198913574,2.631999969482422
2019-02-21 00:00:00,2.687999963760376,2.697000026702881,2.671999931335449
2019-02-22 00:00:00,2.6549999713897705,2.678999900817871,2.638000011444092
2019-02-25 00:00:00,2.6730000972747803,2.684000015258789,2.6679999828338623
2019-02-26 00:00:00,2.635999917984009,2.6570000648498535,2.631999969482422
2019-02-27 00:00:00,2.693000078201294,2.697000026702881,2.631999969482422
2019-02-28 00:00:00,2.7109999656677246,2.7239999771118164,2.6679999828338623
2019-03-01 00:00:00,2.755000114440918,2.759000062942505,2.7279999256134033
2019-03-04 00:00:00,2.7219998836517334,2.753000020980835,2.7209999561309814
2019-03-05 00:00:00,2.7219998836517334,2.75,2.7219998836517334
2019-03-06 00:00:00,2.691999912261963,2.7190001010894775,2.678999900817871
2019-03-07 00:00:00,2.635999917984009,2.680999994277954,2.635999917984009
2019-03-08 00:00:00,2.625,2.6519999504089355,2.6070001125335693
2019-03-11 00:00:00,2.6429998874664307,2.6519999504089355,2.631999969482422
2019-03-12 00:00:00,2.6050000190734863,2.6559998989105225,2.5999999046325684
2019-03-13 00:00:00,2.6110000610351562,2.628999948501587,2.6110000610351562
2019-03-14 00:00:00,2.630000114440918,2.6449999809265137,2.6110000610351562
2019-03-15 00:00:00,2.5929999351501465,2.622999906539917,2.5799999237060547
2019-03-18 00:00:00,2.6019999980926514,2.6110000610351562,2.5889999866485596
2019-03-19 00:00:00,2.614000082015991,2.634000062942505,2.5999999046325684
2019-03-20 00:00:00,2.5350000858306885,2.5999999046325684,2.5280001163482666
2019-03-21 00:00:00,2.5369999408721924,2.5439999103546143,2.5
2019-03-22 00:00:00,2.4549999237060547,2.4820001125335693,2.4179999828338623
2019-03-25 00:00:00,2.4200000762939453,2.4639999866485596,2.377000093460083
2019-03-26 00:00:00,2.4140000343322754,2.447999954223633,2.4070000648498535
2019-03-27 00:00:00,2.374000072479248,2.4049999713897705,2.3559999465942383
2019-03-28 00:00:00,2.3889999389648438,2.4049999713897705,2.365999937057495
2019-03-29 00:00:00,2.4140000343322754,2.433000087738037,2.4030001163482666
2019-04-01 00:00:00,2.496999979019165,2.499000072479248,2.4240000247955322
2019-04-02 00:00:00,2.4809999465942383,2.492000102996826,2.4690001010894775
2019-04-03 00:00:00,2.5169999599456787,2.5239999294281006,2.503000020980835
2019-04-04 00:00:00,2.51200008392334,2.5220000743865967,2.503000020980835
2019-04-05 00:00:00,2.500999927520752,2.5439999103546143,2.49399995803833
2019-04-08 00:00:00,2.5190000534057617,2.5190000534057617,2.500999927520752
2019-04-09 00:00:00,2.499000072479248,2.5169999599456787,2.484999895095825
2019-04-10 00:00:00,2.4769999980926514,2.509999990463257,2.4630000591278076
2019-04-11 00:00:00,2.503999948501587,2.509999990463257,2.484999895095825
2019-04-12 00:00:00,2.559999942779541,2.562000036239624,2.5399999618530273
2019-04-15 00:00:00,2.552999973297119,2.5739998817443848,2.5490000247955322
2019-04-16 00:00:00,2.5920000076293945,2.5959999561309814,2.571000099182129
2019-04-17 00:00:00,2.5920000076293945,2.614000082015991,2.5810000896453857
2019-04-18 00:00:00,2.559999942779541,2.5829999446868896,2.5490000247955322
2019-04-22 00:00:00,2.5899999141693115,2.5920000076293945,2.565000057220459
2019-04-23 00:00:00,2.569999933242798,2.5920000076293945,2.562999963760376
2019-04-24 00:00:00,2.5220000743865967,2.5380001068115234,2.5179998874664307
2019-04-25 00:00:00,2.5339999198913574,2.5420000553131104,2.5160000324249268
2019-04-26 00:00:00,2.505000114440918,2.5450000762939453,2.494999885559082
2019-04-29 00:00:00,2.5360000133514404,2.5409998893737793,2.503999948501587
2019-04-30 00:00:00,2.509000062942505,2.549999952316284,2.503999948501587
2019-05-01 00:00:00,2.510999917984009,2.510999917984009,2.4549999237060547
2019-05-02 00:00:00,2.552000045776367,2.558000087738037,2.509000062942505
2019-05-03 00:00:00,2.5309998989105225,2.5759999752044678,2.5160000324249268
2019-05-06 00:00:00,2.5,2.502000093460083,2.4800000190734863
2019-05-07 00:00:00,2.447999954223633,2.4820001125335693,2.446000099182129
2019-05-08 00:00:00,2.4820001125335693,2.486999988555908,2.430000066757202
2019-05-09 00:00:00,2.4570000171661377,2.4709999561309814,2.424999952316284
2019-05-10 00:00:00,2.4549999237060547,2.4600000381469727,2.4260001182556152
2019-05-13 00:00:00,2.4049999713897705,2.4260001182556152,2.3889999389648438
2019-05-14 00:00:00,2.4189999103546143,2.427999973297119,2.4019999504089355
2019-05-15 00:00:00,2.378999948501587,2.3910000324249268,2.3610000610351562
2019-05-16 00:00:00,2.4049999713897705,2.4140000343322754,2.380000114440918
2019-05-17 00:00:00,2.3929998874664307,2.4089999198913574,2.364000082015991
2019-05-20 00:00:00,2.4159998893737793,2.4179999828338623,2.380000114440918
2019-05-21 00:00:00,2.4260001182556152,2.440999984741211,2.4189999103546143
2019-05-22 00:00:00,2.3929998874664307,2.4140000343322754,2.385999917984009
2019-05-23 00:00:00,2.2960000038146973,2.364000082015991,2.2939999103546143
2019-05-24 00:00:00,2.3239998817443848,2.3340001106262207,2.308000087738037
2019-05-28 00:00:00,2.2679998874664307,2.2990000247955322,2.2639999389648438
2019-05-29 00:00:00,2.2360000610351562,2.246999979019165,2.2100000381469727
2019-05-30 00:00:00,2.2269999980926514,2.2760000228881836,2.2260000705718994
2019-05-31 00:00:00,2.1419999599456787,2.184000015258789,2.13700008392334
2019-06-03 00:00:00,2.0810000896453857,2.130000114440918,2.0810000896453857
2019-06-04 00:00:00,2.11899995803833,2.1470000743865967,2.1019999980926514
2019-06-05 00:00:00,2.122999906539917,2.130000114440918,2.0799999237060547
2019-06-06 00:00:00,2.124000072479248,2.134999990463257,2.0920000076293945
2019-06-07 00:00:00,2.0840001106262207,2.1050000190734863,2.052999973297119
2019-06-10 00:00:00,2.1429998874664307,2.1470000743865967,2.115000009536743
2019-06-11 00:00:00,2.140000104904175,2.1740000247955322,2.138000011444092
2019-06-12 00:00:00,2.127000093460083,2.1429998874664307,2.109999895095825
2019-06-13 00:00:00,2.0910000801086426,2.119999885559082,2.0820000171661377
2019-06-14 00:00:00,2.0929999351501465,2.109999895095825,2.075000047683716
2019-06-17 00:00:00,2.0859999656677246,2.1029999256134033,2.0789999961853027
2019-06-18 00:00:00,2.059999942779541,2.075000047683716,2.0290000438690186
2019-06-19 00:00:00,2.0290000438690186,2.0989999771118164,2.0220000743865967
2019-06-20 00:00:00,2.000999927520752,2.015000104904175,1.975000023841858
2019-06-21 00:00:00,2.068000078201294,2.069999933242798,2.0179998874664307
2019-06-24 00:00:00,2.0209999084472656,2.0420000553131104,2.0139999389648438
2019-06-25 00:00:00,1.99399995803833,2.0139999389648438,1.9819999933242798
2019-06-26 00:00:00,2.0490000247955322,2.0490000247955322,2.00600004196167
2019-06-27 00:00:00,2.005000114440918,2.0450000762939453,2.003999948501587
2019-06-28 00:00:00,2.0,2.0329999923706055,1.9980000257492065
2019-07-01 00:00:00,2.0339999198913574,2.0480000972747803,2.005000114440918
2019-07-02 00:00:00,1.9759999513626099,2.0239999294281006,1.9739999771118164
2019-07-03 00:00:00,1.9529999494552612,1.968999981880188,1.9429999589920044
2019-07-05 00:00:00,2.0480000972747803,2.068000078201294,1.965000033378601
2019-07-08 00:00:00,2.0339999198913574,2.0360000133514404,2.013000011444092
2019-07-09 00:00:00,2.053999900817871,2.068000078201294,2.0460000038146973
2019-07-10 00:00:00,2.061000108718872,2.1050000190734863,2.0409998893737793
2019-07-11 00:00:00,2.119999885559082,2.134000062942505,2.058000087738037
2019-07-12 00:00:00,2.1059999465942383,2.1480000019073486,2.1050000190734863
2019-07-15 00:00:00,2.0920000076293945,2.115000009536743,2.0899999141693115
2019-07-16 00:00:00,2.121999979019165,2.1429998874664307,2.0959999561309814
2019-07-17 00:00:00,2.061000108718872,2.0969998836517334,2.056999921798706
2019-07-18 00:00:00,2.0380001068115234,2.078000068664551,2.0350000858306885
2019-07-19 00:00:00,2.0480000972747803,2.063999891281128,2.0380001068115234
2019-07-22 00:00:00,2.0429999828338623,2.049999952316284,2.0269999504089355
2019-07-23 00:00:00,2.0739998817443848,2.0759999752044678,2.0429999828338623
2019-07-24 00:00:00,2.049999952316284,2.059999942779541,2.0380001068115234
2019-07-25 00:00:00,2.0739998817443848,2.0999999046325684,2.01200008392334
2019-07-26 00:00:00,2.0810000896453857,2.0999999046325684,2.062999963760376
2019-07-29 00:00:00,2.055000066757202,2.066999912261963,2.0480000972747803
2019-07-30 00:00:00,2.061000108718872,2.075000047683716,2.0409998893737793
2019-07-31 00:00:00,2.0209999084472656,2.072000026702881,2.009000062942505
2019-08-01 00:00:00,1.8940000534057617,2.0280001163482666,1.878000020980835
2019-08-02 00:00:00,1.8550000190734863,1.906999945640564,1.8420000076293945
2019-08-05 00:00:00,1.7350000143051147,1.7869999408721924,1.7289999723434448
2019-08-06 00:00:00,1.7389999628067017,1.7719999551773071,1.7309999465942383
2019-08-07 00:00:00,1.684000015258789,1.684999942779541,1.5950000286102295
2019-08-08 00:00:00,1.715999960899353,1.7929999828338623,1.7050000429153442
2019-08-09 00:00:00,1.7339999675750732,1.7339999675750732,1.6799999475479126
2019-08-12 00:00:00,1.6390000581741333,1.6970000267028809,1.628000020980835
2019-08-13 00:00:00,1.6799999475479126,1.7170000076293945,1.6349999904632568
2019-08-14 00:00:00,1.5809999704360962,1.6180000305175781,1.5809999704360962
2019-08-15 00:00:00,1.5290000438690186,1.593999981880188,1.475000023841858
2019-08-16 00:00:00,1.5390000343322754,1.593000054359436,1.531999945640564
2019-08-19 00:00:00,1.5980000495910645,1.6180000305175781,1.5839999914169312
2019-08-20 00:00:00,1.5609999895095825,1.5789999961853027,1.5399999618530273
2019-08-21 00:00:00,1.5770000219345093,1.593000054359436,1.5470000505447388
2019-08-22 00:00:00,1.6100000143051147,1.6230000257492065,1.5720000267028809
2019-08-23 00:00:00,1.527999997138977,1.621999979019165,1.50600004196167
2019-08-26 00:00:00,1.5449999570846558,1.5490000247955322,1.5080000162124634
2019-08-27 00:00:00,1.4900000095367432,1.5219999551773071,1.4709999561309814
2019-08-28 00:00:00,1.465999960899353,1.4809999465942383,1.4459999799728394
2019-08-29 00:00:00,1.5160000324249268,1.534999966621399,1.4780000448226929
2019-08-30 00:00:00,1.50600004196167,1.531999945640564,1.5010000467300415
2019-09-03 00:00:00,1.465999960899353,1.5110000371932983,1.4290000200271606
2019-09-04 00:00:00,1.4589999914169312,1.4989999532699585,1.4509999752044678
2019-09-05 00:00:00,1.565000057220459,1.590999960899353,1.5180000066757202
2019-09-06 00:00:00,1.5499999523162842,1.6059999465942383,1.5399999618530273
2019-09-09 00:00:00,1.621999979019165,1.6349999904632568,1.5870000123977661
2019-09-10 00:00:00,1.7020000219345093,1.7039999961853027,1.6349999904632568
2019-09-11 00:00:00,1.7330000400543213,1.7519999742507935,1.7200000286102295
2019-09-12 00:00:00,1.7910000085830688,1.8009999990463257,1.6679999828338623
2019-09-13 00:00:00,1.902999997138977,1.902999997138977,1.7929999828338623
2019-09-16 00:00:00,1.840999960899353,1.875,1.8289999961853027
2019-09-17 00:00:00,1.812000036239624,1.8489999771118164,1.7940000295639038
2019-09-18 00:00:00,1.7860000133514404,1.8049999475479126,1.74399995803833
2019-09-19 00:00:00,1.7740000486373901,1.7890000343322754,1.7489999532699585
2019-09-20 00:00:00,1.7549999952316284,1.7949999570846558,1.7489999532699585
2019-09-23 00:00:00,1.7079999446868896,1.7089999914169312,1.6649999618530273
2019-09-24 00:00:00,1.6349999904632568,1.7079999446868896,1.6349999904632568
2019-09-25 00:00:00,1.7319999933242798,1.7350000143051147,1.6419999599456787
2019-09-26 00:00:00,1.684999942779541,1.718000054359436,1.6749999523162842
2019-09-27 00:00:00,1.6749999523162842,1.722000002861023,1.6729999780654907
2019-09-30 00:00:00,1.6749999523162842,1.7130000591278076,1.6720000505447388
2019-10-01 00:00:00,1.6440000534057617,1.7549999952316284,1.6130000352859497
2019-10-02 00:00:00,1.5959999561309814,1.6440000534057617,1.5800000429153442
2019-10-03 00:00:00,1.5360000133514404,1.5959999561309814,1.5099999904632568
2019-10-04 00:00:00,1.5149999856948853,1.5549999475479126,1.5099999904632568
2019-10-07 00:00:00,1.5529999732971191,1.559999942779541,1.5290000438690186
2019-10-08 00:00:00,1.5369999408721924,1.555999994277954,1.5099999904632568
2019-10-09 00:00:00,1.5889999866485596,1.593999981880188,1.5460000038146973
2019-10-10 00:00:00,1.6579999923706055,1.6720000505447388,1.5750000476837158
2019-10-11 00:00:00,1.7519999742507935,1.7640000581741333,1.6959999799728394
2019-10-14 00:00:00,1.7330000400543213,1.7330000400543213,1.7330000400543213
2019-10-15 00:00:00,1.7710000276565552,1.7760000228881836,1.6890000104904175
2019-10-16 00:00:00,1.7480000257492065,1.7690000534057617,1.7289999723434448
2019-10-17 00:00:00,1.7569999694824219,1.7730000019073486,1.7309999465942383
2019-10-18 00:00:00,1.746999979019165,1.7690000534057617,1.7289999723434448
2019-10-21 00:00:00,1.7920000553131104,1.8049999475479126,1.7710000276565552
2019-10-22 00:00:00,1.7680000066757202,1.8029999732971191,1.7640000581741333
2019-10-23 00:00:00,1.7589999437332153,1.7630000114440918,1.7309999465942383
2019-10-24 00:00:00,1.7660000324249268,1.774999976158142,1.7380000352859497
2019-10-25 00:00:00,1.8009999990463257,1.8140000104904175,1.75
2019-10-28 00:00:00,1.8530000448226929,1.8600000143051147,1.8300000429153442
2019-10-29 00:00:00,1.8350000381469727,1.8489999771118164,1.8259999752044678
2019-10-30 00:00:00,1.7979999780654907,1.8509999513626099,1.7940000295639038
2019-10-31 00:00:00,1.690999984741211,1.7139999866485596,1.680999994277954
2019-11-01 00:00:00,1.7280000448226929,1.7450000047683716,1.6699999570846558
2019-11-04 00:00:00,1.7860000133514404,1.7929999828338623,1.746999979019165
2019-11-05 00:00:00,1.8660000562667847,1.8730000257492065,1.8250000476837158
2019-11-06 00:00:00,1.8140000104904175,1.8480000495910645,1.8070000410079956
2019-11-07 00:00:00,1.9259999990463257,1.9709999561309814,1.8739999532699585
2019-11-08 00:00:00,1.9329999685287476,1.9520000219345093,1.8949999809265137
2019-11-11 00:00:00,1.9429999589920044,1.9429999589920044,1.9429999589920044
2019-11-12 00:00:00,1.909000039100647,1.9490000009536743,1.906999945640564
2019-11-13 00:00:00,1.8700000047683716,1.8910000324249268,1.8650000095367432
2019-11-14 00:00:00,1.815000057220459,1.8509999513626099,1.8049999475479126
2019-11-15 00:00:00,1.8339999914169312,1.8450000286102295,1.819000005722046
2019-11-18 00:00:00,1.8079999685287476,1.8450000286102295,1.7949999570846558
2019-11-19 00:00:00,1.7860000133514404,1.8170000314712524,1.7769999504089355
2019-11-20 00:00:00,1.7380000352859497,1.7640000581741333,1.7300000190734863
2019-11-21 00:00:00,1.7719999551773071,1.7860000133514404,1.753000020980835
2019-11-22 00:00:00,1.7740000486373901,1.7790000438690186,1.746999979019165
2019-11-25 00:00:00,1.7640000581741333,1.7929999828338623,1.7549999952316284
2019-11-26 00:00:00,1.7400000095367432,1.746999979019165,1.7309999465942383
2019-11-27 00:00:00,1.7669999599456787,1.777999997138977,1.75
2019-11-29 00:00:00,1.7760000228881836,1.7960000038146973,1.7640000581741333
2019-12-02 00:00:00,1.8359999656677246,1.8539999723434448,1.8209999799728394
2019-12-03 00:00:00,1.7089999914169312,1.7879999876022339,1.6929999589920044
2019-12-04 00:00:00,1.781000018119812,1.7910000085830688,1.7330000400543213
2019-12-05 00:00:00,1.7970000505447388,1.8220000267028809,1.7719999551773071
2019-12-06 00:00:00,1.8420000076293945,1.8639999628067017,1.7899999618530273
2019-12-09 00:00:00,1.8289999961853027,1.8329999446868896,1.8070000410079956
2019-12-10 00:00:00,1.8329999446868896,1.8489999771118164,1.8049999475479126
2019-12-11 00:00:00,1.7899999618530273,1.8359999656677246,1.7829999923706055
2019-12-12 00:00:00,1.8969999551773071,1.9240000247955322,1.777999997138977
2019-12-13 00:00:00,1.819000005722046,1.906000018119812,1.815999984741211
2019-12-16 00:00:00,1.8919999599456787,1.8940000534057617,1.8450000286102295
2019-12-17 00:00:00,1.8890000581741333,1.8940000534057617,1.8559999465942383
2019-12-18 00:00:00,1.9240000247955322,1.934000015258789,1.8839999437332153
2019-12-19 00:00:00,1.9079999923706055,1.9470000267028809,1.8980000019073486
2019-12-20 00:00:00,1.9170000553131104,1.940000057220459,1.9149999618530273
2019-12-23 00:00:00,1.934999942779541,1.940000057220459,1.8980000019073486
2019-12-24 00:00:00,1.909999966621399,1.9490000009536743,1.9010000228881836
2019-12-26 00:00:00,1.9049999713897705,1.9210000038146973,1.8960000276565552
2019-12-27 00:00:00,1.8739999532699585,1.8930000066757202,1.8700000047683716
2019-12-30 00:00:00,1.8949999809265137,1.940000057220459,1.8949999809265137
2019-12-31 00:00:00,1.9190000295639038,1.9299999475479126,1.8949999809265137
2020-01-02 00:00:00,1.8819999694824219,1.902999997138977,1.8509999513626099
2020-01-03 00:00:00,1.7879999876022339,1.840000033378601,1.7860000133514404
2020-01-06 00:00:00,1.8109999895095825,1.815999984741211,1.7660000324249268
2020-01-07 00:00:00,1.8270000219345093,1.8279999494552612,1.7970000505447388
2020-01-08 00:00:00,1.8739999532699585,1.8760000467300415,1.8020000457763672
2020-01-09 00:00:00,1.8580000400543213,1.899999976158142,1.8509999513626099
2020-01-10 00:00:00,1.8250000476837158,1.8630000352859497,1.815999984741211
2020-01-13 00:00:00,1.8480000495910645,1.8580000400543213,1.8339999914169312
2020-01-14 00:00:00,1.8179999589920044,1.8530000448226929,1.812999963760376
2020-01-15 00:00:00,1.7879999876022339,1.8020000457763672,1.7799999713897705
2020-01-16 00:00:00,1.809000015258789,1.8200000524520874,1.7799999713897705
2020-01-17 00:00:00,1.8359999656677246,1.850000023841858,1.815999984741211
2020-01-21 00:00:00,1.7690000534057617,1.7970000505447388,1.7660000324249268
2020-01-22 00:00:00,1.7690000534057617,1.784999966621399,1.7589999437332153
2020-01-23 00:00:00,1.7400000095367432,1.7519999742507935,1.715000033378601
2020-01-24 00:00:00,1.680999994277954,1.7389999628067017,1.6699999570846558
2020-01-27 00:00:00,1.6050000190734863,1.6269999742507935,1.6050000190734863
2020-01-28 00:00:00,1.6410000324249268,1.6549999713897705,1.6130000352859497
2020-01-29 00:00:00,1.593999981880188,1.6369999647140503,1.5889999866485596
2020-01-30 00:00:00,1.5579999685287476,1.5870000123977661,1.534000039100647
2020-01-31 00:00:00,1.5199999809265137,1.555999994277954,1.5119999647140503
2020-02-03 00:00:00,1.5199999809265137,1.5750000476837158,1.5149999856948853
2020-02-04 00:00:00,1.6030000448226929,1.6180000305175781,1.5750000476837158
2020-02-05 00:00:00,1.6490000486373901,1.656000018119812,1.628000020980835
2020-02-06 00:00:00,1.6440000534057617,1.6679999828338623,1.6369999647140503
2020-02-07 00:00:00,1.5779999494552612,1.6349999904632568,1.5709999799728394
2020-02-10 00:00:00,1.5470000505447388,1.5750000476837158,1.5440000295639038
2020-02-11 00:00:00,1.590000033378601,1.6009999513626099,1.5729999542236328
2020-02-12 00:00:00,1.6299999952316284,1.6390000581741333,1.6180000305175781
2020-02-13 00:00:00,1.6169999837875366,1.6260000467300415,1.600000023841858
2020-02-14 00:00:00,1.5880000591278076,1.6050000190734863,1.5729999542236328
2020-02-18 00:00:00,1.555999994277954,1.5759999752044678,1.5410000085830688
2020-02-19 00:00:00,1.5700000524520874,1.5870000123977661,1.555999994277954
2020-02-20 00:00:00,1.524999976158142,1.5479999780654907,1.5069999694824219
2020-02-21 00:00:00,1.4709999561309814,1.4919999837875366,1.4390000104904175
2020-02-24 00:00:00,1.3769999742507935,1.4019999504089355,1.3519999980926514
2020-02-25 00:00:00,1.3300000429153442,1.3769999742507935,1.3070000410079956
2020-02-26 00:00:00,1.309999942779541,1.38100004196167,1.3020000457763672
2020-02-27 00:00:00,1.2990000247955322,1.3270000219345093,1.2430000305175781
2020-02-28 00:00:00,1.1269999742507935,1.2230000495910645,1.1269999742507935
2020-03-02 00:00:00,1.0880000591278076,1.1030000448226929,1.059000015258789
2020-03-03 00:00:00,1.0099999904632568,1.1629999876022339,0.9079999923706055
2020-03-04 00:00:00,0.9919999837875366,1.0149999856948853,0.9509999752044678
2020-03-05 00:00:00,0.9259999990463257,0.9570000171661377,0.8989999890327454
2020-03-06 00:00:00,0.7059999704360962,0.7889999747276306,0.6600000262260437
2020-03-09 00:00:00,0.49900001287460327,0.6010000109672546,0.39800000190734863
2020-03-10 00:00:00,0.7480000257492065,0.7559999823570251,0.5649999976158142
2020-03-11 00:00:00,0.8199999928474426,0.8619999885559082,0.675000011920929
2020-03-12 00:00:00,0.8489999771118164,0.8489999771118164,0.6380000114440918
2020-03-13 00:00:00,0.9509999752044678,0.9860000014305115,0.8370000123977661
2020-03-16 00:00:00,0.7279999852180481,0.859000027179718,0.703000009059906
2020-03-17 00:00:00,0.996999979019165,0.996999979019165,0.7429999709129333
2020-03-18 00:00:00,1.2660000324249268,1.2660000324249268,0.9990000128746033
2020-03-19 00:00:00,1.11899995803833,1.225000023841858,1.0069999694824219
2020-03-20 00:00:00,0.9380000233650208,1.031000018119812,0.9160000085830688
2020-03-23 00:00:00,0.7639999985694885,0.8790000081062317,0.7149999737739563
2020-03-24 00:00:00,0.8159999847412109,0.8960000276565552,0.8100000023841858
2020-03-25 00:00:00,0.8579999804496765,0.8610000014305115,0.7829999923706055
2020-03-26 00:00:00,0.8109999895095825,0.8270000219345093,0.7699999809265137
2020-03-27 00:00:00,0.7490000128746033,0.7820000052452087,0.7310000061988831
2020-03-30 00:00:00,0.6700000166893005,0.6809999942779541,0.5989999771118164
2020-03-31 00:00:00,0.6980000138282776,0.7200000286102295,0.6510000228881836
2020-04-01 00:00:00,0.6349999904632568,0.6430000066757202,0.5789999961853027
2020-04-02 00:00:00,0.6269999742507935,0.6349999904632568,0.578000009059906
2020-04-03 00:00:00,0.5870000123977661,0.6069999933242798,0.5680000185966492
2020-04-06 00:00:00,0.6759999990463257,0.6759999990463257,0.6420000195503235
2020-04-07 00:00:00,0.7360000014305115,0.7839999794960022,0.7250000238418579
2020-04-08 00:00:00,0.7639999985694885,0.7680000066757202,0.7289999723434448
2020-04-09 00:00:00,0.7289999723434448,0.7730000019073486,0.7129999995231628
2020-04-13 00:00:00,0.7490000128746033,0.7590000033378601,0.722000002861023
2020-04-14 00:00:00,0.7519999742507935,0.7570000290870667,0.7300000190734863
2020-04-15 00:00:00,0.6380000114440918,0.6880000233650208,0.6269999742507935
2020-04-16 00:00:00,0.609000027179718,0.6240000128746033,0.593999981880188
2020-04-17 00:00:00,0.6539999842643738,0.6579999923706055,0.5870000123977661
2020-04-20 00:00:00,0.6259999871253967,0.6430000066757202,0.6119999885559082
2020-04-21 00:00:00,0.5709999799728394,0.578000009059906,0.5429999828338623
2020-04-22 00:00:00,0.6190000176429749,0.6359999775886536,0.5809999704360962
2020-04-23 00:00:00,0.6129999756813049,0.6299999952316284,0.593999981880188
2020-04-24 00:00:00,0.5960000157356262,0.6209999918937683,0.5910000205039978
2020-04-27 00:00:00,0.656000018119812,0.6620000004768372,0.6209999918937683
2020-04-28 00:00:00,0.6100000143051147,0.6520000100135803,0.593999981880188
2020-04-29 00:00:00,0.6269999742507935,0.640999972820282,0.5839999914169312
2020-04-30 00:00:00,0.621999979019165,0.625,0.5809999704360962
2020-05-01 00:00:00,0.6420000195503235,0.6480000019073486,0.609000027179718
2020-05-04 00:00:00,0.6370000243186951,0.6510000228881836,0.6150000095367432
2020-05-05 00:00:00,0.6570000052452087,0.6729999780654907,0.6430000066757202
2020-05-06 00:00:00,0.7110000252723694,0.7429999709129333,0.6809999942779541
2020-05-07 00:00:00,0.6309999823570251,0.7009999752044678,0.621999979019165
2020-05-08 00:00:00,0.6819999814033508,0.6830000281333923,0.6230000257492065
2020-05-11 00:00:00,0.7260000109672546,0.7260000109672546,0.671999990940094
2020-05-12 00:00:00,0.6779999732971191,0.7239999771118164,0.6679999828338623
2020-05-13 00:00:00,0.6489999890327454,0.671999990940094,0.6349999904632568
2020-05-14 00:00:00,0.6190000176429749,0.628000020980835,0.6039999723434448
2020-05-15 00:00:00,0.6399999856948853,0.6489999890327454,0.5899999737739563
2020-05-18 00:00:00,0.7440000176429749,0.7440000176429749,0.6610000133514404
2020-05-19 00:00:00,0.7110000252723694,0.7450000047683716,0.7049999833106995
2020-05-20 00:00:00,0.6800000071525574,0.7210000157356262,0.6700000166893005
2020-05-21 00:00:00,0.6769999861717224,0.6819999814033508,0.6539999842643738
2020-05-22 00:00:00,0.6570000052452087,0.671999990940094,0.6480000019073486
2020-05-26 00:00:00,0.6980000138282776,0.7080000042915344,0.6899999976158142
2020-05-27 00:00:00,0.6800000071525574,0.7229999899864197,0.6610000133514404
2020-05-28 00:00:00,0.7049999833106995,0.7129999995231628,0.6850000023841858
2020-05-29 00:00:00,0.6480000019073486,0.6850000023841858,0.6480000019073486
2020-06-01 00:00:00,0.6620000004768372,0.6869999766349792,0.6620000004768372
2020-06-02 00:00:00,0.6800000071525574,0.6869999766349792,0.6610000133514404
2020-06-03 00:00:00,0.7609999775886536,0.7710000276565552,0.7049999833106995
2020-06-04 00:00:00,0.8199999928474426,0.8230000138282776,0.7440000176429749
2020-06-05 00:00:00,0.9039999842643738,0.9570000171661377,0.8619999885559082
2020-06-08 00:00:00,0.8840000033378601,0.9150000214576721,0.8619999885559082
2020-06-09 00:00:00,0.8289999961853027,0.8399999737739563,0.8019999861717224
2020-06-10 00:00:00,0.7480000257492065,0.8119999766349792,0.7429999709129333
2020-06-11 00:00:00,0.652999997138977,0.699999988079071,0.6510000228881836
2020-06-12 00:00:00,0.6990000009536743,0.7129999995231628,0.6740000247955322
2020-06-15 00:00:00,0.7020000219345093,0.7149999737739563,0.6610000133514404
2020-06-16 00:00:00,0.7559999823570251,0.7839999794960022,0.7229999899864197
2020-06-17 00:00:00,0.7329999804496765,0.7630000114440918,0.7279999852180481
2020-06-18 00:00:00,0.6940000057220459,0.7080000042915344,0.6940000057220459
2020-06-19 00:00:00,0.6970000267028809,0.7450000047683716,0.6869999766349792
2020-06-22 00:00:00,0.7039999961853027,0.7089999914169312,0.6740000247955322
2020-06-23 00:00:00,0.7089999914169312,0.7300000190734863,0.7070000171661377
2020-06-24 00:00:00,0.6840000152587891,0.7300000190734863,0.6790000200271606
2020-06-25 00:00:00,0.6740000247955322,0.6769999861717224,0.6579999923706055
2020-06-26 00:00:00,0.6359999775886536,0.6710000038146973,0.6320000290870667
2020-06-29 00:00:00,0.6359999775886536,0.6539999842643738,0.6320000290870667
2020-06-30 00:00:00,0.652999997138977,0.6660000085830688,0.6190000176429749
2020-07-01 00:00:00,0.6819999814033508,0.7020000219345093,0.6679999828338623
2020-07-02 00:00:00,0.6690000295639038,0.7239999771118164,0.6639999747276306
2020-07-06 00:00:00,0.6840000152587891,0.7120000123977661,0.6840000152587891
2020-07-07 00:00:00,0.6499999761581421,0.6809999942779541,0.6399999856948853
2020-07-08 00:00:00,0.652999997138977,0.6740000247955322,0.6449999809265137
2020-07-09 00:00:00,0.6050000190734863,0.6549999713897705,0.5989999771118164
2020-07-10 00:00:00,0.6330000162124634,0.6370000243186951,0.5730000138282776
2020-07-13 00:00:00,0.6399999856948853,0.6629999876022339,0.6349999904632568
2020-07-14 00:00:00,0.6150000095367432,0.6320000290870667,0.6000000238418579
2020-07-15 00:00:00,0.6299999952316284,0.6579999923706055,0.6179999709129333
2020-07-16 00:00:00,0.6119999885559082,0.6200000047683716,0.6000000238418579
2020-07-17 00:00:00,0.628000020980835,0.6320000290870667,0.6000000238418579
2020-07-20 00:00:00,0.6200000047683716,0.625,0.6019999980926514
2020-07-21 00:00:00,0.6069999933242798,0.621999979019165,0.593999981880188
2020-07-22 00:00:00,0.5950000286102295,0.5989999771118164,0.5820000171661377
2020-07-23 00:00:00,0.5820000171661377,0.5920000076293945,0.5740000009536743
2020-07-24 00:00:00,0.5889999866485596,0.597000002861023,0.5770000219345093
2020-07-27 00:00:00,0.609000027179718,0.6100000143051147,0.5740000009536743
2020-07-28 00:00:00,0.5809999704360962,0.6069999933242798,0.5770000219345093
2020-07-29 00:00:00,0.5789999961853027,0.5950000286102295,0.5709999799728394
2020-07-30 00:00:00,0.5410000085830688,0.5609999895095825,0.5379999876022339
2020-07-31 00:00:00,0.5360000133514404,0.5640000104904175,0.527999997138977
2020-08-03 00:00:00,0.5630000233650208,0.5720000267028809,0.5529999732971191
2020-08-04 00:00:00,0.5149999856948853,0.5379999876022339,0.5099999904632568
2020-08-05 00:00:00,0.5429999828338623,0.5529999732971191,0.527999997138977
2020-08-06 00:00:00,0.5360000133514404,0.5429999828338623,0.5040000081062317
2020-08-07 00:00:00,0.5619999766349792,0.5690000057220459,0.5249999761581421
2020-08-10 00:00:00,0.5740000009536743,0.5759999752044678,0.5460000038146973
2020-08-11 00:00:00,0.6579999923706055,0.6610000133514404,0.6100000143051147
2020-08-12 00:00:00,0.6700000166893005,0.6899999976158142,0.6549999713897705
2020-08-13 00:00:00,0.7160000205039978,0.7269999980926514,0.675000011920929
2020-08-14 00:00:00,0.7089999914169312,0.7129999995231628,0.6909999847412109
2020-08-17 00:00:00,0.6830000281333923,0.6930000185966492,0.6669999957084656
2020-08-18 00:00:00,0.6690000295639038,0.6880000233650208,0.6570000052452087
2020-08-19 00:00:00,0.675000011920929,0.6880000233650208,0.6480000019073486
2020-08-20 00:00:00,0.6439999938011169,0.652999997138977,0.6380000114440918
2020-08-21 00:00:00,0.6399999856948853,0.656000018119812,0.6230000257492065
2020-08-24 00:00:00,0.6460000276565552,0.6510000228881836,0.621999979019165
2020-08-25 00:00:00,0.6819999814033508,0.7160000205039978,0.6790000200271606
2020-08-26 00:00:00,0.6869999766349792,0.7210000157356262,0.6850000023841858
2020-08-27 00:00:00,0.7459999918937683,0.7459999918937683,0.6489999890327454
2020-08-28 00:00:00,0.7289999723434448,0.7459999918937683,0.7129999995231628
2020-08-31 00:00:00,0.6930000185966492,0.7390000224113464,0.6919999718666077
2020-09-01 00:00:00,0.671999990940094,0.7289999723434448,0.6710000038146973
2020-09-02 00:00:00,0.6510000228881836,0.6869999766349792,0.6430000066757202
2020-09-03 00:00:00,0.621999979019165,0.6579999923706055,0.6060000061988831
2020-09-04 00:00:00,0.7210000157356262,0.7210000157356262,0.6430000066757202
2020-09-08 00:00:00,0.6840000152587891,0.6850000023841858,0.6639999747276306
2020-09-09 00:00:00,0.703000009059906,0.7099999785423279,0.6740000247955322
2020-09-10 00:00:00,0.6850000023841858,0.7229999899864197,0.6790000200271606
2020-09-11 00:00:00,0.6690000295639038,0.6970000267028809,0.6639999747276306
2020-09-14 00:00:00,0.6710000038146973,0.6759999990463257,0.652999997138977
2020-09-15 00:00:00,0.6790000200271606,0.6890000104904175,0.6740000247955322
2020-09-16 00:00:00,0.6869999766349792,0.7020000219345093,0.656000018119812
2020-09-17 00:00:00,0.6840000152587891,0.6890000104904175,0.6460000276565552
2020-09-18 00:00:00,0.6940000057220459,0.6970000267028809,0.6690000295639038
2020-09-21 00:00:00,0.6710000038146973,0.6710000038146973,0.6480000019073486
2020-09-22 00:00:00,0.6639999747276306,0.6790000200271606,0.6610000133514404
2020-09-23 00:00:00,0.6759999990463257,0.6919999718666077,0.6710000038146973
2020-09-24 00:00:00,0.6660000085830688,0.6740000247955322,0.6610000133514404
2020-09-25 00:00:00,0.6589999794960022,0.6639999747276306,0.6510000228881836
2020-09-28 00:00:00,0.6629999876022339,0.6710000038146973,0.656000018119812
2020-09-29 00:00:00,0.6449999809265137,0.6589999794960022,0.640999972820282
2020-09-30 00:00:00,0.6769999861717224,0.7039999961853027,0.6449999809265137
2020-10-01 00:00:00,0.6769999861717224,0.7200000286102295,0.6690000295639038
2020-10-02 00:00:00,0.6959999799728394,0.7039999961853027,0.652999997138977
2020-10-05 00:00:00,0.7620000243186951,0.7620000243186951,0.7110000252723694
2020-10-06 00:00:00,0.7419999837875366,0.7919999957084656,0.7269999980926514
2020-10-07 00:00:00,0.7850000262260437,0.7889999747276306,0.7599999904632568
2020-10-08 00:00:00,0.7649999856948853,0.7799999713897705,0.7620000243186951
2020-10-09 00:00:00,0.7749999761581421,0.7990000247955322,0.7599999904632568
2020-10-12 00:00:00,0.7770000100135803,0.7770000100135803,0.7770000100135803
2020-10-13 00:00:00,0.7269999980926514,0.7570000290870667,0.7260000109672546
2020-10-14 00:00:00,0.722000002861023,0.7269999980926514,0.7089999914169312
2020-10-15 00:00:00,0.7310000061988831,0.734000027179718,0.6930000185966492
2020-10-16 00:00:00,0.7440000176429749,0.7570000290870667,0.7210000157356262
2020-10-19 00:00:00,0.7609999775886536,0.781000018119812,0.7570000290870667
2020-10-20 00:00:00,0.796999990940094,0.7990000247955322,0.7760000228881836
2020-10-21 00:00:00,0.8159999847412109,0.8230000138282776,0.7990000247955322
2020-10-22 00:00:00,0.8479999899864197,0.8529999852180481,0.8040000200271606
2020-10-23 00:00:00,0.8410000205039978,0.871999979019165,0.8309999704360962
2020-10-26 00:00:00,0.8009999990463257,0.8180000185966492,0.7910000085830688
2020-10-27 00:00:00,0.777999997138977,0.7940000295639038,0.7689999938011169
2020-10-28 00:00:00,0.781000018119812,0.7829999923706055,0.7459999918937683
2020-10-29 00:00:00,0.8349999785423279,0.8420000076293945,0.7689999938011169
2020-10-30 00:00:00,0.8600000143051147,0.8650000095367432,0.8159999847412109
2020-11-02 00:00:00,0.8489999771118164,0.8550000190734863,0.828000009059906
2020-11-03 00:00:00,0.8820000290870667,0.8960000276565552,0.8709999918937683
2020-11-04 00:00:00,0.7680000066757202,0.8009999990463257,0.7559999823570251
2020-11-05 00:00:00,0.7760000228881836,0.7900000214576721,0.7480000257492065
2020-11-06 00:00:00,0.8199999928474426,0.8370000123977661,0.7820000052452087
2020-11-09 00:00:00,0.9580000042915344,0.9750000238418579,0.902999997138977
2020-11-10 00:00:00,0.972000002861023,0.9729999899864197,0.9390000104904175
2020-11-11 00:00:00,0.9580000042915344,0.9580000042915344,0.9580000042915344
2020-11-12 00:00:00,0.8849999904632568,0.9369999766349792,0.8830000162124634
2020-11-13 00:00:00,0.8930000066757202,0.8980000019073486,0.871999979019165
2020-11-16 00:00:00,0.906000018119812,0.9210000038146973,0.8960000276565552
2020-11-17 00:00:00,0.871999979019165,0.8849999904632568,0.8650000095367432
2020-11-18 00:00:00,0.8820000290870667,0.8930000066757202,0.8510000109672546
2020-11-19 00:00:00,0.8539999723434448,0.8650000095367432,0.8420000076293945
2020-11-20 00:00:00,0.8289999961853027,0.8500000238418579,0.8259999752044678
2020-11-23 00:00:00,0.8569999933242798,0.8619999885559082,0.8460000157356262
2020-11-24 00:00:00,0.8820000290870667,0.8880000114440918,0.8650000095367432
2020-11-25 00:00:00,0.878000020980835,0.8849999904632568,0.8550000190734863
2020-11-27 00:00:00,0.8420000076293945,0.8640000224113464,0.8389999866485596
2020-11-30 00:00:00,0.843999981880188,0.859000027179718,0.8370000123977661
2020-12-01 00:00:00,0.9340000152587891,0.9380000233650208,0.8569999933242798
2020-12-02 00:00:00,0.9480000138282776,0.9660000205039978,0.9200000166893005
2020-12-03 00:00:00,0.9200000166893005,0.9409999847412109,0.9100000262260437
2020-12-04 00:00:00,0.968999981880188,0.9860000014305115,0.9010000228881836
2020-12-07 00:00:00,0.9279999732971191,0.9480000138282776,0.925000011920929
2020-12-08 00:00:00,0.9129999876022339,0.9279999732971191,0.8930000066757202
2020-12-09 00:00:00,0.9409999847412109,0.9589999914169312,0.925000011920929
2020-12-10 00:00:00,0.9079999923706055,0.9409999847412109,0.9079999923706055
2020-12-11 00:00:00,0.8930000066757202,0.8999999761581421,0.8730000257492065
2020-12-14 00:00:00,0.8920000195503235,0.9359999895095825,0.8880000114440918
2020-12-15 00:00:00,0.9229999780654907,0.925000011920929,0.9010000228881836
2020-12-16 00:00:00,0.9200000166893005,0.953000009059906,0.9129999876022339
2020-12-17 00:00:00,0.9300000071525574,0.9449999928474426,0.8920000195503235
2020-12-18 00:00:00,0.9480000138282776,0.9509999752044678,0.9200000166893005
2020-12-21 00:00:00,0.9409999847412109,0.9480000138282776,0.8949999809265137
2020-12-22 00:00:00,0.9179999828338623,0.9330000281333923,0.9160000085830688
2020-12-23 00:00:00,0.9549999833106995,0.9729999899864197,0.9179999828338623
2020-12-24 00:00:00,0.9279999732971191,0.9409999847412109,0.9229999780654907
2020-12-28 00:00:00,0.9330000281333923,0.9580000042915344,0.9309999942779541
2020-12-29 00:00:00,0.9350000023841858,0.949999988079071,0.9279999732971191
2020-12-30 00:00:00,0.9259999990463257,0.9449999928474426,0.925000011920929
2020-12-31 00:00:00,0.9169999957084656,0.9369999766349792,0.9120000004768372
2021-01-04 00:00:00,0.9169999957084656,0.953000009059906,0.9070000052452087
2021-01-05 00:00:00,0.9549999833106995,0.9629999995231628,0.9269999861717224
2021-01-06 00:00:00,1.0420000553131104,1.0540000200271606,1.0
2021-01-07 00:00:00,1.0709999799728394,1.0880000591278076,1.0540000200271606
2021-01-08 00:00:00,1.1050000190734863,1.1260000467300415,1.0750000476837158
2021-01-11 00:00:00,1.1319999694824219,1.1380000114440918,1.100000023841858
2021-01-12 00:00:00,1.1380000114440918,1.187000036239624,1.13100004196167
2021-01-13 00:00:00,1.0880000591278076,1.1330000162124634,1.0729999542236328
2021-01-14 00:00:00,1.128999948501587,1.1330000162124634,1.0870000123977661
2021-01-15 00:00:00,1.097000002861023,1.11899995803833,1.0850000381469727
2021-01-19 00:00:00,1.0920000076293945,1.1180000305175781,1.0889999866485596
2021-01-20 00:00:00,1.090000033378601,1.1059999465942383,1.0870000123977661
2021-01-21 00:00:00,1.1089999675750732,1.1230000257492065,1.0959999561309814
2021-01-22 00:00:00,1.090999960899353,1.1009999513626099,1.0820000171661377
2021-01-25 00:00:00,1.0399999618530273,1.0700000524520874,1.034999966621399
2021-01-26 00:00:00,1.0399999618530273,1.0499999523162842,1.0329999923706055
2021-01-27 00:00:00,1.0140000581741333,1.0230000019073486,1.0010000467300415
2021-01-28 00:00:00,1.0570000410079956,1.0700000524520874,1.0080000162124634
2021-01-29 00:00:00,1.093000054359436,1.1050000190734863,1.065999984741211
2021-02-01 00:00:00,1.0770000219345093,1.0880000591278076,1.059999942779541
2021-02-02 00:00:00,1.1050000190734863,1.1169999837875366,1.0959999561309814
2021-02-03 00:00:00,1.13100004196167,1.1319999694824219,1.1130000352859497
2021-02-04 00:00:00,1.1390000581741333,1.1619999408721924,1.1360000371932983
2021-02-05 00:00:00,1.1699999570846558,1.187999963760376,1.1360000371932983
2021-02-08 00:00:00,1.159999966621399,1.1929999589920044,1.149999976158142
2021-02-09 00:00:00,1.156999945640564,1.159000039100647,1.1399999856948853
2021-02-10 00:00:00,1.1330000162124634,1.1759999990463257,1.13100004196167
2021-02-11 00:00:00,1.1579999923706055,1.1649999618530273,1.1380000114440918
2021-02-12 00:00:00,1.2000000476837158,1.2020000219345093,1.1779999732971191
2021-02-16 00:00:00,1.2990000247955322,1.3009999990463257,1.2450000047683716
2021-02-17 00:00:00,1.3009999990463257,1.3309999704360962,1.2690000534057617
2021-02-18 00:00:00,1.2869999408721924,1.3179999589920044,1.2769999504089355
2021-02-19 00:00:00,1.3450000286102295,1.3619999885559082,1.3079999685287476
2021-02-22 00:00:00,1.3700000047683716,1.3700000047683716,1.3259999752044678
2021-02-23 00:00:00,1.3619999885559082,1.3890000581741333,1.3420000076293945
2021-02-24 00:00:00,1.3890000581741333,1.434999942779541,1.36899995803833
2021-02-25 00:00:00,1.5180000066757202,1.6139999628067017,1.4320000410079956
2021-02-26 00:00:00,1.4600000381469727,1.5190000534057617,1.4390000104904175
2021-03-01 00:00:00,1.4459999799728394,1.4600000381469727,1.406999945640564
2021-03-02 00:00:00,1.4149999618530273,1.4509999752044678,1.402999997138977
2021-03-03 00:00:00,1.4700000286102295,1.4980000257492065,1.4550000429153442
2021-03-04 00:00:00,1.5499999523162842,1.5549999475479126,1.4579999446868896
2021-03-05 00:00:00,1.5540000200271606,1.6260000467300415,1.5399999618530273
2021-03-08 00:00:00,1.5959999561309814,1.6059999465942383,1.5770000219345093
2021-03-09 00:00:00,1.5460000038146973,1.562999963760376,1.527999997138977
2021-03-10 00:00:00,1.5199999809265137,1.562999963760376,1.50600004196167
2021-03-11 00:00:00,1.5269999504089355,1.5470000505447388,1.496999979019165
2021-03-12 00:00:00,1.6349999904632568,1.6419999599456787,1.5839999914169312
2021-03-15 00:00:00,1.6069999933242798,1.6269999742507935,1.5950000286102295
2021-03-16 00:00:00,1.621000051498413,1.628999948501587,1.5850000381469727
2021-03-17 00:00:00,1.6410000324249268,1.6890000104904175,1.6319999694824219
2021-03-18 00:00:00,1.7300000190734863,1.753999948501587,1.7239999771118164
2021-03-19 00:00:00,1.7319999933242798,1.75,1.6820000410079956
2021-03-22 00:00:00,1.684000015258789,1.7020000219345093,1.6749999523162842
2021-03-23 00:00:00,1.6380000114440918,1.6649999618530273,1.6380000114440918
2021-03-24 00:00:00,1.6139999628067017,1.6510000228881836,1.6119999885559082
2021-03-25 00:00:00,1.6139999628067017,1.6419999599456787,1.590999960899353
2021-03-26 00:00:00,1.659999966621399,1.6759999990463257,1.6339999437332153
2021-03-29 00:00:00,1.7209999561309814,1.7280000448226929,1.6410000324249268
2021-03-30 00:00:00,1.7259999513626099,1.7649999856948853,1.7170000076293945
2021-03-31 00:00:00,1.746000051498413,1.7510000467300415,1.7079999446868896
2021-04-01 00:00:00,1.6790000200271606,1.7070000171661377,1.6720000505447388
2021-04-05 00:00:00,1.7200000286102295,1.7450000047683716,1.7039999961853027
2021-04-06 00:00:00,1.656000018119812,1.6950000524520874,1.652999997138977
2021-04-07 00:00:00,1.652999997138977,1.6699999570846558,1.6349999904632568
2021-04-08 00:00:00,1.6319999694824219,1.6619999408721924,1.628000020980835
2021-04-09 00:00:00,1.6660000085830688,1.687000036239624,1.6369999647140503
2021-04-12 00:00:00,1.6749999523162842,1.684999942779541,1.6640000343322754
2021-04-13 00:00:00,1.6230000257492065,1.6959999799728394,1.621999979019165
2021-04-14 00:00:00,1.6380000114440918,1.649999976158142,1.628999948501587
2021-04-15 00:00:00,1.5299999713897705,1.6180000305175781,1.5290000438690186
2021-04-16 00:00:00,1.5729999542236328,1.5980000495910645,1.5640000104904175
2021-04-19 00:00:00,1.6009999513626099,1.6150000095367432,1.5800000429153442
2021-04-20 00:00:00,1.562000036239624,1.6119999885559082,1.5570000410079956
2021-04-21 00:00:00,1.5640000104904175,1.5839999914169312,1.5540000200271606
2021-04-22 00:00:00,1.5540000200271606,1.5870000123977661,1.5429999828338623
2021-04-23 00:00:00,1.5670000314712524,1.5809999704360962,1.531000018119812
2021-04-26 00:00:00,1.5700000524520874,1.5950000286102295,1.555999994277954
2021-04-27 00:00:00,1.621999979019165,1.6269999742507935,1.5700000524520874
2021-04-28 00:00:00,1.6200000047683716,1.659000039100647,1.6130000352859497
2021-04-29 00:00:00,1.6399999856948853,1.687999963760376,1.6399999856948853
2021-04-30 00:00:00,1.63100004196167,1.652999997138977,1.621999979019165
2021-05-03 00:00:00,1.6069999933242798,1.6510000228881836,1.5779999494552612
2021-05-04 00:00:00,1.5920000076293945,1.6030000448226929,1.5570000410079956
2021-05-05 00:00:00,1.5839999914169312,1.6260000467300415,1.5820000171661377
2021-05-06 00:00:00,1.5609999895095825,1.590999960899353,1.5570000410079956
2021-05-07 00:00:00,1.5770000219345093,1.5839999914169312,1.4709999561309814
2021-05-10 00:00:00,1.6019999980926514,1.6069999933242798,1.559999942779541
2021-05-11 00:00:00,1.6239999532699585,1.63100004196167,1.6019999980926514
2021-05-12 00:00:00,1.6950000524520874,1.6950000524520874,1.6169999837875366
2021-05-13 00:00:00,1.6679999828338623,1.7000000476837158,1.656999945640564
2021-05-14 00:00:00,1.6349999904632568,1.6510000228881836,1.625
2021-05-17 00:00:00,1.6399999856948853,1.6469999551773071,1.628000020980835
2021-05-18 00:00:00,1.6419999599456787,1.656999945640564,1.628000020980835
2021-05-19 00:00:00,1.6829999685287476,1.6920000314712524,1.6200000047683716
2021-05-20 00:00:00,1.6339999437332153,1.6660000085830688,1.6269999742507935
2021-05-21 00:00:00,1.6319999694824219,1.6390000581741333,1.6130000352859497
2021-05-24 00:00:00,1.6080000400543213,1.621999979019165,1.5980000495910645
2021-05-25 00:00:00,1.5640000104904175,1.600000023841858,1.562000036239624
2021-05-26 00:00:00,1.5740000009536743,1.5829999446868896,1.5520000457763672
2021-05-27 00:00:00,1.6100000143051147,1.625,1.6050000190734863
2021-05-28 00:00:00,1.5809999704360962,1.6180000305175781,1.5789999961853027
2021-06-01 00:00:00,1.6150000095367432,1.6390000581741333,1.6080000400543213
2021-06-02 00:00:00,1.590999960899353,1.6059999465942383,1.5880000591278076
2021-06-03 00:00:00,1.625,1.6299999952316284,1.5959999561309814
2021-06-04 00:00:00,1.559999942779541,1.6349999904632568,1.5570000410079956
2021-06-07 00:00:00,1.569000005722046,1.5820000171661377,1.5640000104904175
2021-06-08 00:00:00,1.527999997138977,1.5360000133514404,1.5130000114440918
2021-06-09 00:00:00,1.4889999628067017,1.5080000162124634,1.472000002861023
2021-06-10 00:00:00,1.4589999914169312,1.5329999923706055,1.4589999914169312
2021-06-11 00:00:00,1.4620000123977661,1.472000002861023,1.4500000476837158
2021-06-14 00:00:00,1.5010000467300415,1.5019999742507935,1.4589999914169312
2021-06-15 00:00:00,1.4989999532699585,1.5130000114440918,1.4859999418258667
2021-06-16 00:00:00,1.569000005722046,1.593999981880188,1.4839999675750732
2021-06-17 00:00:00,1.5110000371932983,1.5750000476837158,1.472000002861023
2021-06-18 00:00:00,1.4500000476837158,1.5210000276565552,1.437999963760376
2021-06-21 00:00:00,1.4839999675750732,1.4919999837875366,1.4520000219345093
2021-06-22 00:00:00,1.472000002861023,1.5089999437332153,1.4700000286102295
2021-06-23 00:00:00,1.4869999885559082,1.4989999532699585,1.465000033378601
2021-06-24 00:00:00,1.4869999885559082,1.496999979019165,1.4769999980926514
2021-06-25 00:00:00,1.5360000133514404,1.5449999570846558,1.4780000448226929
2021-06-28 00:00:00,1.4780000448226929,1.5119999647140503,1.4709999561309814
2021-06-29 00:00:00,1.4800000190734863,1.5099999904632568,1.4780000448226929
2021-06-30 00:00:00,1.4429999589920044,1.465999960899353,1.437999963760376
2021-07-01 00:00:00,1.4800000190734863,1.4850000143051147,1.4539999961853027
2021-07-02 00:00:00,1.430999994277954,1.468000054359436,1.4259999990463257
2021-07-06 00:00:00,1.3700000047683716,1.4270000457763672,1.3519999980926514
2021-07-07 00:00:00,1.3209999799728394,1.343000054359436,1.2960000038146973
2021-07-08 00:00:00,1.2879999876022339,1.305999994277954,1.2680000066757202
2021-07-09 00:00:00,1.3559999465942383,1.3600000143051147,1.3329999446868896
2021-07-12 00:00:00,1.3630000352859497,1.3760000467300415,1.3380000591278076
2021-07-13 00:00:00,1.4149999618530273,1.4199999570846558,1.343000054359436
2021-07-14 00:00:00,1.3559999465942383,1.3860000371932983,1.3539999723434448
2021-07-15 00:00:00,1.2970000505447388,1.3489999771118164,1.2920000553131104
2021-07-16 00:00:00,1.2999999523162842,1.3359999656677246,1.2990000247955322
2021-07-19 00:00:00,1.180999994277954,1.2269999980926514,1.1759999990463257
2021-07-20 00:00:00,1.2089999914169312,1.2239999771118164,1.128000020980835
2021-07-21 00:00:00,1.2799999713897705,1.3029999732971191,1.2330000400543213
2021-07-22 00:00:00,1.2649999856948853,1.2949999570846558,1.2330000400543213
2021-07-23 00:00:00,1.2860000133514404,1.312000036239624,1.281000018119812
2021-07-26 00:00:00,1.2760000228881836,1.284999966621399,1.2510000467300415
2021-07-27 00:00:00,1.2339999675750732,1.253999948501587,1.2289999723434448
2021-07-28 00:00:00,1.2610000371932983,1.277999997138977,1.246000051498413
2021-07-29 00:00:00,1.2690000534057617,1.284000039100647,1.24399995803833
2021-07-30 00:00:00,1.2389999628067017,1.2510000467300415,1.2259999513626099
2021-08-02 00:00:00,1.1740000247955322,1.2309999465942383,1.1510000228881836
2021-08-03 00:00:00,1.1759999990463257,1.180999994277954,1.1540000438690186
2021-08-04 00:00:00,1.184000015258789,1.215000033378601,1.128999948501587
2021-08-05 00:00:00,1.2170000076293945,1.2269999980926514,1.1790000200271606
2021-08-06 00:00:00,1.2899999618530273,1.2999999523162842,1.246999979019165
2021-08-09 00:00:00,1.3170000314712524,1.3240000009536743,1.2680000066757202
2021-08-10 00:00:00,1.3420000076293945,1.3489999771118164,1.312000036239624
2021-08-11 00:00:00,1.3289999961853027,1.371000051498413,1.3020000457763672
2021-08-12 00:00:00,1.3669999837875366,1.378999948501587,1.3509999513626099
2021-08-13 00:00:00,1.2970000505447388,1.3589999675750732,1.2929999828338623
2021-08-16 00:00:00,1.2569999694824219,1.281999945640564,1.225000023841858
2021-08-17 00:00:00,1.2580000162124634,1.2719999551773071,1.2230000495910645
2021-08-18 00:00:00,1.2730000019073486,1.2990000247955322,1.2630000114440918
2021-08-19 00:00:00,1.2419999837875366,1.2569999694824219,1.2319999933242798
2021-08-20 00:00:00,1.2599999904632568,1.2669999599456787,1.2280000448226929
2021-08-23 00:00:00,1.2549999952316284,1.2730000019073486,1.2519999742507935
2021-08-24 00:00:00,1.2899999618530273,1.2920000553131104,1.2599999904632568
2021-08-25 00:00:00,1.3420000076293945,1.3509999513626099,1.2899999618530273
2021-08-26 00:00:00,1.3420000076293945,1.375,1.340999960899353
2021-08-27 00:00:00,1.312000036239624,1.3589999675750732,1.309999942779541
2021-08-30 00:00:00,1.284999966621399,1.312000036239624,1.284999966621399
2021-08-31 00:00:00,1.3040000200271606,1.3140000104904175,1.2699999809265137
2021-09-01 00:00:00,1.3020000457763672,1.3220000267028809,1.284000039100647
2021-09-02 00:00:00,1.2940000295639038,1.3040000200271606,1.284999966621399
2021-09-03 00:00:00,1.3220000267028809,1.3359999656677246,1.2699999809265137
2021-09-07 00:00:00,1.3700000047683716,1.3849999904632568,1.3580000400543213
2021-09-08 00:00:00,1.3339999914169312,1.3630000352859497,1.3270000219345093
2021-09-09 00:00:00,1.2990000247955322,1.3459999561309814,1.2869999408721924
2021-09-10 00:00:00,1.340999960899353,1.3550000190734863,1.3170000314712524
2021-09-13 00:00:00,1.3240000009536743,1.3380000591278076,1.315999984741211
2021-09-14 00:00:00,1.2769999504089355,1.350000023841858,1.2649999856948853
2021-09-15 00:00:00,1.3040000200271606,1.319000005722046,1.2599999904632568
2021-09-16 00:00:00,1.3309999704360962,1.3509999513626099,1.309000015258789
2021-09-17 00:00:00,1.3700000047683716,1.3860000371932983,1.3359999656677246
2021-09-20 00:00:00,1.309000015258789,1.3380000591278076,1.2970000505447388
2021-09-21 00:00:00,1.3240000009536743,1.3259999752044678,1.305999994277954
2021-09-22 00:00:00,1.3359999656677246,1.3380000591278076,1.2970000505447388
2021-09-23 00:00:00,1.409999966621399,1.4110000133514404,1.3359999656677246
2021-09-24 00:00:00,1.4600000381469727,1.465999960899353,1.4220000505447388
2021-09-27 00:00:00,1.4839999675750732,1.5169999599456787,1.4700000286102295
2021-09-28 00:00:00,1.534000039100647,1.5670000314712524,1.5149999856948853
2021-09-29 00:00:00,1.5410000085830688,1.5529999732971191,1.4980000257492065
2021-09-30 00:00:00,1.5290000438690186,1.5549999475479126,1.5119999647140503
2021-10-01 00:00:00,1.4789999723434448,1.5049999952316284,1.4739999771118164
2021-10-04 00:00:00,1.4809999465942383,1.5080000162124634,1.4630000591278076
2021-10-05 00:00:00,1.5290000438690186,1.5379999876022339,1.4889999628067017
2021-10-06 00:00:00,1.5240000486373901,1.5429999828338623,1.5089999437332153
2021-10-07 00:00:00,1.5709999799728394,1.5729999542236328,1.5290000438690186
2021-10-08 00:00:00,1.6050000190734863,1.6169999837875366,1.5579999685287476
2021-10-11 00:00:00,1.6139999628067017,1.6139999628067017,1.6139999628067017
2021-10-12 00:00:00,1.5800000429153442,1.6150000095367432,1.5770000219345093
2021-10-13 00:00:00,1.5490000247955322,1.600000023841858,1.5260000228881836
2021-10-14 00:00:00,1.5190000534057617,1.5460000038146973,1.5069999694824219
2021-10-15 00:00:00,1.5759999752044678,1.5770000219345093,1.5390000343322754
2021-10-18 00:00:00,1.5839999914169312,1.6269999742507935,1.5770000219345093
2021-10-19 00:00:00,1.6349999904632568,1.6360000371932983,1.593000054359436
2021-10-20 00:00:00,1.6360000371932983,1.652999997138977,1.6200000047683716
2021-10-21 00:00:00,1.6759999990463257,1.6829999685287476,1.6449999809265137
2021-10-22 00:00:00,1.6549999713897705,1.690999984741211,1.6360000371932983
2021-10-25 00:00:00,1.6349999904632568,1.6729999780654907,1.6200000047683716
2021-10-26 00:00:00,1.61899995803833,1.6540000438690186,1.6169999837875366
2021-10-27 00:00:00,1.5290000438690186,1.5989999771118164,1.5199999809265137
2021-10-28 00:00:00,1.5679999589920044,1.5820000171661377,1.5299999713897705
2021-10-29 00:00:00,1.5570000410079956,1.61899995803833,1.5540000200271606
2021-11-01 00:00:00,1.5750000476837158,1.6050000190734863,1.5609999895095825
2021-11-02 00:00:00,1.5490000247955322,1.5700000524520874,1.527999997138977
2021-11-03 00:00:00,1.5789999961853027,1.6019999980926514,1.5299999713897705
2021-11-04 00:00:00,1.5240000486373901,1.5789999961853027,1.5089999437332153
2021-11-05 00:00:00,1.4529999494552612,1.5470000505447388,1.4500000476837158
2021-11-08 00:00:00,1.496999979019165,1.503999948501587,1.4600000381469727
2021-11-09 00:00:00,1.4320000410079956,1.468999981880188,1.4149999618530273
2021-11-10 00:00:00,1.559999942779541,1.5920000076293945,1.4639999866485596
2021-11-11 00:00:00,1.559999942779541,1.559999942779541,1.559999942779541
2021-11-12 00:00:00,1.5820000171661377,1.5889999866485596,1.5410000085830688
2021-11-15 00:00:00,1.6230000257492065,1.625,1.5490000247955322
2021-11-16 00:00:00,1.6339999437332153,1.6369999647140503,1.5989999771118164
2021-11-17 00:00:00,1.6039999723434448,1.6460000276565552,1.5989999771118164
2021-11-18 00:00:00,1.5889999866485596,1.6130000352859497,1.5770000219345093
2021-11-19 00:00:00,1.5360000133514404,1.5570000410079956,1.5210000276565552
2021-11-22 00:00:00,1.625,1.6269999742507935,1.5700000524520874
2021-11-23 00:00:00,1.6670000553131104,1.6690000295639038,1.6390000581741333
2021-11-24 00:00:00,1.6449999809265137,1.6929999589920044,1.6390000581741333
2021-11-26 00:00:00,1.4819999933242798,1.5429999828338623,1.4730000495910645
2021-11-29 00:00:00,1.5299999713897705,1.565000057220459,1.5110000371932983
2021-11-30 00:00:00,1.4429999589920044,1.5,1.4119999408721924
2021-12-01 00:00:00,1.434000015258789,1.496999979019165,1.430999994277954
2021-12-02 00:00:00,1.4479999542236328,1.465000033378601,1.409000039100647
2021-12-03 00:00:00,1.343000054359436,1.4700000286102295,1.343000054359436
2021-12-06 00:00:00,1.434000015258789,1.440999984741211,1.3700000047683716
2021-12-07 00:00:00,1.4800000190734863,1.4819999933242798,1.4390000104904175
2021-12-08 00:00:00,1.5089999437332153,1.5369999408721924,1.4889999628067017
2021-12-09 00:00:00,1.4869999885559082,1.5080000162124634,1.472000002861023
2021-12-10 00:00:00,1.4889999628067017,1.5199999809265137,1.4509999752044678
2021-12-13 00:00:00,1.4240000247955322,1.472000002861023,1.4140000343322754
2021-12-14 00:00:00,1.437999963760376,1.472000002861023,1.4210000038146973
2021-12-15 00:00:00,1.4630000591278076,1.4839999675750732,1.4359999895095825
2021-12-16 00:00:00,1.4220000505447388,1.4789999723434448,1.4160000085830688
2021-12-17 00:00:00,1.4019999504089355,1.4119999408721924,1.371999979019165
2021-12-20 00:00:00,1.4190000295639038,1.4210000038146973,1.375
2021-12-21 00:00:00,1.4869999885559082,1.4980000257492065,1.4479999542236328
2021-12-22 00:00:00,1.4570000171661377,1.4809999465942383,1.4479999542236328
2021-12-23 00:00:00,1.4930000305175781,1.5010000467300415,1.4579999446868896
2021-12-27 00:00:00,1.4809999465942383,1.49399995803833,1.4759999513626099
2021-12-28 00:00:00,1.4809999465942383,1.4889999628067017,1.4550000429153442
2021-12-29 00:00:00,1.5429999828338623,1.5579999685287476,1.5049999952316284
2021-12-30 00:00:00,1.5149999856948853,1.5499999523162842,1.5130000114440918
2021-12-31 00:00:00,1.5119999647140503,1.5219999551773071,1.4910000562667847
2022-01-03 00:00:00,1.628000020980835,1.6349999904632568,1.5329999923706055
2022-01-04 00:00:00,1.6679999828338623,1.6859999895095825,1.6540000438690186
2022-01-05 00:00:00,1.7050000429153442,1.7100000381469727,1.6469999551773071
2022-01-06 00:00:00,1.7330000400543213,1.74399995803833,1.7209999561309814
2022-01-07 00:00:00,1.7710000276565552,1.8009999990463257,1.7269999980926514
2022-01-10 00:00:00,1.7799999713897705,1.8079999685287476,1.7669999599456787
2022-01-11 00:00:00,1.746000051498413,1.784999966621399,1.7450000047683716
2022-01-12 00:00:00,1.725000023841858,1.746000051498413,1.7109999656677246
2022-01-13 00:00:00,1.7109999656677246,1.746000051498413,1.7079999446868896
2022-01-14 00:00:00,1.7719999551773071,1.774999976158142,1.7059999704360962
2022-01-18 00:00:00,1.8650000095367432,1.8660000562667847,1.812999963760376
2022-01-19 00:00:00,1.8270000219345093,1.8739999532699585,1.8220000267028809
2022-01-20 00:00:00,1.8329999446868896,1.8450000286102295,1.8200000524520874
2022-01-21 00:00:00,1.746999979019165,1.784999966621399,1.7330000400543213
2022-01-24 00:00:00,1.7350000143051147,1.7369999885559082,1.7070000171661377
2022-01-25 00:00:00,1.7829999923706055,1.7869999408721924,1.7300000190734863
2022-01-26 00:00:00,1.8480000495910645,1.8569999933242798,1.7710000276565552
2022-01-27 00:00:00,1.8070000410079956,1.8420000076293945,1.781999945640564
2022-01-28 00:00:00,1.781999945640564,1.8480000495910645,1.7769999504089355
2022-01-31 00:00:00,1.781999945640564,1.815999984741211,1.7730000019073486
2022-02-01 00:00:00,1.7999999523162842,1.8200000524520874,1.75
2022-02-02 00:00:00,1.7660000324249268,1.8109999895095825,1.7430000305175781
2022-02-03 00:00:00,1.8270000219345093,1.847000002861023,1.7970000505447388
2022-02-04 00:00:00,1.9299999475479126,1.9359999895095825,1.809999942779541
2022-02-07 00:00:00,1.9160000085830688,1.9390000104904175,1.909999966621399
2022-02-08 00:00:00,1.9539999961853027,1.9709999561309814,1.9429999589920044
2022-02-09 00:00:00,1.9290000200271606,1.9470000267028809,1.909000039100647
2022-02-10 00:00:00,2.0309998989105225,2.049999952316284,1.9270000457763672
2022-02-11 00:00:00,1.9550000429153442,2.062999963760376,1.934000015258789
2022-02-14 00:00:00,1.996000051498413,2.0260000228881836,1.9550000429153442
2022-02-15 00:00:00,2.0450000762939453,2.055999994277954,2.0239999294281006
2022-02-16 00:00:00,2.046999931335449,2.065000057220459,2.006999969482422
2022-02-17 00:00:00,1.972000002861023,2.0139999389648438,1.9529999494552612
2022-02-18 00:00:00,1.9320000410079956,1.9600000381469727,1.9179999828338623
2022-02-22 00:00:00,1.9479999542236328,1.9600000381469727,1.9199999570846558
2022-02-23 00:00:00,1.9769999980926514,2.0,1.9550000429153442
2022-02-24 00:00:00,1.968999981880188,1.968999981880188,1.8559999465942383
2022-02-25 00:00:00,1.9859999418258667,2.010999917984009,1.9630000591278076
2022-02-28 00:00:00,1.8389999866485596,1.9199999570846558,1.8389999866485596
2022-03-01 00:00:00,1.7070000171661377,1.7940000295639038,1.6820000410079956
2022-03-02 00:00:00,1.8650000095367432,1.8680000305175781,1.7599999904632568
2022-03-03 00:00:00,1.843999981880188,1.8969999551773071,1.8300000429153442
2022-03-04 00:00:00,1.7239999771118164,1.815999984741211,1.7000000476837158
2022-03-07 00:00:00,1.7510000467300415,1.805999994277954,1.718999981880188
2022-03-08 00:00:00,1.871999979019165,1.8769999742507935,1.8350000381469727
2022-03-09 00:00:00,1.9479999542236328,1.9500000476837158,1.8919999599456787
2022-03-10 00:00:00,2.010999917984009,2.0209999084472656,1.9459999799728394
2022-03-11 00:00:00,2.003999948501587,2.0199999809265137,1.9759999513626099
2022-03-14 00:00:00,2.140000104904175,2.140000104904175,2.069000005722046
2022-03-15 00:00:00,2.1600000858306885,2.1619999408721924,2.078000068664551
2022-03-16 00:00:00,2.187999963760376,2.246000051498413,2.1489999294281006
2022-03-17 00:00:00,2.191999912261963,2.194000005722046,2.134999990463257
2022-03-18 00:00:00,2.1480000019073486,2.177999973297119,2.13700008392334
2022-03-21 00:00:00,2.315000057220459,2.315000057220459,2.2070000171661377
2022-03-22 00:00:00,2.372999906539917,2.390000104904175,2.3329999446868896
2022-03-23 00:00:00,2.321000099182129,2.3949999809265137,2.2990000247955322
2022-03-24 00:00:00,2.3410000801086426,2.385999917984009,2.3259999752044678
2022-03-25 00:00:00,2.492000102996826,2.503000020980835,2.3540000915527344
2022-03-28 00:00:00,2.4769999980926514,2.4809999465942383,2.4140000343322754
2022-03-29 00:00:00,2.4000000953674316,2.496000051498413,2.380000114440918
2022-03-30 00:00:00,2.3580000400543213,2.434999942779541,2.3450000286102295
2022-03-31 00:00:00,2.3269999027252197,2.3510000705718994,2.311000108718872
2022-04-01 00:00:00,2.377000093460083,2.4560000896453857,2.3570001125335693
2022-04-04 00:00:00,2.4119999408721924,2.434000015258789,2.371000051498413
2022-04-05 00:00:00,2.555999994277954,2.566999912261963,2.447000026702881
2022-04-06 00:00:00,2.6089999675750732,2.6410000324249268,2.568000078201294
2022-04-07 00:00:00,2.6519999504089355,2.6730000972747803,2.6089999675750732
2022-04-08 00:00:00,2.7130000591278076,2.7279999256134033,2.6679999828338623
2022-04-11 00:00:00,2.7799999713897705,2.7920000553131104,2.7339999675750732
2022-04-12 00:00:00,2.7249999046325684,2.7709999084472656,2.6740000247955322
2022-04-13 00:00:00,2.687000036239624,2.760999917984009,2.6459999084472656
2022-04-14 00:00:00,2.828000068664551,2.8350000381469727,2.6670000553131104
2022-04-18 00:00:00,2.861999988555908,2.868000030517578,2.809999942779541
2022-04-19 00:00:00,2.9130001068115234,2.930000066757202,2.880000114440918
2022-04-20 00:00:00,2.8399999141693115,2.9030001163482666,2.819000005722046
2022-04-21 00:00:00,2.9170000553131104,2.9539999961853027,2.8459999561309814
2022-04-22 00:00:00,2.9059998989105225,2.937999963760376,2.864000082015991
2022-04-25 00:00:00,2.8259999752044678,2.8429999351501465,2.759999990463257
2022-04-26 00:00:00,2.7720000743865967,2.7820000648498535,2.7239999771118164
2022-04-27 00:00:00,2.818000078201294,2.819999933242798,2.7300000190734863
2022-04-28 00:00:00,2.86299991607666,2.888000011444092,2.8359999656677246
2022-04-29 00:00:00,2.88700008392334,2.934000015258789,2.8540000915527344
2022-05-02 00:00:00,2.996000051498413,3.002000093460083,2.9070000648498535
2022-05-03 00:00:00,2.9600000381469727,2.9690001010894775,2.9130001068115234
2022-05-04 00:00:00,2.9170000553131104,3.010999917984009,2.9110000133514404
2022-05-05 00:00:00,3.065999984741211,3.1080000400543213,2.927000045776367
2022-05-06 00:00:00,3.122999906539917,3.13100004196167,3.0429999828338623
2022-05-09 00:00:00,3.0789999961853027,3.1670000553131104,3.069000005722046
2022-05-10 00:00:00,2.993000030517578,3.005000114440918,2.941999912261963
2022-05-11 00:00:00,2.9210000038146973,3.0759999752044678,2.9070000648498535
2022-05-12 00:00:00,2.816999912261963,2.880000114440918,2.816999912261963
2022-05-13 00:00:00,2.934999942779541,2.941999912261963,2.888000011444092
2022-05-16 00:00:00,2.877000093460083,2.933000087738037,2.8529999256134033
2022-05-17 00:00:00,2.9679999351501465,2.9839999675750732,2.9089999198913574
2022-05-18 00:00:00,2.885999917984009,3.0139999389648438,2.878999948501587
2022-05-19 00:00:00,2.8550000190734863,2.8589999675750732,2.7720000743865967
2022-05-20 00:00:00,2.7869999408721924,2.8610000610351562,2.7739999294281006
2022-05-23 00:00:00,2.8589999675750732,2.868000030517578,2.8010001182556152
2022-05-24 00:00:00,2.759999990463257,2.828000068664551,2.7179999351501465
2022-05-25 00:00:00,2.749000072479248,2.7699999809265137,2.7079999446868896
2022-05-26 00:00:00,2.75600004196167,2.7950000762939453,2.7290000915527344
2022-05-27 00:00:00,2.743000030517578,2.752000093460083,2.7090001106262207
2022-05-31 00:00:00,2.8440001010894775,2.877000093460083,2.828000068664551
2022-06-01 00:00:00,2.930999994277954,2.9519999027252197,2.8329999446868896
2022-06-02 00:00:00,2.9130001068115234,2.941999912261963,2.8889999389648438
2022-06-03 00:00:00,2.9570000171661377,2.9860000610351562,2.9189999103546143
2022-06-06 00:00:00,3.0380001068115234,3.0399999618530273,2.9609999656677246
2022-06-07 00:00:00,2.9719998836517334,3.0290000438690186,2.9570000171661377
2022-06-08 00:00:00,3.0290000438690186,3.0399999618530273,2.98799991607666
2022-06-09 00:00:00,3.0439999103546143,3.072999954223633,3.0199999809265137
2022-06-10 00:00:00,3.1559998989105225,3.177999973297119,2.99399995803833
2022-06-13 00:00:00,3.365999937057495,3.365999937057495,3.246000051498413
2022-06-14 00:00:00,3.4830000400543213,3.4830000400543213,3.302999973297119
2022-06-15 00:00:00,3.3949999809265137,3.447999954223633,3.3540000915527344
2022-06-16 00:00:00,3.306999921798706,3.450000047683716,3.306999921798706
2022-06-17 00:00:00,3.239000082015991,3.312999963760376,3.197000026702881
2022-06-21 00:00:00,3.306999921798706,3.316999912261963,3.257999897003174
2022-06-22 00:00:00,3.1559998989105225,3.2049999237060547,3.125999927520752
2022-06-23 00:00:00,3.068000078201294,3.124000072479248,3.005000114440918
2022-06-24 00:00:00,3.125,3.1410000324249268,3.056999921798706
2022-06-27 00:00:00,3.194000005722046,3.2190001010894775,3.1530001163482666
2022-06-28 00:00:00,3.2060000896453857,3.253000020980835,3.184999942779541
2022-06-29 00:00:00,3.0929999351501465,3.187000036239624,3.0929999351501465
2022-06-30 00:00:00,2.9719998836517334,3.0409998893737793,2.9719998836517334
2022-07-01 00:00:00,2.8889999389648438,2.931999921798706,2.7909998893737793
2022-07-05 00:00:00,2.809000015258789,2.871000051498413,2.7799999713897705
2022-07-06 00:00:00,2.9130001068115234,2.9240000247955322,2.746000051498413
2022-07-07 00:00:00,3.007999897003174,3.0169999599456787,2.927999973297119
2022-07-08 00:00:00,3.1010000705718994,3.1010000705718994,2.9760000705718994
2022-07-11 00:00:00,2.990999937057495,3.0490000247955322,2.9690001010894775
2022-07-12 00:00:00,2.9579999446868896,2.9709999561309814,2.8989999294281006
2022-07-13 00:00:00,2.9040000438690186,3.071000099182129,2.9000000953674316
2022-07-14 00:00:00,2.9600000381469727,3.0280001163482666,2.943000078201294
2022-07-15 00:00:00,2.930000066757202,2.9709999561309814,2.9010000228881836
2022-07-18 00:00:00,2.9600000381469727,3.0190000534057617,2.9560000896453857
2022-07-19 00:00:00,3.0190000534057617,3.0380001068115234,2.9709999561309814
2022-07-20 00:00:00,3.0360000133514404,3.0420000553131104,2.943000078201294
2022-07-21 00:00:00,2.9100000858306885,3.0810000896453857,2.9100000858306885
2022-07-22 00:00:00,2.7829999923706055,2.822999954223633,2.7320001125335693
2022-07-25 00:00:00,2.819999933242798,2.8450000286102295,2.8010001182556152
2022-07-26 00:00:00,2.7869999408721924,2.7960000038146973,2.7070000171661377
2022-07-27 00:00:00,2.7339999675750732,2.802999973297119,2.7230000495910645
2022-07-28 00:00:00,2.680999994277954,2.7899999618530273,2.6489999294281006
2022-07-29 00:00:00,2.6419999599456787,2.7279999256134033,2.618000030517578
2022-08-01 00:00:00,2.6059999465942383,2.696000099182129,2.5840001106262207
2022-08-02 00:00:00,2.740999937057495,2.753999948501587,2.5250000953674316
2022-08-03 00:00:00,2.747999906539917,2.8489999771118164,2.746000051498413
2022-08-04 00:00:00,2.6760001182556152,2.7209999561309814,2.6559998989105225
2022-08-05 00:00:00,2.8399999141693115,2.86899995803833,2.687999963760376
2022-08-08 00:00:00,2.765000104904175,2.806999921798706,2.760999917984009
2022-08-09 00:00:00,2.796999931335449,2.813999891281128,2.7739999294281006
2022-08-10 00:00:00,2.7860000133514404,2.818000078201294,2.6740000247955322
2022-08-11 00:00:00,2.888000011444092,2.9019999504089355,2.7300000190734863
2022-08-12 00:00:00,2.8489999771118164,2.878999948501587,2.8369998931884766
2022-08-15 00:00:00,2.7909998893737793,2.803999900817871,2.759000062942505
2022-08-16 00:00:00,2.8239998817443848,2.871000051498413,2.803999900817871
2022-08-17 00:00:00,2.8929998874664307,2.9189999103546143,2.859999895095825
2022-08-18 00:00:00,2.880000114440918,2.8910000324249268,2.8350000381469727
2022-08-19 00:00:00,2.989000082015991,2.997999906539917,2.9519999027252197
2022-08-22 00:00:00,3.0369999408721924,3.0409998893737793,2.9649999141693115
2022-08-23 00:00:00,3.053999900817871,3.078000068664551,2.9830000400543213
2022-08-24 00:00:00,3.1059999465942383,3.125999927520752,3.0480000972747803
2022-08-25 00:00:00,3.0260000228881836,3.128000020980835,3.0199999809265137
2022-08-26 00:00:00,3.0350000858306885,3.0869998931884766,3.007999897003174
2022-08-29 00:00:00,3.109999895095825,3.125,3.0859999656677246
2022-08-30 00:00:00,3.109999895095825,3.1510000228881836,3.066999912261963
2022-08-31 00:00:00,3.132999897003174,3.1440000534057617,3.1029999256134033
2022-09-01 00:00:00,3.265000104904175,3.2950000762939453,3.2170000076293945
2022-09-02 00:00:00,3.193000078201294,3.2880001068115234,3.1760001182556152
2022-09-06 00:00:00,3.3399999141693115,3.3529999256134033,3.24399995803833
2022-09-07 00:00:00,3.265000104904175,3.3320000171661377,3.25
2022-09-08 00:00:00,3.2920000553131104,3.303999900817871,3.2090001106262207
2022-09-09 00:00:00,3.321000099182129,3.325000047683716,3.250999927520752
2022-09-12 00:00:00,3.361999988555908,3.365000009536743,3.26200008392334
2022-09-13 00:00:00,3.421999931335449,3.4579999446868896,3.2929999828338623
2022-09-14 00:00:00,3.4119999408721924,3.4760000705718994,3.382999897003174
2022-09-15 00:00:00,3.4590001106262207,3.4679999351501465,3.4100000858306885
2022-09-16 00:00:00,3.447999954223633,3.490000009536743,3.4149999618530273
2022-09-19 00:00:00,3.490000009536743,3.509999990463257,3.4630000591278076
2022-09-20 00:00:00,3.571000099182129,3.6019999980926514,3.5339999198913574
2022-09-21 00:00:00,3.509999990463257,3.619999885559082,3.503000020980835
2022-09-22 00:00:00,3.7079999446868896,3.7160000801086426,3.5460000038146973
2022-09-23 00:00:00,3.697000026702881,3.7730000019073486,3.6589999198913574
2022-09-26 00:00:00,3.878000020980835,3.9040000438690186,3.734999895095825
2022-09-27 00:00:00,3.9639999866485596,3.992000102996826,3.809000015258789
2022-09-28 00:00:00,3.7049999237060547,3.9130001068115234,3.703000068664551
2022-09-29 00:00:00,3.746999979019165,3.8259999752044678,3.7209999561309814
2022-09-30 00:00:00,3.803999900817871,3.803999900817871,3.686000108718872
2022-10-03 00:00:00,3.6510000228881836,3.7119998931884766,3.568000078201294
2022-10-04 00:00:00,3.617000102996826,3.6589999198913574,3.563999891281128
2022-10-05 00:00:00,3.759000062942505,3.7890000343322754,3.697000026702881
2022-10-06 00:00:00,3.8259999752044678,3.8440001010894775,3.740999937057495
2022-10-07 00:00:00,3.882999897003174,3.9100000858306885,3.8329999446868896
2022-10-10 00:00:00,3.888000011444092,3.888000011444092,3.888000011444092
2022-10-11 00:00:00,3.938999891281128,3.9700000286102295,3.869999885559082
2022-10-12 00:00:00,3.9019999504089355,3.9779999256134033,3.884000062942505
2022-10-13 00:00:00,3.9519999027252197,4.079999923706055,3.8440001010894775
2022-10-14 00:00:00,4.010000228881836,4.031000137329102,3.8510000705718994
2022-10-17 00:00:00,4.014999866485596,4.014999866485596,3.9100000858306885
2022-10-18 00:00:00,3.997999906539917,4.066999912261963,3.9649999141693115
2022-10-19 00:00:00,4.126999855041504,4.136000156402588,4.066999912261963
2022-10-20 00:00:00,4.22599983215332,4.228000164031982,4.10099983215332
2022-10-21 00:00:00,4.2129998207092285,4.333000183105469,4.199999809265137
2022-10-24 00:00:00,4.234000205993652,4.290999889373779,4.171000003814697
2022-10-25 00:00:00,4.107999801635742,4.171000003814697,4.052000045776367
2022-10-26 00:00:00,4.014999866485596,4.081999778747559,3.996999979019165
2022-10-27 00:00:00,3.937000036239624,4.066999912261963,3.9110000133514404
2022-10-28 00:00:00,4.010000228881836,4.047999858856201,3.950000047683716
2022-10-31 00:00:00,4.077000141143799,4.083000183105469,4.031000137329102
2022-11-01 00:00:00,4.052000045776367,4.078999996185303,3.9200000762939453
2022-11-02 00:00:00,4.059000015258789,4.078000068664551,3.9760000705718994
2022-11-03 00:00:00,4.124000072479248,4.2230000495910645,4.111000061035156
2022-11-04 00:00:00,4.156000137329102,4.209000110626221,4.104000091552734
2022-11-07 00:00:00,4.214000225067139,4.2179999351501465,4.142000198364258
2022-11-08 00:00:00,4.125999927520752,4.203000068664551,4.120999813079834
2022-11-09 00:00:00,4.151000022888184,4.173999786376953,4.0970001220703125
2022-11-10 00:00:00,3.8289999961853027,4.090000152587891,3.8239998817443848
2022-11-11 00:00:00,3.812999963760376,3.812999963760376,3.812999963760376
2022-11-14 00:00:00,3.865000009536743,3.9010000228881836,3.8540000915527344
2022-11-15 00:00:00,3.7990000247955322,3.8440001010894775,3.759999990463257
2022-11-16 00:00:00,3.691999912261963,3.796999931335449,3.691999912261963
2022-11-17 00:00:00,3.7750000953674316,3.802999973297119,3.743000030517578
2022-11-18 00:00:00,3.818000078201294,3.8269999027252197,3.76200008392334
2022-11-21 00:00:00,3.825000047683716,3.8359999656677246,3.76200008392334
2022-11-22 00:00:00,3.757999897003174,3.816999912261963,3.749000072479248
2022-11-23 00:00:00,3.7060000896453857,3.796999931335449,3.694999933242798
2022-11-25 00:00:00,3.690999984741211,3.75600004196167,3.680999994277954
2022-11-28 00:00:00,3.703000068664551,3.7179999351501465,3.6679999828338623
2022-11-29 00:00:00,3.747999906539917,3.759000062942505,3.678999900817871
2022-11-30 00:00:00,3.703000068664551,3.7980000972747803,3.690000057220459
2022-12-01 00:00:00,3.5290000438690186,3.63100004196167,3.5269999504089355
2022-12-02 00:00:00,3.50600004196167,3.638000011444092,3.503999948501587
2022-12-05 00:00:00,3.5989999771118164,3.611999988555908,3.513000011444092
2022-12-06 00:00:00,3.513000011444092,3.5829999446868896,3.507999897003174
2022-12-07 00:00:00,3.4079999923706055,3.552999973297119,3.4019999504089355
2022-12-08 00:00:00,3.490999937057495,3.50600004196167,3.447999954223633
2022-12-09 00:00:00,3.566999912261963,3.569000005722046,3.4630000591278076
2022-12-12 00:00:00,3.6110000610351562,3.630000114440918,3.5209999084472656
2022-12-13 00:00:00,3.500999927520752,3.5910000801086426,3.4230000972747803
2022-12-14 00:00:00,3.503000020980835,3.559999942779541,3.4790000915527344
2022-12-15 00:00:00,3.450000047683716,3.5209999084472656,3.430000066757202
2022-12-16 00:00:00,3.4820001125335693,3.556999921798706,3.4619998931884766
2022-12-19 00:00:00,3.5810000896453857,3.6010000705718994,3.552000045776367
2022-12-20 00:00:00,3.684000015258789,3.7009999752044678,3.6530001163482666
2022-12-21 00:00:00,3.684000015258789,3.697000026702881,3.621000051498413
2022-12-22 00:00:00,3.6689999103546143,3.691999912261963,3.6470000743865967
2022-12-23 00:00:00,3.750999927520752,3.753000020980835,3.694999933242798
2022-12-27 00:00:00,3.859999895095825,3.861999988555908,3.7869999408721924
2022-12-28 00:00:00,3.88700008392334,3.890000104904175,3.815000057220459
2022-12-29 00:00:00,3.8350000381469727,3.885999917984009,3.818000078201294
2022-12-30 00:00:00,3.878999948501587,3.9049999713897705,3.8310000896453857
2023-01-03 00:00:00,3.7929999828338623,3.809999942779541,3.7239999771118164
2023-01-04 00:00:00,3.7090001106262207,3.7279999256134033,3.6640000343322754
2023-01-05 00:00:00,3.7200000286102295,3.7839999198913574,3.697999954223633
2023-01-06 00:00:00,3.569000005722046,3.753999948501587,3.558000087738037
2023-01-09 00:00:00,3.5169999599456787,3.5910000801086426,3.507999897003174
2023-01-10 00:00:00,3.621000051498413,3.6389999389648438,3.566999912261963
2023-01-11 00:00:00,3.553999900817871,3.5950000286102295,3.552000045776367
2023-01-12 00:00:00,3.4489998817443848,3.5910000801086426,3.430999994277954
2023-01-13 00:00:00,3.510999917984009,3.515000104904175,3.430000066757202
2023-01-17 00:00:00,3.5350000858306885,3.5789999961853027,3.496000051498413
2023-01-18 00:00:00,3.375,3.4670000076293945,3.375
2023-01-19 00:00:00,3.3970000743865967,3.427999973297119,3.372999906539917
2023-01-20 00:00:00,3.4839999675750732,3.500999927520752,3.433000087738037
2023-01-23 00:00:00,3.5250000953674316,3.546999931335449,3.493000030517578
2023-01-24 00:00:00,3.4690001010894775,3.555999994277954,3.4579999446868896
2023-01-25 00:00:00,3.4619998931884766,3.489000082015991,3.421999931335449
2023-01-26 00:00:00,3.493000030517578,3.5209999084472656,3.4519999027252197
2023-01-27 00:00:00,3.5179998874664307,3.552000045776367,3.5179998874664307
2023-01-30 00:00:00,3.5510001182556152,3.5739998817443848,3.5220000743865967
2023-01-31 00:00:00,3.5290000438690186,3.552999973297119,3.48799991607666
2023-02-01 00:00:00,3.3970000743865967,3.509999990463257,3.38700008392334
2023-02-02 00:00:00,3.3959999084472656,3.4070000648498535,3.3340001106262207
2023-02-03 00:00:00,3.5320000648498535,3.555999994277954,3.38100004196167
2023-02-06 00:00:00,3.634000062942505,3.6440000534057617,3.5989999771118164
2023-02-07 00:00:00,3.6740000247955322,3.680999994277954,3.5969998836517334
2023-02-08 00:00:00,3.6530001163482666,3.691999912261963,3.630000114440918
2023-02-09 00:00:00,3.683000087738037,3.690000057220459,3.575000047683716
2023-02-10 00:00:00,3.74399995803833,3.746999979019165,3.6730000972747803
2023-02-13 00:00:00,3.7170000076293945,3.755000114440918,3.7019999027252197
2023-02-14 00:00:00,3.760999917984009,3.7990000247955322,3.621999979019165
2023-02-15 00:00:00,3.809000015258789,3.822000026702881,3.749000072479248
2023-02-16 00:00:00,3.8429999351501465,3.86899995803833,3.7929999828338623
2023-02-17 00:00:00,3.828000068664551,3.9000000953674316,3.8239998817443848
2023-02-21 00:00:00,3.9549999237060547,3.9619998931884766,3.88100004196167
2023-02-22 00:00:00,3.9230000972747803,3.9509999752044678,3.890000104904175
2023-02-23 00:00:00,3.878999948501587,3.9779999256134033,3.86299991607666
2023-02-24 00:00:00,3.9489998817443848,3.9779999256134033,3.9079999923706055
2023-02-27 00:00:00,3.921999931335449,3.9670000076293945,3.8970000743865967
2023-02-28 00:00:00,3.9159998893737793,3.9830000400543213,3.9040000438690186
2023-03-01 00:00:00,3.99399995803833,4.00600004196167,3.934000015258789
2023-03-02 00:00:00,4.072999954223633,4.091000080108643,4.044000148773193
2023-03-03 00:00:00,3.9639999866485596,4.026000022888184,3.9619998931884766
2023-03-06 00:00:00,3.9830000400543213,3.989000082015991,3.8970000743865967
2023-03-07 00:00:00,3.9749999046325684,4.006999969482422,3.9210000038146973
2023-03-08 00:00:00,3.9760000705718994,3.994999885559082,3.9010000228881836
2023-03-09 00:00:00,3.924999952316284,4.017000198364258,3.8940000534057617
2023-03-10 00:00:00,3.694999933242798,3.8320000171661377,3.6740000247955322
2023-03-13 00:00:00,3.515000104904175,3.546999931335449,3.4189999103546143
2023-03-14 00:00:00,3.638000011444092,3.684999942779541,3.555999994277954
2023-03-15 00:00:00,3.492000102996826,3.5299999713897705,3.388000011444092
2023-03-16 00:00:00,3.5850000381469727,3.5869998931884766,3.36899995803833
2023-03-17 00:00:00,3.3949999809265137,3.496000051498413,3.381999969482422
2023-03-20 00:00:00,3.4809999465942383,3.506999969482422,3.3949999809265137
2023-03-21 00:00:00,3.6059999465942383,3.61299991607666,3.5369999408721924
2023-03-22 00:00:00,3.5,3.6440000534057617,3.4600000381469727
2023-03-23 00:00:00,3.4059998989105225,3.5199999809265137,3.3929998874664307
2023-03-24 00:00:00,3.380000114440918,3.3970000743865967,3.2950000762939453
2023-03-27 00:00:00,3.5280001163482666,3.5369999408721924,3.4679999351501465
2023-03-28 00:00:00,3.563999891281128,3.575000047683716,3.5220000743865967
2023-03-29 00:00:00,3.565999984741211,3.609999895095825,3.546999931335449
2023-03-30 00:00:00,3.5510001182556152,3.5940001010894775,3.546999931335449
2023-03-31 00:00:00,3.49399995803833,3.559999942779541,3.492000102996826
2023-04-03 00:00:00,3.430000066757202,3.5239999294281006,3.4000000953674316
2023-04-04 00:00:00,3.3369998931884766,3.484999895095825,3.3350000381469727
2023-04-05 00:00:00,3.2869999408721924,3.3239998817443848,3.2660000324249268
2023-04-06 00:00:00,3.2880001068115234,3.305000066757202,3.253000020980835
2023-04-10 00:00:00,3.4149999618530273,3.436000108718872,3.3510000705718994
2023-04-11 00:00:00,3.434000015258789,3.4560000896453857,3.3910000324249268
2023-04-12 00:00:00,3.4210000038146973,3.4600000381469727,3.3420000076293945
2023-04-13 00:00:00,3.4519999027252197,3.4600000381469727,3.371999979019165
2023-04-14 00:00:00,3.5220000743865967,3.5360000133514404,3.443000078201294
2023-04-17 00:00:00,3.5910000801086426,3.6019999980926514,3.5380001068115234
2023-04-18 00:00:00,3.572000026702881,3.6019999980926514,3.5490000247955322
2023-04-19 00:00:00,3.6019999980926514,3.6389999389648438,3.5999999046325684
2023-04-20 00:00:00,3.5450000762939453,3.5789999961853027,3.5260000228881836
2023-04-21 00:00:00,3.569999933242798,3.5799999237060547,3.502000093460083
2023-04-24 00:00:00,3.515000104904175,3.5450000762939453,3.505000114440918
2023-04-25 00:00:00,3.3959999084472656,3.447000026702881,3.378999948501587
2023-04-26 00:00:00,3.431999921798706,3.4579999446868896,3.375
2023-04-27 00:00:00,3.5280001163482666,3.5320000648498535,3.447000026702881
2023-04-28 00:00:00,3.4519999027252197,3.49399995803833,3.434999942779541
2023-05-01 00:00:00,3.5739998817443848,3.5759999752044678,3.4619998931884766
2023-05-02 00:00:00,3.438999891281128,3.559000015258789,3.4240000247955322
2023-05-03 00:00:00,3.4030001163482666,3.4240000247955322,3.367000102996826
2023-05-04 00:00:00,3.3510000705718994,3.4110000133514404,3.2960000038146973
2023-05-05 00:00:00,3.446000099182129,3.4649999141693115,3.3970000743865967
2023-05-08 00:00:00,3.5209999084472656,3.5209999084472656,3.48799991607666
2023-05-09 00:00:00,3.5209999084472656,3.5320000648498535,3.48799991607666
2023-05-10 00:00:00,3.438999891281128,3.5209999084472656,3.430999994277954
2023-05-11 00:00:00,3.3970000743865967,3.4049999713897705,3.3450000286102295
2023-05-12 00:00:00,3.4630000591278076,3.4630000591278076,3.384000062942505
2023-05-15 00:00:00,3.507999897003174,3.510999917984009,3.4660000801086426
2023-05-16 00:00:00,3.5490000247955322,3.5739998817443848,3.486999988555908
2023-05-17 00:00:00,3.5810000896453857,3.5889999866485596,3.515000104904175
2023-05-18 00:00:00,3.6480000019073486,3.6510000228881836,3.5980000495910645
2023-05-19 00:00:00,3.691999912261963,3.7209999561309814,3.640000104904175
2023-05-22 00:00:00,3.7190001010894775,3.7279999256134033,3.6649999618530273
2023-05-23 00:00:00,3.697999954223633,3.760999917984009,3.687999963760376
2023-05-24 00:00:00,3.7190001010894775,3.742000102996826,3.6730000972747803
2023-05-25 00:00:00,3.813999891281128,3.813999891281128,3.7300000190734863
2023-05-26 00:00:00,3.809999942779541,3.8589999675750732,3.7769999504089355
2023-05-30 00:00:00,3.700000047683716,3.753999948501587,3.684999942779541
2023-05-31 00:00:00,3.63700008392334,3.690999984741211,3.63100004196167
2023-06-01 00:00:00,3.6080000400543213,3.6579999923706055,3.569999933242798
2023-06-02 00:00:00,3.690999984741211,3.700000047683716,3.611999988555908
2023-06-05 00:00:00,3.693000078201294,3.757999897003174,3.6579999923706055
2023-06-06 00:00:00,3.6989998817443848,3.7330000400543213,3.680999994277954
2023-06-07 00:00:00,3.7839999198913574,3.8010001182556152,3.694999933242798
2023-06-08 00:00:00,3.7139999866485596,3.821000099182129,3.7139999866485596
2023-06-09 00:00:00,3.744999885559082,3.7780001163482666,3.7160000801086426
2023-06-12 00:00:00,3.765000104904175,3.7939999103546143,3.7109999656677246
2023-06-13 00:00:00,3.8389999866485596,3.8410000801086426,3.681999921798706
2023-06-14 00:00:00,3.7960000038146973,3.8510000705718994,3.7709999084472656
2023-06-15 00:00:00,3.7279999256134033,3.8410000801086426,3.7070000171661377
2023-06-16 00:00:00,3.7690000534057617,3.805999994277954,3.7249999046325684
2023-06-20 00:00:00,3.7290000915527344,3.7769999504089355,3.7009999752044678
2023-06-21 00:00:00,3.7230000495910645,3.7890000343322754,3.7109999656677246
2023-06-22 00:00:00,3.7990000247955322,3.809999942779541,3.7109999656677246
2023-06-23 00:00:00,3.739000082015991,3.759999990463257,3.691999912261963
2023-06-26 00:00:00,3.7190001010894775,3.736999988555908,3.678999900817871
2023-06-27 00:00:00,3.7679998874664307,3.7760000228881836,3.691999912261963
2023-06-28 00:00:00,3.7100000381469727,3.7660000324249268,3.7039999961853027
2023-06-29 00:00:00,3.8540000915527344,3.868000030517578,3.746999979019165
2023-06-30 00:00:00,3.819000005722046,3.871999979019165,3.806999921798706
2023-07-03 00:00:00,3.8580000400543213,3.865999937057495,3.7780001163482666
2023-07-05 00:00:00,3.944999933242798,3.947000026702881,3.86299991607666
2023-07-06 00:00:00,4.040999889373779,4.083000183105469,3.993000030517578
2023-07-07 00:00:00,4.050000190734863,4.093999862670898,4.00600004196167
2023-07-10 00:00:00,4.00600004196167,4.0920000076293945,3.9860000610351562
2023-07-11 00:00:00,3.9800000190734863,4.001999855041504,3.9619998931884766
2023-07-12 00:00:00,3.8610000610351562,3.947999954223633,3.8440001010894775
2023-07-13 00:00:00,3.760999917984009,3.8459999561309814,3.760999917984009
2023-07-14 00:00:00,3.819000005722046,3.819999933242798,3.76200008392334
2023-07-17 00:00:00,3.796999931335449,3.8359999656677246,3.7790000438690186
2023-07-18 00:00:00,3.7890000343322754,3.7929999828338623,3.73799991607666
2023-07-19 00:00:00,3.742000102996826,3.7950000762939453,3.734999895095825
2023-07-20 00:00:00,3.8540000915527344,3.874000072479248,3.7909998893737793
2023-07-21 00:00:00,3.8369998931884766,3.8369998931884766,3.809000015258789
2023-07-24 00:00:00,3.8570001125335693,3.865000009536743,3.7980000972747803
2023-07-25 00:00:00,3.9119999408721924,3.921999931335449,3.884999990463257
2023-07-26 00:00:00,3.8510000705718994,3.9040000438690186,3.8489999771118164
2023-07-27 00:00:00,4.01200008392334,4.021999835968018,3.8529999256134033
2023-07-28 00:00:00,3.9690001010894775,3.994999885559082,3.940999984741211
2023-07-31 00:00:00,3.9590001106262207,3.9809999465942383,3.927000045776367
2023-08-01 00:00:00,4.051000118255615,4.057000160217285,4.000999927520752
2023-08-02 00:00:00,4.078000068664551,4.125999927520752,4.034999847412109
2023-08-03 00:00:00,4.189000129699707,4.197999954223633,4.127999782562256
2023-08-04 00:00:00,4.059999942779541,4.205999851226807,4.058000087738037
2023-08-07 00:00:00,4.078000068664551,4.11299991607666,4.064000129699707
2023-08-08 00:00:00,4.026000022888184,4.033999919891357,3.9839999675750732
2023-08-09 00:00:00,4.01200008392334,4.035999774932861,3.98799991607666
2023-08-10 00:00:00,4.079999923706055,4.093999862670898,3.9570000171661377
2023-08-11 00:00:00,4.168000221252441,4.168000221252441,4.090000152587891
2023-08-14 00:00:00,4.184000015258789,4.215000152587891,4.145999908447266
2023-08-15 00:00:00,4.2210001945495605,4.27400016784668,4.165999889373779
2023-08-16 00:00:00,4.257999897003174,4.26200008392334,4.190999984741211
2023-08-17 00:00:00,4.308000087738037,4.328000068664551,4.271999835968018
2023-08-18 00:00:00,4.250999927520752,4.28000020980835,4.2230000495910645
2023-08-21 00:00:00,4.3420000076293945,4.354000091552734,4.288000106811523
2023-08-22 00:00:00,4.328000068664551,4.361999988555908,4.309999942779541
2023-08-23 00:00:00,4.197999954223633,4.291999816894531,4.190000057220459
2023-08-24 00:00:00,4.235000133514404,4.238999843597412,4.190000057220459
2023-08-25 00:00:00,4.238999843597412,4.284999847412109,4.203999996185303
2023-08-28 00:00:00,4.211999893188477,4.234000205993652,4.193999767303467
2023-08-29 00:00:00,4.122000217437744,4.243000030517578,4.105999946594238
2023-08-30 00:00:00,4.118000030517578,4.15500020980835,4.086999893188477
2023-08-31 00:00:00,4.0929999351501465,4.118000030517578,4.077000141143799
2023-09-01 00:00:00,4.172999858856201,4.199999809265137,4.059999942779541
2023-09-05 00:00:00,4.26800012588501,4.269999980926514,4.211999893188477
2023-09-06 00:00:00,4.289999961853027,4.306000232696533,4.239999771118164
2023-09-07 00:00:00,4.260000228881836,4.308000087738037,4.257999897003174
2023-09-08 00:00:00,4.257999897003174,4.263999938964844,4.2129998207092285
2023-09-11 00:00:00,4.288000106811523,4.300000190734863,4.271999835968018
2023-09-12 00:00:00,4.263999938964844,4.297999858856201,4.263999938964844
2023-09-13 00:00:00,4.249000072479248,4.343999862670898,4.235000133514404
2023-09-14 00:00:00,4.288000106811523,4.297999858856201,4.2230000495910645
2023-09-15 00:00:00,4.322000026702881,4.3379998207092285,4.302999973297119
2023-09-18 00:00:00,4.318999767303467,4.359000205993652,4.310999870300293
2023-09-19 00:00:00,4.364999771118164,4.364999771118164,4.324999809265137
2023-09-20 00:00:00,4.348999977111816,4.361000061035156,4.313000202178955
2023-09-21 00:00:00,4.480000019073486,4.489999771118164,4.461999893188477
2023-09-22 00:00:00,4.438000202178955,4.486000061035156,4.423999786376953
2023-09-25 00:00:00,4.541999816894531,4.546000003814697,4.499000072479248
2023-09-26 00:00:00,4.558000087738037,4.564000129699707,4.482999801635742
2023-09-27 00:00:00,4.625999927520752,4.64300012588501,4.491000175476074
2023-09-28 00:00:00,4.5970001220703125,4.688000202178955,4.5970001220703125
2023-09-29 00:00:00,4.572999954223633,4.574999809265137,4.507999897003174
2023-10-02 00:00:00,4.683000087738037,4.703000068664551,4.626999855041504
2023-10-03 00:00:00,4.802000045776367,4.806000232696533,4.695000171661377
2023-10-04 00:00:00,4.735000133514404,4.794000148773193,4.7270002365112305
2023-10-05 00:00:00,4.7170000076293945,4.7769999504089355,4.703999996185303
2023-10-06 00:00:00,4.783999919891357,4.88700008392334,4.739999771118164
2023-10-09 00:00:00,4.796999931335449,4.796999931335449,4.796999931335449
2023-10-10 00:00:00,4.65500020980835,4.7129998207092285,4.618000030517578
2023-10-11 00:00:00,4.59499979019165,4.624000072479248,4.564000129699707
2023-10-12 00:00:00,4.711999893188477,4.728000164031982,4.5320000648498535
2023-10-13 00:00:00,4.629000186920166,4.650000095367432,4.585999965667725
2023-10-16 00:00:00,4.711999893188477,4.724999904632568,4.665999889373779
2023-10-17 00:00:00,4.8470001220703125,4.860000133514404,4.761000156402588
2023-10-18 00:00:00,4.9039998054504395,4.927999973297119,4.834000110626221
2023-10-19 00:00:00,4.98799991607666,4.995999813079834,4.894000053405762
2023-10-20 00:00:00,4.923999786376953,4.993000030517578,4.892000198364258
2023-10-23 00:00:00,4.8379998207092285,4.997000217437744,4.830999851226807
2023-10-24 00:00:00,4.840000152587891,4.888999938964844,4.827000141143799
2023-10-25 00:00:00,4.953000068664551,4.959000110626221,4.85099983215332
2023-10-26 00:00:00,4.84499979019165,4.982999801635742,4.8420000076293945
2023-10-27 00:00:00,4.84499979019165,4.892000198364258,4.8429999351501465
2023-10-30 00:00:00,4.875,4.921999931335449,4.867000102996826
2023-10-31 00:00:00,4.875,4.880000114440918,4.802999973297119
2023-11-01 00:00:00,4.789000034332275,4.9029998779296875,4.7779998779296875
2023-11-02 00:00:00,4.669000148773193,4.703000068664551,4.625999927520752
2023-11-03 00:00:00,4.558000087738037,4.64300012588501,4.484000205993652
2023-11-06 00:00:00,4.6620001792907715,4.668000221252441,4.610000133514404
2023-11-07 00:00:00,4.571000099182129,4.626999855041504,4.544000148773193
2023-11-08 00:00:00,4.5229997634887695,4.572999954223633,4.502999782562256
2023-11-09 00:00:00,4.630000114440918,4.6539998054504395,4.526000022888184
2023-11-10 00:00:00,4.627999782562256,4.638000011444092,4.566999912261963
2023-11-13 00:00:00,4.631999969482422,4.696000099182129,4.624000072479248
2023-11-14 00:00:00,4.440999984741211,4.616000175476074,4.432000160217285
2023-11-15 00:00:00,4.534999847412109,4.559000015258789,4.445000171661377
2023-11-16 00:00:00,4.445000171661377,4.48799991607666,4.432000160217285
2023-11-17 00:00:00,4.440999984741211,4.468999862670898,4.4039998054504395
2023-11-20 00:00:00,4.421999931335449,4.48199987411499,4.409999847412109
2023-11-21 00:00:00,4.418000221252441,4.442999839782715,4.390999794006348
2023-11-22 00:00:00,4.415999889373779,4.447000026702881,4.364999771118164
2023-11-24 00:00:00,4.4720001220703125,4.492000102996826,4.4629998207092285
2023-11-27 00:00:00,4.388999938964844,4.460999965667725,4.388999938964844
2023-11-28 00:00:00,4.335999965667725,4.421999931335449,4.331999778747559
2023-11-29 00:00:00,4.270999908447266,4.322999954223633,4.252999782562256
2023-11-30 00:00:00,4.3520002365112305,4.3520002365112305,4.271999835968018
2023-12-01 00:00:00,4.22599983215332,4.3480000495910645,4.210999965667725
2023-12-04 00:00:00,4.288000106811523,4.298999786376953,4.239999771118164
2023-12-05 00:00:00,4.171000003814697,4.228000164031982,4.164999961853027
2023-12-06 00:00:00,4.120999813079834,4.182000160217285,4.107999801635742
2023-12-07 00:00:00,4.129000186920166,4.179999828338623,4.105999946594238
2023-12-08 00:00:00,4.244999885559082,4.2779998779296875,4.182000160217285
2023-12-11 00:00:00,4.238999843597412,4.293000221252441,4.229000091552734
2023-12-12 00:00:00,4.205999851226807,4.250999927520752,4.1529998779296875
2023-12-13 00:00:00,4.0329999923706055,4.190999984741211,4.008999824523926
2023-12-14 00:00:00,3.930000066757202,3.98799991607666,3.884999990463257
2023-12-15 00:00:00,3.927999973297119,3.9709999561309814,3.8940000534057617
2023-12-18 00:00:00,3.9539999961853027,3.9709999561309814,3.9070000648498535
2023-12-19 00:00:00,3.921999931335449,3.927999973297119,3.8959999084472656
2023-12-20 00:00:00,3.877000093460083,3.921999931335449,3.872999906539917
2023-12-21 00:00:00,3.8940000534057617,3.9049999713897705,3.8289999961853027
2023-12-22 00:00:00,3.9010000228881836,3.9189999103546143,3.8489999771118164
2023-12-26 00:00:00,3.885999917984009,3.9079999923706055,3.881999969482422
2023-12-27 00:00:00,3.7890000343322754,3.8519999980926514,3.7850000858306885
2023-12-28 00:00:00,3.8499999046325684,3.8610000610351562,3.799999952316284
2023-12-29 00:00:00,3.865999937057495,3.8980000019073486,3.8469998836517334
2024-01-02 00:00:00,3.946000099182129,3.9730000495910645,3.9179999828338623
2024-01-03 00:00:00,3.9070000648498535,4.007999897003174,3.8940000534057617
2024-01-04 00:00:00,3.990999937057495,4.00600004196167,3.9709999561309814
2024-01-05 00:00:00,4.041999816894531,4.098999977111816,3.953000068664551
2024-01-08 00:00:00,4.001999855041504,4.063000202178955,3.9660000801086426
2024-01-09 00:00:00,4.019000053405762,4.052999973297119,3.996000051498413
2024-01-10 00:00:00,4.03000020980835,4.038000106811523,3.984999895095825
2024-01-11 00:00:00,3.9769999980926514,4.067999839782715,3.9730000495910645
2024-01-12 00:00:00,3.950000047683716,4.006999969482422,3.9159998893737793
2024-01-16 00:00:00,4.065999984741211,4.083000183105469,3.990000009536743
2024-01-17 00:00:00,4.105999946594238,4.129000186920166,4.074999809265137
2024-01-18 00:00:00,4.144000053405762,4.1539998054504395,4.090000152587891
2024-01-19 00:00:00,4.145999908447266,4.197999954223633,4.131999969482422
2024-01-22 00:00:00,4.093999862670898,4.111000061035156,4.074999809265137
2024-01-23 00:00:00,4.142000198364258,4.15500020980835,4.120999813079834
2024-01-24 00:00:00,4.177999973297119,4.188000202178955,4.085999965667725
2024-01-25 00:00:00,4.131999969482422,4.185999870300293,4.122000217437744
2024-01-26 00:00:00,4.159999847412109,4.165999889373779,4.10699987411499
2024-01-29 00:00:00,4.091000080108643,4.122000217437744,4.089000225067139
2024-01-30 00:00:00,4.059000015258789,4.103000164031982,4.040999889373779
2024-01-31 00:00:00,3.9670000076293945,4.03000020980835,3.944000005722046
2024-02-01 00:00:00,3.86299991607666,3.927000045776367,3.816999912261963
2024-02-02 00:00:00,4.0329999923706055,4.053999900817871,3.88700008392334
2024-02-05 00:00:00,4.164000034332275,4.177000045776367,4.110000133514404
2024-02-06 00:00:00,4.090000152587891,4.1620001792907715,4.078999996185303
2024-02-07 00:00:00,4.110000133514404,4.125,4.065000057220459
2024-02-08 00:00:00,4.170000076293945,4.172999858856201,4.13100004196167
2024-02-09 00:00:00,4.186999797821045,4.192999839782715,4.126999855041504
2024-02-12 00:00:00,4.171999931335449,4.197000026702881,4.150000095367432
2024-02-13 00:00:00,4.315999984741211,4.315999984741211,4.150000095367432
2024-02-14 00:00:00,4.267000198364258,4.322000026702881,4.245999813079834
2024-02-15 00:00:00,4.239999771118164,4.255000114440918,4.190999984741211
2024-02-16 00:00:00,4.295000076293945,4.328000068664551,4.2769999504089355
2024-02-20 00:00:00,4.275000095367432,4.289000034332275,4.24399995803833
2024-02-21 00:00:00,4.324999809265137,4.330999851226807,4.257999897003174
2024-02-22 00:00:00,4.327000141143799,4.354000091552734,4.296999931335449
2024-02-23 00:00:00,4.260000228881836,4.328999996185303,4.245999813079834
2024-02-26 00:00:00,4.298999786376953,4.309000015258789,4.23799991607666
2024-02-27 00:00:00,4.315000057220459,4.321000099182129,4.263999938964844
2024-02-28 00:00:00,4.27400016784668,4.309000015258789,4.271999835968018
2024-02-29 00:00:00,4.251999855041504,4.315000057220459,4.224999904632568
2024-03-01 00:00:00,4.179999828338623,4.296000003814697,4.177999973297119
2024-03-04 00:00:00,4.218999862670898,4.235000133514404,4.204999923706055
2024-03-05 00:00:00,4.13700008392334,4.165999889373779,4.113999843597412
2024-03-06 00:00:00,4.104000091552734,4.146999835968018,4.078999996185303
2024-03-07 00:00:00,4.0920000076293945,4.123000144958496,4.053999900817871
2024-03-08 00:00:00,4.089000225067139,4.129000186920166,4.038000106811523
2024-03-11 00:00:00,4.104000091552734,4.116000175476074,4.074999809265137
2024-03-12 00:00:00,4.15500020980835,4.171999931335449,4.083000183105469
2024-03-13 00:00:00,4.191999912261963,4.196000099182129,4.170000076293945
2024-03-14 00:00:00,4.297999858856201,4.300000190734863,4.191999912261963
2024-03-15 00:00:00,4.303999900817871,4.320000171661377,4.281000137329102
2024-03-18 00:00:00,4.340000152587891,4.3480000495910645,4.303999900817871
2024-03-19 00:00:00,4.296999931335449,4.335999965667725,4.289000034332275
2024-03-20 00:00:00,4.2729997634887695,4.323999881744385,4.238999843597412
2024-03-21 00:00:00,4.270999908447266,4.293000221252441,4.228000164031982
2024-03-22 00:00:00,4.2179999351501465,4.22599983215332,4.199999809265137
2024-03-25 00:00:00,4.252999782562256,4.261000156402588,4.2220001220703125
2024-03-26 00:00:00,4.234000205993652,4.2729997634887695,4.23199987411499
2024-03-27 00:00:00,4.196000099182129,4.228000164031982,4.183000087738037
2024-03-28 00:00:00,4.205999851226807,4.234000205993652,4.183000087738037
2024-04-01 00:00:00,4.328999996185303,4.336999893188477,4.234000205993652
2024-04-02 00:00:00,4.364999771118164,4.40500020980835,4.355000019073486
2024-04-03 00:00:00,4.355000019073486,4.428999900817871,4.3470001220703125
2024-04-04 00:00:00,4.309000015258789,4.38100004196167,4.307000160217285
2024-04-05 00:00:00,4.377999782562256,4.4039998054504395,4.317999839782715
2024-04-08 00:00:00,4.423999786376953,4.461999893188477,4.406000137329102
2024-04-09 00:00:00,4.366000175476074,4.395999908447266,4.357999801635742
2024-04-10 00:00:00,4.559999942779541,4.567999839782715,4.343999862670898
2024-04-11 00:00:00,4.576000213623047,4.591000080108643,4.514999866485596
2024-04-12 00:00:00,4.499000072479248,4.5320000648498535,4.482999801635742
2024-04-15 00:00:00,4.627999782562256,4.663000106811523,4.583000183105469
2024-04-16 00:00:00,4.658999919891357,4.696000099182129,4.625999927520752
2024-04-17 00:00:00,4.585000038146973,4.660999774932861,4.574999809265137
2024-04-18 00:00:00,4.646999835968018,4.6529998779296875,4.5920000076293945
2024-04-19 00:00:00,4.614999771118164,4.63100004196167,4.581999778747559
2024-04-22 00:00:00,4.623000144958496,4.6519999504089355,4.611000061035156
2024-04-23 00:00:00,4.5980000495910645,4.650000095367432,4.567999839782715
2024-04-24 00:00:00,4.6519999504089355,4.671000003814697,4.626999855041504
2024-04-25 00:00:00,4.705999851226807,4.736999988555908,4.625
2024-04-26 00:00:00,4.669000148773193,4.690000057220459,4.644000053405762
2024-04-29 00:00:00,4.613999843597412,4.64900016784668,4.611999988555908
2024-04-30 00:00:00,4.685999870300293,4.685999870300293,4.616000175476074
2024-05-01 00:00:00,4.59499979019165,4.676000118255615,4.580999851226807
2024-05-02 00:00:00,4.571000099182129,4.651000022888184,4.566999912261963
2024-05-03 00:00:00,4.5,4.571000099182129,4.453000068664551
2024-05-06 00:00:00,4.488999843597412,4.513999938964844,4.4710001945495605
2024-05-07 00:00:00,4.4629998207092285,4.4730000495910645,4.422999858856201
2024-05-08 00:00:00,4.492000102996826,4.498000144958496,4.474999904632568
2024-05-09 00:00:00,4.448999881744385,4.515999794006348,4.447000026702881
2024-05-10 00:00:00,4.504000186920166,4.507999897003174,4.4710001945495605
2024-05-13 00:00:00,4.480999946594238,4.488999843597412,4.459000110626221
2024-05-14 00:00:00,4.445000171661377,4.5320000648498535,4.442999839782715
2024-05-15 00:00:00,4.355999946594238,4.418000221252441,4.340000152587891
2024-05-16 00:00:00,4.376999855041504,4.379000186920166,4.318999767303467
2024-05-17 00:00:00,4.420000076293945,4.426000118255615,4.390999794006348
2024-05-20 00:00:00,4.436999797821045,4.454999923706055,4.420000076293945
2024-05-21 00:00:00,4.414000034332275,4.435999870300293,4.3979997634887695
2024-05-22 00:00:00,4.434000015258789,4.460999965667725,4.4120001792907715
2024-05-23 00:00:00,4.474999904632568,4.495999813079834,4.4079999923706055
2024-05-24 00:00:00,4.4670000076293945,4.501999855041504,4.459000110626221
2024-05-28 00:00:00,4.541999816894531,4.546000003814697,4.448999881744385
2024-05-29 00:00:00,4.624000072479248,4.638000011444092,4.559999942779541
2024-05-30 00:00:00,4.553999900817871,4.599999904632568,4.541999816894531
2024-05-31 00:00:00,4.513999938964844,4.556000232696533,4.485000133514404
2024-06-03 00:00:00,4.4019999504089355,4.4730000495910645,4.392000198364258
2024-06-04 00:00:00,4.335999965667725,4.367000102996826,4.314000129699707
2024-06-05 00:00:00,4.289000034332275,4.35099983215332,4.2870001792907715
2024-06-06 00:00:00,4.281000137329102,4.322000026702881,4.2769999504089355
2024-06-07 00:00:00,4.429999828338623,4.434000015258789,4.289000034332275
2024-06-10 00:00:00,4.468999862670898,4.479000091552734,4.447000026702881
2024-06-11 00:00:00,4.4039998054504395,4.460999965667725,4.4019999504089355
2024-06-12 00:00:00,4.295000076293945,4.406000137329102,4.25
2024-06-13 00:00:00,4.23799991607666,4.309999942779541,4.2230000495910645
2024-06-14 00:00:00,4.2129998207092285,4.236000061035156,4.188000202178955
2024-06-17 00:00:00,4.2789998054504395,4.295000076293945,4.260000228881836
2024-06-18 00:00:00,4.2170000076293945,4.289000034332275,4.206999778747559
2024-06-20 00:00:00,4.254000186920166,4.293000221252441,4.230000019073486
2024-06-21 00:00:00,4.256999969482422,4.2789998054504395,4.2170000076293945
2024-06-24 00:00:00,4.248000144958496,4.275000095367432,4.245999813079834
2024-06-25 00:00:00,4.23799991607666,4.258999824523926,4.210999965667725
2024-06-26 00:00:00,4.315999984741211,4.320000171661377,4.281000137329102
2024-06-27 00:00:00,4.288000106811523,4.3429999351501465,4.275000095367432
2024-06-28 00:00:00,4.3429999351501465,4.359000205993652,4.261000156402588
2024-07-01 00:00:00,4.479000091552734,4.493000030517578,4.415999889373779
2024-07-02 00:00:00,4.435999870300293,4.454999923706055,4.414000034332275
2024-07-03 00:00:00,4.355000019073486,4.429999828338623,4.339000225067139
2024-07-05 00:00:00,4.271999835968018,4.374000072479248,4.270999908447266
2024-07-08 00:00:00,4.269000053405762,4.306000232696533,4.267000198364258
2024-07-09 00:00:00,4.300000190734863,4.328999996185303,4.2820000648498535
2024-07-10 00:00:00,4.28000020980835,4.303999900817871,4.271999835968018
2024-07-11 00:00:00,4.192999839782715,4.289999961853027,4.168000221252441
2024-07-12 00:00:00,4.189000129699707,4.238999843597412,4.186999797821045
2024-07-15 00:00:00,4.229000091552734,4.241000175476074,4.199999809265137
2024-07-16 00:00:00,4.166999816894531,4.216000080108643,4.163000106811523
2024-07-17 00:00:00,4.145999908447266,4.196000099182129,4.144000053405762
2024-07-18 00:00:00,4.189000129699707,4.190000057220459,4.156000137329102
2024-07-19 00:00:00,4.238999843597412,4.249000072479248,4.224999904632568
2024-07-22 00:00:00,4.260000228881836,4.2779998779296875,4.211999893188477
2024-07-23 00:00:00,4.238999843597412,4.247000217437744,4.2210001945495605
2024-07-24 00:00:00,4.285999774932861,4.291999816894531,4.210000038146973
2024-07-25 00:00:00,4.25600004196167,4.265999794006348,4.196000099182129
2024-07-26 00:00:00,4.199999809265137,4.251999855041504,4.191999912261963
2024-07-29 00:00:00,4.177999973297119,4.185999870300293,4.151000022888184
2024-07-30 00:00:00,4.14300012588501,4.184000015258789,4.130000114440918
2024-07-31 00:00:00,4.109000205993652,4.133999824523926,4.091000080108643
2024-08-01 00:00:00,3.9760000705718994,4.052999973297119,3.9649999141693115
2024-08-02 00:00:00,3.7920000553131104,3.940000057220459,3.7920000553131104
2024-08-05 00:00:00,3.7850000858306885,3.8320000171661377,3.6689999103546143
2024-08-06 00:00:00,3.888000011444092,3.9089999198913574,3.805000066757202
2024-08-07 00:00:00,3.9679999351501465,3.9769999980926514,3.927999973297119
2024-08-08 00:00:00,3.996999979019165,4.021999835968018,3.9260001182556152
2024-08-09 00:00:00,3.941999912261963,3.947000026702881,3.9210000038146973
2024-08-12 00:00:00,3.9089999198913574,3.9670000076293945,3.8959999084472656
2024-08-13 00:00:00,3.8519999980926514,3.8980000019073486,3.8480000495910645
2024-08-14 00:00:00,3.819999933242798,3.871000051498413,3.811000108718872
2024-08-15 00:00:00,3.9260001182556152,3.953000068664551,3.8450000286102295
2024-08-16 00:00:00,3.8919999599456787,3.924999952316284,3.86899995803833
2024-08-19 00:00:00,3.867000102996826,3.9000000953674316,3.8519999980926514
2024-08-20 00:00:00,3.818000078201294,3.865000009536743,3.813999891281128
2024-08-21 00:00:00,3.7780001163482666,3.8310000896453857,3.763000011444092
2024-08-22 00:00:00,3.861999988555908,3.877000093460083,3.822000026702881
2024-08-23 00:00:00,3.806999921798706,3.8559999465942383,3.7909998893737793
2024-08-26 00:00:00,3.818000078201294,3.822000026702881,3.7739999294281006
2024-08-27 00:00:00,3.8329999446868896,3.867000102996826,3.822000026702881
2024-08-28 00:00:00,3.8410000801086426,3.8440001010894775,3.819999933242798
2024-08-29 00:00:00,3.867000102996826,3.888000011444092,3.8310000896453857
2024-08-30 00:00:00,3.9110000133514404,3.9149999618530273,3.8519999980926514
2024-09-03 00:00:00,3.8440001010894775,3.9230000972747803,3.825000047683716
2024-09-04 00:00:00,3.7679998874664307,3.8420000076293945,3.7669999599456787
2024-09-05 00:00:00,3.7309999465942383,3.7720000743865967,3.7209999561309814
2024-09-06 00:00:00,3.7100000381469727,3.760999917984009,3.6480000019073486
2024-09-09 00:00:00,3.697000026702881,3.747999906539917,3.690999984741211
2024-09-10 00:00:00,3.6459999084472656,3.7149999141693115,3.6389999389648438
2024-09-11 00:00:00,3.6530001163482666,3.688999891281128,3.614000082015991
2024-09-12 00:00:00,3.680000066757202,3.7039999961853027,3.640000104904175
2024-09-13 00:00:00,3.6500000953674316,3.6760001182556152,3.6440000534057617
2024-09-16 00:00:00,3.621000051498413,3.6630001068115234,3.618000030517578
2024-09-17 00:00:00,3.6419999599456787,3.6549999713897705,3.6029999256134033
2024-09-18 00:00:00,3.684999942779541,3.696000099182129,3.638000011444092
2024-09-19 00:00:00,3.740000009536743,3.7679998874664307,3.7109999656677246
2024-09-20 00:00:00,3.7279999256134033,3.7639999389648438,3.7149999141693115
2024-09-23 00:00:00,3.739000082015991,3.7939999103546143,3.7300000190734863
2024-09-24 00:00:00,3.7360000610351562,3.809999942779541,3.7279999256134033
2024-09-25 00:00:00,3.7809998989105225,3.7829999923706055,3.75600004196167
2024-09-26 00:00:00,3.7909998893737793,3.821000099182129,3.755000114440918
2024-09-27 00:00:00,3.749000072479248,3.7829999923706055,3.740999937057495
2024-09-30 00:00:00,3.802000045776367,3.805999994277954,3.753999948501587
2024-10-01 00:00:00,3.743000030517578,3.752000093460083,3.696000099182129
2024-10-02 00:00:00,3.7850000858306885,3.816999912261963,3.7750000953674316
2024-10-03 00:00:00,3.8499999046325684,3.8499999046325684,3.802000045776367
2024-10-04 00:00:00,3.9809999465942383,3.9809999465942383,3.867000102996826
2024-10-07 00:00:00,4.026000022888184,4.0329999923706055,4.004000186920166
2024-10-08 00:00:00,4.0329999923706055,4.057000160217285,4.021999835968018
2024-10-09 00:00:00,4.066999912261963,4.078000068664551,4.0320000648498535
2024-10-10 00:00:00,4.0960001945495605,4.119999885559082,4.052999973297119
2024-10-11 00:00:00,4.072999954223633,4.116000175476074,4.066999912261963
2024-10-14 00:00:00,4.0980000495910645,4.0980000495910645,4.0980000495910645
2024-10-15 00:00:00,4.038000106811523,4.074999809265137,4.0320000648498535
2024-10-16 00:00:00,4.015999794006348,4.0279998779296875,3.994999885559082
2024-10-17 00:00:00,4.0960001945495605,4.099999904632568,4.0320000648498535
2024-10-18 00:00:00,4.072999954223633,4.110000133514404,4.065000057220459
2024-10-21 00:00:00,4.182000160217285,4.185999870300293,4.124000072479248
2024-10-22 00:00:00,4.203999996185303,4.216000080108643,4.165999889373779
2024-10-23 00:00:00,4.242000102996826,4.257999897003174,4.21999979019165
2024-10-24 00:00:00,4.199999809265137,4.239999771118164,4.182000160217285
2024-10-25 00:00:00,4.23199987411499,4.234000205993652,4.177999973297119
2024-10-28 00:00:00,4.2779998779296875,4.300000190734863,4.230000019073486
2024-10-29 00:00:00,4.27400016784668,4.339000225067139,4.271999835968018
2024-10-30 00:00:00,4.265999794006348,4.2779998779296875,4.197999954223633
2024-10-31 00:00:00,4.283999919891357,4.333000183105469,4.260000228881836
2024-11-01 00:00:00,4.361000061035156,4.364999771118164,4.2230000495910645
2024-11-04 00:00:00,4.309000015258789,4.328999996185303,4.263000011444092
2024-11-05 00:00:00,4.289000034332275,4.366000175476074,4.284999847412109
2024-11-06 00:00:00,4.426000118255615,4.4770002365112305,4.4019999504089355
2024-11-07 00:00:00,4.341000080108643,4.433000087738037,4.339000225067139
2024-11-08 00:00:00,4.306000232696533,4.329999923706055,4.263999938964844
2024-11-11 00:00:00,4.308000087738037,4.308000087738037,4.308000087738037
2024-11-12 00:00:00,4.432000160217285,4.442999839782715,4.361000061035156
2024-11-13 00:00:00,4.451000213623047,4.460999965667725,4.359000205993652
2024-11-14 00:00:00,4.418000221252441,4.482999801635742,4.386000156402588
2024-11-15 00:00:00,4.427999973297119,4.505000114440918,4.400000095367432
2024-11-18 00:00:00,4.414000034332275,4.491000175476074,4.4079999923706055
2024-11-19 00:00:00,4.379000186920166,4.392000198364258,4.336999893188477
2024-11-20 00:00:00,4.406000137329102,4.438000202178955,4.388000011444092
2024-11-21 00:00:00,4.432000160217285,4.438000202178955,4.376999855041504
2024-11-22 00:00:00,4.409999847412109,4.429999828338623,4.382999897003174
2024-11-25 00:00:00,4.264999866485596,4.331999778747559,4.261000156402588
2024-11-26 00:00:00,4.302000045776367,4.323999881744385,4.281000137329102
2024-11-27 00:00:00,4.242000102996826,4.275000095367432,4.2270002365112305
2024-11-29 00:00:00,4.177999973297119,4.224999904632568,4.171999931335449
2024-12-02 00:00:00,4.196000099182129,4.248000144958496,4.173999786376953
2024-12-03 00:00:00,4.2230000495910645,4.2270002365112305,4.164999961853027
2024-12-04 00:00:00,4.179999828338623,4.281000137329102,4.176000118255615
2024-12-05 00:00:00,4.179999828338623,4.224999904632568,4.173999786376953
2024-12-06 00:00:00,4.151000022888184,4.215000152587891,4.125999927520752
2024-12-09 00:00:00,4.198999881744385,4.198999881744385,4.164000034332275
2024-12-10 00:00:00,4.2210001945495605,4.24399995803833,4.2170000076293945
2024-12-11 00:00:00,4.270999908447266,4.2769999504089355,4.201000213623047
2024-12-12 00:00:00,4.323999881744385,4.331999778747559,4.269000053405762
2024-12-13 00:00:00,4.39900016784668,4.4029998779296875,4.3420000076293945
2024-12-16 00:00:00,4.396999835968018,4.410999774932861,4.361000061035156
2024-12-17 00:00:00,4.385000228881836,4.434000015258789,4.373000144958496
2024-12-18 00:00:00,4.49399995803833,4.498000144958496,4.382999897003174
2024-12-19 00:00:00,4.570000171661377,4.593999862670898,4.5279998779296875
2024-12-20 00:00:00,4.52400016784668,4.546000003814697,4.484000205993652
2024-12-23 00:00:00,4.598999977111816,4.598999977111816,4.533999919891357
2024-12-24 00:00:00,4.591000080108643,4.629000186920166,4.583000183105469
2024-12-26 00:00:00,4.578999996185303,4.640999794006348,4.572999954223633
2024-12-27 00:00:00,4.61899995803833,4.623000144958496,4.574999809265137
2024-12-30 00:00:00,4.545000076293945,4.577000141143799,4.5370001792907715
2024-12-31 00:00:00,4.572999954223633,4.586999893188477,4.520999908447266
2025-01-02 00:00:00,4.574999809265137,4.598999977111816,4.517000198364258
2025-01-03 00:00:00,4.5960001945495605,4.599999904632568,4.539000034332275
2025-01-06 00:00:00,4.618000030517578,4.644000053405762,4.578999996185303
2025-01-07 00:00:00,4.683000087738037,4.698999881744385,4.625999927520752
2025-01-08 00:00:00,4.692999839782715,4.716000080108643,4.672999858856201
2025-01-10 00:00:00,4.776000022888184,4.789999961853027,4.693999767303467
2025-01-13 00:00:00,4.802999973297119,4.804999828338623,4.758999824523926
2025-01-14 00:00:00,4.788000106811523,4.809000015258789,4.755000114440918
2025-01-15 00:00:00,4.6529998779296875,4.77400016784668,4.63700008392334
2025-01-16 00:00:00,4.605999946594238,4.693999767303467,4.5879998207092285
2025-01-17 00:00:00,4.609000205993652,4.625,4.567999839782715
2025-01-21 00:00:00,4.573999881744385,4.585000038146973,4.552000045776367
2025-01-22 00:00:00,4.598999977111816,4.617000102996826,4.559999942779541
2025-01-23 00:00:00,4.638000011444092,4.664000034332275,4.617000102996826
2025-01-24 00:00:00,4.625999927520752,4.6620001792907715,4.605000019073486
2025-01-27 00:00:00,4.5279998779296875,4.565000057220459,4.521999835968018
2025-01-28 00:00:00,4.551000118255615,4.578999996185303,4.545000076293945
2025-01-29 00:00:00,4.554999828338623,4.591000080108643,4.510000228881836
2025-01-30 00:00:00,4.51200008392334,4.5370001792907715,4.48799991607666
2025-01-31 00:00:00,4.568999767303467,4.568999767303467,4.501999855041504
2025-02-03 00:00:00,4.543000221252441,4.557000160217285,4.461999893188477
2025-02-04 00:00:00,4.513000011444092,4.5980000495910645,4.508999824523926
2025-02-05 00:00:00,4.421999931335449,4.473999977111816,4.400000095367432
2025-02-06 00:00:00,4.440000057220459,4.460000038146973,4.4120001792907715
2025-02-07 00:00:00,4.486999988555908,4.513000011444092,4.3979997634887695
2025-02-10 00:00:00,4.493000030517578,4.499000072479248,4.458000183105469
2025-02-11 00:00:00,4.5370001792907715,4.546999931335449,4.525000095367432
2025-02-12 00:00:00,4.63700008392334,4.659999847412109,4.5269999504089355
2025-02-13 00:00:00,4.525000095367432,4.61899995803833,4.514999866485596
2025-02-14 00:00:00,4.4720001220703125,4.5329999923706055,4.447000026702881
2025-02-18 00:00:00,4.544000148773193,4.546000003814697,4.506999969482422
2025-02-19 00:00:00,4.534999847412109,4.576000213623047,4.5289998054504395
2025-02-20 00:00:00,4.5,4.525000095367432,4.492000102996826
2025-02-21 00:00:00,4.420000076293945,4.500999927520752,4.406000137329102
2025-02-24 00:00:00,4.39300012588501,4.451000213623047,4.388999938964844
2025-02-25 00:00:00,4.297999858856201,4.335000038146973,4.2829999923706055
2025-02-26 00:00:00,4.249000072479248,4.314000129699707,4.247000217437744
2025-02-27 00:00:00,4.284999847412109,4.308000087738037,4.26800012588501
2025-02-28 00:00:00,4.230999946594238,4.2769999504089355,4.214000225067139
2025-03-03 00:00:00,4.179999828338623,4.25600004196167,4.170000076293945
2025-03-04 00:00:00,4.210000038146973,4.2179999351501465,4.105999946594238
2025-03-05 00:00:00,4.264999866485596,4.283999919891357,4.184999942779541
2025-03-06 00:00:00,4.285999774932861,4.343999862670898,4.267000198364258
2025-03-07 00:00:00,4.316999912261963,4.328000068664551,4.210999965667725
2025-03-10 00:00:00,4.2129998207092285,4.250999927520752,4.197999954223633
2025-03-11 00:00:00,4.288000106811523,4.295000076293945,4.188000202178955
2025-03-12 00:00:00,4.317999839782715,4.331999778747559,4.250999927520752
2025-03-13 00:00:00,4.27400016784668,4.353000164031982,4.258999824523926
2025-03-14 00:00:00,4.308000087738037,4.323999881744385,4.290999889373779
2025-03-17 00:00:00,4.306000232696533,4.330999851226807,4.257999897003174
2025-03-18 00:00:00,4.281000137329102,4.339000225067139,4.265999794006348
2025-03-19 00:00:00,4.25600004196167,4.322999954223633,4.251999855041504
2025-03-20 00:00:00,4.232999801635742,4.245999813079834,4.173999786376953
2025-03-21 00:00:00,4.251999855041504,4.25600004196167,4.199999809265137
2025-03-24 00:00:00,4.330999851226807,4.339000225067139,4.288000106811523
2025-03-25 00:00:00,4.307000160217285,4.363999843597412,4.297999858856201
2025-03-26 00:00:00,4.3379998207092285,4.361999988555908,4.327000141143799
2025-03-27 00:00:00,4.36899995803833,4.38700008392334,4.355999946594238
2025-03-28 00:00:00,4.255000114440918,4.340000152587891,4.250999927520752
2025-03-31 00:00:00,4.245999813079834,4.258999824523926,4.191999912261963
2025-04-01 00:00:00,4.156000137329102,4.185999870300293,4.132999897003174
2025-04-02 00:00:00,4.196000099182129,4.22599983215332,4.110000133514404
2025-04-03 00:00:00,4.054999828338623,4.073999881744385,4.004000186920166
2025-04-04 00:00:00,3.984999895095825,4.014999866485596,3.885999917984009
2025-04-07 00:00:00,4.15500020980835,4.210000038146973,3.9719998836517334
2025-04-08 00:00:00,4.26200008392334,4.275000095367432,4.164000034332275
2025-04-09 00:00:00,4.400000095367432,4.473999977111816,4.3429999351501465
2025-04-10 00:00:00,4.394000053405762,4.400000095367432,4.289000034332275
2025-04-11 00:00:00,4.493000030517578,4.5920000076293945,4.427000045776367
2025-04-14 00:00:00,4.363999843597412,4.458000183105469,4.360000133514404
2025-04-15 00:00:00,4.322999954223633,4.39900016784668,4.308000087738037
2025-04-16 00:00:00,4.2789998054504395,4.3520002365112305,4.275000095367432
2025-04-17 00:00:00,4.333000183105469,4.343999862670898,4.2779998779296875
2025-04-21 00:00:00,4.40500020980835,4.4070000648498535,4.333000183105469
2025-04-22 00:00:00,4.388999938964844,4.4070000648498535,4.370999813079834
2025-04-23 00:00:00,4.38700008392334,4.39900016784668,4.261000156402588
2025-04-24 00:00:00,4.304999828338623,4.3480000495910645,4.302999973297119
2025-04-25 00:00:00,4.265999794006348,4.293000221252441,4.250999927520752
2025-04-28 00:00:00,4.216000080108643,4.295000076293945,4.214000225067139
2025-04-29 00:00:00,4.172999858856201,4.244999885559082,4.164000034332275
2025-04-30 00:00:00,4.177000045776367,4.229000091552734,4.135000228881836
2025-05-01 00:00:00,4.230999946594238,4.241000175476074,4.124000072479248
2025-05-02 00:00:00,4.322000026702881,4.331999778747559,4.224999904632568
2025-05-05 00:00:00,4.3429999351501465,4.370999813079834,4.297999858856201
2025-05-06 00:00:00,4.308000087738037,4.36299991607666,4.306000232696533
2025-05-07 00:00:00,4.275000095367432,4.328000068664551,4.260000228881836
2025-05-08 00:00:00,4.373000144958496,4.383999824523926,4.2829999923706055
2025-05-09 00:00:00,4.375,4.3979997634887695,4.3429999351501465
2025-05-12 00:00:00,4.456999778747559,4.468999862670898,4.428999900817871
2025-05-13 00:00:00,4.499000072479248,4.505000114440918,4.428999900817871
2025-05-14 00:00:00,4.5279998779296875,4.53000020980835,4.4770002365112305
2025-05-15 00:00:00,4.454999923706055,4.541999816894531,4.440999984741211
2025-05-16 00:00:00,4.440999984741211,4.445000171661377,4.388000011444092
2025-05-19 00:00:00,4.474999904632568,4.561999797821045,4.4710001945495605
2025-05-20 00:00:00,4.480999946594238,4.5229997634887695,4.4730000495910645
2025-05-21 00:00:00,4.5960001945495605,4.604000091552734,4.5229997634887695
2025-05-22 00:00:00,4.552999973297119,4.629000186920166,4.540999889373779
2025-05-23 00:00:00,4.508999824523926,4.5269999504089355,4.465000152587891
2025-05-27 00:00:00,4.434000015258789,4.486999988555908,4.432000160217285
2025-05-28 00:00:00,4.4770002365112305,4.500999927520752,4.438000202178955
2025-05-29 00:00:00,4.423999786376953,4.499000072479248,4.415999889373779
2025-05-30 00:00:00,4.415999889373779,4.441999912261963,4.394000053405762
2025-06-02 00:00:00,4.461999893188477,4.46999979019165,4.418000221252441
2025-06-03 00:00:00,4.460000038146973,4.473999977111816,4.406000137329102
2025-06-04 00:00:00,4.364999771118164,4.429999828338623,4.348999977111816
2025-06-05 00:00:00,4.394000053405762,4.400000095367432,4.317999839782715
2025-06-06 00:00:00,4.510000228881836,4.51200008392334,4.400000095367432
2025-06-09 00:00:00,4.48199987411499,4.51800012588501,4.46999979019165
2025-06-10 00:00:00,4.473999977111816,4.48199987411499,4.440000057220459
2025-06-11 00:00:00,4.4120001792907715,4.50600004196167,4.4070000648498535
2025-06-12 00:00:00,4.35699987411499,4.38700008392334,4.343999862670898
2025-06-13 00:00:00,4.423999786376953,4.446000099182129,4.340000152587891
2025-06-16 00:00:00,4.452000141143799,4.453999996185303,4.4029998779296875
2025-06-17 00:00:00,4.39300012588501,4.441999912261963,4.38100004196167
2025-06-18 00:00:00,4.396999835968018,4.39900016784668,4.3460001945495605
2025-06-20 00:00:00,4.375,4.442999839782715,4.361000061035156
2025-06-23 00:00:00,4.320000171661377,4.361000061035156,4.290999889373779
2025-06-24 00:00:00,4.293000221252441,4.370999813079834,4.284999847412109
2025-06-25 00:00:00,4.293000221252441,4.3379998207092285,4.293000221252441
2025-06-26 00:00:00,4.252999782562256,4.293000221252441,4.25
2025-06-27 00:00:00,4.2829999923706055,4.293000221252441,4.239999771118164
2025-06-30 00:00:00,4.230000019073486,4.2769999504089355,4.230000019073486
2025-07-01 00:00:00,4.250999927520752,4.2769999504089355,4.204999923706055
2025-07-02 00:00:00,4.293000221252441,4.308000087738037,4.263000011444092
2025-07-03 00:00:00,4.3480000495910645,4.363999843597412,4.255000114440918
2025-07-07 00:00:00,4.394999980926514,4.39900016784668,4.349999904632568
2025-07-08 00:00:00,4.414999961853027,4.434999942779541,4.413000106811523
2025-07-09 00:00:00,4.3420000076293945,4.422999858856201,4.340000152587891
2025-07-10 00:00:00,4.3460001945495605,4.375999927520752,4.3420000076293945
2025-07-11 00:00:00,4.422999858856201,4.425000190734863,4.380000114440918
2025-07-14 00:00:00,4.427000045776367,4.447000026702881,4.4029998779296875
2025-07-15 00:00:00,4.488999843597412,4.491000175476074,4.395999908447266
2025-07-16 00:00:00,4.454999923706055,4.488999843597412,4.436999797821045
2025-07-17 00:00:00,4.4629998207092285,4.493000030517578,4.428999900817871
2025-07-18 00:00:00,4.432000160217285,4.441999912261963,4.415999889373779
2025-07-21 00:00:00,4.372000217437744,4.383999824523926,4.3520002365112305
2025-07-22 00:00:00,4.335999965667725,4.377999782562256,4.328000068664551
2025-07-23 00:00:00,4.388000011444092,4.3979997634887695,4.357999801635742
2025-07-24 00:00:00,4.4079999923706055,4.441999912261963,4.394000053405762
2025-07-25 00:00:00,4.386000156402588,4.429999828338623,4.381999969482422
2025-07-28 00:00:00,4.420000076293945,4.420000076293945,4.392000198364258
2025-07-29 00:00:00,4.329999923706055,4.4039998054504395,4.326000213623047
2025-07-30 00:00:00,4.375999927520752,4.380000114440918,4.331999778747559
2025-07-31 00:00:00,4.360000133514404,4.360000133514404,4.326000213623047
2025-08-01 00:00:00,4.21999979019165,4.4079999923706055,4.216000080108643
2025-08-04 00:00:00,4.199999809265137,4.236000061035156,4.197999954223633
2025-08-05 00:00:00,4.196000099182129,4.22599983215332,4.188000202178955
2025-08-06 00:00:00,4.21999979019165,4.281000137329102,4.214000225067139
2025-08-07 00:00:00,4.24399995803833,4.254000186920166,4.2210001945495605
2025-08-08 00:00:00,4.284999847412109,4.289000034332275,4.254000186920166
2025-08-11 00:00:00,4.2729997634887695,4.284999847412109,4.257999897003174
2025-08-12 00:00:00,4.293000221252441,4.317999839782715,4.245999813079834
2025-08-13 00:00:00,4.23799991607666,4.260000228881836,4.224999904632568
2025-08-14 00:00:00,4.293000221252441,4.296000003814697,4.203999996185303
2025-08-15 00:00:00,4.328000068664551,4.331999778747559,4.281000137329102
2025-08-18 00:00:00,4.341000080108643,4.35099983215332,4.295000076293945
2025-08-19 00:00:00,4.302000045776367,4.326000213623047,4.297999858856201
2025-08-20 00:00:00,4.296000003814697,4.309999942779541,4.275000095367432
2025-08-21 00:00:00,4.329999923706055,4.3470001220703125,4.296000003814697
2025-08-22 00:00:00,4.260000228881836,4.320000171661377,4.242000102996826
2025-08-25 00:00:00,4.275000095367432,4.295000076293945,4.267000198364258
2025-08-26 00:00:00,4.257999897003174,4.290999889373779,4.254000186920166
2025-08-27 00:00:00,4.23799991607666,4.290999889373779,4.236000061035156
2025-08-28 00:00:00,4.206999778747559,4.25,4.203000068664551
2025-08-29 00:00:00,4.2270002365112305,4.242000102996826,4.215000152587891
2025-09-02 00:00:00,4.2769999504089355,4.306000232696533,4.260000228881836
2025-09-03 00:00:00,4.210999965667725,4.2829999923706055,4.203000068664551
2025-09-04 00:00:00,4.176000118255615,4.206999778747559,4.173999786376953
2025-09-05 00:00:00,4.085999965667725,4.138000011444092,4.063000202178955
2025-09-08 00:00:00,4.046000003814697,4.0879998207092285,4.044000148773193
2025-09-09 00:00:00,4.073999881744385,4.091000080108643,4.039999961853027
2025-09-10 00:00:00,4.0320000648498535,4.091000080108643,4.026000022888184
2025-09-11 00:00:00,4.011000156402588,4.064000129699707,3.996000051498413
2025-09-12 00:00:00,4.060999870300293,4.083000183105469,4.051000118255615
2025-09-15 00:00:00,4.033999919891357,4.059000015258789,4.03000020980835
2025-09-16 00:00:00,4.026000022888184,4.064000129699707,4.021999835968018
2025-09-17 00:00:00,4.076000213623047,4.080999851226807,3.992000102996826
2025-09-18 00:00:00,4.104000091552734,4.13700008392334,4.061999797821045
2025-09-19 00:00:00,4.138999938964844,4.14300012588501,4.116000175476074
2025-09-22 00:00:00,4.14300012588501,4.150000095367432,4.122000217437744
2025-09-23 00:00:00,4.119999885559082,4.14900016784668,4.110000133514404
2025-09-24 00:00:00,4.146999835968018,4.1519999504089355,4.126999855041504
2025-09-25 00:00:00,4.171999931335449,4.201000213623047,4.150000095367432
2025-09-26 00:00:00,4.186999797821045,4.197000026702881,4.1519999504089355
2025-09-29 00:00:00,4.140999794006348,4.168000221252441,4.135000228881836
2025-09-30 00:00:00,4.1479997634887695,4.1519999504089355,4.105999946594238
2025-10-01 00:00:00,4.105999946594238,4.129000186920166,4.089000225067139
2025-10-02 00:00:00,4.0879998207092285,4.126999855041504,4.083000183105469
2025-10-03 00:00:00,4.11899995803833,4.11899995803833,4.080999851226807
2025-10-06 00:00:00,4.1620001792907715,4.165999889373779,4.132999897003174
2025-10-07 00:00:00,4.126999855041504,4.171000003814697,4.11299991607666
2025-10-08 00:00:00,4.129000186920166,4.136000156402588,4.0960001945495605
2025-10-09 00:00:00,4.1479997634887695,4.1519999504089355,4.126999855041504
2025-10-10 00:00:00,4.051000118255615,4.105000019073486,4.044000148773193
2025-10-13 00:00:00,4.051000118255615,4.051000118255615,4.051000118255615
2025-10-14 00:00:00,4.021999835968018,4.051000118255615,4.014999866485596
2025-10-15 00:00:00,4.046000003814697,4.046999931335449,4.000999927520752
2025-10-16 00:00:00,3.9760000705718994,4.051000118255615,3.9709999561309814
2025-10-17 00:00:00,4.006999969482422,4.017000198364258,3.990000009536743
2025-10-20 00:00:00,3.9860000610351562,4.005000114440918,3.9860000610351562
2025-10-21 00:00:00,3.9630000591278076,3.9760000705718994,3.947000026702881
2025-10-22 00:00:00,3.953000068664551,3.9779999256134033,3.947000026702881
2025-10-23 00:00:00,3.990999937057495,4.005000114440918,3.9779999256134033
2025-10-24 00:00:00,3.996999979019165,4.015999794006348,3.9639999866485596
2025-10-27 00:00:00,3.996999979019165,4.0329999923706055,3.994999885559082
2025-10-28 00:00:00,3.9830000400543213,4.004000186920166,3.9700000286102295
2025-10-29 00:00:00,4.058000087738037,4.058000087738037,3.9830000400543213
2025-10-30 00:00:00,4.0929999351501465,4.116000175476074,4.067999839782715
2025-10-31 00:00:00,4.10099983215332,4.103000164031982,4.076000213623047
2025-11-03 00:00:00,4.105999946594238,4.122000217437744,4.0970001220703125
2025-11-04 00:00:00,4.089000225067139,4.10099983215332,4.078999996185303
2025-11-05 00:00:00,4.1570000648498535,4.160999774932861,4.0929999351501465
2025-11-06 00:00:00,4.0929999351501465,4.131999969482422,4.077000141143799
2025-11-07 00:00:00,4.0929999351501465,4.111999988555908,4.065999984741211
2025-11-10 00:00:00,4.110000133514404,4.138000011444092,4.0980000495910645
2025-11-11 00:00:00,4.119999885559082,4.119999885559082,4.119999885559082
2025-11-12 00:00:00,4.065000057220459,4.091000080108643,4.056000232696533
2025-11-13 00:00:00,4.111999988555908,4.117000102996826,4.0879998207092285
2025-11-14 00:00:00,4.1479997634887695,4.1479997634887695,4.065000057220459
2025-11-17 00:00:00,4.132999897003174,4.145999908447266,4.125
2025-11-18 00:00:00,4.123000144958496,4.138999938964844,4.085000038146973
2025-11-19 00:00:00,4.132999897003174,4.135000228881836,4.0980000495910645
2025-11-20 00:00:00,4.105999946594238,4.1620001792907715,4.085999965667725
2025-11-21 00:00:00,4.063000202178955,4.085999965667725,4.053999900817871
2025-11-24 00:00:00,4.038000106811523,4.060999870300293,4.0320000648498535
2025-11-25 00:00:00,4.001999855041504,4.0269999504089355,3.98799991607666
2025-11-26 00:00:00,3.997999906539917,4.041999816894531,3.996000051498413
2025-11-28 00:00:00,4.017000198364258,4.035999774932861,3.990000009536743
2025-12-01 00:00:00,4.0960001945495605,4.0980000495910645,4.050000190734863
2025-12-02 00:00:00,4.085999965667725,4.113999843597412,4.080999851226807
2025-12-03 00:00:00,4.057000160217285,4.085999965667725,4.052000045776367
2025-12-04 00:00:00,4.107999801635742,4.110000133514404,4.083000183105469
2025-12-05 00:00:00,4.138999938964844,4.144999980926514,4.0980000495910645
2025-12-08 00:00:00,4.171999931335449,4.191999912261963,4.14300012588501
2025-12-09 00:00:00,4.185999870300293,4.190000057220459,4.14300012588501
2025-12-10 00:00:00,4.164000034332275,4.203999996185303,4.146999835968018
2025-12-11 00:00:00,4.140999794006348,4.14300012588501,4.1020002365112305
2025-12-15 00:00:00,4.182000160217285,4.184000015258789,4.151000022888184
