Price,Close,High,Low
Ticker,^GDAXI,^GDAXI,^GDAXI
Date,,,
1987-12-30 00:00:00,1005.1900024414062,1005.1900024414062,1005.1900024414062
1988-01-04 00:00:00,956.489990234375,956.489990234375,956.489990234375
1988-01-05 00:00:00,996.0999755859375,996.0999755859375,996.0999755859375
1988-01-06 00:00:00,1006.010009765625,1006.010009765625,1006.010009765625
1988-01-07 00:00:00,1014.469970703125,1014.469970703125,1014.469970703125
1988-01-08 00:00:00,1026.68994140625,1026.68994140625,1026.68994140625
1988-01-11 00:00:00,987.52001953125,987.52001953125,987.52001953125
1988-01-12 00:00:00,986.8900146484375,986.8900146484375,986.8900146484375
1988-01-13 00:00:00,965.77001953125,965.77001953125,965.77001953125
1988-01-14 00:00:00,974.4600219726562,974.4600219726562,974.4600219726562
1988-01-15 00:00:00,952.4600219726562,952.4600219726562,952.4600219726562
1988-01-18 00:00:00,1003.1300048828125,1003.1300048828125,1003.1300048828125
1988-01-19 00:00:00,980.1799926757812,980.1799926757812,980.1799926757812
1988-01-20 00:00:00,960.4400024414062,960.4400024414062,960.4400024414062
1988-01-21 00:00:00,949.239990234375,949.239990234375,949.239990234375
1988-01-22 00:00:00,966.47998046875,966.47998046875,966.47998046875
1988-01-25 00:00:00,962.6300048828125,962.6300048828125,962.6300048828125
1988-01-26 00:00:00,968.260009765625,968.260009765625,968.260009765625
1988-01-27 00:00:00,959.6699829101562,959.6699829101562,959.6699829101562
1988-01-28 00:00:00,937.760009765625,937.760009765625,937.760009765625
1988-01-29 00:00:00,936.0,936.0,936.0
1988-02-01 00:00:00,951.5,951.5,951.5
1988-02-02 00:00:00,955.6699829101562,955.6699829101562,955.6699829101562
1988-02-03 00:00:00,972.1900024414062,972.1900024414062,972.1900024414062
1988-02-04 00:00:00,990.219970703125,990.219970703125,990.219970703125
1988-02-05 00:00:00,979.3800048828125,979.3800048828125,979.3800048828125
1988-02-08 00:00:00,986.9500122070312,986.9500122070312,986.9500122070312
1988-02-09 00:00:00,983.3099975585938,983.3099975585938,983.3099975585938
1988-02-10 00:00:00,997.1400146484375,997.1400146484375,997.1400146484375
1988-02-11 00:00:00,1024.68994140625,1024.68994140625,1024.68994140625
1988-02-12 00:00:00,1033.489990234375,1033.489990234375,1033.489990234375
1988-02-15 00:00:00,1049.3499755859375,1049.3499755859375,1049.3499755859375
1988-02-16 00:00:00,1055.77001953125,1055.77001953125,1055.77001953125
1988-02-17 00:00:00,1053.27001953125,1053.27001953125,1053.27001953125
1988-02-18 00:00:00,1051.93994140625,1051.93994140625,1051.93994140625
1988-02-19 00:00:00,1046.780029296875,1046.780029296875,1046.780029296875
1988-02-22 00:00:00,1059.47998046875,1059.47998046875,1059.47998046875
1988-02-23 00:00:00,1069.030029296875,1069.030029296875,1069.030029296875
1988-02-24 00:00:00,1069.9000244140625,1069.9000244140625,1069.9000244140625
1988-02-25 00:00:00,1091.5899658203125,1091.5899658203125,1091.5899658203125
1988-02-26 00:00:00,1079.4000244140625,1079.4000244140625,1079.4000244140625
1988-02-29 00:00:00,1083.3399658203125,1083.3399658203125,1083.3399658203125
1988-03-01 00:00:00,1087.3199462890625,1087.3199462890625,1087.3199462890625
1988-03-02 00:00:00,1080.43994140625,1080.43994140625,1080.43994140625
1988-03-03 00:00:00,1082.239990234375,1082.239990234375,1082.239990234375
1988-03-04 00:00:00,1075.1300048828125,1075.1300048828125,1075.1300048828125
1988-03-07 00:00:00,1077.3699951171875,1077.3699951171875,1077.3699951171875
1988-03-08 00:00:00,1079.4200439453125,1079.4200439453125,1079.4200439453125
1988-03-09 00:00:00,1078.6199951171875,1078.6199951171875,1078.6199951171875
1988-03-10 00:00:00,1082.5400390625,1082.5400390625,1082.5400390625
1988-03-11 00:00:00,1073.449951171875,1073.449951171875,1073.449951171875
1988-03-14 00:00:00,1071.8900146484375,1071.8900146484375,1071.8900146484375
1988-03-15 00:00:00,1088.1300048828125,1088.1300048828125,1088.1300048828125
1988-03-16 00:00:00,1098.760009765625,1098.760009765625,1098.760009765625
1988-03-17 00:00:00,1104.27001953125,1104.27001953125,1104.27001953125
1988-03-18 00:00:00,1123.27001953125,1123.27001953125,1123.27001953125
1988-03-21 00:00:00,1111.6199951171875,1111.6199951171875,1111.6199951171875
1988-03-22 00:00:00,1107.0999755859375,1107.0999755859375,1107.0999755859375
1988-03-23 00:00:00,1116.1099853515625,1116.1099853515625,1116.1099853515625
1988-03-24 00:00:00,1100.449951171875,1100.449951171875,1100.449951171875
1988-03-25 00:00:00,1065.7099609375,1065.7099609375,1065.7099609375
1988-03-28 00:00:00,1037.260009765625,1037.260009765625,1037.260009765625
1988-03-29 00:00:00,1062.3299560546875,1062.3299560546875,1062.3299560546875
1988-03-30 00:00:00,1066.5,1066.5,1066.5
1988-03-31 00:00:00,1062.3299560546875,1062.3299560546875,1062.3299560546875
1988-04-05 00:00:00,1063.280029296875,1063.280029296875,1063.280029296875
1988-04-06 00:00:00,1073.02001953125,1073.02001953125,1073.02001953125
1988-04-07 00:00:00,1081.9000244140625,1081.9000244140625,1081.9000244140625
1988-04-08 00:00:00,1078.4100341796875,1078.4100341796875,1078.4100341796875
1988-04-11 00:00:00,1088.239990234375,1088.239990234375,1088.239990234375
1988-04-12 00:00:00,1102.3299560546875,1102.3299560546875,1102.3299560546875
1988-04-13 00:00:00,1094.1199951171875,1094.1199951171875,1094.1199951171875
1988-04-14 00:00:00,1093.1199951171875,1093.1199951171875,1093.1199951171875
1988-04-15 00:00:00,1071.22998046875,1071.22998046875,1071.22998046875
1988-04-18 00:00:00,1075.1300048828125,1075.1300048828125,1075.1300048828125
1988-04-19 00:00:00,1083.449951171875,1083.449951171875,1083.449951171875
1988-04-20 00:00:00,1075.760009765625,1075.760009765625,1075.760009765625
1988-04-21 00:00:00,1067.5,1067.5,1067.5
1988-04-22 00:00:00,1067.06005859375,1067.06005859375,1067.06005859375
1988-04-25 00:00:00,1066.8199462890625,1066.8199462890625,1066.8199462890625
1988-04-26 00:00:00,1053.7099609375,1053.7099609375,1053.7099609375
1988-04-27 00:00:00,1054.300048828125,1054.300048828125,1054.300048828125
1988-04-28 00:00:00,1058.25,1058.25,1058.25
1988-04-29 00:00:00,1049.1700439453125,1049.1700439453125,1049.1700439453125
1988-05-02 00:00:00,1052.8399658203125,1052.8399658203125,1052.8399658203125
1988-05-03 00:00:00,1040.949951171875,1040.949951171875,1040.949951171875
1988-05-04 00:00:00,1047.3900146484375,1047.3900146484375,1047.3900146484375
1988-05-05 00:00:00,1044.6600341796875,1044.6600341796875,1044.6600341796875
1988-05-06 00:00:00,1037.239990234375,1037.239990234375,1037.239990234375
1988-05-09 00:00:00,1023.6199951171875,1023.6199951171875,1023.6199951171875
1988-05-10 00:00:00,1010.1500244140625,1010.1500244140625,1010.1500244140625
1988-05-11 00:00:00,994.3499755859375,994.3499755859375,994.3499755859375
1988-05-13 00:00:00,1006.969970703125,1006.969970703125,1006.969970703125
1988-05-16 00:00:00,1049.5899658203125,1049.5899658203125,1049.5899658203125
1988-05-17 00:00:00,1046.3599853515625,1046.3599853515625,1046.3599853515625
1988-05-18 00:00:00,1043.199951171875,1043.199951171875,1043.199951171875
1988-05-19 00:00:00,1020.3200073242188,1020.3200073242188,1020.3200073242188
1988-05-20 00:00:00,1031.3299560546875,1031.3299560546875,1031.3299560546875
1988-05-24 00:00:00,1031.9200439453125,1031.9200439453125,1031.9200439453125
1988-05-25 00:00:00,1043.6099853515625,1043.6099853515625,1043.6099853515625
1988-05-26 00:00:00,1046.6199951171875,1046.6199951171875,1046.6199951171875
1988-05-27 00:00:00,1054.9200439453125,1054.9200439453125,1054.9200439453125
1988-05-30 00:00:00,1064.6099853515625,1064.6099853515625,1064.6099853515625
1988-05-31 00:00:00,1075.6600341796875,1075.6600341796875,1075.6600341796875
1988-06-01 00:00:00,1095.4300537109375,1095.4300537109375,1095.4300537109375
1988-06-03 00:00:00,1102.030029296875,1102.030029296875,1102.030029296875
1988-06-06 00:00:00,1105.9100341796875,1105.9100341796875,1105.9100341796875
1988-06-07 00:00:00,1101.1300048828125,1101.1300048828125,1101.1300048828125
1988-06-08 00:00:00,1097.6700439453125,1097.6700439453125,1097.6700439453125
1988-06-09 00:00:00,1125.6600341796875,1125.6600341796875,1125.6600341796875
1988-06-10 00:00:00,1115.780029296875,1115.780029296875,1115.780029296875
1988-06-13 00:00:00,1122.260009765625,1122.260009765625,1122.260009765625
1988-06-14 00:00:00,1117.8399658203125,1117.8399658203125,1117.8399658203125
1988-06-15 00:00:00,1134.02001953125,1134.02001953125,1134.02001953125
1988-06-16 00:00:00,1124.1400146484375,1124.1400146484375,1124.1400146484375
1988-06-20 00:00:00,1104.699951171875,1104.699951171875,1104.699951171875
1988-06-21 00:00:00,1119.56005859375,1119.56005859375,1119.56005859375
1988-06-22 00:00:00,1137.22998046875,1137.22998046875,1137.22998046875
1988-06-23 00:00:00,1135.77001953125,1135.77001953125,1135.77001953125
1988-06-24 00:00:00,1131.18994140625,1131.18994140625,1131.18994140625
1988-06-27 00:00:00,1138.8399658203125,1138.8399658203125,1138.8399658203125
1988-06-28 00:00:00,1124.72998046875,1124.72998046875,1124.72998046875
1988-06-29 00:00:00,1133.52001953125,1133.52001953125,1133.52001953125
1988-06-30 00:00:00,1133.81005859375,1133.81005859375,1133.81005859375
1988-07-01 00:00:00,1153.6800537109375,1153.6800537109375,1153.6800537109375
1988-07-04 00:00:00,1170.43994140625,1170.43994140625,1170.43994140625
1988-07-05 00:00:00,1177.4000244140625,1177.4000244140625,1177.4000244140625
1988-07-06 00:00:00,1194.9599609375,1194.9599609375,1194.9599609375
1988-07-07 00:00:00,1186.4200439453125,1186.4200439453125,1186.4200439453125
1988-07-08 00:00:00,1199.9200439453125,1199.9200439453125,1199.9200439453125
1988-07-11 00:00:00,1191.530029296875,1191.530029296875,1191.530029296875
1988-07-12 00:00:00,1182.469970703125,1182.469970703125,1182.469970703125
1988-07-13 00:00:00,1167.739990234375,1167.739990234375,1167.739990234375
1988-07-14 00:00:00,1185.1500244140625,1185.1500244140625,1185.1500244140625
1988-07-15 00:00:00,1189.5899658203125,1189.5899658203125,1189.5899658203125
1988-07-18 00:00:00,1188.4000244140625,1188.4000244140625,1188.4000244140625
1988-07-19 00:00:00,1168.5799560546875,1168.5799560546875,1168.5799560546875
1988-07-20 00:00:00,1169.7900390625,1169.7900390625,1169.7900390625
1988-07-21 00:00:00,1181.050048828125,1181.050048828125,1181.050048828125
1988-07-22 00:00:00,1156.25,1156.25,1156.25
1988-07-25 00:00:00,1149.77001953125,1149.77001953125,1149.77001953125
1988-07-26 00:00:00,1167.6500244140625,1167.6500244140625,1167.6500244140625
1988-07-27 00:00:00,1176.5,1176.5,1176.5
1988-07-28 00:00:00,1163.27001953125,1163.27001953125,1163.27001953125
1988-07-29 00:00:00,1178.530029296875,1178.530029296875,1178.530029296875
1988-08-01 00:00:00,1190.6700439453125,1190.6700439453125,1190.6700439453125
1988-08-02 00:00:00,1187.1099853515625,1187.1099853515625,1187.1099853515625
1988-08-03 00:00:00,1192.4200439453125,1192.4200439453125,1192.4200439453125
1988-08-04 00:00:00,1182.97998046875,1182.97998046875,1182.97998046875
1988-08-05 00:00:00,1193.8699951171875,1193.8699951171875,1193.8699951171875
1988-08-08 00:00:00,1202.280029296875,1202.280029296875,1202.280029296875
1988-08-09 00:00:00,1193.4599609375,1193.4599609375,1193.4599609375
1988-08-10 00:00:00,1174.989990234375,1174.989990234375,1174.989990234375
1988-08-11 00:00:00,1162.760009765625,1162.760009765625,1162.760009765625
1988-08-12 00:00:00,1172.6099853515625,1172.6099853515625,1172.6099853515625
1988-08-15 00:00:00,1170.43994140625,1170.43994140625,1170.43994140625
1988-08-16 00:00:00,1158.6099853515625,1158.6099853515625,1158.6099853515625
1988-08-17 00:00:00,1175.030029296875,1175.030029296875,1175.030029296875
1988-08-18 00:00:00,1180.3900146484375,1180.3900146484375,1180.3900146484375
1988-08-19 00:00:00,1164.469970703125,1164.469970703125,1164.469970703125
1988-08-22 00:00:00,1165.97998046875,1165.97998046875,1165.97998046875
1988-08-23 00:00:00,1151.4599609375,1151.4599609375,1151.4599609375
1988-08-24 00:00:00,1161.6800537109375,1161.6800537109375,1161.6800537109375
1988-08-25 00:00:00,1164.6500244140625,1164.6500244140625,1164.6500244140625
1988-08-26 00:00:00,1156.5799560546875,1156.5799560546875,1156.5799560546875
1988-08-29 00:00:00,1150.969970703125,1150.969970703125,1150.969970703125
1988-08-30 00:00:00,1164.300048828125,1164.300048828125,1164.300048828125
1988-08-31 00:00:00,1169.4599609375,1169.4599609375,1169.4599609375
1988-09-01 00:00:00,1154.3299560546875,1154.3299560546875,1154.3299560546875
1988-09-02 00:00:00,1152.9200439453125,1152.9200439453125,1152.9200439453125
1988-09-05 00:00:00,1173.4300537109375,1173.4300537109375,1173.4300537109375
1988-09-06 00:00:00,1176.77001953125,1176.77001953125,1176.77001953125
1988-09-07 00:00:00,1182.5400390625,1182.5400390625,1182.5400390625
1988-09-08 00:00:00,1186.8599853515625,1186.8599853515625,1186.8599853515625
1988-09-09 00:00:00,1186.5899658203125,1186.5899658203125,1186.5899658203125
1988-09-12 00:00:00,1199.8299560546875,1199.8299560546875,1199.8299560546875
1988-09-13 00:00:00,1211.239990234375,1211.239990234375,1211.239990234375
1988-09-14 00:00:00,1224.050048828125,1224.050048828125,1224.050048828125
1988-09-15 00:00:00,1226.4200439453125,1226.4200439453125,1226.4200439453125
1988-09-16 00:00:00,1229.280029296875,1229.280029296875,1229.280029296875
1988-09-19 00:00:00,1248.469970703125,1248.469970703125,1248.469970703125
1988-09-20 00:00:00,1243.0400390625,1243.0400390625,1243.0400390625
1988-09-21 00:00:00,1257.800048828125,1257.800048828125,1257.800048828125
1988-09-22 00:00:00,1250.0699462890625,1250.0699462890625,1250.0699462890625
1988-09-23 00:00:00,1250.43994140625,1250.43994140625,1250.43994140625
1988-09-26 00:00:00,1254.9300537109375,1254.9300537109375,1254.9300537109375
1988-09-27 00:00:00,1252.5400390625,1252.5400390625,1252.5400390625
1988-09-28 00:00:00,1239.9000244140625,1239.9000244140625,1239.9000244140625
1988-09-29 00:00:00,1248.010009765625,1248.010009765625,1248.010009765625
1988-09-30 00:00:00,1253.6800537109375,1253.6800537109375,1253.6800537109375
1988-10-03 00:00:00,1243.280029296875,1243.280029296875,1243.280029296875
1988-10-04 00:00:00,1245.260009765625,1245.260009765625,1245.260009765625
1988-10-05 00:00:00,1252.260009765625,1252.260009765625,1252.260009765625
1988-10-06 00:00:00,1257.5799560546875,1257.5799560546875,1257.5799560546875
1988-10-07 00:00:00,1265.06005859375,1265.06005859375,1265.06005859375
1988-10-10 00:00:00,1283.6700439453125,1283.6700439453125,1283.6700439453125
1988-10-11 00:00:00,1275.52001953125,1275.52001953125,1275.52001953125
1988-10-12 00:00:00,1263.0,1263.0,1263.0
1988-10-13 00:00:00,1269.27001953125,1269.27001953125,1269.27001953125
1988-10-14 00:00:00,1284.510009765625,1284.510009765625,1284.510009765625
1988-10-17 00:00:00,1282.75,1282.75,1282.75
1988-10-18 00:00:00,1299.5899658203125,1299.5899658203125,1299.5899658203125
1988-10-19 00:00:00,1309.22998046875,1309.22998046875,1309.22998046875
1988-10-20 00:00:00,1288.43994140625,1288.43994140625,1288.43994140625
1988-10-21 00:00:00,1297.5999755859375,1297.5999755859375,1297.5999755859375
1988-10-24 00:00:00,1288.1099853515625,1288.1099853515625,1288.1099853515625
1988-10-25 00:00:00,1290.0699462890625,1290.0699462890625,1290.0699462890625
1988-10-26 00:00:00,1308.0899658203125,1308.0899658203125,1308.0899658203125
1988-10-27 00:00:00,1319.25,1319.25,1319.25
1988-10-28 00:00:00,1314.7099609375,1314.7099609375,1314.7099609375
1988-10-31 00:00:00,1308.25,1308.25,1308.25
1988-11-01 00:00:00,1304.969970703125,1304.969970703125,1304.969970703125
1988-11-02 00:00:00,1299.7099609375,1299.7099609375,1299.7099609375
1988-11-03 00:00:00,1275.6800537109375,1275.6800537109375,1275.6800537109375
1988-11-04 00:00:00,1289.3699951171875,1289.3699951171875,1289.3699951171875
1988-11-07 00:00:00,1271.030029296875,1271.030029296875,1271.030029296875
1988-11-08 00:00:00,1284.5999755859375,1284.5999755859375,1284.5999755859375
1988-11-09 00:00:00,1283.4100341796875,1283.4100341796875,1283.4100341796875
1988-11-10 00:00:00,1266.9200439453125,1266.9200439453125,1266.9200439453125
1988-11-11 00:00:00,1252.1099853515625,1252.1099853515625,1252.1099853515625
1988-11-14 00:00:00,1252.8299560546875,1252.8299560546875,1252.8299560546875
1988-11-15 00:00:00,1265.4000244140625,1265.4000244140625,1265.4000244140625
1988-11-17 00:00:00,1261.280029296875,1261.280029296875,1261.280029296875
1988-11-18 00:00:00,1278.25,1278.25,1278.25
1988-11-21 00:00:00,1286.989990234375,1286.989990234375,1286.989990234375
1988-11-22 00:00:00,1275.0400390625,1275.0400390625,1275.0400390625
1988-11-23 00:00:00,1283.0799560546875,1283.0799560546875,1283.0799560546875
1988-11-24 00:00:00,1280.449951171875,1280.449951171875,1280.449951171875
1988-11-25 00:00:00,1275.6700439453125,1275.6700439453125,1275.6700439453125
1988-11-28 00:00:00,1261.550048828125,1261.550048828125,1261.550048828125
1988-11-29 00:00:00,1259.18994140625,1259.18994140625,1259.18994140625
1988-11-30 00:00:00,1273.760009765625,1273.760009765625,1273.760009765625
1988-12-01 00:00:00,1281.6099853515625,1281.6099853515625,1281.6099853515625
1988-12-02 00:00:00,1272.0899658203125,1272.0899658203125,1272.0899658203125
1988-12-05 00:00:00,1281.3199462890625,1281.3199462890625,1281.3199462890625
1988-12-06 00:00:00,1292.7099609375,1292.7099609375,1292.7099609375
1988-12-07 00:00:00,1300.6600341796875,1300.6600341796875,1300.6600341796875
1988-12-08 00:00:00,1298.02001953125,1298.02001953125,1298.02001953125
1988-12-09 00:00:00,1300.760009765625,1300.760009765625,1300.760009765625
1988-12-12 00:00:00,1293.22998046875,1293.22998046875,1293.22998046875
1988-12-13 00:00:00,1288.0899658203125,1288.0899658203125,1288.0899658203125
1988-12-14 00:00:00,1294.52001953125,1294.52001953125,1294.52001953125
1988-12-15 00:00:00,1282.280029296875,1282.280029296875,1282.280029296875
1988-12-16 00:00:00,1298.31005859375,1298.31005859375,1298.31005859375
1988-12-19 00:00:00,1310.3800048828125,1310.3800048828125,1310.3800048828125
1988-12-20 00:00:00,1331.52001953125,1331.52001953125,1331.52001953125
1988-12-21 00:00:00,1321.68994140625,1321.68994140625,1321.68994140625
1988-12-22 00:00:00,1324.7900390625,1324.7900390625,1324.7900390625
1988-12-23 00:00:00,1326.199951171875,1326.199951171875,1326.199951171875
1988-12-27 00:00:00,1342.4599609375,1342.4599609375,1342.4599609375
1988-12-28 00:00:00,1332.3900146484375,1332.3900146484375,1332.3900146484375
1988-12-29 00:00:00,1330.22998046875,1330.22998046875,1330.22998046875
1989-01-02 00:00:00,1325.9599609375,1325.9599609375,1325.9599609375
1989-01-03 00:00:00,1356.6600341796875,1356.6600341796875,1356.6600341796875
1989-01-04 00:00:00,1369.780029296875,1369.780029296875,1369.780029296875
1989-01-05 00:00:00,1372.4000244140625,1372.4000244140625,1372.4000244140625
1989-01-06 00:00:00,1356.47998046875,1356.47998046875,1356.47998046875
1989-01-09 00:00:00,1367.0899658203125,1367.0899658203125,1367.0899658203125
1989-01-10 00:00:00,1349.9000244140625,1349.9000244140625,1349.9000244140625
1989-01-11 00:00:00,1352.4300537109375,1352.4300537109375,1352.4300537109375
1989-01-12 00:00:00,1360.6099853515625,1360.6099853515625,1360.6099853515625
1989-01-13 00:00:00,1356.699951171875,1356.699951171875,1356.699951171875
1989-01-16 00:00:00,1343.5799560546875,1343.5799560546875,1343.5799560546875
1989-01-17 00:00:00,1328.27001953125,1328.27001953125,1328.27001953125
1989-01-18 00:00:00,1316.9300537109375,1316.9300537109375,1316.9300537109375
1989-01-19 00:00:00,1339.97998046875,1339.97998046875,1339.97998046875
1989-01-20 00:00:00,1329.81005859375,1329.81005859375,1329.81005859375
1989-01-23 00:00:00,1313.2900390625,1313.2900390625,1313.2900390625
1989-01-24 00:00:00,1326.6099853515625,1326.6099853515625,1326.6099853515625
1989-01-25 00:00:00,1345.6300048828125,1345.6300048828125,1345.6300048828125
1989-01-26 00:00:00,1330.800048828125,1330.800048828125,1330.800048828125
1989-01-27 00:00:00,1341.8199462890625,1341.8199462890625,1341.8199462890625
1989-01-30 00:00:00,1335.93994140625,1335.93994140625,1335.93994140625
1989-01-31 00:00:00,1324.3399658203125,1324.3399658203125,1324.3399658203125
1989-02-01 00:00:00,1305.9300537109375,1305.9300537109375,1305.9300537109375
1989-02-02 00:00:00,1313.6600341796875,1313.6600341796875,1313.6600341796875
1989-02-03 00:00:00,1328.989990234375,1328.989990234375,1328.989990234375
1989-02-06 00:00:00,1332.6600341796875,1332.6600341796875,1332.6600341796875
1989-02-07 00:00:00,1344.800048828125,1344.800048828125,1344.800048828125
1989-02-08 00:00:00,1356.5400390625,1356.5400390625,1356.5400390625
1989-02-09 00:00:00,1349.719970703125,1349.719970703125,1349.719970703125
1989-02-10 00:00:00,1347.1700439453125,1347.1700439453125,1347.1700439453125
1989-02-13 00:00:00,1335.5,1335.5,1335.5
1989-02-14 00:00:00,1333.9599609375,1333.9599609375,1333.9599609375
1989-02-15 00:00:00,1321.199951171875,1321.199951171875,1321.199951171875
1989-02-16 00:00:00,1322.5899658203125,1322.5899658203125,1322.5899658203125
1989-02-17 00:00:00,1319.9300537109375,1319.9300537109375,1319.9300537109375
1989-02-20 00:00:00,1320.8299560546875,1320.8299560546875,1320.8299560546875
1989-02-21 00:00:00,1310.5899658203125,1310.5899658203125,1310.5899658203125
1989-02-22 00:00:00,1296.1099853515625,1296.1099853515625,1296.1099853515625
1989-02-23 00:00:00,1273.0799560546875,1273.0799560546875,1273.0799560546875
1989-02-24 00:00:00,1284.449951171875,1284.449951171875,1284.449951171875
1989-02-27 00:00:00,1269.6800537109375,1269.6800537109375,1269.6800537109375
1989-02-28 00:00:00,1289.7900390625,1289.7900390625,1289.7900390625
1989-03-01 00:00:00,1305.75,1305.75,1305.75
1989-03-02 00:00:00,1303.260009765625,1303.260009765625,1303.260009765625
1989-03-03 00:00:00,1324.8900146484375,1324.8900146484375,1324.8900146484375
1989-03-06 00:00:00,1332.6700439453125,1332.6700439453125,1332.6700439453125
1989-03-07 00:00:00,1331.010009765625,1331.010009765625,1331.010009765625
1989-03-08 00:00:00,1314.6700439453125,1314.6700439453125,1314.6700439453125
1989-03-09 00:00:00,1315.8599853515625,1315.8599853515625,1315.8599853515625
1989-03-10 00:00:00,1320.3599853515625,1320.3599853515625,1320.3599853515625
1989-03-13 00:00:00,1310.3599853515625,1310.3599853515625,1310.3599853515625
1989-03-14 00:00:00,1329.02001953125,1329.02001953125,1329.02001953125
1989-03-15 00:00:00,1332.6600341796875,1332.6600341796875,1332.6600341796875
1989-03-16 00:00:00,1323.6400146484375,1323.6400146484375,1323.6400146484375
1989-03-17 00:00:00,1325.510009765625,1325.510009765625,1325.510009765625
1989-03-20 00:00:00,1299.1600341796875,1299.1600341796875,1299.1600341796875
1989-03-21 00:00:00,1302.1700439453125,1302.1700439453125,1302.1700439453125
1989-03-22 00:00:00,1308.7900390625,1308.7900390625,1308.7900390625
1989-03-23 00:00:00,1303.760009765625,1303.760009765625,1303.760009765625
1989-03-28 00:00:00,1308.239990234375,1308.239990234375,1308.239990234375
1989-03-29 00:00:00,1310.6600341796875,1310.6600341796875,1310.6600341796875
1989-03-30 00:00:00,1316.0,1316.0,1316.0
1989-03-31 00:00:00,1319.8800048828125,1319.8800048828125,1319.8800048828125
1989-04-03 00:00:00,1339.4300537109375,1339.4300537109375,1339.4300537109375
1989-04-04 00:00:00,1341.9000244140625,1341.9000244140625,1341.9000244140625
1989-04-05 00:00:00,1346.5899658203125,1346.5899658203125,1346.5899658203125
1989-04-06 00:00:00,1351.47998046875,1351.47998046875,1351.47998046875
1989-04-07 00:00:00,1346.0699462890625,1346.0699462890625,1346.0699462890625
1989-04-10 00:00:00,1362.5899658203125,1362.5899658203125,1362.5899658203125
1989-04-11 00:00:00,1371.6700439453125,1371.6700439453125,1371.6700439453125
1989-04-12 00:00:00,1379.300048828125,1379.300048828125,1379.300048828125
1989-04-13 00:00:00,1396.3399658203125,1396.3399658203125,1396.3399658203125
1989-04-14 00:00:00,1378.3499755859375,1378.3499755859375,1378.3499755859375
1989-04-17 00:00:00,1395.68994140625,1395.68994140625,1395.68994140625
1989-04-18 00:00:00,1390.6099853515625,1390.6099853515625,1390.6099853515625
1989-04-19 00:00:00,1391.0400390625,1391.0400390625,1391.0400390625
1989-04-20 00:00:00,1387.27001953125,1387.27001953125,1387.27001953125
1989-04-21 00:00:00,1375.9300537109375,1375.9300537109375,1375.9300537109375
1989-04-24 00:00:00,1373.489990234375,1373.489990234375,1373.489990234375
1989-04-25 00:00:00,1368.5999755859375,1368.5999755859375,1368.5999755859375
1989-04-26 00:00:00,1374.18994140625,1374.18994140625,1374.18994140625
1989-04-27 00:00:00,1374.760009765625,1374.760009765625,1374.760009765625
1989-04-28 00:00:00,1374.0400390625,1374.0400390625,1374.0400390625
1989-05-02 00:00:00,1359.06005859375,1359.06005859375,1359.06005859375
1989-05-03 00:00:00,1365.8699951171875,1365.8699951171875,1365.8699951171875
1989-05-05 00:00:00,1380.280029296875,1380.280029296875,1380.280029296875
1989-05-08 00:00:00,1379.3800048828125,1379.3800048828125,1379.3800048828125
1989-05-09 00:00:00,1369.4200439453125,1369.4200439453125,1369.4200439453125
1989-05-10 00:00:00,1368.1300048828125,1368.1300048828125,1368.1300048828125
1989-05-11 00:00:00,1367.3699951171875,1367.3699951171875,1367.3699951171875
1989-05-12 00:00:00,1348.260009765625,1348.260009765625,1348.260009765625
1989-05-16 00:00:00,1338.9300537109375,1338.9300537109375,1338.9300537109375
1989-05-17 00:00:00,1338.3800048828125,1338.3800048828125,1338.3800048828125
1989-05-18 00:00:00,1348.6700439453125,1348.6700439453125,1348.6700439453125
1989-05-19 00:00:00,1354.0799560546875,1354.0799560546875,1354.0799560546875
1989-05-22 00:00:00,1351.5799560546875,1351.5799560546875,1351.5799560546875
1989-05-23 00:00:00,1348.5899658203125,1348.5899658203125,1348.5899658203125
1989-05-24 00:00:00,1369.550048828125,1369.550048828125,1369.550048828125
1989-05-26 00:00:00,1373.550048828125,1373.550048828125,1373.550048828125
1989-05-29 00:00:00,1378.6300048828125,1378.6300048828125,1378.6300048828125
1989-05-30 00:00:00,1402.5699462890625,1402.5699462890625,1402.5699462890625
1989-05-31 00:00:00,1407.050048828125,1407.050048828125,1407.050048828125
1989-06-01 00:00:00,1406.9599609375,1406.9599609375,1406.9599609375
1989-06-02 00:00:00,1417.8299560546875,1417.8299560546875,1417.8299560546875
1989-06-05 00:00:00,1421.739990234375,1421.739990234375,1421.739990234375
1989-06-06 00:00:00,1408.949951171875,1408.949951171875,1408.949951171875
1989-06-07 00:00:00,1429.9000244140625,1429.9000244140625,1429.9000244140625
1989-06-08 00:00:00,1440.0,1440.0,1440.0
1989-06-09 00:00:00,1436.9000244140625,1436.9000244140625,1436.9000244140625
1989-06-12 00:00:00,1433.8199462890625,1433.8199462890625,1433.8199462890625
1989-06-13 00:00:00,1425.780029296875,1425.780029296875,1425.780029296875
1989-06-14 00:00:00,1433.239990234375,1433.239990234375,1433.239990234375
1989-06-15 00:00:00,1426.1800537109375,1426.1800537109375,1426.1800537109375
1989-06-16 00:00:00,1430.2099609375,1430.2099609375,1430.2099609375
1989-06-19 00:00:00,1453.5899658203125,1453.5899658203125,1453.5899658203125
1989-06-20 00:00:00,1477.18994140625,1477.18994140625,1477.18994140625
1989-06-21 00:00:00,1470.3800048828125,1470.3800048828125,1470.3800048828125
1989-06-22 00:00:00,1485.300048828125,1485.300048828125,1485.300048828125
1989-06-23 00:00:00,1485.31005859375,1485.31005859375,1485.31005859375
1989-06-26 00:00:00,1486.7900390625,1486.7900390625,1486.7900390625
1989-06-27 00:00:00,1475.0799560546875,1475.0799560546875,1475.0799560546875
1989-06-28 00:00:00,1492.06005859375,1492.06005859375,1492.06005859375
1989-06-29 00:00:00,1488.1600341796875,1488.1600341796875,1488.1600341796875
1989-06-30 00:00:00,1477.219970703125,1477.219970703125,1477.219970703125
1989-07-03 00:00:00,1485.4000244140625,1485.4000244140625,1485.4000244140625
1989-07-04 00:00:00,1511.8800048828125,1511.8800048828125,1511.8800048828125
1989-07-05 00:00:00,1496.81005859375,1496.81005859375,1496.81005859375
1989-07-06 00:00:00,1486.7900390625,1486.7900390625,1486.7900390625
1989-07-07 00:00:00,1507.8800048828125,1507.8800048828125,1507.8800048828125
1989-07-10 00:00:00,1520.5999755859375,1520.5999755859375,1520.5999755859375
1989-07-11 00:00:00,1503.3599853515625,1503.3599853515625,1503.3599853515625
1989-07-12 00:00:00,1511.3900146484375,1511.3900146484375,1511.3900146484375
1989-07-13 00:00:00,1513.56005859375,1513.56005859375,1513.56005859375
1989-07-14 00:00:00,1527.5999755859375,1527.5999755859375,1527.5999755859375
1989-07-17 00:00:00,1530.239990234375,1530.239990234375,1530.239990234375
1989-07-18 00:00:00,1515.6199951171875,1515.6199951171875,1515.6199951171875
1989-07-19 00:00:00,1535.1199951171875,1535.1199951171875,1535.1199951171875
1989-07-20 00:00:00,1546.489990234375,1546.489990234375,1546.489990234375
1989-07-21 00:00:00,1556.3800048828125,1556.3800048828125,1556.3800048828125
1989-07-24 00:00:00,1554.5799560546875,1554.5799560546875,1554.5799560546875
1989-07-25 00:00:00,1550.010009765625,1550.010009765625,1550.010009765625
1989-07-26 00:00:00,1570.550048828125,1570.550048828125,1570.550048828125
1989-07-27 00:00:00,1564.8699951171875,1564.8699951171875,1564.8699951171875
1989-07-28 00:00:00,1554.5899658203125,1554.5899658203125,1554.5899658203125
1989-07-31 00:00:00,1548.6800537109375,1548.6800537109375,1548.6800537109375
1989-08-01 00:00:00,1576.3900146484375,1576.3900146484375,1576.3900146484375
1989-08-02 00:00:00,1590.1300048828125,1590.1300048828125,1590.1300048828125
1989-08-03 00:00:00,1574.719970703125,1574.719970703125,1574.719970703125
1989-08-04 00:00:00,1585.3699951171875,1585.3699951171875,1585.3699951171875
1989-08-07 00:00:00,1584.280029296875,1584.280029296875,1584.280029296875
1989-08-08 00:00:00,1604.6400146484375,1604.6400146484375,1604.6400146484375
1989-08-09 00:00:00,1602.8900146484375,1602.8900146484375,1602.8900146484375
1989-08-10 00:00:00,1615.5799560546875,1615.5799560546875,1615.5799560546875
1989-08-11 00:00:00,1610.4200439453125,1610.4200439453125,1610.4200439453125
1989-08-14 00:00:00,1586.75,1586.75,1586.75
1989-08-15 00:00:00,1567.9000244140625,1567.9000244140625,1567.9000244140625
1989-08-16 00:00:00,1591.18994140625,1591.18994140625,1591.18994140625
1989-08-17 00:00:00,1574.469970703125,1574.469970703125,1574.469970703125
1989-08-18 00:00:00,1572.97998046875,1572.97998046875,1572.97998046875
1989-08-21 00:00:00,1594.4300537109375,1594.4300537109375,1594.4300537109375
1989-08-22 00:00:00,1600.699951171875,1600.699951171875,1600.699951171875
1989-08-23 00:00:00,1594.72998046875,1594.72998046875,1594.72998046875
1989-08-24 00:00:00,1592.8499755859375,1592.8499755859375,1592.8499755859375
1989-08-25 00:00:00,1604.469970703125,1604.469970703125,1604.469970703125
1989-08-28 00:00:00,1600.989990234375,1600.989990234375,1600.989990234375
1989-08-29 00:00:00,1594.5899658203125,1594.5899658203125,1594.5899658203125
1989-08-30 00:00:00,1589.010009765625,1589.010009765625,1589.010009765625
1989-08-31 00:00:00,1594.699951171875,1594.699951171875,1594.699951171875
1989-09-01 00:00:00,1608.050048828125,1608.050048828125,1608.050048828125
1989-09-04 00:00:00,1622.050048828125,1622.050048828125,1622.050048828125
1989-09-05 00:00:00,1636.800048828125,1636.800048828125,1636.800048828125
1989-09-06 00:00:00,1639.3699951171875,1639.3699951171875,1639.3699951171875
1989-09-07 00:00:00,1638.530029296875,1638.530029296875,1638.530029296875
1989-09-08 00:00:00,1654.469970703125,1654.469970703125,1654.469970703125
1989-09-11 00:00:00,1641.06005859375,1641.06005859375,1641.06005859375
1989-09-12 00:00:00,1630.489990234375,1630.489990234375,1630.489990234375
1989-09-13 00:00:00,1609.6600341796875,1609.6600341796875,1609.6600341796875
1989-09-14 00:00:00,1609.8900146484375,1609.8900146484375,1609.8900146484375
1989-09-15 00:00:00,1607.0799560546875,1607.0799560546875,1607.0799560546875
1989-09-18 00:00:00,1597.0799560546875,1597.0799560546875,1597.0799560546875
1989-09-19 00:00:00,1613.1199951171875,1613.1199951171875,1613.1199951171875
1989-09-20 00:00:00,1617.949951171875,1617.949951171875,1617.949951171875
1989-09-21 00:00:00,1615.2099609375,1615.2099609375,1615.2099609375
1989-09-22 00:00:00,1626.02001953125,1626.02001953125,1626.02001953125
1989-09-25 00:00:00,1635.050048828125,1635.050048828125,1635.050048828125
1989-09-26 00:00:00,1617.949951171875,1617.949951171875,1617.949951171875
1989-09-27 00:00:00,1585.06005859375,1585.06005859375,1585.06005859375
1989-09-28 00:00:00,1586.239990234375,1586.239990234375,1586.239990234375
1989-09-29 00:00:00,1570.6400146484375,1570.6400146484375,1570.6400146484375
1989-10-02 00:00:00,1578.489990234375,1578.489990234375,1578.489990234375
1989-10-03 00:00:00,1596.7900390625,1596.7900390625,1596.7900390625
1989-10-04 00:00:00,1616.81005859375,1616.81005859375,1616.81005859375
1989-10-05 00:00:00,1615.77001953125,1615.77001953125,1615.77001953125
1989-10-06 00:00:00,1629.6099853515625,1629.6099853515625,1629.6099853515625
1989-10-09 00:00:00,1636.1500244140625,1636.1500244140625,1636.1500244140625
1989-10-10 00:00:00,1643.6700439453125,1643.6700439453125,1643.6700439453125
1989-10-11 00:00:00,1610.489990234375,1610.489990234375,1610.489990234375
1989-10-12 00:00:00,1608.02001953125,1608.02001953125,1608.02001953125
1989-10-13 00:00:00,1595.6300048828125,1595.6300048828125,1595.6300048828125
1989-10-16 00:00:00,1385.9100341796875,1385.9100341796875,1385.9100341796875
1989-10-17 00:00:00,1477.1700439453125,1477.1700439453125,1477.1700439453125
1989-10-18 00:00:00,1501.489990234375,1501.489990234375,1501.489990234375
1989-10-19 00:00:00,1522.2900390625,1522.2900390625,1522.2900390625
1989-10-20 00:00:00,1520.010009765625,1520.010009765625,1520.010009765625
1989-10-23 00:00:00,1518.239990234375,1518.239990234375,1518.239990234375
1989-10-24 00:00:00,1508.25,1508.25,1508.25
1989-10-25 00:00:00,1479.219970703125,1479.219970703125,1479.219970703125
1989-10-26 00:00:00,1492.9200439453125,1492.9200439453125,1492.9200439453125
1989-10-27 00:00:00,1467.31005859375,1467.31005859375,1467.31005859375
1989-10-30 00:00:00,1457.81005859375,1457.81005859375,1457.81005859375
1989-10-31 00:00:00,1464.8699951171875,1464.8699951171875,1464.8699951171875
1989-11-01 00:00:00,1473.2900390625,1473.2900390625,1473.2900390625
1989-11-02 00:00:00,1465.5999755859375,1465.5999755859375,1465.5999755859375
1989-11-03 00:00:00,1445.1300048828125,1445.1300048828125,1445.1300048828125
1989-11-06 00:00:00,1444.739990234375,1444.739990234375,1444.739990234375
1989-11-07 00:00:00,1432.18994140625,1432.18994140625,1432.18994140625
1989-11-08 00:00:00,1436.8900146484375,1436.8900146484375,1436.8900146484375
1989-11-09 00:00:00,1464.510009765625,1464.510009765625,1464.510009765625
1989-11-10 00:00:00,1490.969970703125,1490.969970703125,1490.969970703125
1989-11-13 00:00:00,1527.6700439453125,1527.6700439453125,1527.6700439453125
1989-11-14 00:00:00,1502.7900390625,1502.7900390625,1502.7900390625
1989-11-15 00:00:00,1500.22998046875,1500.22998046875,1500.22998046875
1989-11-16 00:00:00,1515.6600341796875,1515.6600341796875,1515.6600341796875
1989-11-17 00:00:00,1527.5999755859375,1527.5999755859375,1527.5999755859375
1989-11-20 00:00:00,1533.75,1533.75,1533.75
1989-11-21 00:00:00,1514.06005859375,1514.06005859375,1514.06005859375
1989-11-23 00:00:00,1533.0699462890625,1533.0699462890625,1533.0699462890625
1989-11-24 00:00:00,1549.81005859375,1549.81005859375,1549.81005859375
1989-11-27 00:00:00,1560.0400390625,1560.0400390625,1560.0400390625
1989-11-28 00:00:00,1547.9300537109375,1547.9300537109375,1547.9300537109375
1989-11-29 00:00:00,1565.8299560546875,1565.8299560546875,1565.8299560546875
1989-11-30 00:00:00,1556.4100341796875,1556.4100341796875,1556.4100341796875
1989-12-01 00:00:00,1603.81005859375,1603.81005859375,1603.81005859375
1989-12-04 00:00:00,1636.8699951171875,1636.8699951171875,1636.8699951171875
1989-12-05 00:00:00,1621.1099853515625,1621.1099853515625,1621.1099853515625
1989-12-06 00:00:00,1654.1600341796875,1654.1600341796875,1654.1600341796875
1989-12-07 00:00:00,1667.8599853515625,1667.8599853515625,1667.8599853515625
1989-12-08 00:00:00,1646.489990234375,1646.489990234375,1646.489990234375
1989-12-11 00:00:00,1652.219970703125,1652.219970703125,1652.219970703125
1989-12-12 00:00:00,1650.3399658203125,1650.3399658203125,1650.3399658203125
1989-12-13 00:00:00,1630.31005859375,1630.31005859375,1630.31005859375
1989-12-14 00:00:00,1629.0999755859375,1629.0999755859375,1629.0999755859375
1989-12-15 00:00:00,1628.489990234375,1628.489990234375,1628.489990234375
1989-12-18 00:00:00,1633.4000244140625,1633.4000244140625,1633.4000244140625
1989-12-19 00:00:00,1640.5,1640.5,1640.5
1989-12-20 00:00:00,1671.9599609375,1671.9599609375,1671.9599609375
1989-12-21 00:00:00,1676.8499755859375,1676.8499755859375,1676.8499755859375
1989-12-22 00:00:00,1685.6400146484375,1685.6400146484375,1685.6400146484375
1989-12-27 00:00:00,1732.8800048828125,1732.8800048828125,1732.8800048828125
1989-12-28 00:00:00,1778.1199951171875,1778.1199951171875,1778.1199951171875
1990-01-02 00:00:00,1788.8900146484375,1788.8900146484375,1788.8900146484375
1990-01-03 00:00:00,1867.2900390625,1867.2900390625,1867.2900390625
1990-01-04 00:00:00,1830.9200439453125,1830.9200439453125,1830.9200439453125
1990-01-05 00:00:00,1812.9000244140625,1812.9000244140625,1812.9000244140625
1990-01-08 00:00:00,1841.469970703125,1841.469970703125,1841.469970703125
1990-01-09 00:00:00,1865.52001953125,1865.52001953125,1865.52001953125
1990-01-10 00:00:00,1843.050048828125,1843.050048828125,1843.050048828125
1990-01-11 00:00:00,1843.4200439453125,1843.4200439453125,1843.4200439453125
1990-01-12 00:00:00,1860.9599609375,1860.9599609375,1860.9599609375
1990-01-15 00:00:00,1840.3800048828125,1840.3800048828125,1840.3800048828125
1990-01-16 00:00:00,1806.0999755859375,1806.0999755859375,1806.0999755859375
1990-01-17 00:00:00,1810.6099853515625,1810.6099853515625,1810.6099853515625
1990-01-18 00:00:00,1771.6700439453125,1771.6700439453125,1771.6700439453125
1990-01-19 00:00:00,1775.2900390625,1775.2900390625,1775.2900390625
1990-01-22 00:00:00,1787.0799560546875,1787.0799560546875,1787.0799560546875
1990-01-23 00:00:00,1785.0,1785.0,1785.0
1990-01-24 00:00:00,1751.6199951171875,1751.6199951171875,1751.6199951171875
1990-01-25 00:00:00,1791.52001953125,1791.52001953125,1791.52001953125
1990-01-26 00:00:00,1798.219970703125,1798.219970703125,1798.219970703125
1990-01-29 00:00:00,1815.68994140625,1815.68994140625,1815.68994140625
1990-01-30 00:00:00,1815.199951171875,1815.199951171875,1815.199951171875
1990-01-31 00:00:00,1821.2099609375,1821.2099609375,1821.2099609375
1990-02-01 00:00:00,1852.9200439453125,1852.9200439453125,1852.9200439453125
1990-02-02 00:00:00,1908.4599609375,1908.4599609375,1908.4599609375
1990-02-05 00:00:00,1939.8199462890625,1939.8199462890625,1939.8199462890625
1990-02-06 00:00:00,1936.25,1936.25,1936.25
1990-02-07 00:00:00,1895.6500244140625,1895.6500244140625,1895.6500244140625
1990-02-08 00:00:00,1909.949951171875,1909.949951171875,1909.949951171875
1990-02-09 00:00:00,1895.9300537109375,1895.9300537109375,1895.9300537109375
1990-02-12 00:00:00,1844.469970703125,1844.469970703125,1844.469970703125
1990-02-13 00:00:00,1857.0999755859375,1857.0999755859375,1857.0999755859375
1990-02-14 00:00:00,1836.5799560546875,1836.5799560546875,1836.5799560546875
1990-02-15 00:00:00,1845.9200439453125,1845.9200439453125,1845.9200439453125
1990-02-16 00:00:00,1888.8199462890625,1888.8199462890625,1888.8199462890625
1990-02-19 00:00:00,1886.72998046875,1886.72998046875,1886.72998046875
1990-02-20 00:00:00,1830.510009765625,1830.510009765625,1830.510009765625
1990-02-21 00:00:00,1807.4000244140625,1807.4000244140625,1807.4000244140625
1990-02-22 00:00:00,1823.5,1823.5,1823.5
1990-02-23 00:00:00,1788.3900146484375,1788.3900146484375,1788.3900146484375
1990-02-26 00:00:00,1764.06005859375,1764.06005859375,1764.06005859375
1990-02-27 00:00:00,1797.0400390625,1797.0400390625,1797.0400390625
1990-02-28 00:00:00,1806.6300048828125,1806.6300048828125,1806.6300048828125
1990-03-01 00:00:00,1796.1800537109375,1796.1800537109375,1796.1800537109375
1990-03-02 00:00:00,1804.97998046875,1804.97998046875,1804.97998046875
1990-03-05 00:00:00,1838.1800537109375,1838.1800537109375,1838.1800537109375
1990-03-06 00:00:00,1820.3599853515625,1820.3599853515625,1820.3599853515625
1990-03-07 00:00:00,1841.9200439453125,1841.9200439453125,1841.9200439453125
1990-03-08 00:00:00,1861.949951171875,1861.949951171875,1861.949951171875
1990-03-09 00:00:00,1858.8900146484375,1858.8900146484375,1858.8900146484375
1990-03-12 00:00:00,1843.739990234375,1843.739990234375,1843.739990234375
1990-03-13 00:00:00,1866.5699462890625,1866.5699462890625,1866.5699462890625
1990-03-14 00:00:00,1876.8900146484375,1876.8900146484375,1876.8900146484375
1990-03-15 00:00:00,1884.260009765625,1884.260009765625,1884.260009765625
1990-03-16 00:00:00,1881.97998046875,1881.97998046875,1881.97998046875
1990-03-19 00:00:00,1924.56005859375,1924.56005859375,1924.56005859375
1990-03-20 00:00:00,1903.300048828125,1903.300048828125,1903.300048828125
1990-03-21 00:00:00,1930.6700439453125,1930.6700439453125,1930.6700439453125
1990-03-22 00:00:00,1931.75,1931.75,1931.75
1990-03-23 00:00:00,1921.6400146484375,1921.6400146484375,1921.6400146484375
1990-03-26 00:00:00,1934.780029296875,1934.780029296875,1934.780029296875
1990-03-27 00:00:00,1926.9200439453125,1926.9200439453125,1926.9200439453125
1990-03-28 00:00:00,1918.300048828125,1918.300048828125,1918.300048828125
1990-03-29 00:00:00,1955.8800048828125,1955.8800048828125,1955.8800048828125
1990-03-30 00:00:00,1966.75,1966.75,1966.75
1990-04-02 00:00:00,1935.260009765625,1935.260009765625,1935.260009765625
1990-04-03 00:00:00,1965.9100341796875,1965.9100341796875,1965.9100341796875
1990-04-04 00:00:00,1960.8900146484375,1960.8900146484375,1960.8900146484375
1990-04-05 00:00:00,1952.800048828125,1952.800048828125,1952.800048828125
1990-04-06 00:00:00,1959.0799560546875,1959.0799560546875,1959.0799560546875
1990-04-09 00:00:00,1919.780029296875,1919.780029296875,1919.780029296875
1990-04-10 00:00:00,1913.1400146484375,1913.1400146484375,1913.1400146484375
1990-04-11 00:00:00,1890.9000244140625,1890.9000244140625,1890.9000244140625
1990-04-12 00:00:00,1909.8699951171875,1909.8699951171875,1909.8699951171875
1990-04-17 00:00:00,1916.22998046875,1916.22998046875,1916.22998046875
1990-04-18 00:00:00,1896.9100341796875,1896.9100341796875,1896.9100341796875
1990-04-19 00:00:00,1873.7900390625,1873.7900390625,1873.7900390625
1990-04-20 00:00:00,1890.6199951171875,1890.6199951171875,1890.6199951171875
1990-04-23 00:00:00,1851.3499755859375,1851.3499755859375,1851.3499755859375
1990-04-24 00:00:00,1841.2099609375,1841.2099609375,1841.2099609375
1990-04-25 00:00:00,1845.93994140625,1845.93994140625,1845.93994140625
1990-04-26 00:00:00,1830.9200439453125,1830.9200439453125,1830.9200439453125
1990-04-27 00:00:00,1817.800048828125,1817.800048828125,1817.800048828125
1990-04-30 00:00:00,1812.9100341796875,1812.9100341796875,1812.9100341796875
1990-05-02 00:00:00,1835.81005859375,1835.81005859375,1835.81005859375
1990-05-03 00:00:00,1874.8499755859375,1874.8499755859375,1874.8499755859375
1990-05-04 00:00:00,1904.8499755859375,1904.8499755859375,1904.8499755859375
1990-05-07 00:00:00,1920.8800048828125,1920.8800048828125,1920.8800048828125
1990-05-08 00:00:00,1910.1800537109375,1910.1800537109375,1910.1800537109375
1990-05-09 00:00:00,1903.6099853515625,1903.6099853515625,1903.6099853515625
1990-05-10 00:00:00,1884.9000244140625,1884.9000244140625,1884.9000244140625
1990-05-11 00:00:00,1884.760009765625,1884.760009765625,1884.760009765625
1990-05-14 00:00:00,1857.97998046875,1857.97998046875,1857.97998046875
1990-05-15 00:00:00,1843.77001953125,1843.77001953125,1843.77001953125
1990-05-16 00:00:00,1850.260009765625,1850.260009765625,1850.260009765625
1990-05-17 00:00:00,1831.5899658203125,1831.5899658203125,1831.5899658203125
1990-05-18 00:00:00,1856.449951171875,1856.449951171875,1856.449951171875
1990-05-21 00:00:00,1817.7099609375,1817.7099609375,1817.7099609375
1990-05-22 00:00:00,1803.25,1803.25,1803.25
1990-05-23 00:00:00,1833.6600341796875,1833.6600341796875,1833.6600341796875
1990-05-25 00:00:00,1826.989990234375,1826.989990234375,1826.989990234375
1990-05-28 00:00:00,1823.219970703125,1823.219970703125,1823.219970703125
1990-05-29 00:00:00,1851.949951171875,1851.949951171875,1851.949951171875
1990-05-30 00:00:00,1843.3199462890625,1843.3199462890625,1843.3199462890625
1990-05-31 00:00:00,1836.68994140625,1836.68994140625,1836.68994140625
1990-06-01 00:00:00,1850.239990234375,1850.239990234375,1850.239990234375
1990-06-05 00:00:00,1880.6300048828125,1880.6300048828125,1880.6300048828125
1990-06-06 00:00:00,1857.949951171875,1857.949951171875,1857.949951171875
1990-06-07 00:00:00,1846.1400146484375,1846.1400146484375,1846.1400146484375
1990-06-08 00:00:00,1826.56005859375,1826.56005859375,1826.56005859375
1990-06-11 00:00:00,1809.7099609375,1809.7099609375,1809.7099609375
1990-06-12 00:00:00,1812.3499755859375,1812.3499755859375,1812.3499755859375
1990-06-13 00:00:00,1792.25,1792.25,1792.25
1990-06-15 00:00:00,1787.280029296875,1787.280029296875,1787.280029296875
1990-06-18 00:00:00,1804.3800048828125,1804.3800048828125,1804.3800048828125
1990-06-19 00:00:00,1821.3399658203125,1821.3399658203125,1821.3399658203125
1990-06-20 00:00:00,1853.0999755859375,1853.0999755859375,1853.0999755859375
1990-06-21 00:00:00,1863.550048828125,1863.550048828125,1863.550048828125
1990-06-22 00:00:00,1874.06005859375,1874.06005859375,1874.06005859375
1990-06-25 00:00:00,1881.8800048828125,1881.8800048828125,1881.8800048828125
1990-06-26 00:00:00,1887.8800048828125,1887.8800048828125,1887.8800048828125
1990-06-27 00:00:00,1887.300048828125,1887.300048828125,1887.300048828125
1990-06-28 00:00:00,1911.0799560546875,1911.0799560546875,1911.0799560546875
1990-06-29 00:00:00,1884.6700439453125,1884.6700439453125,1884.6700439453125
1990-07-02 00:00:00,1911.3399658203125,1911.3399658203125,1911.3399658203125
1990-07-03 00:00:00,1911.260009765625,1911.260009765625,1911.260009765625
1990-07-04 00:00:00,1927.18994140625,1927.18994140625,1927.18994140625
1990-07-05 00:00:00,1927.0699462890625,1927.0699462890625,1927.0699462890625
1990-07-06 00:00:00,1924.0999755859375,1924.0999755859375,1924.0999755859375
1990-07-09 00:00:00,1927.280029296875,1927.280029296875,1927.280029296875
1990-07-10 00:00:00,1904.02001953125,1904.02001953125,1904.02001953125
1990-07-11 00:00:00,1902.3599853515625,1902.3599853515625,1902.3599853515625
1990-07-12 00:00:00,1929.239990234375,1929.239990234375,1929.239990234375
1990-07-13 00:00:00,1931.8499755859375,1931.8499755859375,1931.8499755859375
1990-07-16 00:00:00,1932.4300537109375,1932.4300537109375,1932.4300537109375
1990-07-17 00:00:00,1929.06005859375,1929.06005859375,1929.06005859375
1990-07-18 00:00:00,1962.0699462890625,1962.0699462890625,1962.0699462890625
1990-07-19 00:00:00,1962.219970703125,1962.219970703125,1962.219970703125
1990-07-20 00:00:00,1950.1600341796875,1950.1600341796875,1950.1600341796875
1990-07-23 00:00:00,1939.8199462890625,1939.8199462890625,1939.8199462890625
1990-07-24 00:00:00,1922.6700439453125,1922.6700439453125,1922.6700439453125
1990-07-25 00:00:00,1924.3399658203125,1924.3399658203125,1924.3399658203125
1990-07-26 00:00:00,1930.5699462890625,1930.5699462890625,1930.5699462890625
1990-07-27 00:00:00,1920.25,1920.25,1920.25
1990-07-30 00:00:00,1909.199951171875,1909.199951171875,1909.199951171875
1990-07-31 00:00:00,1922.9200439453125,1922.9200439453125,1922.9200439453125
1990-08-01 00:00:00,1903.97998046875,1903.97998046875,1903.97998046875
1990-08-02 00:00:00,1870.8900146484375,1870.8900146484375,1870.8900146484375
1990-08-03 00:00:00,1848.5,1848.5,1848.5
1990-08-06 00:00:00,1759.5899658203125,1759.5899658203125,1759.5899658203125
1990-08-07 00:00:00,1786.0400390625,1786.0400390625,1786.0400390625
1990-08-08 00:00:00,1733.5699462890625,1733.5699462890625,1733.5699462890625
1990-08-09 00:00:00,1751.510009765625,1751.510009765625,1751.510009765625
1990-08-10 00:00:00,1752.47998046875,1752.47998046875,1752.47998046875
1990-08-13 00:00:00,1721.5400390625,1721.5400390625,1721.5400390625
1990-08-14 00:00:00,1714.530029296875,1714.530029296875,1714.530029296875
1990-08-15 00:00:00,1737.52001953125,1737.52001953125,1737.52001953125
1990-08-16 00:00:00,1739.5799560546875,1739.5799560546875,1739.5799560546875
1990-08-17 00:00:00,1677.8900146484375,1677.8900146484375,1677.8900146484375
1990-08-20 00:00:00,1645.3800048828125,1645.3800048828125,1645.3800048828125
1990-08-21 00:00:00,1584.989990234375,1584.989990234375,1584.989990234375
1990-08-22 00:00:00,1568.1800537109375,1568.1800537109375,1568.1800537109375
1990-08-23 00:00:00,1532.2900390625,1532.2900390625,1532.2900390625
1990-08-24 00:00:00,1545.760009765625,1545.760009765625,1545.760009765625
1990-08-27 00:00:00,1633.6099853515625,1633.6099853515625,1633.6099853515625
1990-08-28 00:00:00,1623.06005859375,1623.06005859375,1623.06005859375
1990-08-29 00:00:00,1626.18994140625,1626.18994140625,1626.18994140625
1990-08-30 00:00:00,1653.550048828125,1653.550048828125,1653.550048828125
1990-08-31 00:00:00,1622.010009765625,1622.010009765625,1622.010009765625
1990-09-03 00:00:00,1620.1500244140625,1620.1500244140625,1620.1500244140625
1990-09-04 00:00:00,1605.6800537109375,1605.6800537109375,1605.6800537109375
1990-09-05 00:00:00,1581.6600341796875,1581.6600341796875,1581.6600341796875
1990-09-06 00:00:00,1555.93994140625,1555.93994140625,1555.93994140625
1990-09-07 00:00:00,1559.6700439453125,1559.6700439453125,1559.6700439453125
1990-09-10 00:00:00,1603.4200439453125,1603.4200439453125,1603.4200439453125
1990-09-11 00:00:00,1578.989990234375,1578.989990234375,1578.989990234375
1990-09-12 00:00:00,1599.3499755859375,1599.3499755859375,1599.3499755859375
1990-09-13 00:00:00,1581.260009765625,1581.260009765625,1581.260009765625
1990-09-14 00:00:00,1561.800048828125,1561.800048828125,1561.800048828125
1990-09-17 00:00:00,1527.3199462890625,1527.3199462890625,1527.3199462890625
1990-09-18 00:00:00,1509.8900146484375,1509.8900146484375,1509.8900146484375
1990-09-19 00:00:00,1479.4000244140625,1479.4000244140625,1479.4000244140625
1990-09-20 00:00:00,1465.77001953125,1465.77001953125,1465.77001953125
1990-09-21 00:00:00,1430.469970703125,1430.469970703125,1430.469970703125
1990-09-24 00:00:00,1426.31005859375,1426.31005859375,1426.31005859375
1990-09-25 00:00:00,1367.9000244140625,1367.9000244140625,1367.9000244140625
1990-09-26 00:00:00,1377.0899658203125,1377.0899658203125,1377.0899658203125
1990-09-27 00:00:00,1399.5,1399.5,1399.5
1990-09-28 00:00:00,1327.97998046875,1327.97998046875,1327.97998046875
1990-10-01 00:00:00,1405.6700439453125,1405.6700439453125,1405.6700439453125
1990-10-02 00:00:00,1448.449951171875,1448.449951171875,1448.449951171875
1990-10-04 00:00:00,1413.3800048828125,1413.3800048828125,1413.3800048828125
1990-10-05 00:00:00,1402.550048828125,1402.550048828125,1402.550048828125
1990-10-08 00:00:00,1458.0699462890625,1458.0699462890625,1458.0699462890625
1990-10-09 00:00:00,1445.93994140625,1445.93994140625,1445.93994140625
1990-10-10 00:00:00,1406.02001953125,1406.02001953125,1406.02001953125
1990-10-11 00:00:00,1425.6400146484375,1425.6400146484375,1425.6400146484375
1990-10-12 00:00:00,1461.9000244140625,1461.9000244140625,1461.9000244140625
1990-10-15 00:00:00,1472.72998046875,1472.72998046875,1472.72998046875
1990-10-16 00:00:00,1462.7099609375,1462.7099609375,1462.7099609375
1990-10-17 00:00:00,1441.31005859375,1441.31005859375,1441.31005859375
1990-10-18 00:00:00,1468.5400390625,1468.5400390625,1468.5400390625
1990-10-19 00:00:00,1484.0899658203125,1484.0899658203125,1484.0899658203125
1990-10-22 00:00:00,1474.1600341796875,1474.1600341796875,1474.1600341796875
1990-10-23 00:00:00,1488.3399658203125,1488.3399658203125,1488.3399658203125
1990-10-24 00:00:00,1523.1700439453125,1523.1700439453125,1523.1700439453125
1990-10-25 00:00:00,1498.510009765625,1498.510009765625,1498.510009765625
1990-10-26 00:00:00,1463.1199951171875,1463.1199951171875,1463.1199951171875
1990-10-29 00:00:00,1453.1800537109375,1453.1800537109375,1453.1800537109375
1990-10-30 00:00:00,1439.719970703125,1439.719970703125,1439.719970703125
1990-10-31 00:00:00,1434.5,1434.5,1434.5
1990-11-01 00:00:00,1421.22998046875,1421.22998046875,1421.22998046875
1990-11-02 00:00:00,1420.050048828125,1420.050048828125,1420.050048828125
1990-11-05 00:00:00,1422.8299560546875,1422.8299560546875,1422.8299560546875
1990-11-06 00:00:00,1404.760009765625,1404.760009765625,1404.760009765625
1990-11-07 00:00:00,1370.5,1370.5,1370.5
1990-11-08 00:00:00,1359.1800537109375,1359.1800537109375,1359.1800537109375
1990-11-09 00:00:00,1384.1199951171875,1384.1199951171875,1384.1199951171875
1990-11-12 00:00:00,1409.8199462890625,1409.8199462890625,1409.8199462890625
1990-11-13 00:00:00,1421.81005859375,1421.81005859375,1421.81005859375
1990-11-14 00:00:00,1402.300048828125,1402.300048828125,1402.300048828125
1990-11-15 00:00:00,1417.47998046875,1417.47998046875,1417.47998046875
1990-11-16 00:00:00,1430.199951171875,1430.199951171875,1430.199951171875
1990-11-19 00:00:00,1462.81005859375,1462.81005859375,1462.81005859375
1990-11-20 00:00:00,1459.8699951171875,1459.8699951171875,1459.8699951171875
1990-11-22 00:00:00,1496.050048828125,1496.050048828125,1496.050048828125
1990-11-23 00:00:00,1477.0400390625,1477.0400390625,1477.0400390625
1990-11-26 00:00:00,1458.280029296875,1458.280029296875,1458.280029296875
1990-11-27 00:00:00,1434.3699951171875,1434.3699951171875,1434.3699951171875
1990-11-28 00:00:00,1425.6700439453125,1425.6700439453125,1425.6700439453125
1990-11-29 00:00:00,1424.4100341796875,1424.4100341796875,1424.4100341796875
1990-11-30 00:00:00,1436.5699462890625,1436.5699462890625,1436.5699462890625
1990-12-03 00:00:00,1466.4000244140625,1466.4000244140625,1466.4000244140625
1990-12-04 00:00:00,1442.699951171875,1442.699951171875,1442.699951171875
1990-12-05 00:00:00,1459.9000244140625,1459.9000244140625,1459.9000244140625
1990-12-06 00:00:00,1493.06005859375,1493.06005859375,1493.06005859375
1990-12-07 00:00:00,1510.97998046875,1510.97998046875,1510.97998046875
1990-12-10 00:00:00,1514.5999755859375,1514.5999755859375,1514.5999755859375
1990-12-11 00:00:00,1487.6800537109375,1487.6800537109375,1487.6800537109375
1990-12-12 00:00:00,1518.5799560546875,1518.5799560546875,1518.5799560546875
1990-12-13 00:00:00,1527.3599853515625,1527.3599853515625,1527.3599853515625
1990-12-14 00:00:00,1513.25,1513.25,1513.25
1990-12-17 00:00:00,1491.1300048828125,1491.1300048828125,1491.1300048828125
1990-12-18 00:00:00,1480.3199462890625,1480.3199462890625,1480.3199462890625
1990-12-19 00:00:00,1460.97998046875,1460.97998046875,1460.97998046875
1990-12-20 00:00:00,1417.9599609375,1417.9599609375,1417.9599609375
1990-12-21 00:00:00,1421.22998046875,1421.22998046875,1421.22998046875
1990-12-27 00:00:00,1413.3199462890625,1413.3199462890625,1413.3199462890625
1990-12-28 00:00:00,1389.3499755859375,1389.3499755859375,1389.3499755859375
1991-01-02 00:00:00,1359.4300537109375,1359.4300537109375,1359.4300537109375
1991-01-03 00:00:00,1370.06005859375,1370.06005859375,1370.06005859375
1991-01-04 00:00:00,1390.0799560546875,1390.0799560546875,1390.0799560546875
1991-01-07 00:00:00,1356.47998046875,1356.47998046875,1356.47998046875
1991-01-08 00:00:00,1351.2099609375,1351.2099609375,1351.2099609375
1991-01-09 00:00:00,1367.719970703125,1367.719970703125,1367.719970703125
1991-01-10 00:00:00,1376.760009765625,1376.760009765625,1376.760009765625
1991-01-11 00:00:00,1377.489990234375,1377.489990234375,1377.489990234375
1991-01-14 00:00:00,1345.260009765625,1345.260009765625,1345.260009765625
1991-01-15 00:00:00,1317.1700439453125,1317.1700439453125,1317.1700439453125
1991-01-16 00:00:00,1324.93994140625,1324.93994140625,1324.93994140625
1991-01-17 00:00:00,1404.3499755859375,1404.3499755859375,1404.3499755859375
1991-01-18 00:00:00,1401.6500244140625,1401.6500244140625,1401.6500244140625
1991-01-21 00:00:00,1393.02001953125,1393.02001953125,1393.02001953125
1991-01-22 00:00:00,1373.9100341796875,1373.9100341796875,1373.9100341796875
1991-01-23 00:00:00,1365.469970703125,1365.469970703125,1365.469970703125
1991-01-24 00:00:00,1379.5699462890625,1379.5699462890625,1379.5699462890625
1991-01-25 00:00:00,1381.300048828125,1381.300048828125,1381.300048828125
1991-01-28 00:00:00,1378.5,1378.5,1378.5
1991-01-29 00:00:00,1388.3900146484375,1388.3900146484375,1388.3900146484375
1991-01-30 00:00:00,1395.5400390625,1395.5400390625,1395.5400390625
1991-01-31 00:00:00,1421.1600341796875,1421.1600341796875,1421.1600341796875
1991-02-01 00:00:00,1417.52001953125,1417.52001953125,1417.52001953125
1991-02-04 00:00:00,1446.22998046875,1446.22998046875,1446.22998046875
1991-02-05 00:00:00,1442.72998046875,1442.72998046875,1442.72998046875
1991-02-06 00:00:00,1425.219970703125,1425.219970703125,1425.219970703125
1991-02-07 00:00:00,1442.8299560546875,1442.8299560546875,1442.8299560546875
1991-02-08 00:00:00,1449.0699462890625,1449.0699462890625,1449.0699462890625
1991-02-11 00:00:00,1493.1800537109375,1493.1800537109375,1493.1800537109375
1991-02-12 00:00:00,1470.010009765625,1470.010009765625,1470.010009765625
1991-02-13 00:00:00,1482.8699951171875,1482.8699951171875,1482.8699951171875
1991-02-14 00:00:00,1497.2900390625,1497.2900390625,1497.2900390625
1991-02-15 00:00:00,1500.6199951171875,1500.6199951171875,1500.6199951171875
1991-02-18 00:00:00,1557.8699951171875,1557.8699951171875,1557.8699951171875
1991-02-19 00:00:00,1588.56005859375,1588.56005859375,1588.56005859375
1991-02-20 00:00:00,1567.260009765625,1567.260009765625,1567.260009765625
1991-02-21 00:00:00,1569.5400390625,1569.5400390625,1569.5400390625
1991-02-22 00:00:00,1574.77001953125,1574.77001953125,1574.77001953125
1991-02-25 00:00:00,1606.06005859375,1606.06005859375,1606.06005859375
1991-02-26 00:00:00,1564.7900390625,1564.7900390625,1564.7900390625
1991-02-27 00:00:00,1553.989990234375,1553.989990234375,1553.989990234375
1991-02-28 00:00:00,1564.449951171875,1564.449951171875,1564.449951171875
1991-03-01 00:00:00,1521.300048828125,1521.300048828125,1521.300048828125
1991-03-04 00:00:00,1529.31005859375,1529.31005859375,1529.31005859375
1991-03-05 00:00:00,1546.6099853515625,1546.6099853515625,1546.6099853515625
1991-03-06 00:00:00,1584.1500244140625,1584.1500244140625,1584.1500244140625
1991-03-07 00:00:00,1586.68994140625,1586.68994140625,1586.68994140625
1991-03-08 00:00:00,1604.6700439453125,1604.6700439453125,1604.6700439453125
1991-03-11 00:00:00,1575.68994140625,1575.68994140625,1575.68994140625
1991-03-12 00:00:00,1568.469970703125,1568.469970703125,1568.469970703125
1991-03-13 00:00:00,1558.75,1558.75,1558.75
1991-03-14 00:00:00,1563.6400146484375,1563.6400146484375,1563.6400146484375
1991-03-15 00:00:00,1572.2099609375,1572.2099609375,1572.2099609375
1991-03-18 00:00:00,1558.22998046875,1558.22998046875,1558.22998046875
1991-03-19 00:00:00,1542.8499755859375,1542.8499755859375,1542.8499755859375
1991-03-20 00:00:00,1530.68994140625,1530.68994140625,1530.68994140625
1991-03-21 00:00:00,1527.5400390625,1527.5400390625,1527.5400390625
1991-03-22 00:00:00,1507.6400146484375,1507.6400146484375,1507.6400146484375
1991-03-25 00:00:00,1508.81005859375,1508.81005859375,1508.81005859375
1991-03-26 00:00:00,1499.260009765625,1499.260009765625,1499.260009765625
1991-03-27 00:00:00,1514.8599853515625,1514.8599853515625,1514.8599853515625
1991-03-28 00:00:00,1515.3199462890625,1515.3199462890625,1515.3199462890625
1991-04-02 00:00:00,1541.8399658203125,1541.8399658203125,1541.8399658203125
1991-04-03 00:00:00,1572.43994140625,1572.43994140625,1572.43994140625
1991-04-04 00:00:00,1568.4000244140625,1568.4000244140625,1568.4000244140625
1991-04-05 00:00:00,1576.1700439453125,1576.1700439453125,1576.1700439453125
1991-04-08 00:00:00,1576.3699951171875,1576.3699951171875,1576.3699951171875
1991-04-09 00:00:00,1588.449951171875,1588.449951171875,1588.449951171875
1991-04-10 00:00:00,1560.530029296875,1560.530029296875,1560.530029296875
1991-04-11 00:00:00,1566.52001953125,1566.52001953125,1566.52001953125
1991-04-12 00:00:00,1577.6500244140625,1577.6500244140625,1577.6500244140625
1991-04-15 00:00:00,1600.5,1600.5,1600.5
1991-04-16 00:00:00,1602.5,1602.5,1602.5
1991-04-17 00:00:00,1616.9200439453125,1616.9200439453125,1616.9200439453125
1991-04-18 00:00:00,1614.1600341796875,1614.1600341796875,1614.1600341796875
1991-04-19 00:00:00,1599.8299560546875,1599.8299560546875,1599.8299560546875
1991-04-22 00:00:00,1577.050048828125,1577.050048828125,1577.050048828125
1991-04-23 00:00:00,1593.6199951171875,1593.6199951171875,1593.6199951171875
1991-04-24 00:00:00,1599.4100341796875,1599.4100341796875,1599.4100341796875
1991-04-25 00:00:00,1625.8699951171875,1625.8699951171875,1625.8699951171875
1991-04-26 00:00:00,1620.52001953125,1620.52001953125,1620.52001953125
1991-04-29 00:00:00,1633.8499755859375,1633.8499755859375,1633.8499755859375
1991-04-30 00:00:00,1606.8699951171875,1606.8699951171875,1606.8699951171875
1991-05-02 00:00:00,1631.1600341796875,1631.1600341796875,1631.1600341796875
1991-05-03 00:00:00,1633.1300048828125,1633.1300048828125,1633.1300048828125
1991-05-06 00:00:00,1625.8599853515625,1625.8599853515625,1625.8599853515625
1991-05-07 00:00:00,1628.989990234375,1628.989990234375,1628.989990234375
1991-05-08 00:00:00,1608.77001953125,1608.77001953125,1608.77001953125
1991-05-10 00:00:00,1620.3900146484375,1620.3900146484375,1620.3900146484375
1991-05-13 00:00:00,1607.280029296875,1607.280029296875,1607.280029296875
1991-05-14 00:00:00,1598.0699462890625,1598.0699462890625,1598.0699462890625
1991-05-15 00:00:00,1587.77001953125,1587.77001953125,1587.77001953125
1991-05-16 00:00:00,1592.3199462890625,1592.3199462890625,1592.3199462890625
1991-05-17 00:00:00,1602.5899658203125,1602.5899658203125,1602.5899658203125
1991-05-21 00:00:00,1612.47998046875,1612.47998046875,1612.47998046875
1991-05-22 00:00:00,1640.72998046875,1640.72998046875,1640.72998046875
1991-05-23 00:00:00,1641.2099609375,1641.2099609375,1641.2099609375
1991-05-24 00:00:00,1662.2900390625,1662.2900390625,1662.2900390625
1991-05-27 00:00:00,1677.3399658203125,1677.3399658203125,1677.3399658203125
1991-05-28 00:00:00,1675.280029296875,1675.280029296875,1675.280029296875
1991-05-29 00:00:00,1686.4200439453125,1686.4200439453125,1686.4200439453125
1991-05-31 00:00:00,1707.9599609375,1707.9599609375,1707.9599609375
1991-06-03 00:00:00,1704.18994140625,1704.18994140625,1704.18994140625
1991-06-04 00:00:00,1689.300048828125,1689.300048828125,1689.300048828125
1991-06-05 00:00:00,1705.739990234375,1705.739990234375,1705.739990234375
1991-06-06 00:00:00,1708.699951171875,1708.699951171875,1708.699951171875
1991-06-07 00:00:00,1708.3599853515625,1708.3599853515625,1708.3599853515625
1991-06-10 00:00:00,1698.0799560546875,1698.0799560546875,1698.0799560546875
1991-06-11 00:00:00,1713.300048828125,1713.300048828125,1713.300048828125
1991-06-12 00:00:00,1699.280029296875,1699.280029296875,1699.280029296875
1991-06-13 00:00:00,1688.8499755859375,1688.8499755859375,1688.8499755859375
1991-06-14 00:00:00,1702.8800048828125,1702.8800048828125,1702.8800048828125
1991-06-17 00:00:00,1714.219970703125,1714.219970703125,1714.219970703125
1991-06-18 00:00:00,1694.0,1694.0,1694.0
1991-06-19 00:00:00,1687.699951171875,1687.699951171875,1687.699951171875
1991-06-20 00:00:00,1689.719970703125,1689.719970703125,1689.719970703125
1991-06-21 00:00:00,1706.760009765625,1706.760009765625,1706.760009765625
1991-06-24 00:00:00,1690.6800537109375,1690.6800537109375,1690.6800537109375
1991-06-25 00:00:00,1691.469970703125,1691.469970703125,1691.469970703125
1991-06-26 00:00:00,1677.5799560546875,1677.5799560546875,1677.5799560546875
1991-06-27 00:00:00,1668.6099853515625,1668.6099853515625,1668.6099853515625
1991-06-28 00:00:00,1623.72998046875,1623.72998046875,1623.72998046875
1991-07-01 00:00:00,1628.75,1628.75,1628.75
1991-07-02 00:00:00,1613.6300048828125,1613.6300048828125,1613.6300048828125
1991-07-03 00:00:00,1606.510009765625,1606.510009765625,1606.510009765625
1991-07-04 00:00:00,1621.0400390625,1621.0400390625,1621.0400390625
1991-07-05 00:00:00,1618.1600341796875,1618.1600341796875,1618.1600341796875
1991-07-08 00:00:00,1610.6099853515625,1610.6099853515625,1610.6099853515625
1991-07-09 00:00:00,1630.75,1630.75,1630.75
1991-07-10 00:00:00,1640.1700439453125,1640.1700439453125,1640.1700439453125
1991-07-11 00:00:00,1635.469970703125,1635.469970703125,1635.469970703125
1991-07-12 00:00:00,1645.8900146484375,1645.8900146484375,1645.8900146484375
1991-07-15 00:00:00,1647.8399658203125,1647.8399658203125,1647.8399658203125
1991-07-16 00:00:00,1638.3499755859375,1638.3499755859375,1638.3499755859375
1991-07-17 00:00:00,1629.9300537109375,1629.9300537109375,1629.9300537109375
1991-07-18 00:00:00,1621.489990234375,1621.489990234375,1621.489990234375
1991-07-19 00:00:00,1624.739990234375,1624.739990234375,1624.739990234375
1991-07-22 00:00:00,1627.6300048828125,1627.6300048828125,1627.6300048828125
1991-07-23 00:00:00,1631.989990234375,1631.989990234375,1631.989990234375
1991-07-24 00:00:00,1621.1800537109375,1621.1800537109375,1621.1800537109375
1991-07-25 00:00:00,1613.4200439453125,1613.4200439453125,1613.4200439453125
1991-07-26 00:00:00,1604.949951171875,1604.949951171875,1604.949951171875
1991-07-29 00:00:00,1605.75,1605.75,1605.75
1991-07-30 00:00:00,1616.6700439453125,1616.6700439453125,1616.6700439453125
1991-07-31 00:00:00,1619.2900390625,1619.2900390625,1619.2900390625
1991-08-01 00:00:00,1620.489990234375,1620.489990234375,1620.489990234375
1991-08-02 00:00:00,1619.6700439453125,1619.6700439453125,1619.6700439453125
1991-08-05 00:00:00,1623.0699462890625,1623.0699462890625,1623.0699462890625
1991-08-06 00:00:00,1613.97998046875,1613.97998046875,1613.97998046875
1991-08-07 00:00:00,1631.8699951171875,1631.8699951171875,1631.8699951171875
1991-08-08 00:00:00,1630.3699951171875,1630.3699951171875,1630.3699951171875
1991-08-09 00:00:00,1633.469970703125,1633.469970703125,1633.469970703125
1991-08-12 00:00:00,1626.550048828125,1626.550048828125,1626.550048828125
1991-08-13 00:00:00,1650.4300537109375,1650.4300537109375,1650.4300537109375
1991-08-14 00:00:00,1650.06005859375,1650.06005859375,1650.06005859375
1991-08-15 00:00:00,1654.1099853515625,1654.1099853515625,1654.1099853515625
1991-08-16 00:00:00,1653.5999755859375,1653.5999755859375,1653.5999755859375
1991-08-19 00:00:00,1501.8199462890625,1501.8199462890625,1501.8199462890625
1991-08-20 00:00:00,1524.280029296875,1524.280029296875,1524.280029296875
1991-08-21 00:00:00,1603.6500244140625,1603.6500244140625,1603.6500244140625
1991-08-22 00:00:00,1622.489990234375,1622.489990234375,1622.489990234375
1991-08-23 00:00:00,1636.6800537109375,1636.6800537109375,1636.6800537109375
1991-08-26 00:00:00,1652.0999755859375,1652.0999755859375,1652.0999755859375
1991-08-27 00:00:00,1645.81005859375,1645.81005859375,1645.81005859375
1991-08-28 00:00:00,1650.3599853515625,1650.3599853515625,1650.3599853515625
1991-08-29 00:00:00,1651.550048828125,1651.550048828125,1651.550048828125
1991-08-30 00:00:00,1649.8800048828125,1649.8800048828125,1649.8800048828125
1991-09-02 00:00:00,1653.52001953125,1653.52001953125,1653.52001953125
1991-09-03 00:00:00,1657.510009765625,1657.510009765625,1657.510009765625
1991-09-04 00:00:00,1649.550048828125,1649.550048828125,1649.550048828125
1991-09-05 00:00:00,1649.0899658203125,1649.0899658203125,1649.0899658203125
1991-09-06 00:00:00,1646.4100341796875,1646.4100341796875,1646.4100341796875
1991-09-09 00:00:00,1638.6500244140625,1638.6500244140625,1638.6500244140625
1991-09-10 00:00:00,1625.800048828125,1625.800048828125,1625.800048828125
1991-09-11 00:00:00,1628.6400146484375,1628.6400146484375,1628.6400146484375
1991-09-12 00:00:00,1632.219970703125,1632.219970703125,1632.219970703125
1991-09-13 00:00:00,1633.6500244140625,1633.6500244140625,1633.6500244140625
1991-09-16 00:00:00,1631.1700439453125,1631.1700439453125,1631.1700439453125
1991-09-17 00:00:00,1635.800048828125,1635.800048828125,1635.800048828125
1991-09-18 00:00:00,1621.27001953125,1621.27001953125,1621.27001953125
1991-09-19 00:00:00,1624.699951171875,1624.699951171875,1624.699951171875
1991-09-20 00:00:00,1616.1300048828125,1616.1300048828125,1616.1300048828125
1991-09-23 00:00:00,1618.1199951171875,1618.1199951171875,1618.1199951171875
1991-09-24 00:00:00,1627.800048828125,1627.800048828125,1627.800048828125
1991-09-25 00:00:00,1625.7900390625,1625.7900390625,1625.7900390625
1991-09-26 00:00:00,1614.800048828125,1614.800048828125,1614.800048828125
1991-09-27 00:00:00,1612.800048828125,1612.800048828125,1612.800048828125
1991-09-30 00:00:00,1605.469970703125,1605.469970703125,1605.469970703125
1991-10-01 00:00:00,1609.3199462890625,1609.3199462890625,1609.3199462890625
1991-10-02 00:00:00,1607.47998046875,1607.47998046875,1607.47998046875
1991-10-04 00:00:00,1604.8900146484375,1604.8900146484375,1604.8900146484375
1991-10-07 00:00:00,1589.1199951171875,1589.1199951171875,1589.1199951171875
1991-10-08 00:00:00,1582.27001953125,1582.27001953125,1582.27001953125
1991-10-09 00:00:00,1567.989990234375,1567.989990234375,1567.989990234375
1991-10-10 00:00:00,1568.1600341796875,1568.1600341796875,1568.1600341796875
1991-10-11 00:00:00,1569.7099609375,1569.7099609375,1569.7099609375
1991-10-14 00:00:00,1571.739990234375,1571.739990234375,1571.739990234375
1991-10-15 00:00:00,1585.4100341796875,1585.4100341796875,1585.4100341796875
1991-10-16 00:00:00,1570.010009765625,1570.010009765625,1570.010009765625
1991-10-17 00:00:00,1561.8900146484375,1561.8900146484375,1561.8900146484375
1991-10-18 00:00:00,1565.1800537109375,1565.1800537109375,1565.1800537109375
1991-10-21 00:00:00,1570.3399658203125,1570.3399658203125,1570.3399658203125
1991-10-22 00:00:00,1577.0,1577.0,1577.0
1991-10-23 00:00:00,1590.2900390625,1590.2900390625,1590.2900390625
1991-10-24 00:00:00,1572.719970703125,1572.719970703125,1572.719970703125
1991-10-25 00:00:00,1572.0699462890625,1572.0699462890625,1572.0699462890625
1991-10-28 00:00:00,1579.18994140625,1579.18994140625,1579.18994140625
1991-10-29 00:00:00,1588.72998046875,1588.72998046875,1588.72998046875
1991-10-30 00:00:00,1586.010009765625,1586.010009765625,1586.010009765625
1991-10-31 00:00:00,1579.77001953125,1579.77001953125,1579.77001953125
1991-11-01 00:00:00,1572.5799560546875,1572.5799560546875,1572.5799560546875
1991-11-04 00:00:00,1568.0899658203125,1568.0899658203125,1568.0899658203125
1991-11-05 00:00:00,1578.2099609375,1578.2099609375,1578.2099609375
1991-11-06 00:00:00,1573.93994140625,1573.93994140625,1573.93994140625
1991-11-07 00:00:00,1582.06005859375,1582.06005859375,1582.06005859375
1991-11-08 00:00:00,1610.1800537109375,1610.1800537109375,1610.1800537109375
1991-11-11 00:00:00,1605.1600341796875,1605.1600341796875,1605.1600341796875
1991-11-12 00:00:00,1623.8399658203125,1623.8399658203125,1623.8399658203125
1991-11-13 00:00:00,1615.260009765625,1615.260009765625,1615.260009765625
1991-11-14 00:00:00,1627.0799560546875,1627.0799560546875,1627.0799560546875
1991-11-15 00:00:00,1626.969970703125,1626.969970703125,1626.969970703125
1991-11-18 00:00:00,1605.699951171875,1605.699951171875,1605.699951171875
1991-11-19 00:00:00,1589.699951171875,1589.699951171875,1589.699951171875
1991-11-21 00:00:00,1603.260009765625,1603.260009765625,1603.260009765625
1991-11-22 00:00:00,1599.75,1599.75,1599.75
1991-11-25 00:00:00,1590.8599853515625,1590.8599853515625,1590.8599853515625
1991-11-26 00:00:00,1603.5,1603.5,1603.5
1991-11-27 00:00:00,1589.8599853515625,1589.8599853515625,1589.8599853515625
1991-11-28 00:00:00,1587.9200439453125,1587.9200439453125,1587.9200439453125
1991-11-29 00:00:00,1571.06005859375,1571.06005859375,1571.06005859375
1991-12-02 00:00:00,1549.81005859375,1549.81005859375,1549.81005859375
1991-12-03 00:00:00,1549.3599853515625,1549.3599853515625,1549.3599853515625
1991-12-04 00:00:00,1554.6500244140625,1554.6500244140625,1554.6500244140625
1991-12-05 00:00:00,1557.52001953125,1557.52001953125,1557.52001953125
1991-12-06 00:00:00,1555.31005859375,1555.31005859375,1555.31005859375
1991-12-09 00:00:00,1559.760009765625,1559.760009765625,1559.760009765625
1991-12-10 00:00:00,1548.43994140625,1548.43994140625,1548.43994140625
1991-12-11 00:00:00,1543.989990234375,1543.989990234375,1543.989990234375
1991-12-12 00:00:00,1550.2099609375,1550.2099609375,1550.2099609375
1991-12-13 00:00:00,1557.030029296875,1557.030029296875,1557.030029296875
1991-12-16 00:00:00,1551.780029296875,1551.780029296875,1551.780029296875
1991-12-17 00:00:00,1562.8900146484375,1562.8900146484375,1562.8900146484375
1991-12-18 00:00:00,1570.280029296875,1570.280029296875,1570.280029296875
1991-12-19 00:00:00,1559.260009765625,1559.260009765625,1559.260009765625
1991-12-20 00:00:00,1545.8699951171875,1545.8699951171875,1545.8699951171875
1991-12-23 00:00:00,1542.77001953125,1542.77001953125,1542.77001953125
1991-12-27 00:00:00,1564.27001953125,1564.27001953125,1564.27001953125
1991-12-30 00:00:00,1577.260009765625,1577.260009765625,1577.260009765625
1992-01-02 00:00:00,1598.18994140625,1598.18994140625,1598.18994140625
1992-01-03 00:00:00,1604.050048828125,1604.050048828125,1604.050048828125
1992-01-06 00:00:00,1604.68994140625,1604.68994140625,1604.68994140625
1992-01-07 00:00:00,1593.6500244140625,1593.6500244140625,1593.6500244140625
1992-01-08 00:00:00,1581.6800537109375,1581.6800537109375,1581.6800537109375
1992-01-09 00:00:00,1599.1400146484375,1599.1400146484375,1599.1400146484375
1992-01-10 00:00:00,1613.8199462890625,1613.8199462890625,1613.8199462890625
1992-01-13 00:00:00,1620.449951171875,1620.449951171875,1620.449951171875
1992-01-14 00:00:00,1629.510009765625,1629.510009765625,1629.510009765625
1992-01-15 00:00:00,1663.699951171875,1663.699951171875,1663.699951171875
1992-01-16 00:00:00,1664.0899658203125,1664.0899658203125,1664.0899658203125
1992-01-17 00:00:00,1669.2900390625,1669.2900390625,1669.2900390625
1992-01-20 00:00:00,1685.1400146484375,1685.1400146484375,1685.1400146484375
1992-01-21 00:00:00,1687.0699462890625,1687.0699462890625,1687.0699462890625
1992-01-22 00:00:00,1680.1300048828125,1680.1300048828125,1680.1300048828125
1992-01-23 00:00:00,1671.8399658203125,1671.8399658203125,1671.8399658203125
1992-01-24 00:00:00,1669.52001953125,1669.52001953125,1669.52001953125
1992-01-27 00:00:00,1686.7099609375,1686.7099609375,1686.7099609375
1992-01-28 00:00:00,1685.510009765625,1685.510009765625,1685.510009765625
1992-01-29 00:00:00,1671.010009765625,1671.010009765625,1671.010009765625
1992-01-30 00:00:00,1683.06005859375,1683.06005859375,1683.06005859375
1992-01-31 00:00:00,1685.699951171875,1685.699951171875,1685.699951171875
1992-02-03 00:00:00,1685.6600341796875,1685.6600341796875,1685.6600341796875
1992-02-04 00:00:00,1678.77001953125,1678.77001953125,1678.77001953125
1992-02-05 00:00:00,1685.8499755859375,1685.8499755859375,1685.8499755859375
1992-02-06 00:00:00,1683.7099609375,1683.7099609375,1683.7099609375
1992-02-07 00:00:00,1686.5899658203125,1686.5899658203125,1686.5899658203125
1992-02-10 00:00:00,1683.72998046875,1683.72998046875,1683.72998046875
1992-02-11 00:00:00,1679.1400146484375,1679.1400146484375,1679.1400146484375
1992-02-12 00:00:00,1685.030029296875,1685.030029296875,1685.030029296875
1992-02-13 00:00:00,1680.81005859375,1680.81005859375,1680.81005859375
1992-02-14 00:00:00,1676.1700439453125,1676.1700439453125,1676.1700439453125
1992-02-17 00:00:00,1688.4599609375,1688.4599609375,1688.4599609375
1992-02-18 00:00:00,1696.550048828125,1696.550048828125,1696.550048828125
1992-02-19 00:00:00,1690.239990234375,1690.239990234375,1690.239990234375
1992-02-20 00:00:00,1711.3499755859375,1711.3499755859375,1711.3499755859375
1992-02-21 00:00:00,1711.2900390625,1711.2900390625,1711.2900390625
1992-02-24 00:00:00,1729.8599853515625,1729.8599853515625,1729.8599853515625
1992-02-25 00:00:00,1716.6300048828125,1716.6300048828125,1716.6300048828125
1992-02-26 00:00:00,1743.3599853515625,1743.3599853515625,1743.3599853515625
1992-02-27 00:00:00,1745.1700439453125,1745.1700439453125,1745.1700439453125
1992-02-28 00:00:00,1746.760009765625,1746.760009765625,1746.760009765625
1992-03-02 00:00:00,1749.2900390625,1749.2900390625,1749.2900390625
1992-03-03 00:00:00,1763.8599853515625,1763.8599853515625,1763.8599853515625
1992-03-04 00:00:00,1762.27001953125,1762.27001953125,1762.27001953125
1992-03-05 00:00:00,1762.2900390625,1762.2900390625,1762.2900390625
1992-03-06 00:00:00,1746.77001953125,1746.77001953125,1746.77001953125
1992-03-09 00:00:00,1753.5,1753.5,1753.5
1992-03-10 00:00:00,1753.2099609375,1753.2099609375,1753.2099609375
1992-03-11 00:00:00,1739.8800048828125,1739.8800048828125,1739.8800048828125
1992-03-12 00:00:00,1723.9200439453125,1723.9200439453125,1723.9200439453125
1992-03-13 00:00:00,1734.4200439453125,1734.4200439453125,1734.4200439453125
1992-03-16 00:00:00,1723.1300048828125,1723.1300048828125,1723.1300048828125
1992-03-17 00:00:00,1732.9200439453125,1732.9200439453125,1732.9200439453125
1992-03-18 00:00:00,1729.8900146484375,1729.8900146484375,1729.8900146484375
1992-03-19 00:00:00,1725.739990234375,1725.739990234375,1725.739990234375
1992-03-20 00:00:00,1730.9000244140625,1730.9000244140625,1730.9000244140625
1992-03-23 00:00:00,1714.1700439453125,1714.1700439453125,1714.1700439453125
1992-03-24 00:00:00,1716.199951171875,1716.199951171875,1716.199951171875
1992-03-25 00:00:00,1719.06005859375,1719.06005859375,1719.06005859375
1992-03-26 00:00:00,1718.2099609375,1718.2099609375,1718.2099609375
1992-03-27 00:00:00,1698.8399658203125,1698.8399658203125,1698.8399658203125
1992-03-30 00:00:00,1714.760009765625,1714.760009765625,1714.760009765625
1992-03-31 00:00:00,1718.3499755859375,1718.3499755859375,1718.3499755859375
1992-04-01 00:00:00,1706.68994140625,1706.68994140625,1706.68994140625
1992-04-02 00:00:00,1723.3699951171875,1723.3699951171875,1723.3699951171875
1992-04-03 00:00:00,1716.1800537109375,1716.1800537109375,1716.1800537109375
1992-04-06 00:00:00,1738.780029296875,1738.780029296875,1738.780029296875
1992-04-07 00:00:00,1737.4100341796875,1737.4100341796875,1737.4100341796875
1992-04-08 00:00:00,1714.77001953125,1714.77001953125,1714.77001953125
1992-04-09 00:00:00,1724.239990234375,1724.239990234375,1724.239990234375
1992-04-10 00:00:00,1733.77001953125,1733.77001953125,1733.77001953125
1992-04-13 00:00:00,1729.9599609375,1729.9599609375,1729.9599609375
1992-04-14 00:00:00,1734.4599609375,1734.4599609375,1734.4599609375
1992-04-15 00:00:00,1744.3499755859375,1744.3499755859375,1744.3499755859375
1992-04-16 00:00:00,1746.8800048828125,1746.8800048828125,1746.8800048828125
1992-04-21 00:00:00,1747.469970703125,1747.469970703125,1747.469970703125
1992-04-22 00:00:00,1753.0999755859375,1753.0999755859375,1753.0999755859375
1992-04-23 00:00:00,1745.1700439453125,1745.1700439453125,1745.1700439453125
1992-04-24 00:00:00,1745.719970703125,1745.719970703125,1745.719970703125
1992-04-27 00:00:00,1742.9200439453125,1742.9200439453125,1742.9200439453125
1992-04-28 00:00:00,1731.6800537109375,1731.6800537109375,1731.6800537109375
1992-04-29 00:00:00,1731.1800537109375,1731.1800537109375,1731.1800537109375
1992-04-30 00:00:00,1728.0899658203125,1728.0899658203125,1728.0899658203125
1992-05-04 00:00:00,1731.2900390625,1731.2900390625,1731.2900390625
1992-05-05 00:00:00,1733.8199462890625,1733.8199462890625,1733.8199462890625
1992-05-06 00:00:00,1745.780029296875,1745.780029296875,1745.780029296875
1992-05-07 00:00:00,1752.5699462890625,1752.5699462890625,1752.5699462890625
1992-05-08 00:00:00,1748.1300048828125,1748.1300048828125,1748.1300048828125
1992-05-11 00:00:00,1750.699951171875,1750.699951171875,1750.699951171875
1992-05-12 00:00:00,1747.9100341796875,1747.9100341796875,1747.9100341796875
1992-05-13 00:00:00,1745.7900390625,1745.7900390625,1745.7900390625
1992-05-14 00:00:00,1735.3399658203125,1735.3399658203125,1735.3399658203125
1992-05-15 00:00:00,1719.9200439453125,1719.9200439453125,1719.9200439453125
1992-05-18 00:00:00,1763.5899658203125,1763.5899658203125,1763.5899658203125
1992-05-19 00:00:00,1766.760009765625,1766.760009765625,1766.760009765625
1992-05-20 00:00:00,1785.4000244140625,1785.4000244140625,1785.4000244140625
1992-05-21 00:00:00,1783.56005859375,1783.56005859375,1783.56005859375
1992-05-22 00:00:00,1804.4200439453125,1804.4200439453125,1804.4200439453125
1992-05-25 00:00:00,1812.3299560546875,1812.3299560546875,1812.3299560546875
1992-05-26 00:00:00,1799.510009765625,1799.510009765625,1799.510009765625
1992-05-27 00:00:00,1792.800048828125,1792.800048828125,1792.800048828125
1992-05-29 00:00:00,1806.3599853515625,1806.3599853515625,1806.3599853515625
1992-06-01 00:00:00,1798.22998046875,1798.22998046875,1798.22998046875
1992-06-02 00:00:00,1800.6199951171875,1800.6199951171875,1800.6199951171875
1992-06-03 00:00:00,1786.18994140625,1786.18994140625,1786.18994140625
1992-06-04 00:00:00,1791.3499755859375,1791.3499755859375,1791.3499755859375
1992-06-05 00:00:00,1789.050048828125,1789.050048828125,1789.050048828125
1992-06-09 00:00:00,1784.7099609375,1784.7099609375,1784.7099609375
1992-06-10 00:00:00,1789.449951171875,1789.449951171875,1789.449951171875
1992-06-11 00:00:00,1779.739990234375,1779.739990234375,1779.739990234375
1992-06-12 00:00:00,1786.969970703125,1786.969970703125,1786.969970703125
1992-06-15 00:00:00,1773.25,1773.25,1773.25
1992-06-16 00:00:00,1781.6199951171875,1781.6199951171875,1781.6199951171875
1992-06-17 00:00:00,1773.75,1773.75,1773.75
1992-06-19 00:00:00,1776.3399658203125,1776.3399658203125,1776.3399658203125
1992-06-22 00:00:00,1770.719970703125,1770.719970703125,1770.719970703125
1992-06-23 00:00:00,1772.3900146484375,1772.3900146484375,1772.3900146484375
1992-06-24 00:00:00,1762.550048828125,1762.550048828125,1762.550048828125
1992-06-25 00:00:00,1764.3499755859375,1764.3499755859375,1764.3499755859375
1992-06-26 00:00:00,1752.8299560546875,1752.8299560546875,1752.8299560546875
1992-06-29 00:00:00,1755.97998046875,1755.97998046875,1755.97998046875
1992-06-30 00:00:00,1754.949951171875,1754.949951171875,1754.949951171875
1992-07-01 00:00:00,1759.9000244140625,1759.9000244140625,1759.9000244140625
1992-07-02 00:00:00,1759.8399658203125,1759.8399658203125,1759.8399658203125
1992-07-03 00:00:00,1776.5,1776.5,1776.5
1992-07-06 00:00:00,1769.97998046875,1769.97998046875,1769.97998046875
1992-07-07 00:00:00,1766.97998046875,1766.97998046875,1766.97998046875
1992-07-08 00:00:00,1752.2900390625,1752.2900390625,1752.2900390625
1992-07-09 00:00:00,1760.1700439453125,1760.1700439453125,1760.1700439453125
1992-07-10 00:00:00,1750.3199462890625,1750.3199462890625,1750.3199462890625
1992-07-13 00:00:00,1731.43994140625,1731.43994140625,1731.43994140625
1992-07-14 00:00:00,1735.510009765625,1735.510009765625,1735.510009765625
1992-07-15 00:00:00,1733.8399658203125,1733.8399658203125,1733.8399658203125
1992-07-16 00:00:00,1730.780029296875,1730.780029296875,1730.780029296875
1992-07-17 00:00:00,1699.4599609375,1699.4599609375,1699.4599609375
1992-07-20 00:00:00,1652.7099609375,1652.7099609375,1652.7099609375
1992-07-21 00:00:00,1654.0899658203125,1654.0899658203125,1654.0899658203125
1992-07-22 00:00:00,1636.81005859375,1636.81005859375,1636.81005859375
1992-07-23 00:00:00,1622.81005859375,1622.81005859375,1622.81005859375
1992-07-24 00:00:00,1613.3599853515625,1613.3599853515625,1613.3599853515625
1992-07-27 00:00:00,1617.780029296875,1617.780029296875,1617.780029296875
1992-07-28 00:00:00,1617.1800537109375,1617.1800537109375,1617.1800537109375
1992-07-29 00:00:00,1637.6199951171875,1637.6199951171875,1637.6199951171875
1992-07-30 00:00:00,1622.199951171875,1622.199951171875,1622.199951171875
1992-07-31 00:00:00,1608.489990234375,1608.489990234375,1608.489990234375
1992-08-03 00:00:00,1605.1099853515625,1605.1099853515625,1605.1099853515625
1992-08-04 00:00:00,1609.6099853515625,1609.6099853515625,1609.6099853515625
1992-08-05 00:00:00,1624.93994140625,1624.93994140625,1624.93994140625
1992-08-06 00:00:00,1618.0699462890625,1618.0699462890625,1618.0699462890625
1992-08-07 00:00:00,1611.9599609375,1611.9599609375,1611.9599609375
1992-08-10 00:00:00,1578.949951171875,1578.949951171875,1578.949951171875
1992-08-11 00:00:00,1561.3900146484375,1561.3900146484375,1561.3900146484375
1992-08-12 00:00:00,1547.8699951171875,1547.8699951171875,1547.8699951171875
1992-08-13 00:00:00,1548.6300048828125,1548.6300048828125,1548.6300048828125
1992-08-14 00:00:00,1560.1600341796875,1560.1600341796875,1560.1600341796875
1992-08-17 00:00:00,1554.760009765625,1554.760009765625,1554.760009765625
1992-08-18 00:00:00,1531.8699951171875,1531.8699951171875,1531.8699951171875
1992-08-19 00:00:00,1526.1400146484375,1526.1400146484375,1526.1400146484375
1992-08-20 00:00:00,1509.030029296875,1509.030029296875,1509.030029296875
1992-08-21 00:00:00,1530.030029296875,1530.030029296875,1530.030029296875
1992-08-24 00:00:00,1484.969970703125,1484.969970703125,1484.969970703125
1992-08-25 00:00:00,1464.030029296875,1464.030029296875,1464.030029296875
1992-08-26 00:00:00,1475.1099853515625,1475.1099853515625,1475.1099853515625
1992-08-27 00:00:00,1516.1199951171875,1516.1199951171875,1516.1199951171875
1992-08-28 00:00:00,1519.68994140625,1519.68994140625,1519.68994140625
1992-08-31 00:00:00,1529.969970703125,1529.969970703125,1529.969970703125
1992-09-01 00:00:00,1516.43994140625,1516.43994140625,1516.43994140625
1992-09-02 00:00:00,1515.530029296875,1515.530029296875,1515.530029296875
1992-09-03 00:00:00,1543.8900146484375,1543.8900146484375,1543.8900146484375
1992-09-04 00:00:00,1534.719970703125,1534.719970703125,1534.719970703125
1992-09-07 00:00:00,1538.6600341796875,1538.6600341796875,1538.6600341796875
1992-09-08 00:00:00,1536.7099609375,1536.7099609375,1536.7099609375
1992-09-09 00:00:00,1523.8299560546875,1523.8299560546875,1523.8299560546875
1992-09-10 00:00:00,1527.0999755859375,1527.0999755859375,1527.0999755859375
1992-09-11 00:00:00,1530.199951171875,1530.199951171875,1530.199951171875
1992-09-14 00:00:00,1601.5,1601.5,1601.5
1992-09-15 00:00:00,1580.2900390625,1580.2900390625,1580.2900390625
1992-09-16 00:00:00,1595.0899658203125,1595.0899658203125,1595.0899658203125
1992-09-17 00:00:00,1579.469970703125,1579.469970703125,1579.469970703125
1992-09-18 00:00:00,1600.5899658203125,1600.5899658203125,1600.5899658203125
1992-09-21 00:00:00,1566.0,1566.0,1566.0
1992-09-22 00:00:00,1557.010009765625,1557.010009765625,1557.010009765625
1992-09-23 00:00:00,1542.739990234375,1542.739990234375,1542.739990234375
1992-09-24 00:00:00,1536.300048828125,1536.300048828125,1536.300048828125
1992-09-25 00:00:00,1510.6600341796875,1510.6600341796875,1510.6600341796875
1992-09-28 00:00:00,1481.030029296875,1481.030029296875,1481.030029296875
1992-09-29 00:00:00,1483.8299560546875,1483.8299560546875,1483.8299560546875
1992-09-30 00:00:00,1470.0899658203125,1470.0899658203125,1470.0899658203125
1992-10-01 00:00:00,1484.780029296875,1484.780029296875,1484.780029296875
1992-10-02 00:00:00,1475.4100341796875,1475.4100341796875,1475.4100341796875
1992-10-05 00:00:00,1402.3399658203125,1402.3399658203125,1402.3399658203125
1992-10-06 00:00:00,1421.489990234375,1421.489990234375,1421.489990234375
1992-10-07 00:00:00,1434.6099853515625,1434.6099853515625,1434.6099853515625
1992-10-08 00:00:00,1446.3199462890625,1446.3199462890625,1446.3199462890625
1992-10-09 00:00:00,1437.6500244140625,1437.6500244140625,1437.6500244140625
1992-10-12 00:00:00,1441.5699462890625,1441.5699462890625,1441.5699462890625
1992-10-13 00:00:00,1471.6400146484375,1471.6400146484375,1471.6400146484375
1992-10-14 00:00:00,1453.949951171875,1453.949951171875,1453.949951171875
1992-10-15 00:00:00,1453.7900390625,1453.7900390625,1453.7900390625
1992-10-16 00:00:00,1458.02001953125,1458.02001953125,1458.02001953125
1992-10-19 00:00:00,1479.5899658203125,1479.5899658203125,1479.5899658203125
1992-10-20 00:00:00,1504.8900146484375,1504.8900146484375,1504.8900146484375
1992-10-21 00:00:00,1496.5400390625,1496.5400390625,1496.5400390625
1992-10-22 00:00:00,1511.0,1511.0,1511.0
1992-10-23 00:00:00,1528.8599853515625,1528.8599853515625,1528.8599853515625
1992-10-26 00:00:00,1534.02001953125,1534.02001953125,1534.02001953125
1992-10-27 00:00:00,1536.5999755859375,1536.5999755859375,1536.5999755859375
1992-10-28 00:00:00,1508.18994140625,1508.18994140625,1508.18994140625
1992-10-29 00:00:00,1493.5400390625,1493.5400390625,1493.5400390625
1992-10-30 00:00:00,1489.6800537109375,1489.6800537109375,1489.6800537109375
1992-11-02 00:00:00,1482.43994140625,1482.43994140625,1482.43994140625
1992-11-03 00:00:00,1483.3399658203125,1483.3399658203125,1483.3399658203125
1992-11-04 00:00:00,1470.5699462890625,1470.5699462890625,1470.5699462890625
1992-11-05 00:00:00,1484.8399658203125,1484.8399658203125,1484.8399658203125
1992-11-06 00:00:00,1487.7099609375,1487.7099609375,1487.7099609375
1992-11-09 00:00:00,1508.6300048828125,1508.6300048828125,1508.6300048828125
1992-11-10 00:00:00,1515.27001953125,1515.27001953125,1515.27001953125
1992-11-11 00:00:00,1509.8399658203125,1509.8399658203125,1509.8399658203125
1992-11-12 00:00:00,1542.280029296875,1542.280029296875,1542.280029296875
1992-11-13 00:00:00,1541.7900390625,1541.7900390625,1541.7900390625
1992-11-16 00:00:00,1542.47998046875,1542.47998046875,1542.47998046875
1992-11-17 00:00:00,1550.27001953125,1550.27001953125,1550.27001953125
1992-11-19 00:00:00,1543.3699951171875,1543.3699951171875,1543.3699951171875
1992-11-20 00:00:00,1547.8399658203125,1547.8399658203125,1547.8399658203125
1992-11-23 00:00:00,1523.6199951171875,1523.6199951171875,1523.6199951171875
1992-11-24 00:00:00,1526.6800537109375,1526.6800537109375,1526.6800537109375
1992-11-25 00:00:00,1513.4200439453125,1513.4200439453125,1513.4200439453125
1992-11-26 00:00:00,1523.02001953125,1523.02001953125,1523.02001953125
1992-11-27 00:00:00,1529.68994140625,1529.68994140625,1529.68994140625
1992-11-30 00:00:00,1545.1199951171875,1545.1199951171875,1545.1199951171875
1992-12-01 00:00:00,1546.8199462890625,1546.8199462890625,1546.8199462890625
1992-12-02 00:00:00,1528.1199951171875,1528.1199951171875,1528.1199951171875
1992-12-03 00:00:00,1530.6500244140625,1530.6500244140625,1530.6500244140625
1992-12-04 00:00:00,1526.25,1526.25,1526.25
1992-12-07 00:00:00,1519.47998046875,1519.47998046875,1519.47998046875
1992-12-08 00:00:00,1506.6500244140625,1506.6500244140625,1506.6500244140625
1992-12-09 00:00:00,1504.300048828125,1504.300048828125,1504.300048828125
1992-12-10 00:00:00,1480.6500244140625,1480.6500244140625,1480.6500244140625
1992-12-11 00:00:00,1476.699951171875,1476.699951171875,1476.699951171875
1992-12-14 00:00:00,1478.0699462890625,1478.0699462890625,1478.0699462890625
1992-12-15 00:00:00,1479.6199951171875,1479.6199951171875,1479.6199951171875
1992-12-16 00:00:00,1477.550048828125,1477.550048828125,1477.550048828125
1992-12-17 00:00:00,1472.5899658203125,1472.5899658203125,1472.5899658203125
1992-12-18 00:00:00,1495.5999755859375,1495.5999755859375,1495.5999755859375
1992-12-21 00:00:00,1517.449951171875,1517.449951171875,1517.449951171875
1992-12-22 00:00:00,1520.9300537109375,1520.9300537109375,1520.9300537109375
1992-12-23 00:00:00,1527.06005859375,1527.06005859375,1527.06005859375
1992-12-28 00:00:00,1547.510009765625,1547.510009765625,1547.510009765625
1992-12-29 00:00:00,1545.8199462890625,1545.8199462890625,1545.8199462890625
1992-12-30 00:00:00,1538.4300537109375,1538.4300537109375,1538.4300537109375
1993-01-04 00:00:00,1538.0400390625,1538.0400390625,1538.0400390625
1993-01-05 00:00:00,1554.030029296875,1554.030029296875,1554.030029296875
1993-01-06 00:00:00,1551.1700439453125,1551.1700439453125,1551.1700439453125
1993-01-07 00:00:00,1538.3699951171875,1538.3699951171875,1538.3699951171875
1993-01-08 00:00:00,1529.0999755859375,1529.0999755859375,1529.0999755859375
1993-01-11 00:00:00,1522.260009765625,1522.260009765625,1522.260009765625
1993-01-12 00:00:00,1533.7900390625,1533.7900390625,1533.7900390625
1993-01-13 00:00:00,1510.1800537109375,1510.1800537109375,1510.1800537109375
1993-01-14 00:00:00,1526.9100341796875,1526.9100341796875,1526.9100341796875
1993-01-15 00:00:00,1555.52001953125,1555.52001953125,1555.52001953125
1993-01-18 00:00:00,1581.489990234375,1581.489990234375,1581.489990234375
1993-01-19 00:00:00,1572.6099853515625,1572.6099853515625,1572.6099853515625
1993-01-20 00:00:00,1572.68994140625,1572.68994140625,1572.68994140625
1993-01-21 00:00:00,1580.6400146484375,1580.6400146484375,1580.6400146484375
1993-01-22 00:00:00,1593.3499755859375,1593.3499755859375,1593.3499755859375
1993-01-25 00:00:00,1571.280029296875,1571.280029296875,1571.280029296875
1993-01-26 00:00:00,1575.5899658203125,1575.5899658203125,1575.5899658203125
1993-01-27 00:00:00,1561.780029296875,1561.780029296875,1561.780029296875
1993-01-28 00:00:00,1572.6800537109375,1572.6800537109375,1572.6800537109375
1993-01-29 00:00:00,1574.0400390625,1574.0400390625,1574.0400390625
1993-02-01 00:00:00,1590.3299560546875,1590.3299560546875,1590.3299560546875
1993-02-02 00:00:00,1584.1400146484375,1584.1400146484375,1584.1400146484375
1993-02-03 00:00:00,1605.9100341796875,1605.9100341796875,1605.9100341796875
1993-02-04 00:00:00,1615.97998046875,1615.97998046875,1615.97998046875
1993-02-05 00:00:00,1643.8299560546875,1643.8299560546875,1643.8299560546875
1993-02-08 00:00:00,1646.8499755859375,1646.8499755859375,1646.8499755859375
1993-02-09 00:00:00,1639.1199951171875,1639.1199951171875,1639.1199951171875
1993-02-10 00:00:00,1642.800048828125,1642.800048828125,1642.800048828125
1993-02-11 00:00:00,1659.0699462890625,1659.0699462890625,1659.0699462890625
1993-02-12 00:00:00,1649.6400146484375,1649.6400146484375,1649.6400146484375
1993-02-15 00:00:00,1674.9300537109375,1674.9300537109375,1674.9300537109375
1993-02-16 00:00:00,1651.5999755859375,1651.5999755859375,1651.5999755859375
1993-02-17 00:00:00,1656.3499755859375,1656.3499755859375,1656.3499755859375
1993-02-18 00:00:00,1670.9000244140625,1670.9000244140625,1670.9000244140625
1993-02-19 00:00:00,1683.300048828125,1683.300048828125,1683.300048828125
1993-02-22 00:00:00,1679.4100341796875,1679.4100341796875,1679.4100341796875
1993-02-23 00:00:00,1658.0899658203125,1658.0899658203125,1658.0899658203125
1993-02-24 00:00:00,1652.9200439453125,1652.9200439453125,1652.9200439453125
1993-02-25 00:00:00,1661.9599609375,1661.9599609375,1661.9599609375
1993-02-26 00:00:00,1680.02001953125,1680.02001953125,1680.02001953125
1993-03-01 00:00:00,1691.3699951171875,1691.3699951171875,1691.3699951171875
1993-03-02 00:00:00,1701.4599609375,1701.4599609375,1701.4599609375
1993-03-03 00:00:00,1690.47998046875,1690.47998046875,1690.47998046875
1993-03-04 00:00:00,1685.4599609375,1685.4599609375,1685.4599609375
1993-03-05 00:00:00,1686.1500244140625,1686.1500244140625,1686.1500244140625
1993-03-08 00:00:00,1702.27001953125,1702.27001953125,1702.27001953125
1993-03-09 00:00:00,1711.9100341796875,1711.9100341796875,1711.9100341796875
1993-03-10 00:00:00,1714.47998046875,1714.47998046875,1714.47998046875
1993-03-11 00:00:00,1708.6500244140625,1708.6500244140625,1708.6500244140625
1993-03-12 00:00:00,1688.739990234375,1688.739990234375,1688.739990234375
1993-03-15 00:00:00,1705.050048828125,1705.050048828125,1705.050048828125
1993-03-16 00:00:00,1700.280029296875,1700.280029296875,1700.280029296875
1993-03-17 00:00:00,1689.7099609375,1689.7099609375,1689.7099609375
1993-03-18 00:00:00,1696.3800048828125,1696.3800048828125,1696.3800048828125
1993-03-19 00:00:00,1686.5699462890625,1686.5699462890625,1686.5699462890625
1993-03-22 00:00:00,1656.5899658203125,1656.5899658203125,1656.5899658203125
1993-03-23 00:00:00,1653.199951171875,1653.199951171875,1653.199951171875
1993-03-24 00:00:00,1666.719970703125,1666.719970703125,1666.719970703125
1993-03-25 00:00:00,1663.27001953125,1663.27001953125,1663.27001953125
1993-03-26 00:00:00,1667.260009765625,1667.260009765625,1667.260009765625
1993-03-29 00:00:00,1675.1800537109375,1675.1800537109375,1675.1800537109375
1993-03-30 00:00:00,1686.6400146484375,1686.6400146484375,1686.6400146484375
1993-03-31 00:00:00,1676.8399658203125,1676.8399658203125,1676.8399658203125
1993-04-01 00:00:00,1670.0400390625,1670.0400390625,1670.0400390625
1993-04-02 00:00:00,1657.06005859375,1657.06005859375,1657.06005859375
1993-04-05 00:00:00,1658.3599853515625,1658.3599853515625,1658.3599853515625
1993-04-06 00:00:00,1667.6400146484375,1667.6400146484375,1667.6400146484375
1993-04-07 00:00:00,1654.5999755859375,1654.5999755859375,1654.5999755859375
1993-04-08 00:00:00,1658.1300048828125,1658.1300048828125,1658.1300048828125
1993-04-13 00:00:00,1671.5400390625,1671.5400390625,1671.5400390625
1993-04-14 00:00:00,1674.949951171875,1674.949951171875,1674.949951171875
1993-04-15 00:00:00,1674.6700439453125,1674.6700439453125,1674.6700439453125
1993-04-16 00:00:00,1678.6500244140625,1678.6500244140625,1678.6500244140625
1993-04-19 00:00:00,1687.1400146484375,1687.1400146484375,1687.1400146484375
1993-04-20 00:00:00,1680.06005859375,1680.06005859375,1680.06005859375
1993-04-21 00:00:00,1666.489990234375,1666.489990234375,1666.489990234375
1993-04-22 00:00:00,1680.010009765625,1680.010009765625,1680.010009765625
1993-04-23 00:00:00,1656.030029296875,1656.030029296875,1656.030029296875
1993-04-26 00:00:00,1643.530029296875,1643.530029296875,1643.530029296875
1993-04-27 00:00:00,1636.5899658203125,1636.5899658203125,1636.5899658203125
1993-04-28 00:00:00,1630.8800048828125,1630.8800048828125,1630.8800048828125
1993-04-29 00:00:00,1618.5999755859375,1618.5999755859375,1618.5999755859375
1993-04-30 00:00:00,1626.8299560546875,1626.8299560546875,1626.8299560546875
1993-05-03 00:00:00,1632.0,1632.0,1632.0
1993-05-04 00:00:00,1619.9200439453125,1619.9200439453125,1619.9200439453125
1993-05-05 00:00:00,1628.8800048828125,1628.8800048828125,1628.8800048828125
1993-05-06 00:00:00,1617.739990234375,1617.739990234375,1617.739990234375
1993-05-07 00:00:00,1607.699951171875,1607.699951171875,1607.699951171875
1993-05-10 00:00:00,1616.449951171875,1616.449951171875,1616.449951171875
1993-05-11 00:00:00,1613.4599609375,1613.4599609375,1613.4599609375
1993-05-12 00:00:00,1632.989990234375,1632.989990234375,1632.989990234375
1993-05-13 00:00:00,1636.02001953125,1636.02001953125,1636.02001953125
1993-05-14 00:00:00,1632.3499755859375,1632.3499755859375,1632.3499755859375
1993-05-17 00:00:00,1630.3699951171875,1630.3699951171875,1630.3699951171875
1993-05-18 00:00:00,1619.260009765625,1619.260009765625,1619.260009765625
1993-05-19 00:00:00,1606.6400146484375,1606.6400146484375,1606.6400146484375
1993-05-21 00:00:00,1613.97998046875,1613.97998046875,1613.97998046875
1993-05-24 00:00:00,1608.5799560546875,1608.5799560546875,1608.5799560546875
1993-05-25 00:00:00,1623.050048828125,1623.050048828125,1623.050048828125
1993-05-26 00:00:00,1617.1800537109375,1617.1800537109375,1617.1800537109375
1993-05-27 00:00:00,1633.1800537109375,1633.1800537109375,1633.1800537109375
1993-05-28 00:00:00,1627.2099609375,1627.2099609375,1627.2099609375
1993-06-01 00:00:00,1625.5899658203125,1625.5899658203125,1625.5899658203125
1993-06-02 00:00:00,1628.530029296875,1628.530029296875,1628.530029296875
1993-06-03 00:00:00,1630.56005859375,1630.56005859375,1630.56005859375
1993-06-04 00:00:00,1638.469970703125,1638.469970703125,1638.469970703125
1993-06-07 00:00:00,1660.8800048828125,1660.8800048828125,1660.8800048828125
1993-06-08 00:00:00,1662.280029296875,1662.280029296875,1662.280029296875
1993-06-09 00:00:00,1679.68994140625,1679.68994140625,1679.68994140625
1993-06-11 00:00:00,1685.8499755859375,1685.8499755859375,1685.8499755859375
1993-06-14 00:00:00,1686.43994140625,1686.43994140625,1686.43994140625
1993-06-15 00:00:00,1684.5699462890625,1684.5699462890625,1684.5699462890625
1993-06-16 00:00:00,1689.9300537109375,1689.9300537109375,1689.9300537109375
1993-06-17 00:00:00,1681.469970703125,1681.469970703125,1681.469970703125
1993-06-18 00:00:00,1687.1400146484375,1687.1400146484375,1687.1400146484375
1993-06-21 00:00:00,1697.260009765625,1697.260009765625,1697.260009765625
1993-06-22 00:00:00,1698.3299560546875,1698.3299560546875,1698.3299560546875
1993-06-23 00:00:00,1690.9599609375,1690.9599609375,1690.9599609375
1993-06-24 00:00:00,1692.1600341796875,1692.1600341796875,1692.1600341796875
1993-06-25 00:00:00,1699.52001953125,1699.52001953125,1699.52001953125
1993-06-28 00:00:00,1712.3299560546875,1712.3299560546875,1712.3299560546875
1993-06-29 00:00:00,1703.050048828125,1703.050048828125,1703.050048828125
1993-06-30 00:00:00,1700.9300537109375,1700.9300537109375,1700.9300537109375
1993-07-01 00:00:00,1698.3599853515625,1698.3599853515625,1698.3599853515625
1993-07-02 00:00:00,1697.3900146484375,1697.3900146484375,1697.3900146484375
1993-07-05 00:00:00,1694.8299560546875,1694.8299560546875,1694.8299560546875
1993-07-06 00:00:00,1705.6600341796875,1705.6600341796875,1705.6600341796875
1993-07-07 00:00:00,1739.47998046875,1739.47998046875,1739.47998046875
1993-07-08 00:00:00,1798.6300048828125,1798.6300048828125,1798.6300048828125
1993-07-09 00:00:00,1798.3599853515625,1798.3599853515625,1798.3599853515625
1993-07-12 00:00:00,1808.739990234375,1808.739990234375,1808.739990234375
1993-07-13 00:00:00,1806.52001953125,1806.52001953125,1806.52001953125
1993-07-14 00:00:00,1815.6300048828125,1815.6300048828125,1815.6300048828125
1993-07-15 00:00:00,1807.1199951171875,1807.1199951171875,1807.1199951171875
1993-07-16 00:00:00,1829.3599853515625,1829.3599853515625,1829.3599853515625
1993-07-19 00:00:00,1835.0899658203125,1835.0899658203125,1835.0899658203125
1993-07-20 00:00:00,1826.449951171875,1826.449951171875,1826.449951171875
1993-07-21 00:00:00,1821.280029296875,1821.280029296875,1821.280029296875
1993-07-22 00:00:00,1828.530029296875,1828.530029296875,1828.530029296875
1993-07-23 00:00:00,1830.6099853515625,1830.6099853515625,1830.6099853515625
1993-07-26 00:00:00,1859.489990234375,1859.489990234375,1859.489990234375
1993-07-27 00:00:00,1846.02001953125,1846.02001953125,1846.02001953125
1993-07-28 00:00:00,1832.199951171875,1832.199951171875,1832.199951171875
1993-07-29 00:00:00,1823.4000244140625,1823.4000244140625,1823.4000244140625
1993-07-30 00:00:00,1823.0699462890625,1823.0699462890625,1823.0699462890625
1993-08-02 00:00:00,1818.0999755859375,1818.0999755859375,1818.0999755859375
1993-08-03 00:00:00,1857.3599853515625,1857.3599853515625,1857.3599853515625
1993-08-04 00:00:00,1861.219970703125,1861.219970703125,1861.219970703125
1993-08-05 00:00:00,1870.800048828125,1870.800048828125,1870.800048828125
1993-08-06 00:00:00,1878.93994140625,1878.93994140625,1878.93994140625
1993-08-09 00:00:00,1870.239990234375,1870.239990234375,1870.239990234375
1993-08-10 00:00:00,1864.510009765625,1864.510009765625,1864.510009765625
1993-08-11 00:00:00,1894.56005859375,1894.56005859375,1894.56005859375
1993-08-12 00:00:00,1908.68994140625,1908.68994140625,1908.68994140625
1993-08-13 00:00:00,1917.68994140625,1917.68994140625,1917.68994140625
1993-08-16 00:00:00,1903.43994140625,1903.43994140625,1903.43994140625
1993-08-17 00:00:00,1918.75,1918.75,1918.75
1993-08-18 00:00:00,1930.2900390625,1930.2900390625,1930.2900390625
1993-08-19 00:00:00,1937.77001953125,1937.77001953125,1937.77001953125
1993-08-20 00:00:00,1909.530029296875,1909.530029296875,1909.530029296875
1993-08-23 00:00:00,1893.47998046875,1893.47998046875,1893.47998046875
1993-08-24 00:00:00,1907.6500244140625,1907.6500244140625,1907.6500244140625
1993-08-25 00:00:00,1915.5899658203125,1915.5899658203125,1915.5899658203125
1993-08-26 00:00:00,1890.5799560546875,1890.5799560546875,1890.5799560546875
1993-08-27 00:00:00,1909.5400390625,1909.5400390625,1909.5400390625
1993-08-30 00:00:00,1929.56005859375,1929.56005859375,1929.56005859375
1993-08-31 00:00:00,1931.8800048828125,1931.8800048828125,1931.8800048828125
1993-09-01 00:00:00,1923.6700439453125,1923.6700439453125,1923.6700439453125
1993-09-02 00:00:00,1928.6300048828125,1928.6300048828125,1928.6300048828125
1993-09-03 00:00:00,1920.4300537109375,1920.4300537109375,1920.4300537109375
1993-09-06 00:00:00,1911.1500244140625,1911.1500244140625,1911.1500244140625
1993-09-07 00:00:00,1878.77001953125,1878.77001953125,1878.77001953125
1993-09-08 00:00:00,1870.3199462890625,1870.3199462890625,1870.3199462890625
1993-09-09 00:00:00,1870.4599609375,1870.4599609375,1870.4599609375
1993-09-10 00:00:00,1868.280029296875,1868.280029296875,1868.280029296875
1993-09-13 00:00:00,1874.3800048828125,1874.3800048828125,1874.3800048828125
1993-09-14 00:00:00,1869.25,1869.25,1869.25
1993-09-15 00:00:00,1852.81005859375,1852.81005859375,1852.81005859375
1993-09-16 00:00:00,1862.6199951171875,1862.6199951171875,1862.6199951171875
1993-09-17 00:00:00,1884.6700439453125,1884.6700439453125,1884.6700439453125
1993-09-20 00:00:00,1922.68994140625,1922.68994140625,1922.68994140625
1993-09-21 00:00:00,1922.050048828125,1922.050048828125,1922.050048828125
1993-09-22 00:00:00,1899.5400390625,1899.5400390625,1899.5400390625
1993-09-23 00:00:00,1902.1400146484375,1902.1400146484375,1902.1400146484375
1993-09-24 00:00:00,1890.1800537109375,1890.1800537109375,1890.1800537109375
1993-09-27 00:00:00,1914.4000244140625,1914.4000244140625,1914.4000244140625
1993-09-28 00:00:00,1915.6099853515625,1915.6099853515625,1915.6099853515625
1993-09-29 00:00:00,1908.969970703125,1908.969970703125,1908.969970703125
1993-09-30 00:00:00,1910.22998046875,1910.22998046875,1910.22998046875
1993-10-01 00:00:00,1920.4599609375,1920.4599609375,1920.4599609375
1993-10-04 00:00:00,1934.989990234375,1934.989990234375,1934.989990234375
1993-10-05 00:00:00,1973.449951171875,1973.449951171875,1973.449951171875
1993-10-06 00:00:00,1994.0899658203125,1994.0899658203125,1994.0899658203125
1993-10-07 00:00:00,1991.949951171875,1991.949951171875,1991.949951171875
1993-10-08 00:00:00,2015.7099609375,2015.7099609375,2015.7099609375
1993-10-11 00:00:00,2009.280029296875,2009.280029296875,2009.280029296875
1993-10-12 00:00:00,2004.1099853515625,2004.1099853515625,2004.1099853515625
1993-10-13 00:00:00,1999.5999755859375,1999.5999755859375,1999.5999755859375
1993-10-14 00:00:00,1995.3499755859375,1995.3499755859375,1995.3499755859375
1993-10-15 00:00:00,2023.260009765625,2023.260009765625,2023.260009765625
1993-10-18 00:00:00,2032.25,2032.25,2032.25
1993-10-19 00:00:00,2036.9300537109375,2036.9300537109375,2036.9300537109375
1993-10-20 00:00:00,2029.8699951171875,2029.8699951171875,2029.8699951171875
1993-10-21 00:00:00,2048.050048828125,2048.050048828125,2048.050048828125
1993-10-22 00:00:00,2083.6201171875,2083.6201171875,2083.6201171875
1993-10-25 00:00:00,2061.179931640625,2061.179931640625,2061.179931640625
1993-10-26 00:00:00,2048.75,2048.75,2048.75
1993-10-27 00:00:00,2040.969970703125,2040.969970703125,2040.969970703125
1993-10-28 00:00:00,2053.659912109375,2053.659912109375,2053.659912109375
1993-10-29 00:00:00,2064.97998046875,2064.97998046875,2064.97998046875
1993-11-01 00:00:00,2068.510009765625,2068.510009765625,2068.510009765625
1993-11-02 00:00:00,2086.39990234375,2086.39990234375,2086.39990234375
1993-11-03 00:00:00,2086.219970703125,2086.219970703125,2086.219970703125
1993-11-04 00:00:00,2057.10009765625,2057.10009765625,2057.10009765625
1993-11-05 00:00:00,2013.6500244140625,2013.6500244140625,2013.6500244140625
1993-11-08 00:00:00,2007.5,2007.5,2007.5
1993-11-09 00:00:00,2040.739990234375,2040.739990234375,2040.739990234375
1993-11-10 00:00:00,2020.1099853515625,2020.1099853515625,2020.1099853515625
1993-11-11 00:00:00,2021.81005859375,2021.81005859375,2021.81005859375
1993-11-12 00:00:00,2023.06005859375,2023.06005859375,2023.06005859375
1993-11-15 00:00:00,2047.199951171875,2047.199951171875,2047.199951171875
1993-11-16 00:00:00,2070.169921875,2070.169921875,2070.169921875
1993-11-18 00:00:00,2075.989990234375,2075.989990234375,2075.989990234375
1993-11-19 00:00:00,2072.1298828125,2072.1298828125,2072.1298828125
1993-11-22 00:00:00,2020.3599853515625,2020.3599853515625,2020.3599853515625
1993-11-23 00:00:00,2027.989990234375,2027.989990234375,2027.989990234375
1993-11-24 00:00:00,2036.449951171875,2036.449951171875,2036.449951171875
1993-11-25 00:00:00,2057.800048828125,2057.800048828125,2057.800048828125
1993-11-26 00:00:00,2045.25,2045.25,2045.25
1993-11-29 00:00:00,2052.090087890625,2052.090087890625,2052.090087890625
1993-11-30 00:00:00,2052.919921875,2052.919921875,2052.919921875
1993-12-01 00:00:00,2089.77001953125,2089.77001953125,2089.77001953125
1993-12-02 00:00:00,2099.760009765625,2099.760009765625,2099.760009765625
1993-12-03 00:00:00,2128.300048828125,2128.300048828125,2128.300048828125
1993-12-06 00:00:00,2118.010009765625,2118.010009765625,2118.010009765625
1993-12-07 00:00:00,2127.389892578125,2127.389892578125,2127.389892578125
1993-12-08 00:00:00,2165.949951171875,2165.949951171875,2165.949951171875
1993-12-09 00:00:00,2166.580078125,2166.580078125,2166.580078125
1993-12-10 00:00:00,2165.5,2165.5,2165.5
1993-12-13 00:00:00,2163.830078125,2163.830078125,2163.830078125
1993-12-14 00:00:00,2128.070068359375,2169.179931640625,2128.070068359375
1993-12-15 00:00:00,2128.330078125,2140.949951171875,2113.260009765625
1993-12-16 00:00:00,2144.030029296875,2144.219970703125,2132.02001953125
1993-12-17 00:00:00,2154.760009765625,2158.56005859375,2147.860107421875
1993-12-20 00:00:00,2188.179931640625,2190.8701171875,2158.580078125
1993-12-21 00:00:00,2183.780029296875,2196.159912109375,2179.840087890625
1993-12-22 00:00:00,2209.169921875,2210.800048828125,2182.389892578125
1993-12-23 00:00:00,2227.6298828125,2227.6298828125,2215.139892578125
1993-12-27 00:00:00,2266.699951171875,2268.110107421875,2232.760009765625
1993-12-28 00:00:00,2236.909912109375,2284.179931640625,2235.89990234375
1993-12-29 00:00:00,2229.6201171875,2237.949951171875,2216.169921875
1993-12-30 00:00:00,2255.2900390625,2258.169921875,2231.0400390625
1994-01-03 00:00:00,2274.6201171875,2277.969970703125,2231.139892578125
1994-01-04 00:00:00,2249.85009765625,2280.409912109375,2247.889892578125
1994-01-05 00:00:00,2223.610107421875,2266.2099609375,2221.889892578125
1994-01-06 00:00:00,2220.6298828125,2228.489990234375,2206.4599609375
1994-01-07 00:00:00,2224.949951171875,2227.639892578125,2201.820068359375
1994-01-10 00:00:00,2225.0,2238.010009765625,2222.0
1994-01-11 00:00:00,2228.10009765625,2235.610107421875,2225.179931640625
1994-01-12 00:00:00,2182.06005859375,2227.7900390625,2182.06005859375
1994-01-13 00:00:00,2142.3701171875,2183.7099609375,2134.10009765625
1994-01-14 00:00:00,2151.050048828125,2153.35009765625,2128.449951171875
1994-01-17 00:00:00,2115.56005859375,2155.72998046875,2113.030029296875
1994-01-18 00:00:00,2130.35009765625,2131.25,2105.239990234375
1994-01-19 00:00:00,2132.52001953125,2138.97998046875,2128.830078125
1994-01-20 00:00:00,2098.360107421875,2136.419921875,2093.800048828125
1994-01-21 00:00:00,2073.93994140625,2096.010009765625,2072.429931640625
1994-01-24 00:00:00,2107.2900390625,2107.2900390625,2056.110107421875
1994-01-25 00:00:00,2090.780029296875,2129.449951171875,2090.659912109375
1994-01-26 00:00:00,2128.659912109375,2128.659912109375,2090.669921875
1994-01-27 00:00:00,2123.31005859375,2143.320068359375,2123.31005859375
1994-01-28 00:00:00,2156.610107421875,2160.52001953125,2128.39990234375
1994-01-31 00:00:00,2192.60009765625,2196.1298828125,2161.77001953125
1994-02-01 00:00:00,2181.8798828125,2208.39990234375,2175.090087890625
1994-02-02 00:00:00,2184.050048828125,2191.8701171875,2175.320068359375
1994-02-03 00:00:00,2137.080078125,2197.31005859375,2135.840087890625
1994-02-04 00:00:00,2143.89990234375,2143.909912109375,2128.659912109375
1994-02-07 00:00:00,2095.110107421875,2099.659912109375,2069.260009765625
1994-02-08 00:00:00,2099.570068359375,2111.889892578125,2099.179931640625
1994-02-09 00:00:00,2116.429931640625,2116.429931640625,2085.02001953125
1994-02-10 00:00:00,2119.68994140625,2121.7099609375,2108.639892578125
1994-02-11 00:00:00,2108.77001953125,2119.5,2089.72998046875
1994-02-14 00:00:00,2101.929931640625,2120.510009765625,2099.0400390625
1994-02-15 00:00:00,2130.7099609375,2132.219970703125,2100.080078125
1994-02-16 00:00:00,2135.25,2144.389892578125,2126.56005859375
1994-02-17 00:00:00,2162.2900390625,2176.360107421875,2130.360107421875
1994-02-18 00:00:00,2133.85009765625,2155.840087890625,2129.840087890625
1994-02-21 00:00:00,2108.06005859375,2120.320068359375,2107.659912109375
1994-02-22 00:00:00,2113.639892578125,2123.68994140625,2100.830078125
1994-02-23 00:00:00,2140.25,2142.72998046875,2117.75
1994-02-24 00:00:00,2082.89990234375,2134.3701171875,2071.52001953125
1994-02-25 00:00:00,2075.330078125,2083.7900390625,2053.64990234375
1994-02-28 00:00:00,2103.239990234375,2104.639892578125,2083.260009765625
1994-03-01 00:00:00,2056.610107421875,2101.989990234375,2056.530029296875
1994-03-02 00:00:00,2018.68994140625,2045.5699462890625,1999.1099853515625
1994-03-03 00:00:00,2044.449951171875,2044.449951171875,2020.010009765625
1994-03-04 00:00:00,2076.760009765625,2076.760009765625,2043.3299560546875
1994-03-07 00:00:00,2132.1201171875,2136.820068359375,2085.929931640625
1994-03-08 00:00:00,2125.469970703125,2140.050048828125,2124.199951171875
1994-03-09 00:00:00,2118.010009765625,2129.219970703125,2112.469970703125
1994-03-10 00:00:00,2124.510009765625,2145.669921875,2124.510009765625
1994-03-11 00:00:00,2101.889892578125,2120.6201171875,2100.080078125
1994-03-14 00:00:00,2169.39990234375,2170.050048828125,2121.080078125
1994-03-15 00:00:00,2178.909912109375,2178.909912109375,2164.3798828125
1994-03-16 00:00:00,2168.110107421875,2187.179931640625,2166.929931640625
1994-03-17 00:00:00,2160.449951171875,2181.800048828125,2153.179931640625
1994-03-18 00:00:00,2140.389892578125,2155.580078125,2129.659912109375
1994-03-21 00:00:00,2130.550048828125,2145.530029296875,2120.889892578125
1994-03-22 00:00:00,2141.699951171875,2153.3798828125,2134.699951171875
1994-03-23 00:00:00,2162.9599609375,2168.72998046875,2152.669921875
1994-03-24 00:00:00,2144.360107421875,2169.139892578125,2138.050048828125
1994-03-25 00:00:00,2144.0,2148.419921875,2130.25
1994-03-28 00:00:00,2167.719970703125,2176.06005859375,2109.6201171875
1994-03-29 00:00:00,2162.820068359375,2181.570068359375,2161.219970703125
1994-03-30 00:00:00,2151.840087890625,2158.10009765625,2136.0
1994-03-31 00:00:00,2142.8798828125,2145.909912109375,2131.639892578125
1994-04-05 00:00:00,2177.090087890625,2177.090087890625,2130.580078125
1994-04-06 00:00:00,2184.889892578125,2196.18994140625,2183.469970703125
1994-04-07 00:00:00,2202.570068359375,2218.169921875,2188.10009765625
1994-04-08 00:00:00,2203.179931640625,2215.429931640625,2197.919921875
1994-04-11 00:00:00,2224.85009765625,2229.889892578125,2211.550048828125
1994-04-12 00:00:00,2211.18994140625,2233.080078125,2206.85009765625
1994-04-13 00:00:00,2215.18994140625,2215.18994140625,2206.030029296875
1994-04-14 00:00:00,2198.239990234375,2219.39990234375,2191.56005859375
1994-04-15 00:00:00,2211.919921875,2211.919921875,2199.659912109375
1994-04-18 00:00:00,2218.3701171875,2234.199951171875,2216.5400390625
1994-04-19 00:00:00,2193.889892578125,2224.280029296875,2172.610107421875
1994-04-20 00:00:00,2194.090087890625,2207.3798828125,2182.93994140625
1994-04-21 00:00:00,2194.409912109375,2205.739990234375,2192.89990234375
1994-04-22 00:00:00,2218.1298828125,2219.8701171875,2204.27001953125
1994-04-25 00:00:00,2208.679931640625,2213.830078125,2200.06005859375
1994-04-26 00:00:00,2241.360107421875,2245.489990234375,2213.580078125
1994-04-27 00:00:00,2256.97998046875,2262.419921875,2250.18994140625
1994-04-28 00:00:00,2237.820068359375,2267.60009765625,2237.820068359375
1994-04-29 00:00:00,2252.510009765625,2253.6298828125,2234.0400390625
1994-05-02 00:00:00,2266.719970703125,2277.949951171875,2261.22998046875
1994-05-03 00:00:00,2261.7099609375,2270.7900390625,2250.31005859375
1994-05-04 00:00:00,2241.85009765625,2261.469970703125,2240.5
1994-05-05 00:00:00,2249.780029296875,2249.780029296875,2225.77001953125
1994-05-06 00:00:00,2233.550048828125,2251.7900390625,2222.47998046875
1994-05-09 00:00:00,2218.77001953125,2226.14990234375,2215.010009765625
1994-05-10 00:00:00,2241.340087890625,2246.06005859375,2221.72998046875
1994-05-11 00:00:00,2248.02001953125,2251.7900390625,2238.360107421875
1994-05-13 00:00:00,2257.330078125,2261.77001953125,2254.010009765625
1994-05-16 00:00:00,2272.9599609375,2273.719970703125,2262.449951171875
1994-05-17 00:00:00,2268.110107421875,2275.320068359375,2258.699951171875
1994-05-18 00:00:00,2254.2099609375,2281.719970703125,2253.860107421875
1994-05-19 00:00:00,2245.7900390625,2255.429931640625,2242.030029296875
1994-05-20 00:00:00,2238.969970703125,2250.39990234375,2236.929931640625
1994-05-24 00:00:00,2188.010009765625,2228.4599609375,2177.719970703125
1994-05-25 00:00:00,2137.56005859375,2193.81005859375,2128.409912109375
1994-05-26 00:00:00,2146.0,2151.5,2129.02001953125
1994-05-27 00:00:00,2112.800048828125,2161.320068359375,2112.179931640625
1994-05-30 00:00:00,2129.760009765625,2129.8798828125,2116.510009765625
1994-05-31 00:00:00,2137.340087890625,2140.169921875,2108.909912109375
1994-06-01 00:00:00,2113.6201171875,2146.6201171875,2113.389892578125
1994-06-03 00:00:00,2158.8798828125,2158.8798828125,2121.969970703125
1994-06-06 00:00:00,2163.590087890625,2170.25,2159.93994140625
1994-06-07 00:00:00,2131.800048828125,2159.820068359375,2123.669921875
1994-06-08 00:00:00,2143.929931640625,2151.050048828125,2119.7900390625
1994-06-09 00:00:00,2131.139892578125,2140.719970703125,2124.5
1994-06-10 00:00:00,2143.580078125,2143.580078125,2132.0400390625
1994-06-13 00:00:00,2084.419921875,2143.330078125,2084.419921875
1994-06-14 00:00:00,2088.43994140625,2089.340087890625,2048.739990234375
1994-06-15 00:00:00,2073.2099609375,2089.47998046875,2065.360107421875
1994-06-16 00:00:00,2047.2900390625,2059.77001953125,2040.8900146484375
1994-06-17 00:00:00,2031.800048828125,2065.6298828125,2029.97998046875
1994-06-20 00:00:00,1986.4200439453125,2014.4000244140625,1953.1500244140625
1994-06-21 00:00:00,1957.0799560546875,1992.3800048828125,1955.1199951171875
1994-06-22 00:00:00,2004.9300537109375,2006.6800537109375,1956.8599853515625
1994-06-23 00:00:00,2032.52001953125,2033.6500244140625,2011.93994140625
1994-06-24 00:00:00,2005.0699462890625,2019.1099853515625,1995.969970703125
1994-06-27 00:00:00,2000.47998046875,2002.5,1973.1500244140625
1994-06-28 00:00:00,2022.25,2030.97998046875,2011.52001953125
1994-06-29 00:00:00,2042.449951171875,2045.3399658203125,2018.719970703125
1994-06-30 00:00:00,2020.8499755859375,2057.800048828125,2019.469970703125
1994-07-01 00:00:00,2040.68994140625,2040.780029296875,2019.6500244140625
1994-07-04 00:00:00,2061.699951171875,2061.699951171875,2047.6600341796875
1994-07-05 00:00:00,2034.6400146484375,2068.360107421875,2029.4000244140625
1994-07-06 00:00:00,2031.3299560546875,2038.989990234375,2026.739990234375
1994-07-07 00:00:00,2049.10009765625,2052.39990234375,2035.72998046875
1994-07-08 00:00:00,2047.8299560546875,2053.169921875,2039.219970703125
1994-07-11 00:00:00,2069.4599609375,2071.820068359375,2044.4100341796875
1994-07-12 00:00:00,2048.570068359375,2073.77001953125,2039.6600341796875
1994-07-13 00:00:00,2051.25,2061.31005859375,2047.469970703125
1994-07-14 00:00:00,2070.7099609375,2071.090087890625,2051.47998046875
1994-07-15 00:00:00,2103.5400390625,2104.489990234375,2070.6201171875
1994-07-18 00:00:00,2116.9599609375,2117.360107421875,2086.239990234375
1994-07-19 00:00:00,2129.860107421875,2133.219970703125,2118.889892578125
1994-07-20 00:00:00,2120.969970703125,2145.2099609375,2117.090087890625
1994-07-21 00:00:00,2126.75,2127.68994140625,2104.919921875
1994-07-22 00:00:00,2148.22998046875,2154.419921875,2124.18994140625
1994-07-25 00:00:00,2144.2099609375,2148.06005859375,2131.14990234375
1994-07-26 00:00:00,2163.320068359375,2168.780029296875,2143.090087890625
1994-07-27 00:00:00,2135.929931640625,2166.4599609375,2132.81005859375
1994-07-28 00:00:00,2134.1201171875,2136.469970703125,2121.010009765625
1994-07-29 00:00:00,2152.18994140625,2157.3701171875,2138.010009765625
1994-08-01 00:00:00,2161.5,2161.93994140625,2150.580078125
1994-08-02 00:00:00,2193.6298828125,2196.889892578125,2170.080078125
1994-08-03 00:00:00,2190.830078125,2199.1298828125,2187.909912109375
1994-08-04 00:00:00,2176.659912109375,2197.22998046875,2175.9599609375
1994-08-05 00:00:00,2188.81005859375,2189.14990234375,2171.1201171875
1994-08-08 00:00:00,2182.320068359375,2188.97998046875,2176.320068359375
1994-08-09 00:00:00,2160.56005859375,2185.6298828125,2156.10009765625
1994-08-10 00:00:00,2166.510009765625,2167.1298828125,2154.969970703125
1994-08-11 00:00:00,2156.31005859375,2177.4599609375,2146.530029296875
1994-08-12 00:00:00,2133.739990234375,2140.27001953125,2119.570068359375
1994-08-15 00:00:00,2134.340087890625,2140.360107421875,2127.39990234375
1994-08-16 00:00:00,2152.64990234375,2158.1298828125,2133.75
1994-08-17 00:00:00,2166.56005859375,2169.8701171875,2157.580078125
1994-08-18 00:00:00,2151.43994140625,2173.830078125,2150.570068359375
1994-08-19 00:00:00,2143.840087890625,2150.469970703125,2141.469970703125
1994-08-22 00:00:00,2113.3701171875,2146.409912109375,2108.9599609375
1994-08-23 00:00:00,2121.25,2121.25,2094.1201171875
1994-08-24 00:00:00,2132.97998046875,2134.949951171875,2111.02001953125
1994-08-25 00:00:00,2153.47998046875,2158.27001953125,2143.7099609375
1994-08-26 00:00:00,2190.580078125,2191.800048828125,2143.219970703125
1994-08-29 00:00:00,2215.719970703125,2227.699951171875,2179.780029296875
1994-08-30 00:00:00,2205.820068359375,2219.989990234375,2204.2099609375
1994-08-31 00:00:00,2207.090087890625,2222.949951171875,2195.3701171875
1994-09-01 00:00:00,2185.780029296875,2213.68994140625,2185.27001953125
1994-09-02 00:00:00,2197.3798828125,2215.75,2187.5
1994-09-05 00:00:00,2173.60009765625,2191.9599609375,2163.300048828125
1994-09-06 00:00:00,2158.070068359375,2172.909912109375,2157.820068359375
1994-09-07 00:00:00,2167.679931640625,2172.969970703125,2159.7099609375
1994-09-08 00:00:00,2178.10009765625,2179.27001953125,2170.830078125
1994-09-09 00:00:00,2155.580078125,2192.2900390625,2154.06005859375
1994-09-12 00:00:00,2155.81005859375,2157.06005859375,2146.6201171875
1994-09-13 00:00:00,2157.14990234375,2157.159912109375,2136.489990234375
1994-09-14 00:00:00,2118.169921875,2149.780029296875,2114.489990234375
1994-09-15 00:00:00,2129.360107421875,2130.5,2115.2900390625
1994-09-16 00:00:00,2097.449951171875,2136.2900390625,2096.52001953125
1994-09-19 00:00:00,2100.550048828125,2104.090087890625,2094.429931640625
1994-09-20 00:00:00,2059.14990234375,2102.889892578125,2059.070068359375
1994-09-21 00:00:00,2067.169921875,2087.139892578125,2051.409912109375
1994-09-22 00:00:00,2072.81005859375,2086.7099609375,2066.909912109375
1994-09-23 00:00:00,2097.330078125,2107.1201171875,2076.4599609375
1994-09-26 00:00:00,2057.830078125,2099.39990234375,2056.5400390625
1994-09-27 00:00:00,2056.889892578125,2064.659912109375,2051.580078125
1994-09-28 00:00:00,2070.360107421875,2073.85009765625,2063.739990234375
1994-09-29 00:00:00,2016.0799560546875,2060.969970703125,2010.75
1994-09-30 00:00:00,2002.300048828125,2014.469970703125,1984.6500244140625
1994-10-04 00:00:00,1988.6700439453125,1995.800048828125,1978.5699462890625
1994-10-05 00:00:00,1946.489990234375,1979.6800537109375,1930.550048828125
1994-10-06 00:00:00,1965.4100341796875,1965.4100341796875,1948.0699462890625
1994-10-07 00:00:00,1977.6700439453125,1979.969970703125,1955.6500244140625
1994-10-10 00:00:00,2048.56005859375,2048.56005859375,1987.1500244140625
1994-10-11 00:00:00,2087.7099609375,2088.8798828125,2045.4100341796875
1994-10-12 00:00:00,2072.679931640625,2090.0400390625,2068.090087890625
1994-10-13 00:00:00,2108.080078125,2112.919921875,2061.989990234375
1994-10-14 00:00:00,2118.52001953125,2118.919921875,2093.02001953125
1994-10-17 00:00:00,2095.580078125,2147.030029296875,2090.68994140625
1994-10-18 00:00:00,2069.580078125,2094.2099609375,2068.27001953125
1994-10-19 00:00:00,2058.1298828125,2074.7900390625,2046.6500244140625
1994-10-20 00:00:00,2048.14990234375,2072.47998046875,2046.989990234375
1994-10-21 00:00:00,2016.5999755859375,2043.1199951171875,2007.18994140625
1994-10-24 00:00:00,2022.6400146484375,2026.3399658203125,2015.3499755859375
1994-10-25 00:00:00,1995.8499755859375,2009.8800048828125,1975.43994140625
1994-10-26 00:00:00,2009.449951171875,2024.9599609375,2003.3599853515625
1994-10-27 00:00:00,2026.3699951171875,2026.3699951171875,2013.1099853515625
1994-10-28 00:00:00,2064.860107421875,2065.580078125,2032.56005859375
1994-10-31 00:00:00,2061.580078125,2082.169921875,2060.780029296875
1994-11-01 00:00:00,2066.179931640625,2070.030029296875,2047.6099853515625
1994-11-02 00:00:00,2039.9100341796875,2059.22998046875,2038.06005859375
1994-11-03 00:00:00,2061.3701171875,2062.449951171875,2036.719970703125
1994-11-04 00:00:00,2069.389892578125,2076.889892578125,2062.919921875
1994-11-07 00:00:00,2043.300048828125,2057.550048828125,2040.18994140625
1994-11-08 00:00:00,2056.360107421875,2057.219970703125,2045.3499755859375
1994-11-09 00:00:00,2090.780029296875,2090.780029296875,2064.25
1994-11-10 00:00:00,2098.0400390625,2101.360107421875,2076.659912109375
1994-11-11 00:00:00,2073.669921875,2092.300048828125,2072.989990234375
1994-11-14 00:00:00,2091.0400390625,2093.3701171875,2086.31005859375
1994-11-15 00:00:00,2112.2099609375,2115.89990234375,2098.0
1994-11-17 00:00:00,2091.93994140625,2105.989990234375,2091.93994140625
1994-11-18 00:00:00,2089.47998046875,2100.97998046875,2078.510009765625
1994-11-21 00:00:00,2097.199951171875,2104.6201171875,2096.919921875
1994-11-22 00:00:00,2073.2900390625,2095.8701171875,2064.070068359375
1994-11-23 00:00:00,2040.050048828125,2043.3599853515625,2025.3599853515625
1994-11-24 00:00:00,2058.7900390625,2063.260009765625,2041.6500244140625
1994-11-25 00:00:00,2056.27001953125,2069.739990234375,2045.969970703125
1994-11-28 00:00:00,2050.820068359375,2071.31005859375,2047.3599853515625
1994-11-29 00:00:00,2036.239990234375,2055.969970703125,2034.72998046875
1994-11-30 00:00:00,2057.280029296875,2057.280029296875,2035.489990234375
1994-12-01 00:00:00,2045.5400390625,2054.159912109375,2044.43994140625
1994-12-02 00:00:00,2042.3800048828125,2046.43994140625,2035.5899658203125
1994-12-05 00:00:00,2067.260009765625,2073.1201171875,2054.909912109375
1994-12-06 00:00:00,2046.989990234375,2072.93994140625,2042.010009765625
1994-12-07 00:00:00,2044.0400390625,2058.449951171875,2041.56005859375
1994-12-08 00:00:00,2041.8499755859375,2048.1201171875,2038.8699951171875
1994-12-09 00:00:00,2024.18994140625,2035.06005859375,2022.449951171875
1994-12-12 00:00:00,2003.6400146484375,2033.8199462890625,1998.199951171875
1994-12-13 00:00:00,2019.1300048828125,2019.31005859375,2002.9300537109375
1994-12-14 00:00:00,2040.93994140625,2040.93994140625,2016.97998046875
1994-12-15 00:00:00,2054.22998046875,2060.909912109375,2045.43994140625
1994-12-16 00:00:00,2069.89990234375,2071.1201171875,2059.75
1994-12-19 00:00:00,2066.590087890625,2086.320068359375,2066.47998046875
1994-12-20 00:00:00,2080.159912109375,2082.3798828125,2063.989990234375
1994-12-21 00:00:00,2095.5,2095.820068359375,2082.919921875
1994-12-22 00:00:00,2102.25,2103.800048828125,2093.260009765625
1994-12-23 00:00:00,2100.97998046875,2104.43994140625,2092.669921875
1994-12-27 00:00:00,2110.77001953125,2112.35009765625,2103.590087890625
1994-12-28 00:00:00,2097.340087890625,2116.320068359375,2096.1298828125
1994-12-29 00:00:00,2074.679931640625,2093.080078125,2071.330078125
1994-12-30 00:00:00,2097.510009765625,2098.8798828125,2095.800048828125
1995-01-02 00:00:00,2079.18994140625,2092.330078125,2078.4599609375
1995-01-03 00:00:00,2068.919921875,2079.639892578125,2065.449951171875
1995-01-04 00:00:00,2072.89990234375,2081.14990234375,2071.6298828125
1995-01-05 00:00:00,2051.4599609375,2075.0,2050.60009765625
1995-01-06 00:00:00,2058.199951171875,2059.02001953125,2045.8299560546875
1995-01-09 00:00:00,2053.409912109375,2068.669921875,2052.050048828125
1995-01-10 00:00:00,2062.080078125,2062.080078125,2042.219970703125
1995-01-11 00:00:00,2061.760009765625,2067.580078125,2052.989990234375
1995-01-12 00:00:00,2059.679931640625,2071.320068359375,2053.280029296875
1995-01-13 00:00:00,2064.139892578125,2066.39990234375,2057.550048828125
1995-01-16 00:00:00,2088.25,2094.050048828125,2070.219970703125
1995-01-17 00:00:00,2081.389892578125,2095.5,2076.969970703125
1995-01-18 00:00:00,2085.6201171875,2086.64990234375,2075.60009765625
1995-01-19 00:00:00,2079.60009765625,2092.949951171875,2077.889892578125
1995-01-20 00:00:00,2050.860107421875,2072.9599609375,2048.75
1995-01-23 00:00:00,2013.030029296875,2036.8299560546875,2007.0999755859375
1995-01-24 00:00:00,2027.6700439453125,2032.5400390625,2019.0
1995-01-25 00:00:00,2026.969970703125,2028.449951171875,2013.77001953125
1995-01-26 00:00:00,2040.7900390625,2041.4300537109375,2030.3800048828125
1995-01-27 00:00:00,2030.56005859375,2035.56005859375,2022.969970703125
1995-01-30 00:00:00,2026.6800537109375,2035.6800537109375,2026.6800537109375
1995-01-31 00:00:00,2024.8199462890625,2029.8399658203125,2018.3399658203125
1995-02-01 00:00:00,2047.43994140625,2050.070068359375,2026.719970703125
1995-02-02 00:00:00,2038.4599609375,2046.4100341796875,2038.030029296875
1995-02-03 00:00:00,2077.93994140625,2079.090087890625,2041.280029296875
1995-02-06 00:00:00,2085.080078125,2093.1201171875,2083.159912109375
1995-02-07 00:00:00,2093.010009765625,2097.360107421875,2085.159912109375
1995-02-08 00:00:00,2087.780029296875,2095.800048828125,2084.719970703125
1995-02-09 00:00:00,2117.800048828125,2128.56005859375,2082.9599609375
1995-02-10 00:00:00,2127.56005859375,2136.429931640625,2123.9599609375
1995-02-13 00:00:00,2118.9599609375,2126.2900390625,2116.3701171875
1995-02-14 00:00:00,2128.330078125,2135.010009765625,2123.919921875
1995-02-15 00:00:00,2135.489990234375,2137.830078125,2121.81005859375
1995-02-16 00:00:00,2112.06005859375,2149.860107421875,2107.0
1995-02-17 00:00:00,2119.2900390625,2126.85009765625,2099.7099609375
1995-02-20 00:00:00,2101.97998046875,2110.5,2101.1201171875
1995-02-21 00:00:00,2101.820068359375,2107.25,2091.929931640625
1995-02-22 00:00:00,2096.260009765625,2098.239990234375,2085.820068359375
1995-02-23 00:00:00,2126.43994140625,2127.77001953125,2100.419921875
1995-02-24 00:00:00,2117.590087890625,2129.4599609375,2112.3701171875
1995-02-27 00:00:00,2106.050048828125,2108.47998046875,2090.530029296875
1995-02-28 00:00:00,2097.85009765625,2111.43994140625,2097.300048828125
1995-03-01 00:00:00,2127.2099609375,2131.3701171875,2100.199951171875
1995-03-02 00:00:00,2116.639892578125,2131.77001953125,2115.010009765625
1995-03-03 00:00:00,2094.159912109375,2116.340087890625,2092.449951171875
1995-03-06 00:00:00,2069.949951171875,2092.989990234375,2060.610107421875
1995-03-07 00:00:00,2041.260009765625,2087.239990234375,2039.8399658203125
1995-03-08 00:00:00,2029.3800048828125,2035.8499755859375,2013.6700439453125
1995-03-09 00:00:00,1989.199951171875,2045.5400390625,1984.1700439453125
1995-03-10 00:00:00,2008.8499755859375,2014.1800537109375,1965.489990234375
1995-03-13 00:00:00,1974.1400146484375,2013.1199951171875,1974.1400146484375
1995-03-14 00:00:00,2022.5,2023.3699951171875,1965.0699462890625
1995-03-15 00:00:00,1995.219970703125,2023.68994140625,1995.219970703125
1995-03-16 00:00:00,2016.1500244140625,2016.1500244140625,1992.1700439453125
1995-03-17 00:00:00,1979.52001953125,2019.280029296875,1974.6300048828125
1995-03-20 00:00:00,1984.989990234375,1992.7099609375,1979.260009765625
1995-03-21 00:00:00,1984.1500244140625,2010.9300537109375,1973.949951171875
1995-03-22 00:00:00,1978.0699462890625,1990.5400390625,1971.760009765625
1995-03-23 00:00:00,1935.0799560546875,1977.1500244140625,1913.4200439453125
1995-03-24 00:00:00,1935.8699951171875,1943.4599609375,1918.3900146484375
1995-03-27 00:00:00,1928.8199462890625,1956.8299560546875,1928.719970703125
1995-03-28 00:00:00,1911.699951171875,1945.449951171875,1896.550048828125
1995-03-29 00:00:00,1918.8499755859375,1921.300048828125,1891.7099609375
1995-03-30 00:00:00,1949.760009765625,1966.8399658203125,1923.739990234375
1995-03-31 00:00:00,1914.68994140625,1955.5899658203125,1910.0799560546875
1995-04-03 00:00:00,1934.9599609375,1943.77001953125,1908.8299560546875
1995-04-04 00:00:00,1965.6800537109375,1972.4200439453125,1939.3199462890625
1995-04-05 00:00:00,1972.5899658203125,1977.280029296875,1961.6700439453125
1995-04-06 00:00:00,1976.52001953125,1987.530029296875,1954.97998046875
1995-04-07 00:00:00,1978.7099609375,1987.0699462890625,1975.6600341796875
1995-04-10 00:00:00,1980.81005859375,1993.969970703125,1968.969970703125
1995-04-11 00:00:00,1979.260009765625,1993.1300048828125,1978.800048828125
1995-04-12 00:00:00,1991.0799560546875,1991.719970703125,1976.81005859375
1995-04-13 00:00:00,1982.989990234375,1994.510009765625,1981.0899658203125
1995-04-18 00:00:00,1954.6199951171875,1971.1500244140625,1953.7900390625
1995-04-19 00:00:00,1943.8800048828125,1951.5400390625,1938.739990234375
1995-04-20 00:00:00,1955.3299560546875,1959.06005859375,1946.81005859375
1995-04-21 00:00:00,1987.699951171875,1990.0899658203125,1963.2900390625
1995-04-24 00:00:00,1978.969970703125,1990.1199951171875,1971.3499755859375
1995-04-25 00:00:00,2007.5699462890625,2014.0999755859375,1985.97998046875
1995-04-26 00:00:00,2028.52001953125,2030.3800048828125,2012.0799560546875
1995-04-27 00:00:00,2024.25,2031.8399658203125,2018.93994140625
1995-04-28 00:00:00,2017.949951171875,2028.5400390625,2015.7099609375
1995-05-02 00:00:00,2036.469970703125,2037.8699951171875,2022.81005859375
1995-05-03 00:00:00,2037.989990234375,2041.4300537109375,2027.3199462890625
1995-05-04 00:00:00,2034.1500244140625,2052.659912109375,2029.6199951171875
1995-05-05 00:00:00,2021.219970703125,2033.9100341796875,2020.52001953125
1995-05-08 00:00:00,2030.6500244140625,2030.6500244140625,2018.9000244140625
1995-05-09 00:00:00,2050.659912109375,2053.06005859375,2037.25
1995-05-10 00:00:00,2064.409912109375,2067.219970703125,2052.489990234375
1995-05-11 00:00:00,2086.409912109375,2086.409912109375,2058.239990234375
1995-05-12 00:00:00,2102.39990234375,2104.510009765625,2091.989990234375
1995-05-15 00:00:00,2092.0,2100.25,2086.52001953125
1995-05-16 00:00:00,2109.360107421875,2116.679931640625,2082.06005859375
1995-05-17 00:00:00,2088.989990234375,2112.580078125,2086.2900390625
1995-05-18 00:00:00,2083.800048828125,2098.139892578125,2081.080078125
1995-05-19 00:00:00,2064.419921875,2070.3798828125,2052.889892578125
1995-05-22 00:00:00,2096.8701171875,2097.35009765625,2068.199951171875
1995-05-23 00:00:00,2083.550048828125,2101.7099609375,2078.719970703125
1995-05-24 00:00:00,2105.8798828125,2113.070068359375,2092.6298828125
1995-05-26 00:00:00,2065.7099609375,2091.06005859375,2065.7099609375
1995-05-29 00:00:00,2069.260009765625,2069.530029296875,2058.239990234375
1995-05-30 00:00:00,2081.4599609375,2088.360107421875,2072.409912109375
1995-05-31 00:00:00,2099.949951171875,2100.10009765625,2083.3798828125
1995-06-01 00:00:00,2119.239990234375,2135.3701171875,2112.8701171875
1995-06-02 00:00:00,2132.719970703125,2139.320068359375,2117.31005859375
1995-06-06 00:00:00,2154.169921875,2154.64990234375,2139.60009765625
1995-06-07 00:00:00,2136.719970703125,2144.47998046875,2135.139892578125
1995-06-08 00:00:00,2137.2099609375,2143.929931640625,2130.050048828125
1995-06-09 00:00:00,2107.159912109375,2129.2900390625,2106.81005859375
1995-06-12 00:00:00,2127.7900390625,2129.919921875,2101.35009765625
1995-06-13 00:00:00,2124.25,2130.8701171875,2112.8798828125
1995-06-14 00:00:00,2124.840087890625,2137.75,2121.719970703125
1995-06-16 00:00:00,2125.06005859375,2127.590087890625,2111.090087890625
1995-06-19 00:00:00,2154.1298828125,2156.1201171875,2120.2900390625
1995-06-20 00:00:00,2140.360107421875,2162.550048828125,2134.0400390625
1995-06-21 00:00:00,2144.8798828125,2152.889892578125,2142.47998046875
1995-06-22 00:00:00,2162.389892578125,2166.030029296875,2134.9599609375
1995-06-23 00:00:00,2138.219970703125,2174.139892578125,2131.43994140625
1995-06-26 00:00:00,2137.360107421875,2146.360107421875,2128.070068359375
1995-06-27 00:00:00,2128.989990234375,2130.659912109375,2119.429931640625
1995-06-28 00:00:00,2091.300048828125,2115.179931640625,2087.64990234375
1995-06-29 00:00:00,2094.679931640625,2111.06005859375,2092.469970703125
1995-06-30 00:00:00,2089.0400390625,2092.179931640625,2079.860107421875
1995-07-03 00:00:00,2099.679931640625,2100.47998046875,2081.010009765625
1995-07-04 00:00:00,2110.1298828125,2114.97998046875,2105.8701171875
1995-07-05 00:00:00,2117.6298828125,2118.75,2103.669921875
1995-07-06 00:00:00,2111.35009765625,2125.1201171875,2110.330078125
1995-07-07 00:00:00,2163.3701171875,2163.60009765625,2132.199951171875
1995-07-10 00:00:00,2184.389892578125,2184.56005859375,2171.93994140625
1995-07-11 00:00:00,2194.14990234375,2201.679931640625,2173.840087890625
1995-07-12 00:00:00,2200.320068359375,2200.919921875,2182.9599609375
1995-07-13 00:00:00,2193.719970703125,2217.419921875,2192.75
1995-07-14 00:00:00,2191.25,2198.179931640625,2182.169921875
1995-07-17 00:00:00,2201.360107421875,2205.949951171875,2196.43994140625
1995-07-18 00:00:00,2183.7099609375,2197.60009765625,2183.7099609375
1995-07-19 00:00:00,2195.31005859375,2196.22998046875,2174.050048828125
1995-07-20 00:00:00,2183.52001953125,2191.02001953125,2172.469970703125
1995-07-21 00:00:00,2196.5400390625,2202.449951171875,2192.949951171875
1995-07-24 00:00:00,2232.02001953125,2232.27001953125,2196.919921875
1995-07-25 00:00:00,2232.22998046875,2236.4599609375,2224.679931640625
1995-07-26 00:00:00,2237.72998046875,2246.52001953125,2235.260009765625
1995-07-27 00:00:00,2239.360107421875,2240.159912109375,2229.22998046875
1995-07-28 00:00:00,2217.909912109375,2242.25,2215.110107421875
1995-07-31 00:00:00,2222.510009765625,2222.550048828125,2212.18994140625
1995-08-01 00:00:00,2211.260009765625,2229.719970703125,2210.85009765625
1995-08-02 00:00:00,2249.60009765625,2255.840087890625,2222.260009765625
1995-08-03 00:00:00,2234.860107421875,2249.320068359375,2229.889892578125
1995-08-04 00:00:00,2236.679931640625,2242.010009765625,2233.75
1995-08-07 00:00:00,2244.56005859375,2250.1201171875,2239.919921875
1995-08-08 00:00:00,2236.889892578125,2250.340087890625,2233.72998046875
1995-08-09 00:00:00,2222.280029296875,2236.830078125,2218.81005859375
1995-08-10 00:00:00,2236.719970703125,2236.719970703125,2214.8701171875
1995-08-11 00:00:00,2228.43994140625,2240.5400390625,2223.739990234375
1995-08-14 00:00:00,2211.030029296875,2226.110107421875,2203.050048828125
1995-08-15 00:00:00,2236.72998046875,2245.530029296875,2218.110107421875
1995-08-16 00:00:00,2251.639892578125,2260.989990234375,2248.14990234375
1995-08-17 00:00:00,2253.929931640625,2263.929931640625,2246.739990234375
1995-08-18 00:00:00,2265.860107421875,2272.22998046875,2255.530029296875
1995-08-21 00:00:00,2269.60009765625,2278.1201171875,2260.739990234375
1995-08-22 00:00:00,2258.969970703125,2274.02001953125,2254.280029296875
1995-08-23 00:00:00,2262.659912109375,2270.919921875,2258.159912109375
1995-08-24 00:00:00,2253.909912109375,2270.93994140625,2250.0400390625
1995-08-25 00:00:00,2257.340087890625,2261.60009765625,2246.110107421875
1995-08-28 00:00:00,2240.31005859375,2259.02001953125,2233.27001953125
1995-08-29 00:00:00,2230.27001953125,2240.179931640625,2227.739990234375
1995-08-30 00:00:00,2251.300048828125,2251.6298828125,2233.969970703125
1995-08-31 00:00:00,2234.22998046875,2245.0,2232.080078125
1995-09-01 00:00:00,2242.760009765625,2242.800048828125,2232.35009765625
1995-09-04 00:00:00,2263.080078125,2263.3701171875,2240.070068359375
1995-09-05 00:00:00,2266.570068359375,2269.72998046875,2261.31005859375
1995-09-06 00:00:00,2266.3701171875,2282.2099609375,2263.659912109375
1995-09-07 00:00:00,2269.010009765625,2270.889892578125,2254.9599609375
1995-09-08 00:00:00,2266.77001953125,2280.159912109375,2264.64990234375
1995-09-11 00:00:00,2268.260009765625,2270.080078125,2256.77001953125
1995-09-12 00:00:00,2266.070068359375,2274.510009765625,2264.52001953125
1995-09-13 00:00:00,2300.719970703125,2301.719970703125,2273.5400390625
1995-09-14 00:00:00,2300.2900390625,2308.340087890625,2298.2099609375
1995-09-15 00:00:00,2305.580078125,2320.580078125,2302.969970703125
1995-09-18 00:00:00,2289.489990234375,2305.800048828125,2287.64990234375
1995-09-19 00:00:00,2306.659912109375,2315.580078125,2297.080078125
1995-09-20 00:00:00,2294.14990234375,2317.68994140625,2288.85009765625
1995-09-21 00:00:00,2275.719970703125,2292.030029296875,2272.169921875
1995-09-22 00:00:00,2204.43994140625,2264.47998046875,2196.39990234375
1995-09-25 00:00:00,2212.969970703125,2222.2900390625,2202.4599609375
1995-09-26 00:00:00,2232.02001953125,2235.280029296875,2220.580078125
1995-09-27 00:00:00,2190.89990234375,2224.85009765625,2178.360107421875
1995-09-28 00:00:00,2184.239990234375,2197.570068359375,2164.679931640625
1995-09-29 00:00:00,2201.27001953125,2201.60009765625,2168.7099609375
1995-10-02 00:00:00,2197.010009765625,2210.139892578125,2193.419921875
1995-10-04 00:00:00,2211.60009765625,2219.0400390625,2206.31005859375
1995-10-05 00:00:00,2191.5400390625,2214.1298828125,2189.52001953125
1995-10-06 00:00:00,2176.35009765625,2191.6201171875,2159.4599609375
1995-10-09 00:00:00,2157.409912109375,2175.0,2152.510009765625
1995-10-10 00:00:00,2137.010009765625,2171.969970703125,2119.419921875
1995-10-11 00:00:00,2153.56005859375,2159.97998046875,2135.530029296875
1995-10-12 00:00:00,2159.72998046875,2165.889892578125,2152.300048828125
1995-10-13 00:00:00,2206.110107421875,2207.2900390625,2161.139892578125
1995-10-16 00:00:00,2193.85009765625,2208.760009765625,2185.840087890625
1995-10-17 00:00:00,2185.52001953125,2207.2099609375,2185.52001953125
1995-10-18 00:00:00,2197.570068359375,2213.590087890625,2174.669921875
1995-10-19 00:00:00,2176.090087890625,2197.260009765625,2174.3701171875
1995-10-20 00:00:00,2148.1201171875,2184.22998046875,2139.52001953125
1995-10-23 00:00:00,2116.860107421875,2136.8701171875,2107.4599609375
1995-10-24 00:00:00,2114.8798828125,2132.6298828125,2107.050048828125
1995-10-25 00:00:00,2140.739990234375,2149.860107421875,2124.760009765625
1995-10-26 00:00:00,2142.739990234375,2144.72998046875,2123.27001953125
1995-10-27 00:00:00,2112.010009765625,2130.969970703125,2094.35009765625
1995-10-30 00:00:00,2149.7099609375,2152.389892578125,2129.39990234375
1995-10-31 00:00:00,2165.760009765625,2172.0400390625,2147.27001953125
1995-11-01 00:00:00,2182.110107421875,2183.72998046875,2151.739990234375
1995-11-02 00:00:00,2180.489990234375,2189.699951171875,2167.43994140625
1995-11-03 00:00:00,2169.68994140625,2199.719970703125,2168.449951171875
1995-11-06 00:00:00,2168.570068359375,2176.610107421875,2160.85009765625
1995-11-07 00:00:00,2174.27001953125,2182.22998046875,2154.8701171875
1995-11-08 00:00:00,2184.050048828125,2186.449951171875,2168.3701171875
1995-11-09 00:00:00,2182.469970703125,2204.550048828125,2181.669921875
1995-11-10 00:00:00,2174.780029296875,2177.409912109375,2162.570068359375
1995-11-13 00:00:00,2195.14990234375,2195.14990234375,2169.139892578125
1995-11-14 00:00:00,2197.340087890625,2204.110107421875,2186.52001953125
1995-11-15 00:00:00,2196.639892578125,2197.679931640625,2181.5
1995-11-16 00:00:00,2202.5,2209.47998046875,2191.5400390625
1995-11-17 00:00:00,2196.590087890625,2208.300048828125,2188.739990234375
1995-11-20 00:00:00,2204.010009765625,2224.110107421875,2202.669921875
1995-11-21 00:00:00,2201.89990234375,2208.739990234375,2198.719970703125
1995-11-22 00:00:00,2194.530029296875,2215.300048828125,2188.2099609375
1995-11-23 00:00:00,2197.260009765625,2202.610107421875,2190.919921875
1995-11-24 00:00:00,2210.919921875,2211.340087890625,2193.110107421875
1995-11-27 00:00:00,2247.969970703125,2248.139892578125,2221.179931640625
1995-11-28 00:00:00,2242.909912109375,2251.530029296875,2238.889892578125
1995-11-29 00:00:00,2249.75,2255.81005859375,2242.070068359375
1995-11-30 00:00:00,2254.949951171875,2254.949951171875,2234.31005859375
1995-12-01 00:00:00,2266.56005859375,2269.0,2252.610107421875
1995-12-04 00:00:00,2261.080078125,2261.590087890625,2249.5400390625
1995-12-05 00:00:00,2269.340087890625,2273.3701171875,2255.669921875
1995-12-06 00:00:00,2274.93994140625,2277.110107421875,2259.64990234375
1995-12-07 00:00:00,2260.6201171875,2278.550048828125,2256.6201171875
1995-12-08 00:00:00,2277.699951171875,2284.02001953125,2257.1298828125
1995-12-11 00:00:00,2280.389892578125,2280.469970703125,2273.5
1995-12-12 00:00:00,2278.639892578125,2290.9599609375,2276.85009765625
1995-12-13 00:00:00,2283.260009765625,2285.97998046875,2274.1298828125
1995-12-14 00:00:00,2286.2099609375,2291.489990234375,2283.820068359375
1995-12-15 00:00:00,2283.840087890625,2293.659912109375,2276.639892578125
1995-12-18 00:00:00,2240.239990234375,2283.93994140625,2236.659912109375
1995-12-19 00:00:00,2241.429931640625,2248.489990234375,2227.22998046875
1995-12-20 00:00:00,2268.070068359375,2271.590087890625,2251.969970703125
1995-12-21 00:00:00,2268.35009765625,2268.929931640625,2254.68994140625
1995-12-22 00:00:00,2280.81005859375,2281.2900390625,2273.360107421875
1995-12-27 00:00:00,2280.43994140625,2283.090087890625,2276.419921875
1995-12-28 00:00:00,2273.89990234375,2279.93994140625,2271.5400390625
1995-12-29 00:00:00,2260.68994140625,2275.3798828125,2256.590087890625
1996-01-02 00:00:00,2307.699951171875,2309.10009765625,2259.919921875
1996-01-03 00:00:00,2326.179931640625,2335.530029296875,2311.60009765625
1996-01-04 00:00:00,2332.81005859375,2343.330078125,2321.6298828125
1996-01-05 00:00:00,2315.659912109375,2333.080078125,2309.10009765625
1996-01-08 00:00:00,2336.760009765625,2337.5400390625,2314.989990234375
1996-01-09 00:00:00,2351.469970703125,2360.780029296875,2343.68994140625
1996-01-10 00:00:00,2340.31005859375,2354.14990234375,2335.260009765625
1996-01-11 00:00:00,2330.97998046875,2339.010009765625,2316.1201171875
1996-01-12 00:00:00,2353.889892578125,2360.419921875,2340.679931640625
1996-01-15 00:00:00,2361.3798828125,2371.429931640625,2350.8798828125
1996-01-16 00:00:00,2379.429931640625,2382.60009765625,2368.780029296875
1996-01-17 00:00:00,2375.6298828125,2398.14990234375,2365.239990234375
1996-01-18 00:00:00,2389.6201171875,2395.8798828125,2366.050048828125
1996-01-19 00:00:00,2400.580078125,2404.909912109375,2385.6298828125
1996-01-22 00:00:00,2391.739990234375,2399.75,2385.639892578125
1996-01-23 00:00:00,2393.1201171875,2396.22998046875,2380.06005859375
1996-01-24 00:00:00,2436.679931640625,2437.860107421875,2402.10009765625
1996-01-25 00:00:00,2437.02001953125,2458.919921875,2427.7099609375
1996-01-26 00:00:00,2449.7099609375,2450.330078125,2421.929931640625
1996-01-29 00:00:00,2437.699951171875,2459.52001953125,2434.699951171875
1996-01-30 00:00:00,2456.090087890625,2458.06005859375,2428.93994140625
1996-01-31 00:00:00,2463.0,2471.7900390625,2452.530029296875
1996-02-01 00:00:00,2472.530029296875,2473.580078125,2455.469970703125
1996-02-02 00:00:00,2459.81005859375,2476.090087890625,2450.429931640625
1996-02-05 00:00:00,2416.840087890625,2442.47998046875,2408.889892578125
1996-02-06 00:00:00,2437.97998046875,2438.780029296875,2414.080078125
1996-02-07 00:00:00,2442.429931640625,2451.840087890625,2440.780029296875
1996-02-08 00:00:00,2411.489990234375,2452.300048828125,2409.469970703125
1996-02-09 00:00:00,2435.070068359375,2436.219970703125,2400.330078125
1996-02-12 00:00:00,2428.590087890625,2438.2099609375,2420.9599609375
1996-02-13 00:00:00,2436.090087890625,2441.679931640625,2425.85009765625
1996-02-14 00:00:00,2427.77001953125,2434.070068359375,2421.030029296875
1996-02-15 00:00:00,2426.510009765625,2427.820068359375,2409.889892578125
1996-02-16 00:00:00,2423.60009765625,2431.39990234375,2411.679931640625
1996-02-19 00:00:00,2387.60009765625,2404.02001953125,2383.860107421875
1996-02-20 00:00:00,2373.010009765625,2399.070068359375,2359.18994140625
1996-02-21 00:00:00,2401.590087890625,2402.510009765625,2358.489990234375
1996-02-22 00:00:00,2421.929931640625,2425.989990234375,2400.739990234375
1996-02-23 00:00:00,2449.52001953125,2466.31005859375,2431.489990234375
1996-02-26 00:00:00,2438.72998046875,2454.43994140625,2436.280029296875
1996-02-27 00:00:00,2449.090087890625,2458.85009765625,2431.3701171875
1996-02-28 00:00:00,2486.949951171875,2487.199951171875,2455.31005859375
1996-02-29 00:00:00,2485.179931640625,2494.659912109375,2470.85009765625
1996-03-01 00:00:00,2488.85009765625,2505.360107421875,2487.070068359375
1996-03-04 00:00:00,2486.830078125,2497.6298828125,2480.25
1996-03-05 00:00:00,2472.52001953125,2506.260009765625,2471.5
1996-03-06 00:00:00,2471.3798828125,2486.02001953125,2464.739990234375
1996-03-07 00:00:00,2479.3798828125,2486.699951171875,2468.159912109375
1996-03-08 00:00:00,2448.800048828125,2493.52001953125,2421.820068359375
1996-03-11 00:00:00,2419.719970703125,2422.590087890625,2387.739990234375
1996-03-12 00:00:00,2415.2900390625,2448.300048828125,2414.22998046875
1996-03-13 00:00:00,2417.0,2435.260009765625,2416.4599609375
1996-03-14 00:00:00,2432.4599609375,2433.590087890625,2418.89990234375
1996-03-15 00:00:00,2458.0,2469.969970703125,2437.179931640625
1996-03-18 00:00:00,2472.550048828125,2474.8798828125,2447.6201171875
1996-03-19 00:00:00,2484.739990234375,2500.239990234375,2481.280029296875
1996-03-20 00:00:00,2491.72998046875,2495.090087890625,2475.080078125
1996-03-21 00:00:00,2505.320068359375,2507.429931640625,2491.72998046875
1996-03-22 00:00:00,2479.840087890625,2511.280029296875,2478.969970703125
1996-03-25 00:00:00,2514.800048828125,2518.43994140625,2493.219970703125
1996-03-26 00:00:00,2505.780029296875,2517.449951171875,2490.360107421875
1996-03-27 00:00:00,2523.81005859375,2527.280029296875,2511.260009765625
1996-03-28 00:00:00,2502.93994140625,2522.590087890625,2492.590087890625
1996-03-29 00:00:00,2489.35009765625,2506.1201171875,2477.989990234375
1996-04-01 00:00:00,2500.75,2501.64990234375,2486.659912109375
1996-04-02 00:00:00,2508.110107421875,2510.159912109375,2491.06005859375
1996-04-03 00:00:00,2489.52001953125,2512.6298828125,2486.239990234375
1996-04-04 00:00:00,2498.75,2503.300048828125,2487.050048828125
1996-04-09 00:00:00,2510.81005859375,2513.320068359375,2477.239990234375
1996-04-10 00:00:00,2525.590087890625,2531.239990234375,2516.860107421875
1996-04-11 00:00:00,2508.1201171875,2522.639892578125,2501.610107421875
1996-04-12 00:00:00,2526.739990234375,2526.77001953125,2507.93994140625
1996-04-15 00:00:00,2540.7900390625,2548.260009765625,2536.5400390625
1996-04-16 00:00:00,2547.320068359375,2548.590087890625,2532.659912109375
1996-04-17 00:00:00,2519.820068359375,2559.60009765625,2519.179931640625
1996-04-18 00:00:00,2524.179931640625,2542.570068359375,2518.050048828125
1996-04-19 00:00:00,2535.860107421875,2537.4599609375,2520.050048828125
1996-04-22 00:00:00,2549.27001953125,2553.780029296875,2542.35009765625
1996-04-23 00:00:00,2549.1201171875,2555.739990234375,2538.919921875
1996-04-24 00:00:00,2524.840087890625,2558.409912109375,2523.699951171875
1996-04-25 00:00:00,2538.679931640625,2540.419921875,2526.35009765625
1996-04-26 00:00:00,2539.8798828125,2548.719970703125,2529.139892578125
1996-04-29 00:00:00,2505.969970703125,2532.030029296875,2501.2900390625
1996-04-30 00:00:00,2492.6298828125,2508.090087890625,2486.0
1996-05-02 00:00:00,2465.489990234375,2503.659912109375,2461.590087890625
1996-05-03 00:00:00,2472.429931640625,2474.159912109375,2451.929931640625
1996-05-06 00:00:00,2473.52001953125,2475.050048828125,2461.820068359375
1996-05-07 00:00:00,2476.7900390625,2482.1201171875,2466.919921875
1996-05-08 00:00:00,2456.780029296875,2484.9599609375,2456.780029296875
1996-05-09 00:00:00,2470.570068359375,2476.199951171875,2464.8701171875
1996-05-10 00:00:00,2499.02001953125,2499.139892578125,2462.590087890625
1996-05-13 00:00:00,2496.330078125,2505.35009765625,2491.889892578125
1996-05-14 00:00:00,2528.199951171875,2531.72998046875,2504.360107421875
1996-05-15 00:00:00,2534.39990234375,2537.949951171875,2523.89990234375
1996-05-17 00:00:00,2552.2900390625,2554.2099609375,2526.679931640625
1996-05-20 00:00:00,2541.97998046875,2558.56005859375,2541.68994140625
1996-05-21 00:00:00,2564.1201171875,2572.510009765625,2542.300048828125
1996-05-22 00:00:00,2548.7900390625,2572.679931640625,2543.830078125
1996-05-23 00:00:00,2546.550048828125,2569.5,2544.919921875
1996-05-24 00:00:00,2549.530029296875,2550.820068359375,2536.679931640625
1996-05-28 00:00:00,2559.14990234375,2563.8701171875,2553.580078125
1996-05-29 00:00:00,2548.530029296875,2564.169921875,2546.7900390625
1996-05-30 00:00:00,2535.780029296875,2537.610107421875,2524.39990234375
1996-05-31 00:00:00,2523.81005859375,2545.7900390625,2522.590087890625
1996-06-03 00:00:00,2543.989990234375,2544.169921875,2516.31005859375
1996-06-04 00:00:00,2550.419921875,2550.419921875,2536.860107421875
1996-06-05 00:00:00,2551.030029296875,2556.2900390625,2547.669921875
1996-06-07 00:00:00,2536.030029296875,2564.219970703125,2525.469970703125
1996-06-10 00:00:00,2552.9599609375,2562.169921875,2548.469970703125
1996-06-11 00:00:00,2571.10009765625,2571.1298828125,2544.719970703125
1996-06-12 00:00:00,2569.89990234375,2577.75,2560.1201171875
1996-06-13 00:00:00,2566.1298828125,2578.169921875,2559.10009765625
1996-06-14 00:00:00,2544.89990234375,2566.830078125,2536.949951171875
1996-06-17 00:00:00,2549.7099609375,2558.590087890625,2543.929931640625
1996-06-18 00:00:00,2555.81005859375,2555.81005859375,2546.43994140625
1996-06-19 00:00:00,2546.0400390625,2556.2099609375,2539.449951171875
1996-06-20 00:00:00,2532.219970703125,2557.97998046875,2530.330078125
1996-06-21 00:00:00,2547.780029296875,2549.10009765625,2534.989990234375
1996-06-24 00:00:00,2562.18994140625,2566.090087890625,2552.97998046875
1996-06-25 00:00:00,2578.360107421875,2582.7900390625,2567.159912109375
1996-06-26 00:00:00,2572.06005859375,2581.25,2566.949951171875
1996-06-27 00:00:00,2551.800048828125,2570.169921875,2548.909912109375
1996-06-28 00:00:00,2570.43994140625,2573.719970703125,2554.340087890625
1996-07-01 00:00:00,2573.43994140625,2573.800048828125,2557.050048828125
1996-07-02 00:00:00,2565.320068359375,2586.530029296875,2562.669921875
1996-07-03 00:00:00,2566.320068359375,2571.429931640625,2561.800048828125
1996-07-04 00:00:00,2578.739990234375,2579.7099609375,2566.669921875
1996-07-05 00:00:00,2568.7900390625,2584.0400390625,2554.580078125
1996-07-08 00:00:00,2561.510009765625,2561.510009765625,2544.860107421875
1996-07-09 00:00:00,2562.239990234375,2564.800048828125,2554.10009765625
1996-07-10 00:00:00,2573.0,2574.570068359375,2565.139892578125
1996-07-11 00:00:00,2561.949951171875,2589.909912109375,2559.14990234375
1996-07-12 00:00:00,2548.969970703125,2556.93994140625,2541.239990234375
1996-07-15 00:00:00,2529.5,2554.139892578125,2529.35009765625
1996-07-16 00:00:00,2475.97998046875,2499.7900390625,2466.52001953125
1996-07-17 00:00:00,2497.68994140625,2505.699951171875,2489.219970703125
1996-07-18 00:00:00,2505.56005859375,2513.5400390625,2498.0
1996-07-19 00:00:00,2498.35009765625,2529.909912109375,2494.31005859375
1996-07-22 00:00:00,2468.320068359375,2505.2900390625,2465.449951171875
1996-07-23 00:00:00,2488.820068359375,2489.070068359375,2466.85009765625
1996-07-24 00:00:00,2459.1298828125,2472.570068359375,2442.8798828125
1996-07-25 00:00:00,2464.510009765625,2472.989990234375,2447.68994140625
1996-07-26 00:00:00,2469.510009765625,2475.010009765625,2466.050048828125
1996-07-29 00:00:00,2472.25,2481.139892578125,2468.919921875
1996-07-30 00:00:00,2466.840087890625,2474.820068359375,2453.3798828125
1996-07-31 00:00:00,2491.5,2492.25,2465.889892578125
1996-08-01 00:00:00,2504.159912109375,2505.550048828125,2486.7900390625
1996-08-02 00:00:00,2520.260009765625,2523.340087890625,2503.489990234375
1996-08-05 00:00:00,2520.52001953125,2524.97998046875,2516.489990234375
1996-08-06 00:00:00,2527.72998046875,2531.2900390625,2514.6201171875
1996-08-07 00:00:00,2541.409912109375,2542.64990234375,2527.97998046875
1996-08-08 00:00:00,2534.6298828125,2546.8798828125,2533.6298828125
1996-08-09 00:00:00,2532.9599609375,2534.919921875,2521.429931640625
1996-08-12 00:00:00,2529.139892578125,2532.610107421875,2523.830078125
1996-08-13 00:00:00,2545.64990234375,2547.889892578125,2532.530029296875
1996-08-14 00:00:00,2544.610107421875,2545.780029296875,2536.449951171875
1996-08-15 00:00:00,2542.75,2552.550048828125,2538.260009765625
1996-08-16 00:00:00,2567.9599609375,2570.760009765625,2546.929931640625
1996-08-19 00:00:00,2556.25,2567.60009765625,2552.8798828125
1996-08-20 00:00:00,2562.1201171875,2566.090087890625,2556.14990234375
1996-08-21 00:00:00,2534.43994140625,2559.409912109375,2529.419921875
1996-08-22 00:00:00,2559.419921875,2565.699951171875,2536.97998046875
1996-08-23 00:00:00,2562.1201171875,2568.679931640625,2549.510009765625
1996-08-26 00:00:00,2554.419921875,2558.080078125,2548.10009765625
1996-08-27 00:00:00,2563.590087890625,2569.169921875,2548.110107421875
1996-08-28 00:00:00,2556.639892578125,2574.60009765625,2553.68994140625
1996-08-29 00:00:00,2548.840087890625,2562.389892578125,2541.340087890625
1996-08-30 00:00:00,2534.489990234375,2544.699951171875,2528.739990234375
1996-09-02 00:00:00,2538.340087890625,2541.179931640625,2530.489990234375
1996-09-03 00:00:00,2528.72998046875,2536.919921875,2509.360107421875
1996-09-04 00:00:00,2526.179931640625,2536.659912109375,2522.47998046875
1996-09-05 00:00:00,2532.550048828125,2533.659912109375,2523.5
1996-09-06 00:00:00,2542.739990234375,2542.860107421875,2515.179931640625
1996-09-09 00:00:00,2549.7099609375,2553.3701171875,2541.02001953125
1996-09-10 00:00:00,2568.77001953125,2572.340087890625,2559.7900390625
1996-09-11 00:00:00,2568.699951171875,2576.85009765625,2558.199951171875
1996-09-12 00:00:00,2588.0400390625,2589.919921875,2564.929931640625
1996-09-13 00:00:00,2614.5,2614.64990234375,2588.52001953125
1996-09-16 00:00:00,2630.239990234375,2632.510009765625,2613.719970703125
1996-09-17 00:00:00,2626.429931640625,2639.070068359375,2621.169921875
1996-09-18 00:00:00,2621.199951171875,2630.4599609375,2616.5400390625
1996-09-19 00:00:00,2625.4599609375,2628.75,2619.85009765625
1996-09-20 00:00:00,2641.5,2647.780029296875,2628.35009765625
1996-09-23 00:00:00,2624.179931640625,2641.02001953125,2621.139892578125
1996-09-24 00:00:00,2643.419921875,2643.669921875,2628.64990234375
1996-09-25 00:00:00,2663.10009765625,2665.64990234375,2637.929931640625
1996-09-26 00:00:00,2664.9599609375,2672.47998046875,2661.5
1996-09-27 00:00:00,2659.860107421875,2666.14990234375,2654.699951171875
1996-09-30 00:00:00,2655.489990234375,2657.43994140625,2643.35009765625
1996-10-01 00:00:00,2654.340087890625,2657.85009765625,2644.489990234375
1996-10-02 00:00:00,2685.2900390625,2685.5,2660.530029296875
1996-10-04 00:00:00,2704.25,2704.25,2674.60009765625
1996-10-07 00:00:00,2705.2099609375,2708.5,2697.47998046875
1996-10-08 00:00:00,2702.60009765625,2705.2900390625,2689.489990234375
1996-10-09 00:00:00,2685.22998046875,2705.3701171875,2682.9599609375
1996-10-10 00:00:00,2683.52001953125,2691.6298828125,2667.800048828125
1996-10-11 00:00:00,2692.68994140625,2700.360107421875,2680.840087890625
1996-10-14 00:00:00,2700.830078125,2701.860107421875,2685.820068359375
1996-10-15 00:00:00,2718.72998046875,2734.3701171875,2711.169921875
1996-10-16 00:00:00,2705.06005859375,2727.56005859375,2704.510009765625
1996-10-17 00:00:00,2717.5,2722.35009765625,2704.800048828125
1996-10-18 00:00:00,2727.56005859375,2739.419921875,2720.969970703125
1996-10-21 00:00:00,2733.669921875,2745.820068359375,2724.169921875
1996-10-22 00:00:00,2721.739990234375,2726.679931640625,2717.35009765625
1996-10-23 00:00:00,2678.889892578125,2709.840087890625,2676.75
1996-10-24 00:00:00,2681.93994140625,2690.1298828125,2674.449951171875
1996-10-25 00:00:00,2690.7900390625,2695.1298828125,2663.530029296875
1996-10-28 00:00:00,2703.330078125,2709.47998046875,2692.39990234375
1996-10-29 00:00:00,2675.5,2690.580078125,2669.139892578125
1996-10-30 00:00:00,2664.719970703125,2692.110107421875,2660.1298828125
1996-10-31 00:00:00,2671.39990234375,2675.639892578125,2655.9599609375
1996-11-01 00:00:00,2670.18994140625,2687.72998046875,2661.510009765625
1996-11-04 00:00:00,2678.72998046875,2679.179931640625,2664.389892578125
1996-11-05 00:00:00,2716.159912109375,2717.590087890625,2677.219970703125
1996-11-06 00:00:00,2735.280029296875,2737.1298828125,2719.469970703125
1996-11-07 00:00:00,2724.25,2737.25,2705.530029296875
1996-11-08 00:00:00,2732.2900390625,2745.840087890625,2728.85009765625
1996-11-11 00:00:00,2730.43994140625,2740.0,2727.510009765625
1996-11-12 00:00:00,2764.300048828125,2765.610107421875,2726.639892578125
1996-11-13 00:00:00,2770.610107421875,2778.830078125,2763.050048828125
1996-11-14 00:00:00,2784.389892578125,2789.93994140625,2767.77001953125
1996-11-15 00:00:00,2800.60009765625,2803.31005859375,2787.72998046875
1996-11-18 00:00:00,2768.89990234375,2797.199951171875,2768.89990234375
1996-11-19 00:00:00,2781.5400390625,2782.419921875,2759.010009765625
1996-11-20 00:00:00,2766.080078125,2794.050048828125,2756.72998046875
1996-11-21 00:00:00,2765.2900390625,2777.18994140625,2759.340087890625
1996-11-22 00:00:00,2769.469970703125,2770.169921875,2750.06005859375
1996-11-25 00:00:00,2800.52001953125,2805.75,2778.8798828125
1996-11-26 00:00:00,2808.6201171875,2821.949951171875,2808.6201171875
1996-11-27 00:00:00,2793.860107421875,2806.22998046875,2786.610107421875
1996-11-28 00:00:00,2829.679931640625,2832.300048828125,2800.52001953125
1996-11-29 00:00:00,2848.840087890625,2854.590087890625,2837.820068359375
1996-12-02 00:00:00,2853.4599609375,2860.919921875,2845.18994140625
1996-12-03 00:00:00,2900.760009765625,2901.260009765625,2871.320068359375
1996-12-04 00:00:00,2880.889892578125,2882.909912109375,2858.489990234375
1996-12-05 00:00:00,2894.429931640625,2916.159912109375,2881.580078125
1996-12-06 00:00:00,2832.530029296875,2850.780029296875,2759.679931640625
1996-12-09 00:00:00,2870.300048828125,2876.6298828125,2850.77001953125
1996-12-10 00:00:00,2890.949951171875,2897.080078125,2881.89990234375
1996-12-11 00:00:00,2836.360107421875,2874.6298828125,2819.679931640625
1996-12-12 00:00:00,2846.93994140625,2860.570068359375,2838.47998046875
1996-12-13 00:00:00,2815.77001953125,2828.7900390625,2785.1201171875
1996-12-16 00:00:00,2841.159912109375,2855.570068359375,2829.0400390625
1996-12-17 00:00:00,2808.5,2823.159912109375,2795.320068359375
1996-12-18 00:00:00,2814.22998046875,2829.10009765625,2809.5
1996-12-19 00:00:00,2824.830078125,2831.199951171875,2802.64990234375
1996-12-20 00:00:00,2835.5400390625,2864.60009765625,2832.43994140625
1996-12-23 00:00:00,2844.090087890625,2845.389892578125,2840.699951171875
1996-12-27 00:00:00,2859.219970703125,2860.429931640625,2853.929931640625
1996-12-30 00:00:00,2880.070068359375,2884.97998046875,2854.969970703125
1997-01-02 00:00:00,2820.81005859375,2850.93994140625,2815.5
1997-01-03 00:00:00,2863.260009765625,2863.280029296875,2833.610107421875
1997-01-06 00:00:00,2890.199951171875,2904.47998046875,2877.35009765625
1997-01-07 00:00:00,2876.340087890625,2885.219970703125,2869.06005859375
1997-01-08 00:00:00,2904.080078125,2909.239990234375,2887.280029296875
1997-01-09 00:00:00,2936.68994140625,2937.780029296875,2884.300048828125
1997-01-10 00:00:00,2915.81005859375,2948.610107421875,2892.85009765625
1997-01-13 00:00:00,2956.780029296875,2960.75,2937.139892578125
1997-01-14 00:00:00,2978.840087890625,2984.320068359375,2946.6201171875
1997-01-15 00:00:00,2976.56005859375,2996.81005859375,2970.22998046875
1997-01-16 00:00:00,2996.1201171875,2998.7900390625,2970.389892578125
1997-01-17 00:00:00,3006.8701171875,3011.35009765625,2995.659912109375
1997-01-20 00:00:00,2999.18994140625,3033.1201171875,2999.18994140625
1997-01-21 00:00:00,3000.659912109375,3023.35009765625,2973.0400390625
1997-01-22 00:00:00,3026.6298828125,3043.06005859375,3011.760009765625
1997-01-23 00:00:00,3037.280029296875,3040.52001953125,3008.860107421875
1997-01-24 00:00:00,2982.6298828125,3017.10009765625,2982.590087890625
1997-01-27 00:00:00,2992.550048828125,3002.97998046875,2983.22998046875
1997-01-28 00:00:00,3028.27001953125,3032.909912109375,2981.929931640625
1997-01-29 00:00:00,2997.949951171875,3017.429931640625,2978.0
1997-01-30 00:00:00,3018.580078125,3025.139892578125,3010.3798828125
1997-01-31 00:00:00,3037.699951171875,3050.8798828125,3021.760009765625
1997-02-03 00:00:00,3064.699951171875,3065.580078125,3030.239990234375
1997-02-04 00:00:00,3067.47998046875,3084.260009765625,3066.080078125
1997-02-05 00:00:00,3114.72998046875,3120.31005859375,3080.530029296875
1997-02-06 00:00:00,3124.780029296875,3125.699951171875,3087.389892578125
1997-02-07 00:00:00,3161.360107421875,3166.409912109375,3121.3798828125
1997-02-10 00:00:00,3185.719970703125,3194.14990234375,3152.699951171875
1997-02-11 00:00:00,3191.449951171875,3197.8798828125,3182.18994140625
1997-02-12 00:00:00,3211.010009765625,3239.2900390625,3190.139892578125
1997-02-13 00:00:00,3256.860107421875,3259.25,3222.389892578125
1997-02-14 00:00:00,3249.169921875,3271.909912109375,3243.8701171875
1997-02-17 00:00:00,3260.300048828125,3262.590087890625,3229.3798828125
1997-02-18 00:00:00,3230.830078125,3286.3701171875,3229.830078125
1997-02-19 00:00:00,3209.0400390625,3250.239990234375,3198.840087890625
1997-02-20 00:00:00,3197.090087890625,3206.889892578125,3175.2099609375
1997-02-21 00:00:00,3203.7900390625,3205.1298828125,3164.510009765625
1997-02-24 00:00:00,3180.6298828125,3189.39990234375,3161.1201171875
1997-02-25 00:00:00,3233.340087890625,3238.97998046875,3199.0400390625
1997-02-26 00:00:00,3245.02001953125,3256.0400390625,3216.93994140625
1997-02-27 00:00:00,3272.580078125,3284.219970703125,3255.2099609375
1997-02-28 00:00:00,3261.0400390625,3279.5,3251.1201171875
1997-03-03 00:00:00,3258.739990234375,3270.760009765625,3245.699951171875
1997-03-04 00:00:00,3345.090087890625,3345.830078125,3285.27001953125
1997-03-05 00:00:00,3375.449951171875,3392.1298828125,3332.889892578125
1997-03-06 00:00:00,3396.550048828125,3441.510009765625,3389.39990234375
1997-03-07 00:00:00,3419.510009765625,3425.080078125,3363.860107421875
1997-03-10 00:00:00,3426.77001953125,3442.06005859375,3410.3701171875
1997-03-11 00:00:00,3430.949951171875,3475.179931640625,3429.89990234375
1997-03-12 00:00:00,3382.39990234375,3443.81005859375,3375.800048828125
1997-03-13 00:00:00,3367.820068359375,3370.889892578125,3332.320068359375
1997-03-14 00:00:00,3404.2900390625,3415.2900390625,3322.239990234375
1997-03-17 00:00:00,3337.110107421875,3404.0400390625,3329.5
1997-03-18 00:00:00,3289.590087890625,3366.22998046875,3288.800048828125
1997-03-19 00:00:00,3305.719970703125,3320.9599609375,3293.909912109375
1997-03-20 00:00:00,3247.030029296875,3311.429931640625,3219.60009765625
1997-03-21 00:00:00,3288.52001953125,3313.610107421875,3278.969970703125
1997-03-24 00:00:00,3302.570068359375,3328.35009765625,3299.320068359375
1997-03-25 00:00:00,3374.929931640625,3378.6201171875,3309.389892578125
1997-03-26 00:00:00,3439.219970703125,3442.8701171875,3350.919921875
1997-03-27 00:00:00,3407.830078125,3466.469970703125,3405.449951171875
1997-04-01 00:00:00,3281.4599609375,3329.14990234375,3260.27001953125
1997-04-02 00:00:00,3210.93994140625,3316.31005859375,3203.340087890625
1997-04-03 00:00:00,3212.820068359375,3233.530029296875,3178.800048828125
1997-04-04 00:00:00,3235.35009765625,3262.1298828125,3209.449951171875
1997-04-07 00:00:00,3342.77001953125,3344.489990234375,3266.340087890625
1997-04-08 00:00:00,3328.1298828125,3364.4599609375,3314.2099609375
1997-04-09 00:00:00,3364.760009765625,3376.89990234375,3345.530029296875
1997-04-10 00:00:00,3352.580078125,3358.840087890625,3333.409912109375
1997-04-11 00:00:00,3319.239990234375,3381.179931640625,3304.830078125
1997-04-14 00:00:00,3297.52001953125,3302.93994140625,3257.699951171875
1997-04-15 00:00:00,3369.260009765625,3373.030029296875,3325.639892578125
1997-04-16 00:00:00,3347.5400390625,3389.760009765625,3328.909912109375
1997-04-17 00:00:00,3361.800048828125,3389.159912109375,3344.199951171875
1997-04-18 00:00:00,3361.199951171875,3369.3701171875,3339.280029296875
1997-04-21 00:00:00,3328.409912109375,3348.5,3306.14990234375
1997-04-22 00:00:00,3348.89990234375,3357.75,3325.75
1997-04-23 00:00:00,3366.8701171875,3406.8701171875,3365.18994140625
1997-04-24 00:00:00,3396.489990234375,3412.0,3378.679931640625
1997-04-25 00:00:00,3357.570068359375,3392.72998046875,3351.2099609375
1997-04-28 00:00:00,3372.9599609375,3379.780029296875,3360.72998046875
1997-04-29 00:00:00,3425.860107421875,3435.7099609375,3378.02001953125
1997-04-30 00:00:00,3438.090087890625,3452.530029296875,3416.110107421875
1997-05-02 00:00:00,3491.080078125,3504.27001953125,3448.81005859375
1997-05-05 00:00:00,3565.68994140625,3566.60009765625,3507.75
1997-05-06 00:00:00,3548.52001953125,3612.4599609375,3537.97998046875
1997-05-07 00:00:00,3537.449951171875,3561.080078125,3522.110107421875
1997-05-09 00:00:00,3533.2099609375,3565.419921875,3530.489990234375
1997-05-12 00:00:00,3593.139892578125,3593.889892578125,3543.110107421875
1997-05-13 00:00:00,3559.2900390625,3611.10009765625,3556.719970703125
1997-05-14 00:00:00,3588.570068359375,3607.550048828125,3568.2900390625
1997-05-15 00:00:00,3564.85009765625,3577.300048828125,3550.6201171875
1997-05-16 00:00:00,3569.260009765625,3617.860107421875,3562.580078125
1997-05-20 00:00:00,3516.199951171875,3561.1298828125,3509.260009765625
1997-05-21 00:00:00,3600.39990234375,3608.469970703125,3541.89990234375
1997-05-22 00:00:00,3575.43994140625,3627.429931640625,3569.320068359375
1997-05-23 00:00:00,3621.719970703125,3622.27001953125,3578.199951171875
1997-05-26 00:00:00,3669.31005859375,3676.8701171875,3598.56005859375
1997-05-27 00:00:00,3665.429931640625,3691.56005859375,3649.550048828125
1997-05-28 00:00:00,3626.60009765625,3696.570068359375,3623.18994140625
1997-05-29 00:00:00,3635.3798828125,3635.3798828125,3635.3798828125
1997-05-30 00:00:00,3562.72998046875,3617.969970703125,3544.14990234375
1997-06-02 00:00:00,3596.39990234375,3618.239990234375,3544.489990234375
1997-06-03 00:00:00,3655.590087890625,3655.830078125,3602.949951171875
1997-06-04 00:00:00,3651.590087890625,3669.56005859375,3643.97998046875
1997-06-05 00:00:00,3684.60009765625,3690.85009765625,3650.530029296875
1997-06-06 00:00:00,3700.530029296875,3707.72998046875,3681.219970703125
1997-06-09 00:00:00,3668.610107421875,3734.050048828125,3662.1298828125
1997-06-10 00:00:00,3671.159912109375,3681.43994140625,3644.52001953125
1997-06-11 00:00:00,3671.8701171875,3686.1298828125,3662.909912109375
1997-06-12 00:00:00,3737.159912109375,3739.280029296875,3688.31005859375
1997-06-13 00:00:00,3752.3701171875,3762.580078125,3732.14990234375
1997-06-16 00:00:00,3750.02001953125,3775.199951171875,3742.7900390625
1997-06-17 00:00:00,3721.179931640625,3767.06005859375,3704.469970703125
1997-06-18 00:00:00,3730.56005859375,3734.0400390625,3707.780029296875
1997-06-19 00:00:00,3777.56005859375,3791.31005859375,3739.860107421875
1997-06-20 00:00:00,3788.5400390625,3801.35009765625,3751.610107421875
1997-06-23 00:00:00,3748.7900390625,3775.159912109375,3739.139892578125
1997-06-24 00:00:00,3761.070068359375,3775.080078125,3709.580078125
1997-06-25 00:00:00,3819.52001953125,3820.93994140625,3771.080078125
1997-06-26 00:00:00,3820.159912109375,3836.909912109375,3798.35009765625
1997-06-27 00:00:00,3809.919921875,3829.760009765625,3785.860107421875
1997-06-30 00:00:00,3766.889892578125,3826.139892578125,3756.64990234375
1997-07-01 00:00:00,3834.840087890625,3835.840087890625,3782.590087890625
1997-07-02 00:00:00,3867.530029296875,3870.81005859375,3837.0400390625
1997-07-03 00:00:00,3939.72998046875,3944.340087890625,3870.570068359375
1997-07-04 00:00:00,3946.72998046875,3965.610107421875,3912.8798828125
1997-07-07 00:00:00,4003.35009765625,4003.830078125,3940.010009765625
1997-07-08 00:00:00,4030.10009765625,4030.5400390625,3982.10009765625
1997-07-09 00:00:00,4026.969970703125,4067.510009765625,4008.81005859375
1997-07-10 00:00:00,4000.64990234375,4032.760009765625,3978.429931640625
1997-07-11 00:00:00,4074.300048828125,4074.300048828125,4018.2099609375
1997-07-14 00:00:00,4142.18994140625,4151.509765625,4090.27001953125
1997-07-15 00:00:00,4139.68017578125,4157.2001953125,4108.83984375
1997-07-16 00:00:00,4223.68994140625,4234.8701171875,4163.31982421875
1997-07-17 00:00:00,4203.91015625,4272.5498046875,4182.39990234375
1997-07-18 00:00:00,4131.93994140625,4209.2998046875,4110.14013671875
1997-07-21 00:00:00,4139.9599609375,4211.669921875,4086.56005859375
1997-07-22 00:00:00,4297.64013671875,4301.919921875,4167.1298828125
1997-07-23 00:00:00,4384.81982421875,4441.08984375,4355.56005859375
1997-07-24 00:00:00,4320.52001953125,4449.330078125,4315.35986328125
1997-07-25 00:00:00,4368.5400390625,4379.91015625,4307.43994140625
1997-07-28 00:00:00,4400.2998046875,4423.740234375,4360.47021484375
1997-07-29 00:00:00,4377.7001953125,4409.2099609375,4347.7998046875
1997-07-30 00:00:00,4458.66015625,4462.990234375,4399.990234375
1997-07-31 00:00:00,4405.52001953125,4477.7001953125,4393.0400390625
1997-08-01 00:00:00,4336.97998046875,4431.9501953125,4275.68017578125
1997-08-04 00:00:00,4302.5,4375.58984375,4279.669921875
1997-08-05 00:00:00,4325.85986328125,4371.22021484375,4290.08984375
1997-08-06 00:00:00,4364.25,4371.9501953125,4300.31982421875
1997-08-07 00:00:00,4428.080078125,4460.14990234375,4373.6298828125
1997-08-08 00:00:00,4342.31005859375,4407.2001953125,4309.64990234375
1997-08-11 00:00:00,4333.14990234375,4352.14990234375,4267.740234375
1997-08-12 00:00:00,4377.509765625,4384.330078125,4347.330078125
1997-08-13 00:00:00,4237.06005859375,4338.85986328125,4211.81982421875
1997-08-14 00:00:00,4195.52978515625,4290.25,4175.43017578125
1997-08-15 00:00:00,4077.590087890625,4228.22998046875,4067.639892578125
1997-08-18 00:00:00,4080.550048828125,4095.27001953125,3965.31005859375
1997-08-19 00:00:00,4190.4501953125,4191.22998046875,4118.4599609375
1997-08-20 00:00:00,4251.93017578125,4264.25,4205.9599609375
1997-08-21 00:00:00,4204.81005859375,4279.919921875,4191.68994140625
1997-08-22 00:00:00,4090.139892578125,4159.89013671875,4031.510009765625
1997-08-25 00:00:00,4076.75,4146.240234375,4044.080078125
1997-08-26 00:00:00,3993.699951171875,4108.18994140625,3910.2900390625
1997-08-27 00:00:00,3992.030029296875,4037.81005859375,3932.989990234375
1997-08-28 00:00:00,3897.429931640625,4040.389892578125,3853.1298828125
1997-08-29 00:00:00,3919.7900390625,3920.360107421875,3849.889892578125
1997-09-01 00:00:00,4001.81005859375,4004.1201171875,3934.090087890625
1997-09-02 00:00:00,4127.27978515625,4130.60986328125,4018.530029296875
1997-09-03 00:00:00,4062.1298828125,4196.75,4054.0400390625
1997-09-04 00:00:00,4093.429931640625,4098.5,4027.25
1997-09-05 00:00:00,4073.7099609375,4149.740234375,4068.889892578125
1997-09-08 00:00:00,4131.259765625,4133.06005859375,4055.570068359375
1997-09-09 00:00:00,4104.56982421875,4141.16015625,4067.159912109375
1997-09-10 00:00:00,4028.0,4126.35986328125,4014.659912109375
1997-09-11 00:00:00,3890.239990234375,3986.580078125,3888.3701171875
1997-09-12 00:00:00,3796.610107421875,3956.97998046875,3783.050048828125
1997-09-15 00:00:00,3869.530029296875,3893.280029296875,3796.93994140625
1997-09-16 00:00:00,3995.68994140625,3995.9599609375,3832.030029296875
1997-09-17 00:00:00,3970.43994140625,4040.8701171875,3968.260009765625
1997-09-18 00:00:00,4004.0400390625,4010.6298828125,3946.52001953125
1997-09-19 00:00:00,3983.06005859375,4046.699951171875,3955.85009765625
1997-09-22 00:00:00,4096.85009765625,4102.7998046875,4011.239990234375
1997-09-23 00:00:00,4091.77001953125,4138.740234375,4082.639892578125
1997-09-24 00:00:00,4150.9501953125,4156.259765625,4066.780029296875
1997-09-25 00:00:00,4104.93017578125,4163.8798828125,4102.509765625
1997-09-26 00:00:00,4135.08984375,4137.8798828125,4041.090087890625
1997-09-29 00:00:00,4116.52001953125,4126.6201171875,4085.449951171875
1997-09-30 00:00:00,4154.89013671875,4173.89990234375,4142.9501953125
1997-10-01 00:00:00,4262.97998046875,4272.8701171875,4147.2998046875
1997-10-02 00:00:00,4266.169921875,4285.14013671875,4247.3798828125
1997-10-06 00:00:00,4326.35009765625,4332.35986328125,4266.259765625
1997-10-07 00:00:00,4311.1298828125,4348.9599609375,4263.97021484375
1997-10-08 00:00:00,4267.39990234375,4363.740234375,4244.1298828125
1997-10-09 00:00:00,4179.919921875,4284.009765625,4129.6201171875
1997-10-10 00:00:00,4164.6201171875,4208.77978515625,4134.3701171875
1997-10-13 00:00:00,4225.27001953125,4236.740234375,4177.330078125
1997-10-14 00:00:00,4215.22998046875,4247.509765625,4171.4599609375
1997-10-15 00:00:00,4168.6201171875,4205.6201171875,4139.7001953125
1997-10-16 00:00:00,4149.919921875,4172.06005859375,4114.06005859375
1997-10-17 00:00:00,4049.159912109375,4103.66015625,4030.27001953125
1997-10-20 00:00:00,4069.25,4072.330078125,3980.699951171875
1997-10-21 00:00:00,4172.47021484375,4178.7001953125,4085.68994140625
1997-10-22 00:00:00,4124.85986328125,4235.8798828125,4119.16015625
1997-10-23 00:00:00,3976.3798828125,4103.89990234375,3927.179931640625
1997-10-24 00:00:00,3981.43994140625,4066.27001953125,3976.989990234375
1997-10-27 00:00:00,3871.389892578125,3935.72998046875,3846.72998046875
1997-10-28 00:00:00,3645.68994140625,3733.4599609375,3366.030029296875
1997-10-29 00:00:00,3806.659912109375,3841.159912109375,3734.340087890625
1997-10-30 00:00:00,3748.8798828125,3759.360107421875,3632.860107421875
1997-10-31 00:00:00,3753.659912109375,3827.5,3734.199951171875
1997-11-03 00:00:00,3847.72998046875,3876.969970703125,3802.300048828125
1997-11-04 00:00:00,3784.800048828125,3869.080078125,3776.389892578125
1997-11-05 00:00:00,3841.389892578125,3876.219970703125,3806.820068359375
1997-11-06 00:00:00,3813.8798828125,3844.56005859375,3797.800048828125
1997-11-07 00:00:00,3715.3798828125,3775.830078125,3663.800048828125
1997-11-10 00:00:00,3728.3701171875,3771.909912109375,3722.280029296875
1997-11-11 00:00:00,3734.7900390625,3741.2900390625,3704.8701171875
1997-11-12 00:00:00,3697.47998046875,3710.179931640625,3645.830078125
1997-11-13 00:00:00,3701.93994140625,3726.64990234375,3679.010009765625
1997-11-14 00:00:00,3676.64990234375,3768.590087890625,3673.909912109375
1997-11-17 00:00:00,3816.7099609375,3817.449951171875,3739.7099609375
1997-11-18 00:00:00,3844.139892578125,3860.25,3796.820068359375
1997-11-19 00:00:00,3876.89990234375,3884.110107421875,3783.9599609375
1997-11-20 00:00:00,3931.81005859375,3940.739990234375,3888.93994140625
1997-11-21 00:00:00,3941.909912109375,3986.3701171875,3937.27001953125
1997-11-24 00:00:00,3832.10009765625,3918.97998046875,3821.929931640625
1997-11-25 00:00:00,3850.139892578125,3873.699951171875,3816.989990234375
1997-11-26 00:00:00,3926.929931640625,3943.260009765625,3878.10009765625
1997-11-27 00:00:00,3961.969970703125,3978.8798828125,3952.14990234375
1997-11-28 00:00:00,3972.080078125,3975.139892578125,3941.469970703125
1997-12-01 00:00:00,4125.919921875,4137.93017578125,4000.0400390625
1997-12-02 00:00:00,4096.39990234375,4143.52001953125,4073.419921875
1997-12-03 00:00:00,4074.550048828125,4117.27978515625,4053.510009765625
1997-12-04 00:00:00,4159.72021484375,4172.1298828125,4089.35009765625
1997-12-05 00:00:00,4191.81005859375,4195.97021484375,4121.6298828125
1997-12-08 00:00:00,4208.14013671875,4245.7900390625,4194.06982421875
1997-12-09 00:00:00,4187.1298828125,4226.47998046875,4167.35986328125
1997-12-10 00:00:00,4116.7001953125,4180.240234375,4104.0
1997-12-11 00:00:00,4016.699951171875,4064.260009765625,4005.64990234375
1997-12-12 00:00:00,4061.909912109375,4087.7099609375,4034.43994140625
1997-12-15 00:00:00,4029.080078125,4091.669921875,4028.72998046875
1997-12-16 00:00:00,4150.31005859375,4152.18017578125,4053.800048828125
1997-12-17 00:00:00,4154.56982421875,4194.77978515625,4130.009765625
1997-12-18 00:00:00,4162.919921875,4187.68017578125,4140.83984375
1997-12-19 00:00:00,4055.35009765625,4131.0400390625,4051.239990234375
1997-12-22 00:00:00,4125.5400390625,4137.33984375,4035.050048828125
1997-12-23 00:00:00,4132.7900390625,4146.9599609375,4104.4599609375
1997-12-29 00:00:00,4266.02001953125,4266.02001953125,4142.580078125
1997-12-30 00:00:00,4224.2998046875,4320.0400390625,4223.0400390625
1998-01-02 00:00:00,4364.31982421875,4368.0,4270.68994140625
1998-01-05 00:00:00,4416.9501953125,4420.85009765625,4331.2001953125
1998-01-06 00:00:00,4360.0498046875,4427.330078125,4345.81982421875
1998-01-07 00:00:00,4339.97998046875,4395.9599609375,4326.5498046875
1998-01-08 00:00:00,4293.64013671875,4400.93994140625,4274.0
1998-01-09 00:00:00,4237.75,4300.419921875,4229.64990234375
1998-01-12 00:00:00,4134.64013671875,4145.14013671875,4069.64990234375
1998-01-13 00:00:00,4150.009765625,4209.47998046875,4142.41015625
1998-01-14 00:00:00,4145.41015625,4224.81982421875,4141.9599609375
1998-01-15 00:00:00,4140.22021484375,4165.27978515625,4124.14990234375
1998-01-16 00:00:00,4216.240234375,4219.1298828125,4170.0
1998-01-19 00:00:00,4290.0498046875,4304.2900390625,4241.7001953125
1998-01-20 00:00:00,4310.830078125,4322.0,4268.9501953125
1998-01-21 00:00:00,4250.47021484375,4332.490234375,4248.81982421875
1998-01-22 00:00:00,4238.77001953125,4243.41015625,4172.41015625
1998-01-23 00:00:00,4222.16015625,4275.740234375,4204.97021484375
1998-01-26 00:00:00,4266.33984375,4277.5498046875,4155.83984375
1998-01-27 00:00:00,4316.0498046875,4318.64013671875,4249.60986328125
1998-01-28 00:00:00,4385.2900390625,4405.35986328125,4317.02001953125
1998-01-29 00:00:00,4444.52978515625,4451.259765625,4380.39990234375
1998-01-30 00:00:00,4442.52978515625,4458.33984375,4421.330078125
1998-02-02 00:00:00,4529.8798828125,4549.22021484375,4480.81982421875
1998-02-03 00:00:00,4529.18017578125,4554.509765625,4491.85986328125
1998-02-04 00:00:00,4509.25,4555.0498046875,4474.27001953125
1998-02-05 00:00:00,4494.72021484375,4581.0,4486.509765625
1998-02-06 00:00:00,4536.91015625,4546.47021484375,4494.5
1998-02-09 00:00:00,4519.56005859375,4591.93017578125,4509.419921875
1998-02-10 00:00:00,4558.6201171875,4563.4501953125,4506.68994140625
1998-02-11 00:00:00,4552.4599609375,4598.06005859375,4537.64990234375
1998-02-12 00:00:00,4509.3701171875,4602.16015625,4504.10986328125
1998-02-13 00:00:00,4522.419921875,4528.52001953125,4485.5498046875
1998-02-16 00:00:00,4535.56005859375,4535.56005859375,4504.83984375
1998-02-17 00:00:00,4627.419921875,4632.35009765625,4548.14990234375
1998-02-18 00:00:00,4611.66015625,4633.77001953125,4582.22998046875
1998-02-19 00:00:00,4581.080078125,4637.509765625,4575.83984375
1998-02-20 00:00:00,4583.02978515625,4612.18017578125,4578.39013671875
1998-02-23 00:00:00,4610.66015625,4665.18994140625,4591.60009765625
1998-02-24 00:00:00,4604.5498046875,4629.47998046875,4569.5
1998-02-25 00:00:00,4704.580078125,4707.5498046875,4601.43017578125
1998-02-26 00:00:00,4695.77978515625,4729.58984375,4680.83984375
1998-02-27 00:00:00,4693.85986328125,4736.08984375,4662.27978515625
1998-03-02 00:00:00,4781.6201171875,4790.31005859375,4679.85986328125
1998-03-03 00:00:00,4759.6201171875,4783.97021484375,4745.68994140625
1998-03-04 00:00:00,4690.52001953125,4791.41015625,4678.080078125
1998-03-05 00:00:00,4676.419921875,4689.16015625,4612.14013671875
1998-03-06 00:00:00,4762.7099609375,4782.10009765625,4661.6201171875
1998-03-09 00:00:00,4828.89013671875,4838.7001953125,4749.56005859375
1998-03-10 00:00:00,4852.22021484375,4870.5498046875,4807.83984375
1998-03-11 00:00:00,4862.41015625,4916.8798828125,4829.35009765625
1998-03-12 00:00:00,4838.669921875,4854.4599609375,4810.83984375
1998-03-13 00:00:00,4872.240234375,4914.0498046875,4835.31005859375
1998-03-16 00:00:00,4905.58984375,4918.56982421875,4847.10986328125
1998-03-17 00:00:00,4945.91015625,4956.06005859375,4929.02978515625
1998-03-18 00:00:00,4908.5498046875,4958.9599609375,4874.52978515625
1998-03-19 00:00:00,4949.91015625,4960.7001953125,4917.25
1998-03-20 00:00:00,5045.16015625,5055.3701171875,4969.830078125
1998-03-23 00:00:00,5014.1298828125,5060.33984375,4960.669921875
1998-03-24 00:00:00,5064.35009765625,5065.2900390625,4988.419921875
1998-03-25 00:00:00,5114.1298828125,5136.7900390625,5079.77978515625
1998-03-26 00:00:00,5029.0,5105.47021484375,4996.39013671875
1998-03-27 00:00:00,5066.89990234375,5100.7998046875,5008.56982421875
1998-03-30 00:00:00,5069.89013671875,5080.27978515625,4994.52001953125
1998-03-31 00:00:00,5097.25,5106.5,5037.8701171875
1998-04-01 00:00:00,5135.35009765625,5170.2900390625,5079.68017578125
1998-04-02 00:00:00,5179.0400390625,5192.2998046875,5145.81982421875
1998-04-03 00:00:00,5254.31982421875,5256.580078125,5206.7099609375
1998-04-06 00:00:00,5345.89013671875,5346.83984375,5238.27001953125
1998-04-07 00:00:00,5309.669921875,5359.68017578125,5283.3701171875
1998-04-08 00:00:00,5267.35009765625,5323.31982421875,5241.0498046875
1998-04-09 00:00:00,5312.25,5322.2998046875,5233.830078125
1998-04-14 00:00:00,5367.97998046875,5409.81982421875,5301.56982421875
1998-04-15 00:00:00,5359.240234375,5409.22998046875,5343.4599609375
1998-04-16 00:00:00,5292.97021484375,5398.4599609375,5268.85986328125
1998-04-17 00:00:00,5326.6298828125,5333.580078125,5243.259765625
1998-04-20 00:00:00,5407.93017578125,5436.77001953125,5372.83984375
1998-04-21 00:00:00,5373.7998046875,5420.919921875,5337.4599609375
1998-04-22 00:00:00,5312.27978515625,5425.85009765625,5297.47998046875
1998-04-23 00:00:00,5262.56982421875,5341.7099609375,5215.169921875
1998-04-24 00:00:00,5144.419921875,5254.77978515625,5136.72998046875
1998-04-27 00:00:00,5002.7099609375,5155.6298828125,4992.1201171875
1998-04-28 00:00:00,5110.8798828125,5114.3701171875,5009.919921875
1998-04-29 00:00:00,5083.7998046875,5153.18017578125,5051.22998046875
1998-04-30 00:00:00,5241.22998046875,5269.10009765625,5082.14013671875
1998-05-04 00:00:00,5337.75,5357.47021484375,5259.43017578125
1998-05-05 00:00:00,5226.2001953125,5337.5,5210.31005859375
1998-05-06 00:00:00,5264.6201171875,5297.64013671875,5189.18017578125
1998-05-07 00:00:00,5164.89013671875,5277.5498046875,5160.1298828125
1998-05-08 00:00:00,5270.60986328125,5289.08984375,5178.43994140625
1998-05-11 00:00:00,5348.75,5351.77978515625,5297.6201171875
1998-05-12 00:00:00,5307.81982421875,5320.60986328125,5266.7001953125
1998-05-13 00:00:00,5371.990234375,5413.93017578125,5328.97998046875
1998-05-14 00:00:00,5374.10986328125,5410.77978515625,5322.27001953125
1998-05-15 00:00:00,5414.31005859375,5429.10986328125,5374.97021484375
1998-05-18 00:00:00,5343.66015625,5388.72998046875,5329.08984375
1998-05-19 00:00:00,5441.0,5446.02978515625,5370.93994140625
1998-05-20 00:00:00,5514.509765625,5533.39990234375,5434.58984375
1998-05-22 00:00:00,5530.18994140625,5577.35009765625,5506.77001953125
1998-05-25 00:00:00,5592.4599609375,5597.43017578125,5547.81982421875
1998-05-26 00:00:00,5639.89013671875,5671.52001953125,5612.740234375
1998-05-27 00:00:00,5466.8798828125,5580.7900390625,5451.4599609375
1998-05-28 00:00:00,5507.35986328125,5579.2001953125,5470.60009765625
1998-05-29 00:00:00,5556.990234375,5591.43994140625,5534.14990234375
1998-06-02 00:00:00,5583.830078125,5613.830078125,5495.10986328125
1998-06-03 00:00:00,5640.419921875,5641.06982421875,5572.58984375
1998-06-04 00:00:00,5605.3798828125,5628.5400390625,5569.41015625
1998-06-05 00:00:00,5724.75,5726.1298828125,5644.81005859375
1998-06-08 00:00:00,5787.0498046875,5796.18994140625,5757.6298828125
1998-06-09 00:00:00,5773.77001953125,5789.43994140625,5740.93994140625
1998-06-10 00:00:00,5799.22021484375,5810.02001953125,5707.47021484375
1998-06-12 00:00:00,5631.33984375,5741.08984375,5623.35009765625
1998-06-15 00:00:00,5581.240234375,5668.0498046875,5511.27001953125
1998-06-16 00:00:00,5621.7099609375,5632.39990234375,5523.85009765625
1998-06-17 00:00:00,5742.830078125,5743.14013671875,5662.3798828125
1998-06-18 00:00:00,5689.89013671875,5811.7001953125,5680.75
1998-06-19 00:00:00,5644.22021484375,5730.5400390625,5634.14990234375
1998-06-22 00:00:00,5648.10986328125,5688.240234375,5609.52978515625
1998-06-23 00:00:00,5748.33984375,5751.89013671875,5659.22998046875
1998-06-24 00:00:00,5784.39990234375,5794.93017578125,5719.31005859375
1998-06-25 00:00:00,5886.72021484375,5894.2099609375,5822.7099609375
1998-06-26 00:00:00,5870.490234375,5899.72998046875,5842.4501953125
1998-06-29 00:00:00,5933.72998046875,5945.02978515625,5888.6201171875
1998-06-30 00:00:00,5841.830078125,5957.56005859375,5831.72998046875
1998-07-01 00:00:00,5910.509765625,5937.490234375,5860.68994140625
1998-07-02 00:00:00,5905.14990234375,5986.6298828125,5890.91015625
1998-07-03 00:00:00,5961.4501953125,5963.93994140625,5912.9501953125
1998-07-06 00:00:00,5942.06005859375,5985.39013671875,5901.0498046875
1998-07-07 00:00:00,5975.8798828125,5998.919921875,5955.5
1998-07-08 00:00:00,6018.89013671875,6025.5,5949.330078125
1998-07-09 00:00:00,6000.83984375,6051.35986328125,5979.22998046875
1998-07-10 00:00:00,6001.240234375,6024.580078125,5919.990234375
1998-07-13 00:00:00,6023.31005859375,6054.77978515625,6001.77978515625
1998-07-14 00:00:00,6101.89990234375,6103.080078125,6026.080078125
1998-07-15 00:00:00,6106.10009765625,6161.60986328125,6084.52978515625
1998-07-16 00:00:00,6108.0,6158.97021484375,6084.22998046875
1998-07-17 00:00:00,6162.85986328125,6170.3798828125,6117.740234375
1998-07-20 00:00:00,6186.08984375,6206.009765625,6132.27978515625
1998-07-21 00:00:00,6184.10009765625,6224.52001953125,6164.47998046875
1998-07-22 00:00:00,6081.10986328125,6189.60986328125,6081.10986328125
1998-07-23 00:00:00,6043.81982421875,6138.77978515625,6025.77001953125
1998-07-24 00:00:00,6040.580078125,6062.02978515625,5952.81982421875
1998-07-27 00:00:00,5854.35009765625,6075.0498046875,5850.259765625
1998-07-28 00:00:00,5867.52001953125,5969.2001953125,5857.27001953125
1998-07-29 00:00:00,5828.740234375,5890.14013671875,5806.9599609375
1998-07-30 00:00:00,5906.330078125,5908.14013671875,5828.9501953125
1998-07-31 00:00:00,5861.18994140625,5963.509765625,5856.68994140625
1998-08-03 00:00:00,5774.3798828125,5813.22998046875,5720.43017578125
1998-08-04 00:00:00,5718.7001953125,5816.89013671875,5718.7001953125
1998-08-05 00:00:00,5614.77001953125,5641.18017578125,5555.58984375
1998-08-06 00:00:00,5528.1201171875,5670.2001953125,5499.43994140625
1998-08-07 00:00:00,5598.31982421875,5598.31982421875,5529.10986328125
1998-08-10 00:00:00,5460.43017578125,5612.16015625,5460.43017578125
1998-08-11 00:00:00,5285.77978515625,5472.83984375,5251.43994140625
1998-08-12 00:00:00,5386.93994140625,5425.97998046875,5336.77001953125
1998-08-13 00:00:00,5355.02978515625,5398.18994140625,5231.81005859375
1998-08-14 00:00:00,5473.72021484375,5484.419921875,5361.8701171875
1998-08-17 00:00:00,5432.02978515625,5472.10009765625,5307.759765625
1998-08-18 00:00:00,5602.14990234375,5602.14990234375,5500.740234375
1998-08-19 00:00:00,5601.93017578125,5677.16015625,5585.8701171875
1998-08-20 00:00:00,5486.759765625,5659.77001953125,5470.93017578125
1998-08-21 00:00:00,5190.60009765625,5459.1201171875,5156.240234375
1998-08-24 00:00:00,5253.3798828125,5287.39990234375,5143.990234375
1998-08-25 00:00:00,5407.02978515625,5407.02978515625,5293.7001953125
1998-08-26 00:00:00,5247.6201171875,5386.330078125,5208.35986328125
1998-08-27 00:00:00,5012.72998046875,5253.0498046875,5012.72998046875
1998-08-28 00:00:00,4925.7998046875,5018.81005859375,4745.06005859375
1998-08-31 00:00:00,4811.27978515625,4990.27001953125,4810.759765625
1998-09-01 00:00:00,4855.89990234375,4855.89990234375,4647.8798828125
1998-09-02 00:00:00,4948.509765625,5013.77001953125,4907.77001953125
1998-09-03 00:00:00,4797.1298828125,4917.43994140625,4742.31982421875
1998-09-04 00:00:00,4864.97021484375,4953.490234375,4778.77001953125
1998-09-07 00:00:00,4945.740234375,5015.68017578125,4877.240234375
1998-09-08 00:00:00,5095.6201171875,5118.43017578125,4943.9599609375
1998-09-09 00:00:00,4958.43994140625,5151.68017578125,4957.68994140625
1998-09-10 00:00:00,4744.0498046875,4921.919921875,4690.419921875
1998-09-11 00:00:00,4754.64990234375,4786.47021484375,4600.169921875
1998-09-14 00:00:00,4893.509765625,4916.47021484375,4830.9501953125
1998-09-15 00:00:00,4851.56005859375,4959.8798828125,4792.75
1998-09-16 00:00:00,4872.18017578125,4958.6298828125,4847.16015625
1998-09-17 00:00:00,4629.02978515625,4842.25,4619.10009765625
1998-09-18 00:00:00,4623.3701171875,4771.009765625,4550.27001953125
1998-09-21 00:00:00,4439.1298828125,4581.580078125,4347.64990234375
1998-09-22 00:00:00,4549.22998046875,4609.0498046875,4529.7099609375
1998-09-23 00:00:00,4722.9599609375,4722.9599609375,4553.8701171875
1998-09-24 00:00:00,4611.33984375,4864.39013671875,4611.33984375
1998-09-25 00:00:00,4584.41015625,4593.16015625,4452.91015625
1998-09-28 00:00:00,4677.56005859375,4721.7900390625,4573.669921875
1998-09-29 00:00:00,4600.330078125,4666.4501953125,4566.85009765625
1998-09-30 00:00:00,4430.91015625,4559.75,4407.7900390625
1998-10-01 00:00:00,4094.6201171875,4374.0400390625,4094.6201171875
1998-10-02 00:00:00,4019.31005859375,4230.31982421875,3855.0400390625
1998-10-05 00:00:00,3970.989990234375,4119.7900390625,3880.429931640625
1998-10-06 00:00:00,4185.39013671875,4190.7998046875,3963.3798828125
1998-10-07 00:00:00,4064.159912109375,4279.169921875,4006.06005859375
1998-10-08 00:00:00,3861.889892578125,4043.3798828125,3822.590087890625
1998-10-09 00:00:00,3973.43994140625,4042.06005859375,3904.31005859375
1998-10-12 00:00:00,4271.6298828125,4280.93017578125,4075.85009765625
1998-10-13 00:00:00,4253.1201171875,4307.4501953125,4169.16015625
1998-10-14 00:00:00,4371.10009765625,4377.85986328125,4171.8701171875
1998-10-15 00:00:00,4391.64013671875,4438.75,4315.66015625
1998-10-16 00:00:00,4469.1201171875,4578.41015625,4399.43017578125
1998-10-19 00:00:00,4466.18017578125,4543.52978515625,4407.330078125
1998-10-20 00:00:00,4657.85986328125,4657.85986328125,4489.7001953125
1998-10-21 00:00:00,4534.5498046875,4643.169921875,4516.35009765625
1998-10-22 00:00:00,4449.1201171875,4601.509765625,4427.8701171875
1998-10-23 00:00:00,4480.43017578125,4498.31005859375,4421.33984375
1998-10-26 00:00:00,4579.64013671875,4618.6298828125,4437.97021484375
1998-10-27 00:00:00,4682.7001953125,4711.25,4608.1201171875
1998-10-28 00:00:00,4564.1201171875,4653.31005859375,4524.419921875
1998-10-29 00:00:00,4569.72998046875,4593.64013671875,4483.259765625
1998-10-30 00:00:00,4690.990234375,4729.35009765625,4600.759765625
1998-11-02 00:00:00,4762.47021484375,4806.64013671875,4717.52001953125
1998-11-03 00:00:00,4709.31982421875,4794.669921875,4691.240234375
1998-11-04 00:00:00,4878.240234375,4880.89013671875,4724.68017578125
1998-11-05 00:00:00,4795.27978515625,4878.97021484375,4765.1298828125
1998-11-06 00:00:00,4809.72998046875,4906.91015625,4799.7900390625
1998-11-09 00:00:00,4762.3798828125,4887.7900390625,4740.02001953125
1998-11-10 00:00:00,4681.33984375,4790.2998046875,4653.580078125
1998-11-11 00:00:00,4705.31982421875,4761.06982421875,4683.990234375
1998-11-12 00:00:00,4645.89013671875,4684.08984375,4630.5
1998-11-13 00:00:00,4643.7998046875,4715.72021484375,4613.08984375
1998-11-16 00:00:00,4785.759765625,4785.759765625,4687.68994140625
1998-11-17 00:00:00,4718.33984375,4790.2900390625,4706.919921875
1998-11-18 00:00:00,4700.68994140625,4816.93994140625,4687.18017578125
1998-11-19 00:00:00,4805.68994140625,4834.240234375,4700.41015625
1998-11-20 00:00:00,4911.43017578125,4926.02978515625,4827.52978515625
1998-11-23 00:00:00,5024.509765625,5036.68994140625,4960.41015625
1998-11-24 00:00:00,4954.5400390625,5116.0,4950.330078125
1998-11-25 00:00:00,4956.52978515625,5014.509765625,4926.3701171875
1998-11-26 00:00:00,5067.990234375,5071.39013671875,4972.06005859375
1998-11-27 00:00:00,5159.2099609375,5161.35009765625,5033.31982421875
1998-11-30 00:00:00,5026.14013671875,5174.419921875,5017.9501953125
1998-12-01 00:00:00,4777.18017578125,4997.009765625,4752.080078125
1998-12-02 00:00:00,4712.2001953125,4879.35009765625,4676.47021484375
1998-12-03 00:00:00,4812.33984375,4827.75,4592.06982421875
1998-12-04 00:00:00,4802.759765625,4850.56005859375,4687.169921875
1998-12-07 00:00:00,4721.169921875,4911.41015625,4701.9501953125
1998-12-08 00:00:00,4708.18994140625,4766.2900390625,4644.2900390625
1998-12-09 00:00:00,4676.56982421875,4724.25,4628.419921875
1998-12-10 00:00:00,4650.2998046875,4741.89990234375,4606.66015625
1998-12-11 00:00:00,4543.02001953125,4580.89013671875,4495.080078125
1998-12-14 00:00:00,4563.259765625,4567.580078125,4435.93994140625
1998-12-15 00:00:00,4569.7001953125,4619.3701171875,4522.47998046875
1998-12-16 00:00:00,4686.740234375,4716.85986328125,4604.27978515625
1998-12-17 00:00:00,4732.10986328125,4742.10986328125,4652.14013671875
1998-12-18 00:00:00,4666.740234375,4750.43994140625,4649.39013671875
1998-12-21 00:00:00,4826.7001953125,4845.9599609375,4667.2001953125
1998-12-22 00:00:00,4879.47021484375,4889.10986328125,4773.35009765625
1998-12-23 00:00:00,4978.6201171875,4989.0,4857.18017578125
1998-12-28 00:00:00,5040.14990234375,5066.8798828125,4991.3701171875
1998-12-29 00:00:00,5056.2001953125,5066.8701171875,5002.240234375
1998-12-30 00:00:00,5006.56982421875,5089.22998046875,4999.7099609375
1999-01-04 00:00:00,5290.35986328125,5290.35986328125,4962.830078125
1999-01-05 00:00:00,5263.41015625,5313.60986328125,5140.68994140625
1999-01-06 00:00:00,5442.89990234375,5460.2001953125,5312.47998046875
1999-01-07 00:00:00,5345.7099609375,5509.2998046875,5261.52978515625
1999-01-08 00:00:00,5370.509765625,5458.259765625,5352.330078125
1999-01-11 00:00:00,5266.47021484375,5485.7900390625,5250.93994140625
1999-01-12 00:00:00,5196.1298828125,5338.35986328125,5180.2099609375
1999-01-13 00:00:00,4982.1201171875,5193.02978515625,4849.77978515625
1999-01-14 00:00:00,4902.75,5093.66015625,4867.25
1999-01-15 00:00:00,4973.77978515625,4988.47998046875,4752.81982421875
1999-01-18 00:00:00,5076.85009765625,5091.7001953125,5011.669921875
1999-01-19 00:00:00,5038.4501953125,5129.7001953125,4978.08984375
1999-01-20 00:00:00,5197.14990234375,5198.47998046875,5087.9501953125
1999-01-21 00:00:00,5163.4501953125,5234.22021484375,5108.1201171875
1999-01-22 00:00:00,5008.2099609375,5111.60009765625,4970.080078125
1999-01-25 00:00:00,4988.58984375,5021.31982421875,4880.72998046875
1999-01-26 00:00:00,5001.18994140625,5071.91015625,4938.35986328125
1999-01-27 00:00:00,5038.2099609375,5112.7900390625,5034.33984375
1999-01-28 00:00:00,5080.93017578125,5126.93994140625,4951.14013671875
1999-01-29 00:00:00,5180.2900390625,5196.60009765625,5113.009765625
1999-02-01 00:00:00,5239.60009765625,5292.740234375,5204.52001953125
1999-02-02 00:00:00,5164.9501953125,5246.169921875,5151.580078125
1999-02-03 00:00:00,5090.06982421875,5168.3798828125,5051.43994140625
1999-02-04 00:00:00,5061.27978515625,5206.31005859375,5060.5
1999-02-05 00:00:00,5097.47998046875,5100.10986328125,4981.68994140625
1999-02-08 00:00:00,5052.43994140625,5174.25,4999.72021484375
1999-02-09 00:00:00,4850.669921875,5103.990234375,4842.580078125
1999-02-10 00:00:00,4814.0400390625,4849.18017578125,4743.4599609375
1999-02-11 00:00:00,4869.2900390625,4877.5400390625,4789.93994140625
1999-02-12 00:00:00,4896.740234375,4995.52978515625,4850.60986328125
1999-02-15 00:00:00,4888.9501953125,4888.9501953125,4807.39013671875
1999-02-16 00:00:00,4895.10986328125,4950.1201171875,4874.759765625
1999-02-17 00:00:00,4820.419921875,4888.240234375,4771.43017578125
1999-02-18 00:00:00,4871.08984375,4878.4599609375,4782.02978515625
1999-02-19 00:00:00,4823.259765625,4916.60986328125,4775.66015625
1999-02-22 00:00:00,4887.7001953125,4904.2998046875,4821.93017578125
1999-02-23 00:00:00,5012.60009765625,5039.68017578125,4929.419921875
1999-02-24 00:00:00,5058.2900390625,5083.4501953125,4971.0498046875
1999-02-25 00:00:00,4918.5498046875,5030.14013671875,4904.490234375
1999-02-26 00:00:00,4903.9599609375,4953.91015625,4847.4501953125
1999-03-01 00:00:00,4779.06982421875,4956.08984375,4739.64990234375
1999-03-02 00:00:00,4797.83984375,4834.080078125,4704.72021484375
1999-03-03 00:00:00,4668.52001953125,4815.39990234375,4658.2001953125
1999-03-04 00:00:00,4722.68994140625,4722.68994140625,4601.06982421875
1999-03-05 00:00:00,4840.81005859375,4877.7099609375,4727.77001953125
1999-03-08 00:00:00,4791.43017578125,4885.02001953125,4764.5
1999-03-09 00:00:00,4790.47021484375,4869.47021484375,4720.18994140625
1999-03-10 00:00:00,4730.0498046875,4823.89013671875,4696.009765625
1999-03-11 00:00:00,4785.3701171875,4805.14013671875,4712.64990234375
1999-03-12 00:00:00,5031.06005859375,5099.77001953125,4968.31005859375
1999-03-15 00:00:00,5043.22998046875,5086.43017578125,4988.169921875
1999-03-16 00:00:00,5090.93017578125,5124.0,5027.06005859375
1999-03-17 00:00:00,5062.58984375,5128.669921875,5053.8798828125
1999-03-18 00:00:00,5025.7900390625,5054.830078125,4980.830078125
1999-03-19 00:00:00,5108.75,5162.740234375,5066.31982421875
1999-03-22 00:00:00,5034.68017578125,5080.22998046875,5020.419921875
1999-03-23 00:00:00,4870.490234375,5029.14013671875,4856.77978515625
1999-03-24 00:00:00,4797.330078125,4837.58984375,4749.89990234375
1999-03-25 00:00:00,4863.81005859375,4882.77001953125,4796.2998046875
1999-03-26 00:00:00,4799.58984375,4909.47998046875,4732.0400390625
1999-03-29 00:00:00,4867.2099609375,4872.25,4780.66015625
1999-03-30 00:00:00,4841.2001953125,4916.85009765625,4810.52978515625
1999-03-31 00:00:00,4865.27001953125,4893.58984375,4831.68994140625
1999-04-01 00:00:00,4901.81005859375,4916.89990234375,4768.77001953125
1999-04-06 00:00:00,5022.27001953125,5034.240234375,4927.39990234375
1999-04-07 00:00:00,5027.25,5063.35009765625,4981.06005859375
1999-04-08 00:00:00,5067.759765625,5078.0,4994.85986328125
1999-04-09 00:00:00,5133.919921875,5178.89013671875,5091.5498046875
1999-04-12 00:00:00,5167.5498046875,5187.41015625,5064.6298828125
1999-04-13 00:00:00,5225.22021484375,5229.47021484375,5166.72998046875
1999-04-14 00:00:00,5186.759765625,5233.02001953125,5149.1201171875
1999-04-15 00:00:00,5189.72021484375,5221.91015625,5142.7998046875
1999-04-16 00:00:00,5143.02001953125,5209.0400390625,5131.52001953125
1999-04-19 00:00:00,5252.39990234375,5255.240234375,5147.72021484375
1999-04-20 00:00:00,5101.41015625,5198.93994140625,5082.2099609375
1999-04-21 00:00:00,5175.56982421875,5176.330078125,5099.6201171875
1999-04-22 00:00:00,5226.64013671875,5261.580078125,5205.31982421875
1999-04-23 00:00:00,5187.89013671875,5266.72998046875,5177.830078125
1999-04-26 00:00:00,5269.1201171875,5288.97998046875,5193.85009765625
1999-04-27 00:00:00,5364.81005859375,5371.080078125,5258.85009765625
1999-04-28 00:00:00,5352.72021484375,5370.25,5311.43017578125
1999-04-29 00:00:00,5323.06005859375,5352.7001953125,5285.2001953125
1999-04-30 00:00:00,5360.43994140625,5403.259765625,5307.35986328125
1999-05-03 00:00:00,5383.22021484375,5394.9501953125,5344.8798828125
1999-05-04 00:00:00,5377.39990234375,5452.8701171875,5359.2998046875
1999-05-05 00:00:00,5295.22021484375,5370.7001953125,5270.7001953125
1999-05-06 00:00:00,5275.56982421875,5376.75,5265.83984375
1999-05-07 00:00:00,5276.5,5305.02978515625,5235.52001953125
1999-05-10 00:00:00,5261.009765625,5322.60986328125,5190.10986328125
1999-05-11 00:00:00,5297.490234375,5300.39013671875,5232.72021484375
1999-05-12 00:00:00,5249.240234375,5313.77978515625,5190.9501953125
1999-05-14 00:00:00,5183.490234375,5308.4599609375,5173.2001953125
1999-05-17 00:00:00,5102.0,5173.0400390625,5090.39013671875
1999-05-18 00:00:00,5160.47021484375,5169.509765625,5113.27001953125
1999-05-19 00:00:00,5213.2998046875,5213.2998046875,5125.31982421875
1999-05-20 00:00:00,5243.2099609375,5250.83984375,5199.68017578125
1999-05-21 00:00:00,5253.77001953125,5273.06982421875,5211.89013671875
1999-05-25 00:00:00,5165.72021484375,5217.64990234375,5125.7001953125
1999-05-26 00:00:00,5183.080078125,5198.22998046875,5101.5
1999-05-27 00:00:00,5064.31005859375,5218.60986328125,5055.93994140625
1999-05-28 00:00:00,5070.97998046875,5078.31005859375,5000.330078125
1999-05-31 00:00:00,5068.58984375,5116.3701171875,5027.72021484375
1999-06-01 00:00:00,5010.7099609375,5096.89990234375,4983.06982421875
1999-06-02 00:00:00,5040.33984375,5046.9599609375,4969.56982421875
1999-06-04 00:00:00,5124.1298828125,5125.27978515625,5034.419921875
1999-06-07 00:00:00,5212.85986328125,5218.72998046875,5090.06982421875
1999-06-08 00:00:00,5196.93017578125,5240.89990234375,5196.5498046875
1999-06-09 00:00:00,5250.6298828125,5272.60986328125,5166.7900390625
1999-06-10 00:00:00,5201.490234375,5291.3701171875,5186.47021484375
1999-06-11 00:00:00,5296.009765625,5303.77978515625,5201.47021484375
1999-06-14 00:00:00,5291.52001953125,5307.56982421875,5256.4501953125
1999-06-15 00:00:00,5344.919921875,5357.72998046875,5237.240234375
1999-06-16 00:00:00,5382.669921875,5391.72021484375,5298.60986328125
1999-06-17 00:00:00,5415.509765625,5428.25,5385.0
1999-06-18 00:00:00,5337.18994140625,5506.25,5337.18994140625
1999-06-21 00:00:00,5468.47021484375,5499.16015625,5366.27978515625
1999-06-22 00:00:00,5468.669921875,5481.9599609375,5417.52001953125
1999-06-23 00:00:00,5399.10986328125,5455.1201171875,5387.2001953125
1999-06-24 00:00:00,5327.60009765625,5441.97998046875,5321.64013671875
1999-06-25 00:00:00,5301.2099609375,5351.06982421875,5287.27001953125
1999-06-28 00:00:00,5356.9501953125,5358.419921875,5283.72998046875
1999-06-29 00:00:00,5359.52978515625,5394.35009765625,5332.9599609375
1999-06-30 00:00:00,5378.52001953125,5413.68994140625,5357.8701171875
1999-07-01 00:00:00,5480.22021484375,5498.10986328125,5425.85009765625
1999-07-02 00:00:00,5519.0498046875,5521.7001953125,5456.18994140625
1999-07-05 00:00:00,5625.6201171875,5649.89013671875,5528.85009765625
1999-07-06 00:00:00,5612.89990234375,5640.10986328125,5580.1298828125
1999-07-07 00:00:00,5588.5,5620.080078125,5547.8798828125
1999-07-08 00:00:00,5607.10009765625,5646.580078125,5549.14013671875
1999-07-09 00:00:00,5638.9501953125,5666.259765625,5598.509765625
1999-07-12 00:00:00,5652.02001953125,5686.5498046875,5635.10009765625
1999-07-13 00:00:00,5573.81982421875,5652.89990234375,5553.419921875
1999-07-14 00:00:00,5610.89013671875,5649.419921875,5571.97021484375
1999-07-15 00:00:00,5619.259765625,5671.77001953125,5598.39013671875
1999-07-16 00:00:00,5619.93994140625,5653.52001953125,5576.89990234375
1999-07-19 00:00:00,5624.740234375,5654.85009765625,5600.14990234375
1999-07-20 00:00:00,5491.2900390625,5643.18994140625,5482.60986328125
1999-07-21 00:00:00,5414.169921875,5472.5498046875,5401.83984375
1999-07-22 00:00:00,5340.91015625,5442.68994140625,5320.77978515625
1999-07-23 00:00:00,5310.6298828125,5391.52001953125,5297.85986328125
1999-07-26 00:00:00,5206.43994140625,5330.02001953125,5161.25
1999-07-27 00:00:00,5224.16015625,5253.10986328125,5188.52978515625
1999-07-28 00:00:00,5229.56005859375,5274.330078125,5204.64013671875
1999-07-29 00:00:00,5052.31982421875,5241.240234375,5035.2001953125
1999-07-30 00:00:00,5101.8701171875,5110.52001953125,5039.5
1999-08-02 00:00:00,5129.5,5144.2001953125,4970.740234375
1999-08-03 00:00:00,5107.68017578125,5139.240234375,5054.83984375
1999-08-04 00:00:00,5119.3701171875,5149.10009765625,5067.2001953125
1999-08-05 00:00:00,4978.4501953125,5094.47998046875,4948.080078125
1999-08-06 00:00:00,5010.47021484375,5057.2001953125,4974.97998046875
1999-08-09 00:00:00,5087.2998046875,5102.56005859375,4980.60986328125
1999-08-10 00:00:00,5000.8701171875,5095.830078125,4975.14990234375
1999-08-11 00:00:00,5019.68994140625,5047.43017578125,5010.91015625
1999-08-12 00:00:00,5127.43017578125,5149.18994140625,5068.8798828125
1999-08-13 00:00:00,5219.43017578125,5225.22021484375,5089.43994140625
1999-08-16 00:00:00,5257.10009765625,5257.68017578125,5196.93994140625
1999-08-17 00:00:00,5259.91015625,5301.490234375,5223.39990234375
1999-08-18 00:00:00,5230.47021484375,5293.259765625,5217.5498046875
1999-08-19 00:00:00,5186.85009765625,5235.080078125,5165.81005859375
1999-08-20 00:00:00,5254.14013671875,5260.9599609375,5200.240234375
1999-08-23 00:00:00,5301.97998046875,5314.27001953125,5267.2900390625
1999-08-24 00:00:00,5324.02001953125,5342.22998046875,5268.240234375
1999-08-25 00:00:00,5400.31982421875,5414.52001953125,5300.7900390625
1999-08-26 00:00:00,5389.33984375,5455.83984375,5354.60009765625
1999-08-27 00:00:00,5420.35986328125,5428.9501953125,5329.6201171875
1999-08-30 00:00:00,5392.52978515625,5425.39013671875,5363.58984375
1999-08-31 00:00:00,5270.77001953125,5346.830078125,5267.169921875
1999-09-01 00:00:00,5317.1201171875,5328.5400390625,5273.89990234375
1999-09-02 00:00:00,5189.919921875,5340.64990234375,5184.009765625
1999-09-03 00:00:00,5336.22021484375,5340.009765625,5199.68017578125
1999-09-06 00:00:00,5400.5498046875,5416.2001953125,5329.7900390625
1999-09-07 00:00:00,5391.35986328125,5430.56005859375,5364.33984375
1999-09-08 00:00:00,5400.7001953125,5401.08984375,5332.83984375
1999-09-09 00:00:00,5436.85986328125,5448.91015625,5370.35986328125
1999-09-10 00:00:00,5483.9501953125,5522.41015625,5427.1298828125
1999-09-13 00:00:00,5446.91015625,5530.759765625,5440.919921875
1999-09-14 00:00:00,5401.47021484375,5493.2001953125,5394.509765625
1999-09-15 00:00:00,5387.18017578125,5449.35986328125,5342.91015625
1999-09-16 00:00:00,5304.419921875,5361.6201171875,5297.740234375
1999-09-17 00:00:00,5303.93994140625,5365.27001953125,5290.31982421875
1999-09-20 00:00:00,5351.97998046875,5372.8701171875,5320.0400390625
1999-09-21 00:00:00,5282.759765625,5384.52001953125,5247.7001953125
1999-09-22 00:00:00,5238.759765625,5286.240234375,5211.7001953125
1999-09-23 00:00:00,5299.56982421875,5332.990234375,5228.85009765625
1999-09-24 00:00:00,5186.52978515625,5220.9599609375,5163.2099609375
1999-09-27 00:00:00,5239.64013671875,5247.6298828125,5201.47021484375
1999-09-28 00:00:00,5119.10009765625,5261.85009765625,5116.8798828125
1999-09-29 00:00:00,5135.6201171875,5172.4599609375,5069.8701171875
1999-09-30 00:00:00,5149.830078125,5149.830078125,5083.669921875
1999-10-01 00:00:00,5124.5498046875,5185.72021484375,5078.58984375
1999-10-04 00:00:00,5218.85986328125,5251.56982421875,5115.08984375
1999-10-05 00:00:00,5301.85009765625,5304.7001953125,5224.490234375
1999-10-06 00:00:00,5353.31982421875,5353.31982421875,5243.43017578125
1999-10-07 00:00:00,5419.31005859375,5419.39990234375,5353.47021484375
1999-10-08 00:00:00,5419.259765625,5439.52978515625,5364.35009765625
1999-10-11 00:00:00,5414.5,5453.77001953125,5396.0498046875
1999-10-12 00:00:00,5358.4599609375,5432.1201171875,5329.85009765625
1999-10-13 00:00:00,5295.43017578125,5315.56982421875,5264.7998046875
1999-10-14 00:00:00,5220.2900390625,5319.330078125,5218.52001953125
1999-10-15 00:00:00,5184.22998046875,5230.419921875,5101.89013671875
1999-10-18 00:00:00,5156.27978515625,5177.64013671875,5093.83984375
1999-10-19 00:00:00,5296.91015625,5296.91015625,5150.169921875
1999-10-20 00:00:00,5291.22998046875,5326.669921875,5239.35009765625
1999-10-21 00:00:00,5246.490234375,5295.169921875,5211.10986328125
1999-10-22 00:00:00,5357.75,5362.009765625,5268.81005859375
1999-10-25 00:00:00,5320.39990234375,5388.9501953125,5300.7900390625
1999-10-26 00:00:00,5388.759765625,5394.83984375,5302.27978515625
1999-10-27 00:00:00,5363.85986328125,5386.10009765625,5324.35009765625
1999-10-28 00:00:00,5478.89013671875,5492.97021484375,5342.31005859375
1999-10-29 00:00:00,5525.39990234375,5557.91015625,5492.83984375
1999-11-01 00:00:00,5524.919921875,5549.77978515625,5496.77001953125
1999-11-02 00:00:00,5546.9501953125,5551.81982421875,5474.1201171875
1999-11-03 00:00:00,5560.8701171875,5592.08984375,5501.85986328125
1999-11-04 00:00:00,5635.6201171875,5650.81982421875,5561.27978515625
1999-11-05 00:00:00,5658.10009765625,5680.669921875,5597.56982421875
1999-11-08 00:00:00,5647.93994140625,5681.02001953125,5613.9501953125
1999-11-09 00:00:00,5694.72998046875,5755.25,5654.330078125
1999-11-10 00:00:00,5742.419921875,5742.419921875,5661.68017578125
1999-11-11 00:00:00,5802.35986328125,5803.83984375,5714.47998046875
1999-11-12 00:00:00,5791.0498046875,5824.2998046875,5750.64990234375
1999-11-15 00:00:00,5859.2900390625,5861.0,5792.4501953125
1999-11-16 00:00:00,5909.52001953125,5914.2001953125,5809.3701171875
1999-11-17 00:00:00,5870.169921875,5950.7998046875,5850.66015625
1999-11-18 00:00:00,5950.0498046875,5956.41015625,5856.330078125
1999-11-19 00:00:00,5955.97021484375,6032.669921875,5927.77978515625
1999-11-22 00:00:00,5819.89013671875,5998.4599609375,5812.2099609375
1999-11-23 00:00:00,5814.740234375,5869.68017578125,5794.14013671875
1999-11-24 00:00:00,5818.72998046875,5852.4501953125,5765.35986328125
1999-11-25 00:00:00,5961.4501953125,5967.60986328125,5810.2099609375
1999-11-26 00:00:00,5958.06982421875,6023.009765625,5943.3701171875
1999-11-29 00:00:00,5888.8798828125,5978.64013671875,5881.52001953125
1999-11-30 00:00:00,5896.0400390625,5896.72998046875,5808.9501953125
1999-12-01 00:00:00,5933.83984375,5960.58984375,5836.72998046875
1999-12-02 00:00:00,5937.2001953125,5995.009765625,5912.169921875
1999-12-03 00:00:00,6119.169921875,6127.1201171875,5942.08984375
1999-12-06 00:00:00,6142.18994140625,6188.68017578125,6095.8798828125
1999-12-07 00:00:00,6158.77001953125,6188.490234375,6121.72998046875
1999-12-08 00:00:00,6115.58984375,6140.85009765625,6051.56982421875
1999-12-09 00:00:00,6118.06005859375,6178.169921875,6084.9501953125
1999-12-10 00:00:00,6097.89990234375,6158.18017578125,6067.080078125
1999-12-13 00:00:00,6127.2001953125,6159.2099609375,6078.009765625
1999-12-14 00:00:00,6187.990234375,6247.240234375,6103.35986328125
1999-12-15 00:00:00,6232.75,6232.75,6148.2099609375
1999-12-16 00:00:00,6341.2900390625,6364.08984375,6220.52978515625
1999-12-17 00:00:00,6353.89990234375,6443.0498046875,6342.919921875
1999-12-20 00:00:00,6378.66015625,6393.2001953125,6296.89990234375
1999-12-21 00:00:00,6418.68017578125,6423.8798828125,6322.08984375
1999-12-22 00:00:00,6492.52978515625,6531.75,6431.509765625
1999-12-23 00:00:00,6782.39013671875,6798.18994140625,6503.669921875
1999-12-27 00:00:00,6837.41015625,6992.919921875,6784.3701171875
1999-12-28 00:00:00,6861.5400390625,6885.2001953125,6762.10986328125
1999-12-29 00:00:00,6859.580078125,6888.509765625,6812.72021484375
1999-12-30 00:00:00,6958.14013671875,6972.66015625,6858.39990234375
2000-01-03 00:00:00,6750.759765625,7159.330078125,6720.8701171875
2000-01-04 00:00:00,6586.9501953125,6755.35986328125,6510.4599609375
2000-01-05 00:00:00,6502.06982421875,6585.85009765625,6388.91015625
2000-01-06 00:00:00,6474.919921875,6539.31005859375,6402.6298828125
2000-01-07 00:00:00,6780.9599609375,6791.52978515625,6470.14013671875
2000-01-10 00:00:00,6925.52001953125,6975.259765625,6785.47021484375
2000-01-11 00:00:00,6891.25,6943.830078125,6821.259765625
2000-01-12 00:00:00,6912.81005859375,6913.5,6783.22021484375
2000-01-13 00:00:00,6955.97998046875,7106.4501953125,6898.68994140625
2000-01-14 00:00:00,7173.22021484375,7207.4501953125,6960.2900390625
2000-01-17 00:00:00,7258.89990234375,7297.0400390625,7112.97021484375
2000-01-18 00:00:00,7072.1201171875,7306.47998046875,7053.85986328125
2000-01-19 00:00:00,7091.0400390625,7110.18994140625,6987.1201171875
2000-01-20 00:00:00,7112.66015625,7230.75,7076.81005859375
2000-01-21 00:00:00,6992.75,7103.7001953125,6939.93994140625
2000-01-24 00:00:00,6931.990234375,7092.5,6921.97021484375
2000-01-25 00:00:00,6809.64013671875,6928.080078125,6809.64013671875
2000-01-26 00:00:00,6969.3701171875,6980.93017578125,6838.0498046875
2000-01-27 00:00:00,7126.1298828125,7169.8701171875,6944.64990234375
2000-01-28 00:00:00,7066.60009765625,7214.580078125,7040.490234375
2000-01-31 00:00:00,6835.60009765625,7054.240234375,6816.5400390625
2000-02-01 00:00:00,7050.4599609375,7052.22021484375,6841.1201171875
2000-02-02 00:00:00,7171.9501953125,7172.0498046875,7038.7099609375
2000-02-03 00:00:00,7354.259765625,7354.56005859375,7134.419921875
2000-02-04 00:00:00,7444.60986328125,7491.7900390625,7338.14990234375
2000-02-07 00:00:00,7296.31982421875,7450.7900390625,7270.39990234375
2000-02-08 00:00:00,7549.8798828125,7570.5498046875,7263.18994140625
2000-02-09 00:00:00,7629.10986328125,7676.56005859375,7526.080078125
2000-02-10 00:00:00,7709.27001953125,7709.27001953125,7496.419921875
2000-02-11 00:00:00,7611.5498046875,7812.08984375,7586.259765625
2000-02-14 00:00:00,7644.7998046875,7660.39013671875,7542.2998046875
2000-02-15 00:00:00,7396.1298828125,7699.97021484375,7396.1298828125
2000-02-16 00:00:00,7490.31982421875,7596.89990234375,7342.64990234375
2000-02-17 00:00:00,7580.52978515625,7637.4599609375,7394.02001953125
2000-02-18 00:00:00,7573.77978515625,7658.8798828125,7543.5
2000-02-21 00:00:00,7590.52978515625,7590.52978515625,7447.7099609375
2000-02-22 00:00:00,7607.93994140625,7725.5,7540.35986328125
2000-02-23 00:00:00,7698.97021484375,7772.27978515625,7619.830078125
2000-02-24 00:00:00,7640.52978515625,7813.2001953125,7587.080078125
2000-02-25 00:00:00,7738.68017578125,7776.83984375,7640.68994140625
2000-02-28 00:00:00,7587.1298828125,7747.3701171875,7492.22998046875
2000-02-29 00:00:00,7644.5498046875,7700.35986328125,7590.89990234375
2000-03-01 00:00:00,7727.93017578125,7769.009765625,7618.60009765625
2000-03-02 00:00:00,7945.77001953125,7950.66015625,7639.93017578125
2000-03-03 00:00:00,7960.02978515625,8022.47998046875,7874.56982421875
2000-03-06 00:00:00,7975.77978515625,8030.58984375,7925.2001953125
2000-03-07 00:00:00,8064.97021484375,8136.16015625,7922.31982421875
2000-03-08 00:00:00,7987.0,8097.68017578125,7949.3798828125
2000-03-09 00:00:00,7949.14990234375,8084.919921875,7877.18994140625
2000-03-10 00:00:00,7975.9501953125,8076.31005859375,7952.509765625
2000-03-13 00:00:00,7693.85009765625,7991.06982421875,7630.31005859375
2000-03-14 00:00:00,7650.0498046875,7757.02978515625,7630.10009765625
2000-03-15 00:00:00,7414.4599609375,7633.2001953125,7411.759765625
2000-03-16 00:00:00,7583.9599609375,7648.27978515625,7416.64013671875
2000-03-17 00:00:00,7710.919921875,7834.5400390625,7574.52001953125
2000-03-20 00:00:00,7872.3798828125,7887.97021484375,7716.240234375
2000-03-21 00:00:00,7807.93017578125,7865.47998046875,7735.740234375
2000-03-22 00:00:00,7798.6201171875,7949.72021484375,7787.08984375
2000-03-23 00:00:00,7694.77978515625,7873.02978515625,7677.080078125
2000-03-24 00:00:00,7932.419921875,7932.419921875,7706.5
2000-03-27 00:00:00,7892.490234375,7939.919921875,7832.06005859375
2000-03-28 00:00:00,7931.93017578125,8031.2099609375,7880.1201171875
2000-03-29 00:00:00,7864.759765625,7963.7001953125,7859.43994140625
2000-03-30 00:00:00,7644.89013671875,7849.52978515625,7610.509765625
2000-03-31 00:00:00,7599.39013671875,7704.27978515625,7522.7001953125
2000-04-03 00:00:00,7429.22021484375,7641.52978515625,7404.3701171875
2000-04-04 00:00:00,7522.7998046875,7566.919921875,7430.18017578125
2000-04-05 00:00:00,7330.77001953125,7538.72021484375,7205.85986328125
2000-04-06 00:00:00,7446.2099609375,7480.1298828125,7325.72021484375
2000-04-07 00:00:00,7522.2001953125,7533.35986328125,7399.81005859375
2000-04-10 00:00:00,7516.9501953125,7614.81005859375,7507.93017578125
2000-04-11 00:00:00,7442.66015625,7513.1201171875,7366.490234375
2000-04-12 00:00:00,7443.06982421875,7517.75,7414.3798828125
2000-04-13 00:00:00,7449.06005859375,7450.39013671875,7302.81982421875
2000-04-14 00:00:00,7214.830078125,7440.0498046875,7168.89990234375
2000-04-17 00:00:00,7187.14013671875,7201.66015625,6890.9599609375
2000-04-18 00:00:00,7196.490234375,7305.02978515625,7094.919921875
2000-04-19 00:00:00,7216.7099609375,7305.93994140625,7146.52001953125
2000-04-20 00:00:00,7157.9501953125,7242.7998046875,7157.9501953125
2000-04-25 00:00:00,7280.509765625,7317.06005859375,7096.3798828125
2000-04-26 00:00:00,7388.5498046875,7444.27978515625,7293.10009765625
2000-04-27 00:00:00,7221.740234375,7413.81982421875,7156.830078125
2000-04-28 00:00:00,7414.68017578125,7436.4501953125,7223.27001953125
2000-05-02 00:00:00,7555.919921875,7561.669921875,7405.7001953125
2000-05-03 00:00:00,7376.93017578125,7571.72021484375,7362.75
2000-05-04 00:00:00,7386.7099609375,7419.740234375,7321.43017578125
2000-05-05 00:00:00,7530.81982421875,7530.81982421875,7333.47998046875
2000-05-08 00:00:00,7408.08984375,7532.97021484375,7383.22021484375
2000-05-09 00:00:00,7280.5400390625,7407.9501953125,7225.18017578125
2000-05-10 00:00:00,7120.85986328125,7313.27001953125,7102.58984375
2000-05-11 00:00:00,7259.47998046875,7277.56005859375,7013.7001953125
2000-05-12 00:00:00,7269.27978515625,7331.02978515625,7206.08984375
2000-05-15 00:00:00,7195.14990234375,7278.02978515625,7188.25
2000-05-16 00:00:00,7371.06005859375,7398.47998046875,7203.580078125
2000-05-17 00:00:00,7211.509765625,7378.56982421875,7197.830078125
2000-05-18 00:00:00,7181.580078125,7258.60986328125,7158.5400390625
2000-05-19 00:00:00,6989.02978515625,7182.4599609375,6958.919921875
2000-05-22 00:00:00,6912.9599609375,7040.56982421875,6818.7001953125
2000-05-23 00:00:00,6927.68994140625,7017.240234375,6883.39013671875
2000-05-24 00:00:00,6834.8798828125,6920.14013671875,6794.080078125
2000-05-25 00:00:00,6978.8701171875,6998.31005859375,6846.3701171875
2000-05-26 00:00:00,6938.330078125,6972.2099609375,6833.10986328125
2000-05-29 00:00:00,7016.66015625,7029.7998046875,6956.14013671875
2000-05-30 00:00:00,7119.259765625,7150.5,7024.60009765625
2000-05-31 00:00:00,7109.669921875,7213.97998046875,7101.14013671875
2000-06-01 00:00:00,7272.759765625,7277.52001953125,7117.56982421875
2000-06-02 00:00:00,7438.9501953125,7460.509765625,7246.169921875
2000-06-05 00:00:00,7408.02001953125,7486.39990234375,7354.83984375
2000-06-06 00:00:00,7359.7998046875,7464.759765625,7298.22998046875
2000-06-07 00:00:00,7292.97998046875,7363.66015625,7241.580078125
2000-06-08 00:00:00,7243.1298828125,7390.5,7211.97021484375
2000-06-09 00:00:00,7254.52978515625,7354.31982421875,7229.330078125
2000-06-12 00:00:00,7235.64013671875,7315.0498046875,7224.72021484375
2000-06-13 00:00:00,7268.91015625,7307.33984375,7173.64013671875
2000-06-14 00:00:00,7350.93994140625,7374.60009765625,7251.22998046875
2000-06-15 00:00:00,7328.6201171875,7388.240234375,7324.60009765625
2000-06-16 00:00:00,7131.39990234375,7368.56982421875,7131.39990234375
2000-06-19 00:00:00,7198.7998046875,7225.33984375,7134.169921875
2000-06-20 00:00:00,7227.27001953125,7270.2001953125,7201.8798828125
2000-06-21 00:00:00,7100.08984375,7240.009765625,7090.5
2000-06-22 00:00:00,7053.669921875,7172.85986328125,7028.33984375
2000-06-23 00:00:00,6980.41015625,7081.580078125,6976.97021484375
2000-06-26 00:00:00,7027.18994140625,7085.27001953125,6975.06982421875
2000-06-27 00:00:00,7048.9599609375,7064.43994140625,6966.4501953125
2000-06-28 00:00:00,7056.0498046875,7072.64013671875,7010.669921875
2000-06-29 00:00:00,6874.5400390625,7058.0,6851.83984375
2000-06-30 00:00:00,6898.2099609375,6935.18017578125,6866.85009765625
2000-07-03 00:00:00,6958.9599609375,6962.02001953125,6842.60986328125
2000-07-04 00:00:00,6944.35986328125,6976.080078125,6881.14013671875
2000-07-05 00:00:00,6961.72998046875,7090.10986328125,6946.72998046875
2000-07-06 00:00:00,6951.08984375,6978.93017578125,6905.240234375
2000-07-07 00:00:00,7052.22021484375,7052.22021484375,6919.93994140625
2000-07-10 00:00:00,7070.81982421875,7126.0400390625,7031.330078125
2000-07-11 00:00:00,7003.97998046875,7069.490234375,6955.580078125
2000-07-12 00:00:00,7065.97021484375,7100.35986328125,7011.68017578125
2000-07-13 00:00:00,7195.990234375,7196.16015625,7008.9599609375
2000-07-14 00:00:00,7318.3798828125,7342.22021484375,7173.419921875
2000-07-17 00:00:00,7430.7001953125,7430.7001953125,7320.10009765625
2000-07-18 00:00:00,7406.91015625,7449.77978515625,7355.31005859375
2000-07-19 00:00:00,7366.56982421875,7406.240234375,7321.27001953125
2000-07-20 00:00:00,7480.14013671875,7491.7998046875,7303.91015625
2000-07-21 00:00:00,7373.259765625,7503.31982421875,7373.14990234375
2000-07-24 00:00:00,7328.31005859375,7428.169921875,7308.4501953125
2000-07-25 00:00:00,7329.0400390625,7358.64013671875,7294.06005859375
2000-07-26 00:00:00,7302.1201171875,7368.33984375,7250.22021484375
2000-07-27 00:00:00,7183.43994140625,7333.02001953125,7170.81005859375
2000-07-28 00:00:00,7128.2998046875,7222.10986328125,7076.3701171875
2000-07-31 00:00:00,7190.3701171875,7251.8798828125,7112.93994140625
2000-08-01 00:00:00,7145.52978515625,7244.5498046875,7094.93017578125
2000-08-02 00:00:00,7112.4501953125,7197.31982421875,7068.9599609375
2000-08-03 00:00:00,7037.91015625,7113.080078125,6954.60009765625
2000-08-04 00:00:00,7016.58984375,7112.97021484375,7007.2099609375
2000-08-07 00:00:00,7113.22021484375,7135.27978515625,7020.64990234375
2000-08-08 00:00:00,7123.81005859375,7194.22021484375,7079.740234375
2000-08-09 00:00:00,7226.7099609375,7268.64013671875,7129.7001953125
2000-08-10 00:00:00,7280.97021484375,7318.93994140625,7213.3798828125
2000-08-11 00:00:00,7322.97998046875,7327.22021484375,7225.02978515625
2000-08-14 00:00:00,7331.669921875,7369.009765625,7297.02978515625
2000-08-15 00:00:00,7307.43017578125,7380.18994140625,7276.0400390625
2000-08-16 00:00:00,7315.27001953125,7363.64013671875,7291.009765625
2000-08-17 00:00:00,7278.43017578125,7336.22998046875,7214.68017578125
2000-08-18 00:00:00,7232.419921875,7320.60986328125,7216.6201171875
2000-08-21 00:00:00,7199.33984375,7258.8701171875,7147.14990234375
2000-08-22 00:00:00,7249.2001953125,7282.2099609375,7208.39013671875
2000-08-23 00:00:00,7232.77978515625,7263.5498046875,7157.85009765625
2000-08-24 00:00:00,7230.259765625,7279.2001953125,7213.2001953125
2000-08-25 00:00:00,7307.169921875,7333.08984375,7232.3701171875
2000-08-28 00:00:00,7339.22021484375,7395.81005859375,7310.2900390625
2000-08-29 00:00:00,7294.39990234375,7355.580078125,7277.169921875
2000-08-30 00:00:00,7185.56005859375,7292.4599609375,7176.240234375
2000-08-31 00:00:00,7216.4501953125,7251.31005859375,7168.52001953125
2000-09-01 00:00:00,7344.669921875,7397.1201171875,7221.41015625
2000-09-04 00:00:00,7445.56005859375,7453.35986328125,7355.740234375
2000-09-05 00:00:00,7395.06982421875,7456.7099609375,7369.35986328125
2000-09-06 00:00:00,7333.02001953125,7434.02001953125,7315.14990234375
2000-09-07 00:00:00,7373.33984375,7383.60009765625,7283.7900390625
2000-09-08 00:00:00,7267.77001953125,7393.8798828125,7248.93994140625
2000-09-11 00:00:00,7214.4501953125,7273.2998046875,7196.64013671875
2000-09-12 00:00:00,7135.75,7213.18017578125,7129.02978515625
2000-09-13 00:00:00,7006.259765625,7169.52978515625,6994.18017578125
2000-09-14 00:00:00,7048.5,7101.5,7006.64013671875
2000-09-15 00:00:00,6999.5400390625,7077.580078125,6976.41015625
2000-09-18 00:00:00,6891.68994140625,6977.25,6873.39990234375
2000-09-19 00:00:00,6937.740234375,6937.81982421875,6839.2998046875
2000-09-20 00:00:00,6765.22998046875,6973.31005859375,6726.4599609375
2000-09-21 00:00:00,6682.919921875,6817.08984375,6581.93017578125
2000-09-22 00:00:00,6740.25,6740.25,6468.4599609375
2000-09-25 00:00:00,6788.68994140625,6827.06982421875,6739.27978515625
2000-09-26 00:00:00,6765.0400390625,6827.89013671875,6726.240234375
2000-09-27 00:00:00,6814.06005859375,6857.47998046875,6716.83984375
2000-09-28 00:00:00,6832.759765625,6846.990234375,6727.31982421875
2000-09-29 00:00:00,6798.1201171875,6884.6298828125,6771.66015625
2000-10-02 00:00:00,6862.259765625,6906.830078125,6766.10009765625
2000-10-04 00:00:00,6823.43017578125,6896.5400390625,6760.7099609375
2000-10-05 00:00:00,6892.490234375,6917.169921875,6819.1201171875
2000-10-06 00:00:00,6776.39013671875,6921.080078125,6712.47998046875
2000-10-09 00:00:00,6680.77978515625,6776.0400390625,6624.5498046875
2000-10-10 00:00:00,6673.14990234375,6726.4501953125,6655.509765625
2000-10-11 00:00:00,6561.6298828125,6668.93994140625,6467.2900390625
2000-10-12 00:00:00,6465.259765625,6649.25,6383.169921875
2000-10-13 00:00:00,6661.2998046875,6661.2998046875,6385.5498046875
2000-10-16 00:00:00,6627.25,6725.330078125,6578.77978515625
2000-10-17 00:00:00,6531.7099609375,6668.56005859375,6521.75
2000-10-18 00:00:00,6483.0,6523.75,6297.490234375
2000-10-19 00:00:00,6619.43017578125,6620.77978515625,6488.68994140625
2000-10-20 00:00:00,6618.43017578125,6663.18017578125,6533.14990234375
2000-10-23 00:00:00,6620.8701171875,6651.10009765625,6542.8701171875
2000-10-24 00:00:00,6802.81005859375,6835.16015625,6603.490234375
2000-10-25 00:00:00,6748.22021484375,6810.2998046875,6701.31005859375
2000-10-26 00:00:00,6767.89990234375,6858.10009765625,6718.5498046875
2000-10-27 00:00:00,6924.68017578125,6930.35986328125,6768.8701171875
2000-10-30 00:00:00,6926.56982421875,6955.919921875,6880.18017578125
2000-10-31 00:00:00,7077.43994140625,7087.919921875,6928.68994140625
2000-11-01 00:00:00,7059.06982421875,7114.2001953125,7015.52001953125
2000-11-02 00:00:00,7088.64013671875,7135.89013671875,7048.8798828125
2000-11-03 00:00:00,7128.27001953125,7152.4501953125,7072.3701171875
2000-11-06 00:00:00,7136.2998046875,7185.66015625,7111.5
2000-11-07 00:00:00,7076.27978515625,7140.25,7028.7900390625
2000-11-08 00:00:00,7008.64013671875,7130.2099609375,7004.93017578125
2000-11-09 00:00:00,6959.5,7019.56982421875,6930.2900390625
2000-11-10 00:00:00,6851.68994140625,7013.06982421875,6831.39990234375
2000-11-13 00:00:00,6742.10009765625,6839.97998046875,6690.60986328125
2000-11-14 00:00:00,6966.64990234375,6966.64990234375,6740.64013671875
2000-11-15 00:00:00,6961.08984375,6976.6298828125,6882.0
2000-11-16 00:00:00,6842.10986328125,6950.93994140625,6805.14990234375
2000-11-17 00:00:00,6752.2900390625,6839.919921875,6724.06982421875
2000-11-20 00:00:00,6609.47998046875,6794.41015625,6598.419921875
2000-11-21 00:00:00,6678.06982421875,6679.8701171875,6571.56005859375
2000-11-22 00:00:00,6510.5400390625,6669.75,6474.5
2000-11-23 00:00:00,6601.0,6617.7900390625,6476.6298828125
2000-11-24 00:00:00,6664.18017578125,6710.4501953125,6572.33984375
2000-11-27 00:00:00,6696.91015625,6804.22021484375,6665.25
2000-11-28 00:00:00,6625.56005859375,6717.740234375,6603.60986328125
2000-11-29 00:00:00,6598.31982421875,6655.35986328125,6534.81982421875
2000-11-30 00:00:00,6372.330078125,6598.06982421875,6361.43017578125
2000-12-01 00:00:00,6512.91015625,6542.72021484375,6379.259765625
2000-12-04 00:00:00,6408.10009765625,6507.64013671875,6343.4501953125
2000-12-05 00:00:00,6637.08984375,6637.08984375,6412.14990234375
2000-12-06 00:00:00,6622.25,6721.89990234375,6606.43017578125
2000-12-07 00:00:00,6566.080078125,6650.080078125,6495.259765625
2000-12-08 00:00:00,6691.25,6745.91015625,6567.990234375
2000-12-11 00:00:00,6782.52001953125,6806.4501953125,6702.25
2000-12-12 00:00:00,6733.58984375,6813.2998046875,6733.58984375
2000-12-13 00:00:00,6620.2099609375,6797.85986328125,6585.18017578125
2000-12-14 00:00:00,6469.9501953125,6617.4599609375,6449.580078125
2000-12-15 00:00:00,6331.2998046875,6455.2099609375,6331.2998046875
2000-12-18 00:00:00,6390.25,6467.330078125,6337.81005859375
2000-12-19 00:00:00,6479.27978515625,6505.75,6309.14013671875
2000-12-20 00:00:00,6248.759765625,6467.06005859375,6226.64013671875
2000-12-21 00:00:00,6200.7099609375,6291.02001953125,6110.259765625
2000-12-22 00:00:00,6251.39990234375,6281.72998046875,6201.43994140625
2000-12-27 00:00:00,6328.16015625,6357.759765625,6252.10986328125
2000-12-28 00:00:00,6371.64013671875,6393.27001953125,6323.0
2000-12-29 00:00:00,6433.60986328125,6469.740234375,6364.10009765625
2001-01-02 00:00:00,6289.81982421875,6439.22998046875,6289.81982421875
2001-01-03 00:00:00,6434.9599609375,6467.81982421875,6172.43994140625
2001-01-04 00:00:00,6376.5400390625,6556.93994140625,6356.919921875
2001-01-05 00:00:00,6382.31005859375,6485.33984375,6344.16015625
2001-01-08 00:00:00,6392.169921875,6426.64013671875,6337.9501953125
2001-01-09 00:00:00,6404.52001953125,6462.5,6354.97021484375
2001-01-10 00:00:00,6320.06982421875,6413.56005859375,6293.490234375
2001-01-11 00:00:00,6465.2099609375,6477.66015625,6320.93994140625
2001-01-12 00:00:00,6490.02978515625,6552.52001953125,6467.1201171875
2001-01-15 00:00:00,6522.8701171875,6553.75,6481.169921875
2001-01-16 00:00:00,6502.89013671875,6539.64013671875,6452.6201171875
2001-01-17 00:00:00,6653.3798828125,6668.669921875,6540.0400390625
2001-01-18 00:00:00,6635.759765625,6661.1201171875,6587.509765625
2001-01-19 00:00:00,6651.52978515625,6737.18017578125,6632.81005859375
2001-01-22 00:00:00,6675.0,6688.830078125,6594.18994140625
2001-01-23 00:00:00,6722.41015625,6722.41015625,6601.8798828125
2001-01-24 00:00:00,6706.669921875,6759.009765625,6690.72021484375
2001-01-25 00:00:00,6727.490234375,6775.259765625,6677.81005859375
2001-01-26 00:00:00,6695.2001953125,6713.39990234375,6650.33984375
2001-01-29 00:00:00,6750.9599609375,6750.9599609375,6659.97998046875
2001-01-30 00:00:00,6739.2998046875,6792.81005859375,6706.16015625
2001-01-31 00:00:00,6795.14013671875,6795.14013671875,6720.56982421875
2001-02-01 00:00:00,6704.68017578125,6788.56982421875,6704.68017578125
2001-02-02 00:00:00,6638.2001953125,6750.990234375,6624.18994140625
2001-02-05 00:00:00,6628.06982421875,6635.7998046875,6592.2099609375
2001-02-06 00:00:00,6693.02978515625,6693.4501953125,6620.02978515625
2001-02-07 00:00:00,6578.9599609375,6691.35986328125,6578.9599609375
2001-02-08 00:00:00,6636.81005859375,6662.77001953125,6580.240234375
2001-02-09 00:00:00,6497.06982421875,6637.1298828125,6497.06982421875
2001-02-12 00:00:00,6564.91015625,6572.3701171875,6498.93017578125
2001-02-13 00:00:00,6557.93017578125,6603.169921875,6545.02001953125
2001-02-14 00:00:00,6479.8701171875,6556.08984375,6444.16015625
2001-02-15 00:00:00,6591.669921875,6591.669921875,6480.33984375
2001-02-16 00:00:00,6439.259765625,6587.4599609375,6439.259765625
2001-02-19 00:00:00,6472.2099609375,6493.60986328125,6441.259765625
2001-02-20 00:00:00,6451.56982421875,6530.1298828125,6425.64990234375
2001-02-21 00:00:00,6347.990234375,6453.759765625,6312.14013671875
2001-02-22 00:00:00,6277.990234375,6363.5498046875,6216.52001953125
2001-02-23 00:00:00,6075.33984375,6312.10009765625,6071.35009765625
2001-02-26 00:00:00,6189.06982421875,6209.1298828125,6079.97021484375
2001-02-27 00:00:00,6220.47998046875,6254.81982421875,6162.509765625
2001-02-28 00:00:00,6208.240234375,6284.81005859375,6170.0
2001-03-01 00:00:00,6123.3798828125,6212.66015625,6094.759765625
2001-03-02 00:00:00,6159.02001953125,6183.91015625,6052.009765625
2001-03-05 00:00:00,6216.3798828125,6218.7900390625,6134.02001953125
2001-03-06 00:00:00,6284.06005859375,6310.18017578125,6218.1201171875
2001-03-07 00:00:00,6305.64013671875,6342.5400390625,6249.7001953125
2001-03-08 00:00:00,6267.06005859375,6339.919921875,6245.72021484375
2001-03-09 00:00:00,6204.419921875,6264.22021484375,6193.330078125
2001-03-12 00:00:00,6046.56005859375,6202.3701171875,6043.33984375
2001-03-13 00:00:00,5962.93017578125,6038.85009765625,5935.06982421875
2001-03-14 00:00:00,5794.1201171875,6025.93017578125,5663.5400390625
2001-03-15 00:00:00,5889.9501953125,5889.9501953125,5767.06005859375
2001-03-16 00:00:00,5734.490234375,5907.06982421875,5728.8798828125
2001-03-19 00:00:00,5657.2900390625,5805.7099609375,5650.2998046875
2001-03-20 00:00:00,5782.16015625,5788.990234375,5663.66015625
2001-03-21 00:00:00,5622.08984375,5780.60009765625,5600.89013671875
2001-03-22 00:00:00,5388.02001953125,5621.06005859375,5351.47998046875
2001-03-23 00:00:00,5544.669921875,5574.990234375,5396.6298828125
2001-03-26 00:00:00,5726.97021484375,5756.58984375,5557.81982421875
2001-03-27 00:00:00,5938.2099609375,5938.2099609375,5689.18017578125
2001-03-28 00:00:00,5817.52001953125,5938.2099609375,5775.43994140625
2001-03-29 00:00:00,5879.2998046875,5879.2998046875,5713.56005859375
2001-03-30 00:00:00,5829.9501953125,5944.25,5805.27001953125
2001-04-02 00:00:00,5760.759765625,5912.259765625,5702.93017578125
2001-04-03 00:00:00,5553.4599609375,5747.0498046875,5511.759765625
2001-04-04 00:00:00,5597.66015625,5632.1298828125,5383.990234375
2001-04-05 00:00:00,5773.33984375,5781.7099609375,5615.080078125
2001-04-06 00:00:00,5698.8798828125,5839.10986328125,5651.830078125
2001-04-09 00:00:00,5781.009765625,5809.8798828125,5657.8701171875
2001-04-10 00:00:00,5913.83984375,5917.77978515625,5787.240234375
2001-04-11 00:00:00,5951.16015625,6019.259765625,5879.22998046875
2001-04-12 00:00:00,6002.2998046875,6013.3798828125,5910.4599609375
2001-04-17 00:00:00,5935.580078125,6004.31982421875,5827.6201171875
2001-04-18 00:00:00,6164.8798828125,6188.77001953125,5941.240234375
2001-04-19 00:00:00,6181.91015625,6224.2998046875,6107.43017578125
2001-04-20 00:00:00,6127.97021484375,6198.169921875,6100.8701171875
2001-04-23 00:00:00,6051.47998046875,6119.35009765625,6032.740234375
2001-04-24 00:00:00,6124.56982421875,6164.02001953125,6042.68994140625
2001-04-25 00:00:00,6115.18994140625,6140.83984375,6060.66015625
2001-04-26 00:00:00,6123.66015625,6164.6298828125,6058.4599609375
2001-04-27 00:00:00,6175.240234375,6186.68017578125,6075.0498046875
2001-04-30 00:00:00,6264.509765625,6271.2001953125,6176.72998046875
2001-05-02 00:00:00,6213.83984375,6296.6201171875,6185.14013671875
2001-05-03 00:00:00,6089.169921875,6236.4599609375,6061.58984375
2001-05-04 00:00:00,6138.27978515625,6138.27978515625,6001.509765625
2001-05-07 00:00:00,6122.6201171875,6193.4501953125,6097.97998046875
2001-05-08 00:00:00,6108.72021484375,6172.77001953125,6071.669921875
2001-05-09 00:00:00,6063.93994140625,6107.330078125,6025.85986328125
2001-05-10 00:00:00,6165.18017578125,6222.240234375,6047.169921875
2001-05-11 00:00:00,6141.02001953125,6192.3798828125,6122.89013671875
2001-05-14 00:00:00,6064.68017578125,6122.4501953125,6040.27001953125
2001-05-15 00:00:00,6070.3798828125,6095.7099609375,6027.4501953125
2001-05-16 00:00:00,6148.43994140625,6157.740234375,5960.4599609375
2001-05-17 00:00:00,6173.81005859375,6226.580078125,6139.669921875
2001-05-18 00:00:00,6186.8701171875,6213.1201171875,6124.93994140625
2001-05-21 00:00:00,6249.8701171875,6260.1298828125,6139.240234375
2001-05-22 00:00:00,6270.58984375,6337.47021484375,6245.64990234375
2001-05-23 00:00:00,6215.25,6288.9501953125,6209.27001953125
2001-05-24 00:00:00,6278.89990234375,6306.35009765625,6193.16015625
2001-05-25 00:00:00,6223.56982421875,6303.72021484375,6204.5400390625
2001-05-28 00:00:00,6216.830078125,6255.18994140625,6189.39013671875
2001-05-29 00:00:00,6120.330078125,6235.2998046875,6112.81005859375
2001-05-30 00:00:00,6041.22021484375,6120.4599609375,6041.2001953125
2001-05-31 00:00:00,6123.259765625,6148.2998046875,5994.66015625
2001-06-01 00:00:00,6125.169921875,6174.10986328125,6054.169921875
2001-06-04 00:00:00,6177.740234375,6185.77001953125,6134.10009765625
2001-06-05 00:00:00,6242.1298828125,6256.990234375,6154.490234375
2001-06-06 00:00:00,6192.43994140625,6278.0400390625,6177.169921875
2001-06-07 00:00:00,6184.25,6219.08984375,6156.169921875
2001-06-08 00:00:00,6187.2099609375,6266.1201171875,6169.08984375
2001-06-11 00:00:00,6162.740234375,6225.83984375,6138.0498046875
2001-06-12 00:00:00,6059.14990234375,6181.5498046875,6026.06005859375
2001-06-13 00:00:00,6111.93994140625,6142.97998046875,6071.14990234375
2001-06-14 00:00:00,6031.27001953125,6109.66015625,6017.0
2001-06-15 00:00:00,5915.18017578125,6022.75,5889.41015625
2001-06-18 00:00:00,5869.0400390625,5948.83984375,5853.06982421875
2001-06-19 00:00:00,5922.52978515625,5980.14013671875,5875.31005859375
2001-06-20 00:00:00,5876.0400390625,5907.64990234375,5812.7001953125
2001-06-21 00:00:00,5926.3798828125,5928.43017578125,5833.919921875
2001-06-22 00:00:00,5941.77001953125,5952.830078125,5876.330078125
2001-06-25 00:00:00,5902.31982421875,5948.27001953125,5866.39013671875
2001-06-26 00:00:00,5847.7900390625,5898.25,5766.72998046875
2001-06-27 00:00:00,5833.10009765625,5851.64990234375,5814.85986328125
2001-06-28 00:00:00,5971.77001953125,5971.77001953125,5758.68994140625
2001-06-29 00:00:00,6058.3798828125,6058.5,5955.6201171875
2001-07-02 00:00:00,6109.5,6131.97021484375,6005.7998046875
2001-07-03 00:00:00,6056.83984375,6108.06982421875,6038.22021484375
2001-07-04 00:00:00,6015.72021484375,6080.7001953125,5998.830078125
2001-07-05 00:00:00,5999.18994140625,6040.97021484375,5947.93994140625
2001-07-06 00:00:00,5862.10009765625,5992.990234375,5846.6298828125
2001-07-09 00:00:00,5869.85986328125,5894.77978515625,5778.25
2001-07-10 00:00:00,5816.31982421875,5923.52001953125,5805.740234375
2001-07-11 00:00:00,5801.7998046875,5805.6298828125,5731.85009765625
2001-07-12 00:00:00,5889.8798828125,5928.52001953125,5814.5
2001-07-13 00:00:00,5928.009765625,5932.64013671875,5847.14990234375
2001-07-16 00:00:00,5853.759765625,5928.89013671875,5842.14013671875
2001-07-17 00:00:00,5846.66015625,5846.66015625,5787.330078125
2001-07-18 00:00:00,5728.3701171875,5838.2099609375,5710.7099609375
2001-07-19 00:00:00,5829.68994140625,5829.68994140625,5707.08984375
2001-07-20 00:00:00,5764.06005859375,5820.2900390625,5684.56005859375
2001-07-23 00:00:00,5791.72998046875,5844.06982421875,5700.89990234375
2001-07-24 00:00:00,5663.259765625,5780.75,5659.259765625
2001-07-25 00:00:00,5582.759765625,5723.93994140625,5551.14013671875
2001-07-26 00:00:00,5675.759765625,5675.759765625,5572.2099609375
2001-07-27 00:00:00,5754.85986328125,5772.56982421875,5681.2998046875
2001-07-30 00:00:00,5792.18994140625,5830.6201171875,5712.47998046875
2001-07-31 00:00:00,5861.18994140625,5861.18994140625,5754.2001953125
2001-08-01 00:00:00,5835.22998046875,5859.68017578125,5812.58984375
2001-08-02 00:00:00,5777.27978515625,5930.4501953125,5764.2900390625
2001-08-03 00:00:00,5735.8798828125,5808.52978515625,5735.8798828125
2001-08-06 00:00:00,5746.0400390625,5802.68017578125,5708.47021484375
2001-08-07 00:00:00,5752.509765625,5783.080078125,5688.56982421875
2001-08-08 00:00:00,5614.509765625,5748.68017578125,5609.39990234375
2001-08-09 00:00:00,5512.27978515625,5595.5400390625,5467.72021484375
2001-08-10 00:00:00,5433.490234375,5569.93017578125,5387.33984375
2001-08-13 00:00:00,5453.77001953125,5499.75,5401.490234375
2001-08-14 00:00:00,5520.7099609375,5569.0498046875,5465.75
2001-08-15 00:00:00,5455.43994140625,5530.77978515625,5428.509765625
2001-08-16 00:00:00,5361.919921875,5454.3701171875,5334.0400390625
2001-08-17 00:00:00,5222.1201171875,5416.14990234375,5174.2998046875
2001-08-20 00:00:00,5207.830078125,5266.14990234375,5124.68994140625
2001-08-21 00:00:00,5216.10986328125,5252.02001953125,5169.52001953125
2001-08-22 00:00:00,5220.2099609375,5322.990234375,5141.64990234375
2001-08-23 00:00:00,5254.0400390625,5280.31982421875,5187.14013671875
2001-08-24 00:00:00,5387.5,5423.5400390625,5268.7998046875
2001-08-27 00:00:00,5406.47021484375,5455.1201171875,5382.1201171875
2001-08-28 00:00:00,5308.77978515625,5454.990234375,5286.5
2001-08-29 00:00:00,5305.0,5347.27978515625,5239.990234375
2001-08-30 00:00:00,5162.39990234375,5334.5400390625,5157.66015625
2001-08-31 00:00:00,5188.169921875,5228.4501953125,5132.27001953125
2001-09-03 00:00:00,5094.10009765625,5205.259765625,5062.9501953125
2001-09-04 00:00:00,5208.10009765625,5220.10009765625,5034.72021484375
2001-09-05 00:00:00,5048.080078125,5188.2998046875,5028.2998046875
2001-09-06 00:00:00,4875.3701171875,5109.93017578125,4849.02978515625
2001-09-07 00:00:00,4730.669921875,4910.93017578125,4713.1201171875
2001-09-10 00:00:00,4670.1298828125,4758.10009765625,4528.06982421875
2001-09-11 00:00:00,4273.52978515625,4788.3798828125,4130.52001953125
2001-09-12 00:00:00,4335.2001953125,4403.509765625,4159.64990234375
2001-09-13 00:00:00,4392.39990234375,4397.009765625,4277.5
2001-09-14 00:00:00,4115.97998046875,4441.169921875,4115.97998046875
2001-09-17 00:00:00,4234.5498046875,4301.47021484375,3983.56005859375
2001-09-18 00:00:00,4194.85009765625,4238.169921875,4122.10986328125
2001-09-19 00:00:00,4041.800048828125,4285.33984375,4014.830078125
2001-09-20 00:00:00,3809.669921875,4110.43994140625,3778.179931640625
2001-09-21 00:00:00,3787.22998046875,3826.050048828125,3539.179931640625
2001-09-24 00:00:00,4038.68994140625,4056.0400390625,3792.860107421875
2001-09-25 00:00:00,4009.1201171875,4135.5,3948.639892578125
2001-09-26 00:00:00,4095.320068359375,4186.0400390625,4014.39990234375
2001-09-27 00:00:00,4184.5,4184.5,4048.199951171875
2001-09-28 00:00:00,4308.14990234375,4317.6298828125,4197.35009765625
2001-10-01 00:00:00,4239.97021484375,4316.39013671875,4183.66015625
2001-10-02 00:00:00,4304.2001953125,4304.2001953125,4157.60009765625
2001-10-03 00:00:00,4436.66015625,4441.5498046875,4181.08984375
2001-10-04 00:00:00,4548.1298828125,4549.89013671875,4414.5498046875
2001-10-05 00:00:00,4487.68994140625,4592.14013671875,4441.31982421875
2001-10-08 00:00:00,4495.14990234375,4505.27978515625,4330.5400390625
2001-10-09 00:00:00,4472.419921875,4545.68017578125,4436.5400390625
2001-10-10 00:00:00,4613.18994140625,4622.85009765625,4421.9599609375
2001-10-11 00:00:00,4718.4599609375,4742.18017578125,4616.68017578125
2001-10-12 00:00:00,4625.1298828125,4724.72998046875,4581.35986328125
2001-10-15 00:00:00,4548.47998046875,4623.9501953125,4496.58984375
2001-10-16 00:00:00,4626.47998046875,4636.93017578125,4510.75
2001-10-17 00:00:00,4644.81982421875,4779.64013671875,4609.93994140625
2001-10-18 00:00:00,4574.3701171875,4628.08984375,4493.83984375
2001-10-19 00:00:00,4513.52978515625,4590.93017578125,4445.64013671875
2001-10-22 00:00:00,4619.31982421875,4633.240234375,4480.16015625
2001-10-23 00:00:00,4704.22021484375,4735.93994140625,4629.490234375
2001-10-24 00:00:00,4811.81982421875,4841.14013671875,4652.25
2001-10-25 00:00:00,4715.60009765625,4874.31005859375,4651.35009765625
2001-10-26 00:00:00,4820.259765625,4820.259765625,4719.02978515625
2001-10-29 00:00:00,4660.35009765625,4812.60009765625,4659.75
2001-10-30 00:00:00,4543.97998046875,4658.52001953125,4476.60986328125
2001-10-31 00:00:00,4559.1298828125,4626.02001953125,4457.72021484375
2001-11-01 00:00:00,4636.1298828125,4637.18017578125,4481.5498046875
2001-11-02 00:00:00,4583.31005859375,4658.47021484375,4568.64013671875
2001-11-05 00:00:00,4755.10986328125,4755.10986328125,4588.68994140625
2001-11-06 00:00:00,4707.64990234375,4819.89990234375,4707.64990234375
2001-11-07 00:00:00,4860.66015625,4862.85009765625,4676.25
2001-11-08 00:00:00,4993.56982421875,5005.9501953125,4833.58984375
2001-11-09 00:00:00,4910.06982421875,4990.81005859375,4886.31005859375
2001-11-12 00:00:00,4820.3701171875,4910.1201171875,4648.68017578125
2001-11-13 00:00:00,4946.97021484375,4970.02978515625,4821.81982421875
2001-11-14 00:00:00,4953.52978515625,5047.18994140625,4939.830078125
2001-11-15 00:00:00,5006.330078125,5073.25,4960.58984375
2001-11-16 00:00:00,5062.64013671875,5114.39990234375,4989.2099609375
2001-11-19 00:00:00,5185.10009765625,5193.66015625,5071.6298828125
2001-11-20 00:00:00,5096.18017578125,5212.02978515625,5016.919921875
2001-11-21 00:00:00,5087.02978515625,5151.990234375,5040.60986328125
2001-11-22 00:00:00,5124.5400390625,5143.6201171875,5083.75
2001-11-23 00:00:00,5150.97021484375,5160.18994140625,5031.39013671875
2001-11-26 00:00:00,5114.1201171875,5217.47021484375,5106.06005859375
2001-11-27 00:00:00,5059.56982421875,5147.830078125,4969.18017578125
2001-11-28 00:00:00,4915.9501953125,5031.14990234375,4915.14990234375
2001-11-29 00:00:00,4936.080078125,4975.419921875,4874.22998046875
2001-11-30 00:00:00,4989.91015625,5042.43017578125,4954.2001953125
2001-12-03 00:00:00,4988.43994140625,4996.43017578125,4872.25
2001-12-04 00:00:00,5013.990234375,5040.2001953125,4978.06005859375
2001-12-05 00:00:00,5262.75,5282.009765625,5020.06982421875
2001-12-06 00:00:00,5271.2900390625,5341.85986328125,5241.240234375
2001-12-07 00:00:00,5199.02978515625,5297.89990234375,5199.02978515625
2001-12-10 00:00:00,5124.68017578125,5212.9501953125,5113.41015625
2001-12-11 00:00:00,5146.4501953125,5169.14990234375,5075.43017578125
2001-12-12 00:00:00,5062.56005859375,5193.9599609375,5028.16015625
2001-12-13 00:00:00,4966.0498046875,5096.81982421875,4947.81982421875
2001-12-14 00:00:00,4909.419921875,4983.85986328125,4901.0400390625
2001-12-17 00:00:00,5067.990234375,5098.25,4905.27978515625
2001-12-18 00:00:00,5039.64013671875,5115.7900390625,5037.8701171875
2001-12-19 00:00:00,4984.68994140625,5061.25,4948.27978515625
2001-12-20 00:00:00,4934.14013671875,5026.81982421875,4924.6298828125
2001-12-21 00:00:00,5019.009765625,5024.81005859375,4877.56982421875
2001-12-27 00:00:00,5117.1298828125,5117.1298828125,5032.8701171875
2001-12-28 00:00:00,5160.10009765625,5175.56982421875,5110.22021484375
2002-01-02 00:00:00,5167.8798828125,5195.56005859375,5107.35986328125
2002-01-03 00:00:00,5270.2900390625,5288.22998046875,5175.18017578125
2002-01-04 00:00:00,5318.72998046875,5352.16015625,5262.919921875
2002-01-07 00:00:00,5232.22021484375,5347.1201171875,5220.990234375
2002-01-08 00:00:00,5236.3701171875,5260.6201171875,5185.06982421875
2002-01-09 00:00:00,5288.2099609375,5303.81005859375,5180.31982421875
2002-01-10 00:00:00,5228.10986328125,5265.81005859375,5172.0400390625
2002-01-11 00:00:00,5209.97021484375,5270.43994140625,5188.43017578125
2002-01-14 00:00:00,5065.83984375,5206.22998046875,5055.6201171875
2002-01-15 00:00:00,5062.0400390625,5107.56005859375,5029.47998046875
2002-01-16 00:00:00,4984.2001953125,5052.81005859375,4974.580078125
2002-01-17 00:00:00,5133.39990234375,5135.990234375,4985.3701171875
2002-01-18 00:00:00,5122.22998046875,5133.6201171875,5065.02978515625
2002-01-21 00:00:00,5069.740234375,5122.39990234375,5021.2099609375
2002-01-22 00:00:00,5045.72021484375,5136.419921875,5028.89013671875
2002-01-23 00:00:00,5163.02978515625,5169.52978515625,5006.259765625
2002-01-24 00:00:00,5170.43994140625,5219.85009765625,5146.60009765625
2002-01-25 00:00:00,5156.6298828125,5169.7998046875,5081.72021484375
2002-01-28 00:00:00,5159.02001953125,5203.77001953125,5129.240234375
2002-01-29 00:00:00,5084.52001953125,5205.6298828125,5073.06982421875
2002-01-30 00:00:00,5052.2001953125,5066.419921875,4980.7001953125
2002-01-31 00:00:00,5107.60986328125,5119.509765625,5054.419921875
2002-02-01 00:00:00,5097.06005859375,5165.97021484375,5082.43017578125
2002-02-04 00:00:00,4984.47998046875,5093.490234375,4984.47998046875
2002-02-05 00:00:00,4936.75,4981.47021484375,4869.81005859375
2002-02-06 00:00:00,4804.41015625,4946.080078125,4778.35986328125
2002-02-07 00:00:00,4862.6201171875,4873.58984375,4730.7001953125
2002-02-08 00:00:00,4835.9501953125,4896.5498046875,4806.77978515625
2002-02-11 00:00:00,4940.0,4945.3701171875,4845.240234375
2002-02-12 00:00:00,4884.77978515625,4975.56982421875,4858.81005859375
2002-02-13 00:00:00,4935.35009765625,4945.8701171875,4834.14990234375
2002-02-14 00:00:00,4973.77001953125,4992.60009765625,4916.5498046875
2002-02-15 00:00:00,4862.60009765625,4969.85986328125,4856.169921875
2002-02-18 00:00:00,4871.759765625,4894.490234375,4840.8798828125
2002-02-19 00:00:00,4764.0498046875,4855.7001953125,4757.72998046875
2002-02-20 00:00:00,4780.240234375,4803.2998046875,4706.009765625
2002-02-21 00:00:00,4850.72998046875,4868.1298828125,4788.39990234375
2002-02-22 00:00:00,4745.580078125,4846.669921875,4730.14990234375
2002-02-25 00:00:00,4863.5400390625,4867.08984375,4731.41015625
2002-02-26 00:00:00,4897.75,4937.02001953125,4860.27001953125
2002-02-27 00:00:00,4960.22021484375,5003.68017578125,4913.0
2002-02-28 00:00:00,5039.080078125,5072.43017578125,4926.6201171875
2002-03-01 00:00:00,5097.41015625,5116.14013671875,5003.06005859375
2002-03-04 00:00:00,5245.83984375,5265.35009765625,5107.8701171875
2002-03-05 00:00:00,5228.669921875,5284.39013671875,5208.85986328125
2002-03-06 00:00:00,5285.259765625,5296.9501953125,5197.31982421875
2002-03-07 00:00:00,5289.43017578125,5370.4501953125,5267.7900390625
2002-03-08 00:00:00,5359.5498046875,5376.22998046875,5288.8701171875
2002-03-11 00:00:00,5340.669921875,5401.06005859375,5298.47998046875
2002-03-12 00:00:00,5275.81005859375,5338.740234375,5245.18017578125
2002-03-13 00:00:00,5245.990234375,5335.27001953125,5238.7998046875
2002-03-14 00:00:00,5276.8701171875,5293.47998046875,5233.66015625
2002-03-15 00:00:00,5401.10986328125,5403.27978515625,5253.16015625
2002-03-18 00:00:00,5426.0400390625,5465.2900390625,5392.1298828125
2002-03-19 00:00:00,5462.5498046875,5467.31005859375,5413.06005859375
2002-03-20 00:00:00,5364.7001953125,5453.9501953125,5355.31982421875
2002-03-21 00:00:00,5348.68017578125,5387.8701171875,5312.02978515625
2002-03-22 00:00:00,5366.1298828125,5401.81982421875,5331.0
2002-03-25 00:00:00,5317.3798828125,5400.43017578125,5306.43994140625
2002-03-26 00:00:00,5390.58984375,5398.7998046875,5289.93017578125
2002-03-27 00:00:00,5348.0,5388.68017578125,5332.83984375
2002-03-28 00:00:00,5397.2900390625,5424.52001953125,5350.259765625
2002-04-02 00:00:00,5311.080078125,5379.64013671875,5289.7998046875
2002-04-03 00:00:00,5281.83984375,5322.5498046875,5266.06005859375
2002-04-04 00:00:00,5254.9501953125,5290.1201171875,5211.740234375
2002-04-05 00:00:00,5260.52978515625,5293.27978515625,5235.10009765625
2002-04-08 00:00:00,5180.330078125,5261.3701171875,5128.02001953125
2002-04-09 00:00:00,5170.25,5228.22021484375,5166.240234375
2002-04-10 00:00:00,5265.35986328125,5274.27978515625,5139.009765625
2002-04-11 00:00:00,5162.9599609375,5290.8701171875,5162.06982421875
2002-04-12 00:00:00,5189.64990234375,5211.81982421875,5148.85009765625
2002-04-15 00:00:00,5244.2001953125,5244.2001953125,5167.18994140625
2002-04-16 00:00:00,5343.8798828125,5343.8798828125,5246.97998046875
2002-04-17 00:00:00,5318.5498046875,5378.27001953125,5311.22998046875
2002-04-18 00:00:00,5262.8798828125,5372.4599609375,5194.18017578125
2002-04-19 00:00:00,5284.5498046875,5288.83984375,5222.22021484375
2002-04-22 00:00:00,5205.47998046875,5285.419921875,5173.68017578125
2002-04-23 00:00:00,5192.10009765625,5246.18017578125,5147.8701171875
2002-04-24 00:00:00,5160.14013671875,5220.580078125,5144.18994140625
2002-04-25 00:00:00,5054.41015625,5166.97998046875,5012.85986328125
2002-04-26 00:00:00,5000.3798828125,5097.85009765625,4984.6201171875
2002-04-29 00:00:00,5008.0400390625,5008.0400390625,4945.419921875
2002-04-30 00:00:00,5041.2001953125,5041.2001953125,4929.35009765625
2002-05-02 00:00:00,4964.56005859375,5066.97021484375,4952.16015625
2002-05-03 00:00:00,4882.77001953125,5021.740234375,4872.18994140625
2002-05-06 00:00:00,4880.669921875,4926.77978515625,4876.580078125
2002-05-07 00:00:00,4872.41015625,4892.43017578125,4773.490234375
2002-05-08 00:00:00,5028.58984375,5028.58984375,4878.740234375
2002-05-09 00:00:00,4966.47998046875,5026.08984375,4952.41015625
2002-05-10 00:00:00,4871.7001953125,4964.14013671875,4849.08984375
2002-05-13 00:00:00,4975.47998046875,4988.39990234375,4832.85986328125
2002-05-14 00:00:00,5049.080078125,5068.419921875,4956.009765625
2002-05-15 00:00:00,5072.39013671875,5085.2099609375,5001.419921875
2002-05-16 00:00:00,5047.4501953125,5101.1201171875,5032.080078125
2002-05-17 00:00:00,5036.41015625,5126.330078125,5021.91015625
2002-05-20 00:00:00,4998.990234375,5059.419921875,4984.5400390625
2002-05-21 00:00:00,4984.60986328125,5057.81982421875,4948.0498046875
2002-05-22 00:00:00,4919.5,4996.56982421875,4889.330078125
2002-05-23 00:00:00,4879.5,4952.14013671875,4859.5400390625
2002-05-24 00:00:00,4899.1298828125,4937.47998046875,4880.5498046875
2002-05-27 00:00:00,4961.5400390625,4972.2099609375,4896.83984375
2002-05-28 00:00:00,4918.580078125,5016.10986328125,4892.75
2002-05-29 00:00:00,4881.7998046875,4914.5400390625,4855.25
2002-05-30 00:00:00,4761.9599609375,4873.60009765625,4741.9501953125
2002-05-31 00:00:00,4818.2998046875,4859.009765625,4765.919921875
2002-06-03 00:00:00,4747.9501953125,4850.3798828125,4725.8798828125
2002-06-04 00:00:00,4625.7900390625,4731.240234375,4580.919921875
2002-06-05 00:00:00,4624.31005859375,4685.06982421875,4602.14990234375
2002-06-06 00:00:00,4657.52001953125,4716.35009765625,4617.43017578125
2002-06-07 00:00:00,4610.18017578125,4630.43017578125,4513.0
2002-06-10 00:00:00,4589.259765625,4659.22021484375,4544.77001953125
2002-06-11 00:00:00,4606.08984375,4686.1298828125,4555.169921875
2002-06-12 00:00:00,4510.18994140625,4599.06005859375,4480.990234375
2002-06-13 00:00:00,4470.14013671875,4584.56982421875,4441.64990234375
2002-06-14 00:00:00,4303.85009765625,4464.93017578125,4252.85986328125
2002-06-17 00:00:00,4475.10009765625,4483.2900390625,4317.83984375
2002-06-18 00:00:00,4433.85009765625,4503.7998046875,4398.72998046875
2002-06-19 00:00:00,4354.81982421875,4423.830078125,4321.89990234375
2002-06-20 00:00:00,4245.68017578125,4371.0,4199.85009765625
2002-06-21 00:00:00,4232.39990234375,4312.1201171875,4153.31005859375
2002-06-24 00:00:00,4127.2099609375,4297.97998046875,4045.52001953125
2002-06-25 00:00:00,4202.97021484375,4260.08984375,4129.4599609375
2002-06-26 00:00:00,4099.0498046875,4187.1201171875,3946.699951171875
2002-06-27 00:00:00,4259.43017578125,4259.43017578125,4103.6201171875
2002-06-28 00:00:00,4382.56005859375,4388.27001953125,4275.2900390625
2002-07-01 00:00:00,4366.81005859375,4443.68994140625,4318.22998046875
2002-07-02 00:00:00,4195.9501953125,4359.169921875,4163.7998046875
2002-07-03 00:00:00,4138.14990234375,4252.490234375,4101.580078125
2002-07-04 00:00:00,4258.6201171875,4258.6201171875,4140.43017578125
2002-07-05 00:00:00,4483.02978515625,4483.02978515625,4268.22998046875
2002-07-08 00:00:00,4442.330078125,4476.14990234375,4393.27978515625
2002-07-09 00:00:00,4369.759765625,4480.490234375,4341.85009765625
2002-07-10 00:00:00,4190.22021484375,4354.22998046875,4188.64013671875
2002-07-11 00:00:00,4118.5,4179.7900390625,4039.22998046875
2002-07-12 00:00:00,4130.7998046875,4249.77001953125,4075.25
2002-07-15 00:00:00,3912.510009765625,4142.64990234375,3912.510009765625
2002-07-16 00:00:00,3977.75,4052.06005859375,3825.5400390625
2002-07-17 00:00:00,4092.820068359375,4105.68994140625,3899.510009765625
2002-07-18 00:00:00,4100.75,4152.4501953125,4031.909912109375
2002-07-19 00:00:00,3891.8798828125,4092.9599609375,3875.840087890625
2002-07-22 00:00:00,3691.429931640625,3888.110107421875,3638.510009765625
2002-07-23 00:00:00,3515.830078125,3810.510009765625,3512.4599609375
2002-07-24 00:00:00,3632.659912109375,3641.070068359375,3265.9599609375
2002-07-25 00:00:00,3520.4599609375,3726.580078125,3472.840087890625
2002-07-26 00:00:00,3579.0,3581.989990234375,3368.2900390625
2002-07-29 00:00:00,3859.780029296875,3859.780029296875,3584.510009765625
2002-07-30 00:00:00,3878.93994140625,3878.93994140625,3741.7900390625
2002-07-31 00:00:00,3700.139892578125,3945.3798828125,3700.139892578125
2002-08-01 00:00:00,3606.449951171875,3806.969970703125,3545.280029296875
2002-08-02 00:00:00,3532.489990234375,3624.22998046875,3496.489990234375
2002-08-05 00:00:00,3332.64990234375,3536.050048828125,3327.9599609375
2002-08-06 00:00:00,3568.639892578125,3601.570068359375,3235.3798828125
2002-08-07 00:00:00,3465.5400390625,3632.469970703125,3440.570068359375
2002-08-08 00:00:00,3679.260009765625,3679.260009765625,3473.47998046875
2002-08-09 00:00:00,3760.860107421875,3760.860107421875,3607.530029296875
2002-08-12 00:00:00,3647.1298828125,3750.260009765625,3639.4599609375
2002-08-13 00:00:00,3683.2099609375,3703.550048828125,3553.1201171875
2002-08-14 00:00:00,3589.919921875,3677.5400390625,3542.06005859375
2002-08-15 00:00:00,3665.739990234375,3722.929931640625,3591.47998046875
2002-08-16 00:00:00,3684.68994140625,3703.8701171875,3576.010009765625
2002-08-19 00:00:00,3837.669921875,3846.719970703125,3628.4599609375
2002-08-20 00:00:00,3768.510009765625,3868.860107421875,3765.080078125
2002-08-21 00:00:00,3868.169921875,3903.75,3770.75
2002-08-22 00:00:00,3906.550048828125,3930.9599609375,3855.93994140625
2002-08-23 00:00:00,3828.260009765625,3924.300048828125,3815.280029296875
2002-08-26 00:00:00,3783.840087890625,3899.60009765625,3749.929931640625
2002-08-27 00:00:00,3851.340087890625,3900.110107421875,3770.659912109375
2002-08-28 00:00:00,3682.840087890625,3836.080078125,3682.31005859375
2002-08-29 00:00:00,3660.949951171875,3697.5400390625,3580.909912109375
2002-08-30 00:00:00,3712.93994140625,3720.5,3603.0400390625
2002-09-02 00:00:00,3609.409912109375,3698.68994140625,3602.3701171875
2002-09-03 00:00:00,3398.989990234375,3609.030029296875,3398.989990234375
2002-09-04 00:00:00,3425.89990234375,3463.050048828125,3348.6298828125
2002-09-05 00:00:00,3354.7099609375,3466.679931640625,3301.81005859375
2002-09-06 00:00:00,3485.679931640625,3486.510009765625,3352.10009765625
2002-09-09 00:00:00,3429.219970703125,3480.570068359375,3383.679931640625
2002-09-10 00:00:00,3494.68994140625,3515.52001953125,3437.110107421875
2002-09-11 00:00:00,3584.68994140625,3615.590087890625,3467.219970703125
2002-09-12 00:00:00,3421.8701171875,3573.219970703125,3421.8701171875
2002-09-13 00:00:00,3361.280029296875,3406.580078125,3275.280029296875
2002-09-16 00:00:00,3319.050048828125,3378.110107421875,3288.219970703125
2002-09-17 00:00:00,3289.1298828125,3445.590087890625,3243.81005859375
2002-09-18 00:00:00,3124.919921875,3277.409912109375,3111.010009765625
2002-09-19 00:00:00,3007.469970703125,3162.070068359375,3007.469970703125
2002-09-20 00:00:00,3065.72998046875,3093.219970703125,2956.56005859375
2002-09-23 00:00:00,2914.25,3106.090087890625,2890.300048828125
2002-09-24 00:00:00,2873.2099609375,2959.489990234375,2774.360107421875
2002-09-25 00:00:00,2962.5,2979.60009765625,2806.830078125
2002-09-26 00:00:00,3020.60009765625,3058.8701171875,2932.85009765625
2002-09-27 00:00:00,2918.89990234375,3050.77001953125,2888.449951171875
2002-09-30 00:00:00,2769.030029296875,2906.60009765625,2719.489990234375
2002-10-01 00:00:00,2865.22998046875,2894.929931640625,2729.570068359375
2002-10-02 00:00:00,2926.739990234375,2974.340087890625,2817.360107421875
2002-10-03 00:00:00,2813.300048828125,2939.68994140625,2809.840087890625
2002-10-04 00:00:00,2714.6201171875,2847.419921875,2677.610107421875
2002-10-07 00:00:00,2667.389892578125,2710.330078125,2621.860107421875
2002-10-08 00:00:00,2622.090087890625,2723.3701171875,2542.64990234375
2002-10-09 00:00:00,2597.8798828125,2620.0,2519.300048828125
2002-10-10 00:00:00,2733.18994140625,2733.18994140625,2548.39990234375
2002-10-11 00:00:00,2930.739990234375,2930.739990234375,2714.409912109375
2002-10-14 00:00:00,2850.110107421875,2928.6298828125,2793.929931640625
2002-10-15 00:00:00,3048.27001953125,3048.27001953125,2856.580078125
2002-10-16 00:00:00,3008.929931640625,3106.2900390625,2966.43994140625
2002-10-17 00:00:00,3172.4599609375,3187.27001953125,3018.090087890625
2002-10-18 00:00:00,3163.669921875,3226.25,3083.4599609375
2002-10-21 00:00:00,3282.669921875,3282.669921875,3096.1201171875
2002-10-22 00:00:00,3155.969970703125,3299.010009765625,3141.60009765625
2002-10-23 00:00:00,3015.419921875,3232.97998046875,2983.639892578125
2002-10-24 00:00:00,3090.010009765625,3129.570068359375,3020.050048828125
2002-10-25 00:00:00,3102.010009765625,3119.7099609375,3018.739990234375
2002-10-28 00:00:00,3198.9599609375,3235.659912109375,3105.2900390625
2002-10-29 00:00:00,3022.010009765625,3188.719970703125,3010.739990234375
2002-10-30 00:00:00,3113.590087890625,3140.389892578125,2999.60009765625
2002-10-31 00:00:00,3152.85009765625,3216.27001953125,3086.6201171875
2002-11-01 00:00:00,3165.159912109375,3174.010009765625,3056.219970703125
2002-11-04 00:00:00,3327.93994140625,3330.93994140625,3167.489990234375
2002-11-05 00:00:00,3351.320068359375,3395.530029296875,3268.1298828125
2002-11-06 00:00:00,3298.840087890625,3443.489990234375,3280.89990234375
2002-11-07 00:00:00,3155.659912109375,3334.510009765625,3130.43994140625
2002-11-08 00:00:00,3079.10009765625,3174.389892578125,3072.81005859375
2002-11-11 00:00:00,3042.06005859375,3076.25,3005.429931640625
2002-11-12 00:00:00,3115.8798828125,3129.659912109375,3024.969970703125
2002-11-13 00:00:00,3066.419921875,3121.320068359375,2987.85009765625
2002-11-14 00:00:00,3188.389892578125,3191.669921875,3035.719970703125
2002-11-15 00:00:00,3191.760009765625,3232.070068359375,3151.610107421875
2002-11-18 00:00:00,3218.360107421875,3262.080078125,3185.06005859375
2002-11-19 00:00:00,3206.929931640625,3221.97998046875,3144.780029296875
2002-11-20 00:00:00,3212.989990234375,3224.780029296875,3117.02001953125
2002-11-21 00:00:00,3304.6298828125,3304.830078125,3216.5400390625
2002-11-22 00:00:00,3320.8798828125,3337.340087890625,3278.0
2002-11-25 00:00:00,3299.239990234375,3365.590087890625,3278.590087890625
2002-11-26 00:00:00,3191.6298828125,3333.530029296875,3183.300048828125
2002-11-27 00:00:00,3346.139892578125,3346.139892578125,3148.93994140625
2002-11-28 00:00:00,3360.760009765625,3376.989990234375,3305.43994140625
2002-11-29 00:00:00,3320.320068359375,3403.39990234375,3320.320068359375
2002-12-02 00:00:00,3380.199951171875,3476.830078125,3332.72998046875
2002-12-03 00:00:00,3280.489990234375,3410.949951171875,3278.6298828125
2002-12-04 00:00:00,3320.75,3331.139892578125,3235.580078125
2002-12-05 00:00:00,3224.739990234375,3386.27001953125,3189.1201171875
2002-12-06 00:00:00,3207.530029296875,3245.760009765625,3108.760009765625
2002-12-09 00:00:00,3065.570068359375,3223.419921875,3065.570068359375
2002-12-10 00:00:00,3167.989990234375,3173.9599609375,3062.8701171875
2002-12-11 00:00:00,3196.050048828125,3212.6201171875,3134.3701171875
2002-12-12 00:00:00,3111.8798828125,3208.590087890625,3098.260009765625
2002-12-13 00:00:00,3077.06005859375,3122.530029296875,3034.1201171875
2002-12-16 00:00:00,3205.2900390625,3205.2900390625,3029.739990234375
2002-12-17 00:00:00,3139.969970703125,3222.39990234375,3136.090087890625
2002-12-18 00:00:00,3022.68994140625,3136.0400390625,3022.68994140625
2002-12-19 00:00:00,2961.409912109375,3099.320068359375,2925.8701171875
2002-12-20 00:00:00,3024.219970703125,3039.1201171875,2948.56005859375
2002-12-23 00:00:00,3000.840087890625,3048.2900390625,2961.780029296875
2002-12-27 00:00:00,2840.0,2996.669921875,2840.0
2002-12-30 00:00:00,2892.6298828125,2900.949951171875,2836.010009765625
2003-01-02 00:00:00,3105.0400390625,3105.0400390625,2898.679931640625
2003-01-03 00:00:00,3092.93994140625,3124.860107421875,3070.030029296875
2003-01-06 00:00:00,3157.25,3157.25,3033.77001953125
2003-01-07 00:00:00,3112.77001953125,3156.56005859375,3069.110107421875
2003-01-08 00:00:00,2993.0,3108.02001953125,2993.0
2003-01-09 00:00:00,3037.679931640625,3043.639892578125,2932.929931640625
2003-01-10 00:00:00,3037.330078125,3093.780029296875,2986.75
2003-01-13 00:00:00,3060.64990234375,3127.1201171875,3039.909912109375
2003-01-14 00:00:00,3098.719970703125,3141.330078125,3055.2900390625
2003-01-15 00:00:00,3049.39990234375,3145.659912109375,3036.93994140625
2003-01-16 00:00:00,3054.110107421875,3080.27001953125,3023.320068359375
2003-01-17 00:00:00,2918.820068359375,3047.110107421875,2918.260009765625
2003-01-20 00:00:00,2893.550048828125,2966.780029296875,2892.929931640625
2003-01-21 00:00:00,2870.570068359375,2955.75,2860.340087890625
2003-01-22 00:00:00,2803.25,2897.47998046875,2765.56005859375
2003-01-23 00:00:00,2811.219970703125,2862.590087890625,2776.719970703125
2003-01-24 00:00:00,2717.820068359375,2827.429931640625,2714.889892578125
2003-01-27 00:00:00,2643.800048828125,2728.280029296875,2615.669921875
2003-01-28 00:00:00,2671.360107421875,2705.219970703125,2616.0400390625
2003-01-29 00:00:00,2706.570068359375,2743.10009765625,2563.919921875
2003-01-30 00:00:00,2693.780029296875,2742.919921875,2665.52001953125
2003-01-31 00:00:00,2747.830078125,2753.260009765625,2622.409912109375
2003-02-03 00:00:00,2751.989990234375,2802.929931640625,2735.580078125
2003-02-04 00:00:00,2632.97998046875,2750.0400390625,2618.139892578125
2003-02-05 00:00:00,2725.8798828125,2738.110107421875,2584.8798828125
2003-02-06 00:00:00,2649.0,2720.179931640625,2617.659912109375
2003-02-07 00:00:00,2569.340087890625,2671.699951171875,2561.72998046875
2003-02-10 00:00:00,2586.090087890625,2593.0,2528.89990234375
2003-02-11 00:00:00,2627.0,2664.159912109375,2584.679931640625
2003-02-12 00:00:00,2571.25,2621.449951171875,2565.02001953125
2003-02-13 00:00:00,2555.27001953125,2599.43994140625,2535.0400390625
2003-02-14 00:00:00,2674.4599609375,2711.590087890625,2558.25
2003-02-17 00:00:00,2708.969970703125,2722.300048828125,2679.949951171875
2003-02-18 00:00:00,2740.139892578125,2750.080078125,2673.909912109375
2003-02-19 00:00:00,2624.64990234375,2734.81005859375,2616.909912109375
2003-02-20 00:00:00,2591.260009765625,2669.489990234375,2575.949951171875
2003-02-21 00:00:00,2648.8701171875,2648.8701171875,2565.139892578125
2003-02-24 00:00:00,2571.35009765625,2648.550048828125,2571.35009765625
2003-02-25 00:00:00,2485.5,2563.3701171875,2448.97998046875
2003-02-26 00:00:00,2450.199951171875,2518.85009765625,2433.14990234375
2003-02-27 00:00:00,2513.219970703125,2513.409912109375,2435.639892578125
2003-02-28 00:00:00,2547.050048828125,2581.47998046875,2480.719970703125
2003-03-03 00:00:00,2549.64990234375,2600.760009765625,2535.300048828125
2003-03-04 00:00:00,2501.030029296875,2541.81005859375,2477.06005859375
2003-03-05 00:00:00,2498.02001953125,2540.06005859375,2456.39990234375
2003-03-06 00:00:00,2437.510009765625,2531.6298828125,2433.320068359375
2003-03-07 00:00:00,2431.659912109375,2467.570068359375,2393.590087890625
2003-03-10 00:00:00,2329.0400390625,2447.97998046875,2328.81005859375
2003-03-11 00:00:00,2305.300048828125,2348.080078125,2258.570068359375
2003-03-12 00:00:00,2202.9599609375,2319.64990234375,2188.75
2003-03-13 00:00:00,2354.31005859375,2354.31005859375,2203.969970703125
2003-03-14 00:00:00,2403.18994140625,2482.139892578125,2356.360107421875
2003-03-17 00:00:00,2487.1201171875,2520.5400390625,2327.8701171875
2003-03-18 00:00:00,2584.610107421875,2624.97998046875,2490.780029296875
2003-03-19 00:00:00,2615.219970703125,2675.02001953125,2524.52001953125
2003-03-20 00:00:00,2604.85009765625,2657.5,2551.909912109375
2003-03-21 00:00:00,2715.06005859375,2731.570068359375,2603.85009765625
2003-03-24 00:00:00,2548.3701171875,2712.6201171875,2548.3701171875
2003-03-25 00:00:00,2636.10009765625,2636.719970703125,2481.7099609375
2003-03-26 00:00:00,2579.330078125,2680.530029296875,2579.330078125
2003-03-27 00:00:00,2584.050048828125,2589.679931640625,2511.9599609375
2003-03-28 00:00:00,2520.840087890625,2581.64990234375,2498.2900390625
2003-03-31 00:00:00,2423.8701171875,2511.989990234375,2396.60009765625
2003-04-01 00:00:00,2450.18994140625,2473.93994140625,2395.719970703125
2003-04-02 00:00:00,2589.35009765625,2589.35009765625,2462.2099609375
2003-04-03 00:00:00,2569.81005859375,2644.9599609375,2557.18994140625
2003-04-04 00:00:00,2654.070068359375,2656.25,2553.669921875
2003-04-07 00:00:00,2808.93994140625,2814.389892578125,2654.43994140625
2003-04-08 00:00:00,2767.7900390625,2809.169921875,2740.610107421875
2003-04-09 00:00:00,2734.10009765625,2824.989990234375,2696.320068359375
2003-04-10 00:00:00,2697.10009765625,2763.64990234375,2685.800048828125
2003-04-11 00:00:00,2733.949951171875,2797.419921875,2700.610107421875
2003-04-14 00:00:00,2776.780029296875,2787.3798828125,2700.330078125
2003-04-15 00:00:00,2834.1201171875,2867.639892578125,2792.06005859375
2003-04-16 00:00:00,2824.679931640625,2915.68994140625,2824.679931640625
2003-04-17 00:00:00,2899.780029296875,2899.97998046875,2801.169921875
2003-04-22 00:00:00,2960.9599609375,2965.2099609375,2843.800048828125
2003-04-23 00:00:00,2974.39990234375,3000.760009765625,2932.72998046875
2003-04-24 00:00:00,2891.6201171875,2969.949951171875,2881.0400390625
2003-04-25 00:00:00,2838.22998046875,2909.139892578125,2828.840087890625
2003-04-28 00:00:00,2953.919921875,2953.919921875,2821.35009765625
2003-04-29 00:00:00,2908.9599609375,3004.7900390625,2908.9599609375
2003-04-30 00:00:00,2942.0400390625,2967.080078125,2914.02001953125
2003-05-02 00:00:00,2986.0,2986.0,2888.4599609375
2003-05-05 00:00:00,3013.0400390625,3039.260009765625,2978.7099609375
2003-05-06 00:00:00,3066.949951171875,3066.949951171875,2977.6201171875
2003-05-07 00:00:00,3005.639892578125,3068.080078125,2992.7900390625
2003-05-08 00:00:00,2886.080078125,3016.570068359375,2884.510009765625
2003-05-09 00:00:00,2956.590087890625,2956.590087890625,2861.699951171875
2003-05-12 00:00:00,2937.260009765625,2972.719970703125,2871.610107421875
2003-05-13 00:00:00,2909.949951171875,2951.989990234375,2883.31005859375
2003-05-14 00:00:00,2926.030029296875,2960.22998046875,2888.199951171875
2003-05-15 00:00:00,2989.3798828125,2989.3798828125,2902.52001953125
2003-05-16 00:00:00,2989.080078125,3029.489990234375,2952.179931640625
2003-05-19 00:00:00,2850.679931640625,2976.3798828125,2841.02001953125
2003-05-20 00:00:00,2838.929931640625,2875.39990234375,2820.409912109375
2003-05-21 00:00:00,2827.25,2853.0400390625,2773.77001953125
2003-05-22 00:00:00,2865.2099609375,2865.2099609375,2817.6298828125
2003-05-23 00:00:00,2822.830078125,2886.070068359375,2804.1298828125
2003-05-26 00:00:00,2828.280029296875,2855.280029296875,2812.39990234375
2003-05-27 00:00:00,2873.60009765625,2875.139892578125,2769.449951171875
2003-05-28 00:00:00,2919.5400390625,2958.2099609375,2885.530029296875
2003-05-29 00:00:00,2906.7099609375,2968.429931640625,2897.10009765625
2003-05-30 00:00:00,2982.679931640625,2997.6201171875,2906.419921875
2003-06-02 00:00:00,3064.56005859375,3066.0400390625,2990.929931640625
2003-06-03 00:00:00,3026.820068359375,3062.860107421875,3003.159912109375
2003-06-04 00:00:00,3080.02001953125,3099.820068359375,3020.159912109375
2003-06-05 00:00:00,3039.760009765625,3106.27001953125,3020.4599609375
2003-06-06 00:00:00,3127.4599609375,3146.909912109375,3054.989990234375
2003-06-09 00:00:00,3094.760009765625,3132.760009765625,3075.18994140625
2003-06-10 00:00:00,3140.340087890625,3149.43994140625,3076.77001953125
2003-06-11 00:00:00,3178.14990234375,3191.330078125,3133.64990234375
2003-06-12 00:00:00,3219.469970703125,3253.699951171875,3180.610107421875
2003-06-13 00:00:00,3168.7099609375,3246.139892578125,3157.2900390625
2003-06-16 00:00:00,3264.5,3264.5,3122.39990234375
2003-06-17 00:00:00,3286.47998046875,3321.5,3264.10009765625
2003-06-18 00:00:00,3304.14990234375,3316.070068359375,3263.330078125
2003-06-19 00:00:00,3247.110107421875,3324.43994140625,3217.4599609375
2003-06-20 00:00:00,3238.97998046875,3267.669921875,3218.050048828125
2003-06-23 00:00:00,3186.389892578125,3246.25,3173.179931640625
2003-06-24 00:00:00,3217.340087890625,3228.3701171875,3165.25
2003-06-25 00:00:00,3198.820068359375,3237.47998046875,3180.030029296875
2003-06-26 00:00:00,3241.219970703125,3246.669921875,3157.699951171875
2003-06-27 00:00:00,3224.659912109375,3263.1201171875,3207.1298828125
2003-06-30 00:00:00,3220.580078125,3271.31005859375,3181.760009765625
2003-07-01 00:00:00,3146.550048828125,3217.2099609375,3119.35009765625
2003-07-02 00:00:00,3241.0400390625,3243.0400390625,3148.10009765625
2003-07-03 00:00:00,3241.919921875,3261.580078125,3196.72998046875
2003-07-04 00:00:00,3239.610107421875,3243.72998046875,3213.610107421875
2003-07-07 00:00:00,3332.8701171875,3359.010009765625,3244.93994140625
2003-07-08 00:00:00,3344.4599609375,3363.429931640625,3308.7900390625
2003-07-09 00:00:00,3322.429931640625,3358.06005859375,3299.739990234375
2003-07-10 00:00:00,3269.840087890625,3322.0400390625,3255.889892578125
2003-07-11 00:00:00,3326.510009765625,3332.1201171875,3245.449951171875
2003-07-14 00:00:00,3396.070068359375,3404.469970703125,3333.969970703125
2003-07-15 00:00:00,3384.68994140625,3429.889892578125,3372.5
2003-07-16 00:00:00,3387.639892578125,3430.760009765625,3358.679931640625
2003-07-17 00:00:00,3330.679931640625,3384.860107421875,3312.89990234375
2003-07-18 00:00:00,3366.7099609375,3378.139892578125,3328.06005859375
2003-07-21 00:00:00,3287.0,3390.610107421875,3281.06005859375
2003-07-22 00:00:00,3318.14990234375,3321.8798828125,3254.18994140625
2003-07-23 00:00:00,3304.47998046875,3338.77001953125,3277.239990234375
2003-07-24 00:00:00,3374.820068359375,3377.590087890625,3281.949951171875
2003-07-25 00:00:00,3356.889892578125,3371.929931640625,3313.56005859375
2003-07-28 00:00:00,3417.77001953125,3425.449951171875,3360.669921875
2003-07-29 00:00:00,3428.1201171875,3452.179931640625,3373.6298828125
2003-07-30 00:00:00,3429.030029296875,3449.2099609375,3395.739990234375
2003-07-31 00:00:00,3487.860107421875,3487.860107421875,3399.860107421875
2003-08-01 00:00:00,3438.889892578125,3481.81005859375,3403.030029296875
2003-08-04 00:00:00,3405.31005859375,3464.60009765625,3363.949951171875
2003-08-05 00:00:00,3438.360107421875,3454.760009765625,3399.199951171875
2003-08-06 00:00:00,3375.659912109375,3427.489990234375,3318.159912109375
2003-08-07 00:00:00,3331.889892578125,3370.5,3299.77001953125
2003-08-08 00:00:00,3332.239990234375,3367.169921875,3309.219970703125
2003-08-11 00:00:00,3339.580078125,3361.669921875,3309.85009765625
2003-08-12 00:00:00,3381.7099609375,3399.760009765625,3342.590087890625
2003-08-13 00:00:00,3398.889892578125,3428.97998046875,3376.300048828125
2003-08-14 00:00:00,3452.699951171875,3452.699951171875,3379.5
2003-08-15 00:00:00,3443.929931640625,3470.530029296875,3434.22998046875
2003-08-18 00:00:00,3507.22998046875,3507.22998046875,3447.580078125
2003-08-19 00:00:00,3504.530029296875,3545.080078125,3486.43994140625
2003-08-20 00:00:00,3501.22998046875,3515.169921875,3461.3798828125
2003-08-21 00:00:00,3565.469970703125,3565.469970703125,3501.409912109375
2003-08-22 00:00:00,3549.050048828125,3588.530029296875,3534.419921875
2003-08-25 00:00:00,3500.090087890625,3547.64990234375,3489.77001953125
2003-08-26 00:00:00,3455.47998046875,3532.239990234375,3438.860107421875
2003-08-27 00:00:00,3483.080078125,3493.4599609375,3451.81005859375
2003-08-28 00:00:00,3492.669921875,3530.139892578125,3465.679931640625
2003-08-29 00:00:00,3484.580078125,3531.800048828125,3479.919921875
2003-09-01 00:00:00,3571.219970703125,3577.8701171875,3493.340087890625
2003-09-02 00:00:00,3567.199951171875,3588.4599609375,3536.260009765625
2003-09-03 00:00:00,3647.510009765625,3656.669921875,3570.25
2003-09-04 00:00:00,3668.669921875,3671.419921875,3628.949951171875
2003-09-05 00:00:00,3607.7099609375,3676.8798828125,3597.590087890625
2003-09-08 00:00:00,3641.530029296875,3656.6201171875,3612.389892578125
2003-09-09 00:00:00,3594.39990234375,3670.300048828125,3583.3701171875
2003-09-10 00:00:00,3536.8701171875,3586.800048828125,3524.169921875
2003-09-11 00:00:00,3566.85009765625,3566.85009765625,3495.110107421875
2003-09-12 00:00:00,3508.06005859375,3573.199951171875,3473.7900390625
2003-09-15 00:00:00,3516.31005859375,3547.330078125,3506.3798828125
2003-09-16 00:00:00,3564.75,3568.679931640625,3508.8701171875
2003-09-17 00:00:00,3561.030029296875,3613.219970703125,3551.81005859375
2003-09-18 00:00:00,3612.02001953125,3623.610107421875,3554.010009765625
2003-09-19 00:00:00,3578.699951171875,3629.590087890625,3578.699951171875
2003-09-22 00:00:00,3456.27001953125,3578.159912109375,3456.27001953125
2003-09-23 00:00:00,3411.02001953125,3483.77001953125,3396.320068359375
2003-09-24 00:00:00,3307.340087890625,3450.93994140625,3285.97998046875
2003-09-25 00:00:00,3326.27001953125,3361.830078125,3301.389892578125
2003-09-26 00:00:00,3324.85009765625,3345.139892578125,3275.5400390625
2003-09-29 00:00:00,3323.3798828125,3364.580078125,3280.10009765625
2003-09-30 00:00:00,3256.780029296875,3330.219970703125,3202.8701171875
2003-10-01 00:00:00,3329.830078125,3329.830078125,3217.39990234375
2003-10-02 00:00:00,3276.639892578125,3354.639892578125,3267.989990234375
2003-10-03 00:00:00,3419.0,3439.889892578125,3283.3798828125
2003-10-06 00:00:00,3404.909912109375,3416.75,3379.530029296875
2003-10-07 00:00:00,3355.780029296875,3409.219970703125,3332.820068359375
2003-10-08 00:00:00,3395.330078125,3432.090087890625,3342.909912109375
2003-10-09 00:00:00,3481.89990234375,3491.199951171875,3389.139892578125
2003-10-10 00:00:00,3471.25,3512.2099609375,3455.9599609375
2003-10-13 00:00:00,3538.389892578125,3554.530029296875,3480.1298828125
2003-10-14 00:00:00,3538.1298828125,3567.1201171875,3504.4599609375
2003-10-15 00:00:00,3570.580078125,3606.0,3540.840087890625
2003-10-16 00:00:00,3577.719970703125,3594.9599609375,3524.10009765625
2003-10-17 00:00:00,3516.669921875,3593.75,3510.81005859375
2003-10-20 00:00:00,3559.330078125,3566.639892578125,3496.570068359375
2003-10-21 00:00:00,3580.080078125,3593.5,3536.800048828125
2003-10-22 00:00:00,3490.60009765625,3571.300048828125,3488.75
2003-10-23 00:00:00,3497.139892578125,3502.949951171875,3423.340087890625
2003-10-24 00:00:00,3452.639892578125,3495.2099609375,3439.090087890625
2003-10-27 00:00:00,3517.10009765625,3529.429931640625,3459.070068359375
2003-10-28 00:00:00,3586.929931640625,3600.75,3531.97998046875
2003-10-29 00:00:00,3615.419921875,3627.179931640625,3583.7900390625
2003-10-30 00:00:00,3639.659912109375,3675.780029296875,3583.469970703125
2003-10-31 00:00:00,3655.989990234375,3657.6201171875,3612.669921875
2003-11-03 00:00:00,3744.5,3750.25,3651.77001953125
2003-11-04 00:00:00,3741.7099609375,3768.5400390625,3724.2099609375
2003-11-05 00:00:00,3717.699951171875,3745.179931640625,3690.8701171875
2003-11-06 00:00:00,3733.929931640625,3759.8701171875,3683.4599609375
2003-11-07 00:00:00,3782.56005859375,3814.2099609375,3744.409912109375
2003-11-10 00:00:00,3746.239990234375,3789.2900390625,3737.25
2003-11-11 00:00:00,3729.8701171875,3739.469970703125,3699.989990234375
2003-11-12 00:00:00,3748.340087890625,3754.35009765625,3696.949951171875
2003-11-13 00:00:00,3765.590087890625,3813.199951171875,3739.25
2003-11-14 00:00:00,3797.39990234375,3812.89990234375,3746.909912109375
2003-11-17 00:00:00,3674.5400390625,3792.889892578125,3664.949951171875
2003-11-18 00:00:00,3666.280029296875,3715.8798828125,3644.9599609375
2003-11-19 00:00:00,3652.2900390625,3659.969970703125,3594.610107421875
2003-11-20 00:00:00,3638.0400390625,3671.3798828125,3576.52001953125
2003-11-21 00:00:00,3642.25,3658.219970703125,3619.919921875
2003-11-24 00:00:00,3737.090087890625,3743.3701171875,3642.699951171875
2003-11-25 00:00:00,3733.159912109375,3767.919921875,3727.800048828125
2003-11-26 00:00:00,3712.97998046875,3786.3701171875,3712.97998046875
2003-11-27 00:00:00,3744.989990234375,3756.110107421875,3729.179931640625
2003-11-28 00:00:00,3745.949951171875,3771.10009765625,3692.010009765625
2003-12-01 00:00:00,3821.199951171875,3829.4599609375,3752.719970703125
2003-12-02 00:00:00,3809.260009765625,3838.090087890625,3788.929931640625
2003-12-03 00:00:00,3875.659912109375,3875.659912109375,3801.760009765625
2003-12-04 00:00:00,3874.780029296875,3894.820068359375,3848.02001953125
2003-12-05 00:00:00,3841.72998046875,3874.550048828125,3813.60009765625
2003-12-08 00:00:00,3806.5400390625,3834.889892578125,3778.72998046875
2003-12-09 00:00:00,3846.179931640625,3878.449951171875,3812.919921875
2003-12-10 00:00:00,3820.919921875,3847.929931640625,3798.0
2003-12-11 00:00:00,3858.85009765625,3864.340087890625,3826.929931640625
2003-12-12 00:00:00,3860.1298828125,3904.429931640625,3847.6298828125
2003-12-15 00:00:00,3875.469970703125,3930.260009765625,3866.919921875
2003-12-16 00:00:00,3865.97998046875,3878.6298828125,3835.93994140625
2003-12-17 00:00:00,3847.570068359375,3880.070068359375,3840.9599609375
2003-12-18 00:00:00,3870.8798828125,3878.889892578125,3823.7099609375
2003-12-19 00:00:00,3898.419921875,3907.909912109375,3876.43994140625
2003-12-22 00:00:00,3876.93994140625,3909.409912109375,3870.56005859375
2003-12-23 00:00:00,3903.340087890625,3913.260009765625,3884.10009765625
2003-12-29 00:00:00,3952.719970703125,3957.22998046875,3907.570068359375
2003-12-30 00:00:00,3965.159912109375,3996.280029296875,3957.929931640625
2004-01-02 00:00:00,4018.5,4022.9599609375,3969.0400390625
2004-01-05 00:00:00,4035.89990234375,4040.97998046875,4001.489990234375
2004-01-06 00:00:00,4035.43994140625,4047.030029296875,4003.47998046875
2004-01-07 00:00:00,4004.39990234375,4050.989990234375,3985.949951171875
2004-01-08 00:00:00,4045.429931640625,4070.469970703125,4013.14990234375
2004-01-09 00:00:00,4016.179931640625,4073.330078125,3982.830078125
2004-01-12 00:00:00,3995.909912109375,4010.050048828125,3980.18994140625
2004-01-13 00:00:00,3996.219970703125,4033.669921875,3990.610107421875
2004-01-14 00:00:00,4055.2099609375,4056.22998046875,3980.330078125
2004-01-15 00:00:00,4068.75,4081.6201171875,4026.909912109375
2004-01-16 00:00:00,4111.64013671875,4122.93017578125,4090.800048828125
2004-01-19 00:00:00,4139.919921875,4151.72021484375,4111.89013671875
2004-01-20 00:00:00,4106.41015625,4156.080078125,4101.5400390625
2004-01-21 00:00:00,4138.0400390625,4138.0400390625,4099.47021484375
2004-01-22 00:00:00,4139.85986328125,4171.490234375,4129.22998046875
2004-01-23 00:00:00,4151.830078125,4164.259765625,4130.85986328125
2004-01-26 00:00:00,4128.68017578125,4152.08984375,4116.06982421875
2004-01-27 00:00:00,4134.419921875,4175.47998046875,4129.1201171875
2004-01-28 00:00:00,4150.240234375,4157.18017578125,4105.97021484375
2004-01-29 00:00:00,4095.7099609375,4126.64013671875,4092.050048828125
2004-01-30 00:00:00,4058.60009765625,4116.52001953125,4048.52001953125
2004-02-02 00:00:00,4071.60009765625,4087.2099609375,4046.300048828125
2004-02-03 00:00:00,4057.510009765625,4075.800048828125,4019.0
2004-02-04 00:00:00,4028.3701171875,4050.080078125,4008.800048828125
2004-02-05 00:00:00,4014.7900390625,4054.929931640625,4009.56005859375
2004-02-06 00:00:00,4044.989990234375,4053.02001953125,4007.8701171875
2004-02-09 00:00:00,4098.97021484375,4102.4599609375,4051.360107421875
2004-02-10 00:00:00,4110.7998046875,4114.77978515625,4083.330078125
2004-02-11 00:00:00,4122.16015625,4125.58984375,4101.14013671875
2004-02-12 00:00:00,4121.64990234375,4150.56005859375,4106.31005859375
2004-02-13 00:00:00,4057.050048828125,4130.75,4047.919921875
2004-02-16 00:00:00,4070.4599609375,4070.4599609375,4040.489990234375
2004-02-17 00:00:00,4095.860107421875,4099.7998046875,4070.64990234375
2004-02-18 00:00:00,4095.340087890625,4111.5,4085.2900390625
2004-02-19 00:00:00,4141.52978515625,4147.33984375,4099.919921875
2004-02-20 00:00:00,4073.35009765625,4135.5498046875,4055.56005859375
2004-02-23 00:00:00,4068.7099609375,4106.080078125,4065.25
2004-02-24 00:00:00,3991.419921875,4067.909912109375,3967.8701171875
2004-02-25 00:00:00,3995.340087890625,4008.030029296875,3960.409912109375
2004-02-26 00:00:00,4007.81005859375,4019.31005859375,3973.800048828125
2004-02-27 00:00:00,4018.159912109375,4052.580078125,4017.909912109375
2004-03-01 00:00:00,4054.429931640625,4061.10009765625,4026.18994140625
2004-03-02 00:00:00,4100.33984375,4101.06005859375,4057.080078125
2004-03-03 00:00:00,4071.699951171875,4096.41015625,4058.110107421875
2004-03-04 00:00:00,4133.77978515625,4138.85009765625,4077.31005859375
2004-03-05 00:00:00,4126.14013671875,4151.83984375,4090.89990234375
2004-03-08 00:00:00,4145.990234375,4163.18994140625,4131.33984375
2004-03-09 00:00:00,4087.550048828125,4143.97998046875,4077.030029296875
2004-03-10 00:00:00,4044.699951171875,4077.639892578125,4024.81005859375
2004-03-11 00:00:00,3904.949951171875,4040.510009765625,3875.590087890625
2004-03-12 00:00:00,3915.3798828125,3920.409912109375,3824.5400390625
2004-03-15 00:00:00,3810.760009765625,3909.8701171875,3807.93994140625
2004-03-16 00:00:00,3822.3701171875,3851.010009765625,3775.110107421875
2004-03-17 00:00:00,3896.7900390625,3902.85009765625,3828.260009765625
2004-03-18 00:00:00,3827.429931640625,3902.739990234375,3821.8798828125
2004-03-19 00:00:00,3819.14990234375,3863.010009765625,3805.14990234375
2004-03-22 00:00:00,3729.22998046875,3802.530029296875,3696.179931640625
2004-03-23 00:00:00,3728.820068359375,3772.840087890625,3715.409912109375
2004-03-24 00:00:00,3726.070068359375,3758.43994140625,3692.39990234375
2004-03-25 00:00:00,3811.919921875,3811.919921875,3729.760009765625
2004-03-26 00:00:00,3822.330078125,3849.989990234375,3802.22998046875
2004-03-29 00:00:00,3881.25,3886.360107421875,3823.669921875
2004-03-30 00:00:00,3874.0400390625,3883.659912109375,3845.570068359375
2004-03-31 00:00:00,3856.699951171875,3901.050048828125,3840.110107421875
2004-04-01 00:00:00,3924.85009765625,3928.6298828125,3857.0400390625
2004-04-02 00:00:00,4007.60009765625,4008.080078125,3921.5
2004-04-05 00:00:00,4048.60009765625,4059.080078125,4006.469970703125
2004-04-06 00:00:00,4022.81005859375,4065.7099609375,4010.72998046875
2004-04-07 00:00:00,4001.159912109375,4048.610107421875,4000.43994140625
2004-04-08 00:00:00,4013.530029296875,4058.2900390625,4004.570068359375
2004-04-13 00:00:00,4071.419921875,4094.22998046875,4016.090087890625
2004-04-14 00:00:00,4012.77001953125,4058.909912109375,3970.02001953125
2004-04-15 00:00:00,4004.610107421875,4034.320068359375,3989.2099609375
2004-04-16 00:00:00,4033.97998046875,4043.530029296875,3986.6201171875
2004-04-19 00:00:00,4025.070068359375,4040.679931640625,3995.590087890625
2004-04-20 00:00:00,4061.1298828125,4083.27001953125,4034.280029296875
2004-04-21 00:00:00,4026.14990234375,4055.260009765625,4013.300048828125
2004-04-22 00:00:00,4059.14990234375,4062.830078125,4002.449951171875
2004-04-23 00:00:00,4103.6201171875,4129.14013671875,4080.3701171875
2004-04-26 00:00:00,4125.830078125,4156.89013671875,4105.97021484375
2004-04-27 00:00:00,4134.10009765625,4151.080078125,4112.85986328125
2004-04-28 00:00:00,4065.739990234375,4133.85986328125,4062.590087890625
2004-04-29 00:00:00,4008.909912109375,4061.949951171875,3987.0
2004-04-30 00:00:00,3985.2099609375,4008.070068359375,3968.860107421875
2004-05-03 00:00:00,4007.64990234375,4011.43994140625,3945.52001953125
2004-05-04 00:00:00,3990.75,4018.7099609375,3976.2099609375
2004-05-05 00:00:00,4022.10009765625,4029.320068359375,3964.2900390625
2004-05-06 00:00:00,3909.4599609375,4012.919921875,3900.510009765625
2004-05-07 00:00:00,3895.639892578125,3923.159912109375,3852.89990234375
2004-05-10 00:00:00,3784.610107421875,3894.97998046875,3776.360107421875
2004-05-11 00:00:00,3849.840087890625,3850.52001953125,3790.7099609375
2004-05-12 00:00:00,3776.239990234375,3851.739990234375,3769.8798828125
2004-05-13 00:00:00,3824.929931640625,3827.030029296875,3779.75
2004-05-14 00:00:00,3803.10009765625,3833.02001953125,3769.590087890625
2004-05-17 00:00:00,3754.3701171875,3801.469970703125,3710.02001953125
2004-05-18 00:00:00,3789.239990234375,3796.72998046875,3754.06005859375
2004-05-19 00:00:00,3872.260009765625,3883.14990234375,3799.429931640625
2004-05-20 00:00:00,3839.320068359375,3855.6298828125,3812.0400390625
2004-05-21 00:00:00,3831.840087890625,3869.199951171875,3808.60009765625
2004-05-24 00:00:00,3867.840087890625,3901.47998046875,3842.409912109375
2004-05-25 00:00:00,3828.070068359375,3859.639892578125,3809.97998046875
2004-05-26 00:00:00,3867.52001953125,3901.31005859375,3830.719970703125
2004-05-27 00:00:00,3913.330078125,3926.6201171875,3872.030029296875
2004-05-28 00:00:00,3902.719970703125,3940.7099609375,3892.31005859375
2004-05-31 00:00:00,3921.409912109375,3927.949951171875,3898.39990234375
2004-06-01 00:00:00,3864.179931640625,3929.8798828125,3856.0400390625
2004-06-02 00:00:00,3888.31005859375,3917.72998046875,3868.93994140625
2004-06-03 00:00:00,3917.080078125,3917.659912109375,3870.840087890625
2004-06-04 00:00:00,3961.929931640625,3973.570068359375,3913.77001953125
2004-06-07 00:00:00,4017.81005859375,4025.080078125,3973.449951171875
2004-06-08 00:00:00,4018.949951171875,4040.77001953125,4003.1201171875
2004-06-09 00:00:00,3997.760009765625,4036.4599609375,3990.639892578125
2004-06-10 00:00:00,4021.639892578125,4027.39990234375,3992.530029296875
2004-06-11 00:00:00,4014.56005859375,4019.3798828125,3993.27001953125
2004-06-14 00:00:00,3948.64990234375,4008.610107421875,3939.169921875
2004-06-15 00:00:00,3987.300048828125,3995.429931640625,3933.1201171875
2004-06-16 00:00:00,4003.239990234375,4014.81005859375,3991.080078125
2004-06-17 00:00:00,3985.4599609375,4018.60009765625,3971.77001953125
2004-06-18 00:00:00,3999.7900390625,4004.860107421875,3966.219970703125
2004-06-21 00:00:00,3989.31005859375,4029.110107421875,3977.800048828125
2004-06-22 00:00:00,3928.389892578125,3985.419921875,3916.419921875
2004-06-23 00:00:00,3945.10009765625,3966.889892578125,3933.85009765625
2004-06-24 00:00:00,4007.050048828125,4012.669921875,3954.2099609375
2004-06-25 00:00:00,4013.35009765625,4020.159912109375,3987.02001953125
2004-06-28 00:00:00,4069.35009765625,4076.580078125,4004.5
2004-06-29 00:00:00,4069.72998046875,4086.070068359375,4050.219970703125
2004-06-30 00:00:00,4052.72998046875,4090.75,4052.72998046875
2004-07-01 00:00:00,4035.02001953125,4101.52001953125,4026.56005859375
2004-07-02 00:00:00,3998.77001953125,4030.4599609375,3990.5
2004-07-05 00:00:00,3995.72998046875,4011.5400390625,3991.159912109375
2004-07-06 00:00:00,3944.8798828125,4008.10009765625,3935.919921875
2004-07-07 00:00:00,3930.580078125,3958.889892578125,3922.4599609375
2004-07-08 00:00:00,3934.47998046875,3936.989990234375,3894.72998046875
2004-07-09 00:00:00,3924.489990234375,3932.590087890625,3882.75
2004-07-12 00:00:00,3893.239990234375,3928.070068359375,3884.419921875
2004-07-13 00:00:00,3903.8798828125,3919.239990234375,3892.139892578125
2004-07-14 00:00:00,3898.840087890625,3898.840087890625,3851.35009765625
2004-07-15 00:00:00,3847.18994140625,3898.199951171875,3847.18994140625
2004-07-16 00:00:00,3845.929931640625,3883.06005859375,3837.6298828125
2004-07-19 00:00:00,3812.6298828125,3845.800048828125,3812.6298828125
2004-07-20 00:00:00,3837.60009765625,3839.72998046875,3785.340087890625
2004-07-21 00:00:00,3877.47998046875,3899.419921875,3849.639892578125
2004-07-22 00:00:00,3801.050048828125,3867.2099609375,3796.2900390625
2004-07-23 00:00:00,3797.330078125,3824.760009765625,3785.2900390625
2004-07-26 00:00:00,3752.590087890625,3811.3798828125,3749.0400390625
2004-07-27 00:00:00,3814.080078125,3815.1201171875,3755.429931640625
2004-07-28 00:00:00,3807.2099609375,3856.659912109375,3797.739990234375
2004-07-29 00:00:00,3889.679931640625,3895.35009765625,3815.360107421875
2004-07-30 00:00:00,3895.610107421875,3911.300048828125,3867.080078125
2004-08-02 00:00:00,3862.7099609375,3891.179931640625,3841.72998046875
2004-08-03 00:00:00,3877.320068359375,3891.780029296875,3864.7900390625
2004-08-04 00:00:00,3823.739990234375,3867.469970703125,3807.25
2004-08-05 00:00:00,3829.030029296875,3858.659912109375,3828.68994140625
2004-08-06 00:00:00,3727.739990234375,3818.780029296875,3719.4599609375
2004-08-09 00:00:00,3690.330078125,3736.550048828125,3666.050048828125
2004-08-10 00:00:00,3720.639892578125,3721.31005859375,3685.919921875
2004-08-11 00:00:00,3678.909912109375,3731.449951171875,3636.9599609375
2004-08-12 00:00:00,3658.110107421875,3708.330078125,3632.449951171875
2004-08-13 00:00:00,3646.989990234375,3662.780029296875,3618.68994140625
2004-08-16 00:00:00,3699.110107421875,3703.409912109375,3618.580078125
2004-08-17 00:00:00,3705.72998046875,3735.840087890625,3679.219970703125
2004-08-18 00:00:00,3726.5,3728.409912109375,3677.929931640625
2004-08-19 00:00:00,3722.989990234375,3758.510009765625,3706.10009765625
2004-08-20 00:00:00,3712.610107421875,3723.840087890625,3689.860107421875
2004-08-23 00:00:00,3772.139892578125,3782.3701171875,3722.22998046875
2004-08-24 00:00:00,3771.0,3799.889892578125,3766.389892578125
2004-08-25 00:00:00,3788.8798828125,3801.760009765625,3770.780029296875
2004-08-26 00:00:00,3832.280029296875,3839.320068359375,3796.580078125
2004-08-27 00:00:00,3851.179931640625,3856.030029296875,3811.699951171875
2004-08-30 00:00:00,3838.85009765625,3852.93994140625,3818.75
2004-08-31 00:00:00,3785.2099609375,3829.739990234375,3778.18994140625
2004-09-01 00:00:00,3817.6201171875,3827.8701171875,3792.25
2004-09-02 00:00:00,3833.449951171875,3844.530029296875,3797.97998046875
2004-09-03 00:00:00,3866.989990234375,3882.780029296875,3823.199951171875
2004-09-06 00:00:00,3887.580078125,3891.6201171875,3867.449951171875
2004-09-07 00:00:00,3889.0400390625,3905.110107421875,3873.530029296875
2004-09-08 00:00:00,3884.159912109375,3898.72998046875,3875.39990234375
2004-09-09 00:00:00,3851.219970703125,3867.969970703125,3836.0400390625
2004-09-10 00:00:00,3886.030029296875,3896.60009765625,3855.409912109375
2004-09-13 00:00:00,3953.31005859375,3953.31005859375,3890.2900390625
2004-09-14 00:00:00,3947.75,3955.0400390625,3933.260009765625
2004-09-15 00:00:00,3941.75,3970.989990234375,3928.320068359375
2004-09-16 00:00:00,3963.64990234375,3968.139892578125,3940.9599609375
2004-09-17 00:00:00,3988.070068359375,4000.1298828125,3955.820068359375
2004-09-20 00:00:00,3977.679931640625,3986.330078125,3954.159912109375
2004-09-21 00:00:00,3991.02001953125,3998.5,3968.6298828125
2004-09-22 00:00:00,3942.35009765625,3999.469970703125,3935.760009765625
2004-09-23 00:00:00,3905.659912109375,3929.320068359375,3895.1298828125
2004-09-24 00:00:00,3910.300048828125,3917.719970703125,3887.840087890625
2004-09-27 00:00:00,3874.3701171875,3905.739990234375,3859.3701171875
2004-09-28 00:00:00,3882.27001953125,3888.85009765625,3848.280029296875
2004-09-29 00:00:00,3920.360107421875,3944.1298828125,3883.590087890625
2004-09-30 00:00:00,3892.89990234375,3950.659912109375,3887.830078125
2004-10-01 00:00:00,3994.9599609375,3996.110107421875,3895.14990234375
2004-10-04 00:00:00,4033.280029296875,4059.27001953125,4005.639892578125
2004-10-05 00:00:00,4048.7099609375,4078.5,4023.75
2004-10-06 00:00:00,4049.659912109375,4062.18994140625,4030.739990234375
2004-10-07 00:00:00,4043.360107421875,4077.330078125,4034.260009765625
2004-10-08 00:00:00,4015.5400390625,4065.97998046875,4001.52001953125
2004-10-11 00:00:00,4017.820068359375,4026.989990234375,4004.929931640625
2004-10-12 00:00:00,3966.47998046875,4011.219970703125,3943.739990234375
2004-10-13 00:00:00,3976.030029296875,4015.699951171875,3968.5
2004-10-14 00:00:00,3940.4599609375,3961.340087890625,3928.89990234375
2004-10-15 00:00:00,3922.110107421875,3937.2099609375,3897.47998046875
2004-10-18 00:00:00,3915.169921875,3937.39990234375,3897.610107421875
2004-10-19 00:00:00,3964.1298828125,3983.449951171875,3944.739990234375
2004-10-20 00:00:00,3912.39990234375,3918.360107421875,3889.719970703125
2004-10-21 00:00:00,3934.06005859375,3947.10009765625,3894.8798828125
2004-10-22 00:00:00,3935.139892578125,3968.469970703125,3924.429931640625
2004-10-25 00:00:00,3854.409912109375,3880.47998046875,3838.97998046875
2004-10-26 00:00:00,3862.260009765625,3870.889892578125,3843.580078125
2004-10-27 00:00:00,3929.030029296875,3929.030029296875,3866.169921875
2004-10-28 00:00:00,3959.590087890625,3975.820068359375,3947.929931640625
2004-10-29 00:00:00,3960.25,3994.18994140625,3950.300048828125
2004-11-01 00:00:00,4012.639892578125,4017.85009765625,3959.25
2004-11-02 00:00:00,4037.570068359375,4042.360107421875,4010.60009765625
2004-11-03 00:00:00,4039.0400390625,4073.530029296875,4028.239990234375
2004-11-04 00:00:00,4041.3798828125,4041.3798828125,4013.8701171875
2004-11-05 00:00:00,4063.580078125,4111.77978515625,4048.050048828125
2004-11-08 00:00:00,4068.969970703125,4081.010009765625,4051.610107421875
2004-11-09 00:00:00,4065.330078125,4086.06005859375,4058.989990234375
2004-11-10 00:00:00,4089.1298828125,4103.509765625,4074.429931640625
2004-11-11 00:00:00,4130.81005859375,4141.14990234375,4078.090087890625
2004-11-12 00:00:00,4143.35009765625,4162.3701171875,4135.8798828125
2004-11-15 00:00:00,4134.33984375,4171.97998046875,4130.10986328125
2004-11-16 00:00:00,4117.22021484375,4144.02001953125,4106.8701171875
2004-11-17 00:00:00,4183.41015625,4183.41015625,4116.2099609375
2004-11-18 00:00:00,4178.68017578125,4191.0400390625,4160.27978515625
2004-11-19 00:00:00,4134.89013671875,4202.4501953125,4133.22021484375
2004-11-22 00:00:00,4123.97998046875,4123.97998046875,4088.590087890625
2004-11-23 00:00:00,4113.3701171875,4160.22021484375,4107.39990234375
2004-11-24 00:00:00,4125.2998046875,4140.25,4114.27001953125
2004-11-25 00:00:00,4160.35009765625,4161.5498046875,4131.1298828125
2004-11-26 00:00:00,4154.27001953125,4159.1298828125,4135.52978515625
2004-11-29 00:00:00,4146.97998046875,4219.0498046875,4146.97998046875
2004-11-30 00:00:00,4126.0,4165.52001953125,4113.47998046875
2004-12-01 00:00:00,4186.02978515625,4187.7099609375,4107.6201171875
2004-12-02 00:00:00,4216.39990234375,4227.830078125,4186.330078125
2004-12-03 00:00:00,4208.8701171875,4233.52001953125,4191.10009765625
2004-12-06 00:00:00,4193.91015625,4204.43994140625,4184.35986328125
2004-12-07 00:00:00,4212.6201171875,4231.4599609375,4192.27978515625
2004-12-08 00:00:00,4201.35009765625,4213.43017578125,4172.5498046875
2004-12-09 00:00:00,4150.41015625,4206.60986328125,4131.240234375
2004-12-10 00:00:00,4174.5498046875,4182.9599609375,4153.41015625
2004-12-13 00:00:00,4219.240234375,4228.990234375,4188.2099609375
2004-12-14 00:00:00,4231.2998046875,4250.0498046875,4224.18017578125
2004-12-15 00:00:00,4213.68994140625,4243.759765625,4211.93017578125
2004-12-16 00:00:00,4233.7099609375,4235.77978515625,4216.0498046875
2004-12-17 00:00:00,4182.27001953125,4241.81982421875,4173.58984375
2004-12-20 00:00:00,4211.5498046875,4227.68994140625,4176.3798828125
2004-12-21 00:00:00,4214.39013671875,4221.60986328125,4199.419921875
2004-12-22 00:00:00,4241.27978515625,4252.2001953125,4229.830078125
2004-12-23 00:00:00,4251.6201171875,4253.68017578125,4234.0498046875
2004-12-27 00:00:00,4235.35986328125,4262.240234375,4235.35986328125
2004-12-28 00:00:00,4261.7900390625,4262.0498046875,4242.58984375
2004-12-29 00:00:00,4247.75,4272.18017578125,4240.02001953125
2004-12-30 00:00:00,4256.080078125,4261.9599609375,4251.06005859375
2005-01-03 00:00:00,4291.52978515625,4310.2998046875,4251.3701171875
2005-01-04 00:00:00,4290.5,4306.68994140625,4276.5498046875
2005-01-05 00:00:00,4258.240234375,4274.64990234375,4242.06982421875
2005-01-06 00:00:00,4300.93994140625,4300.990234375,4260.3701171875
2005-01-07 00:00:00,4316.39990234375,4325.77001953125,4288.259765625
2005-01-10 00:00:00,4307.3701171875,4324.3798828125,4291.25
2005-01-11 00:00:00,4258.009765625,4314.3798828125,4247.77978515625
2005-01-12 00:00:00,4208.81982421875,4258.33984375,4193.240234375
2005-01-13 00:00:00,4212.14013671875,4234.08984375,4200.6201171875
2005-01-14 00:00:00,4232.35986328125,4236.08984375,4191.14013671875
2005-01-17 00:00:00,4245.509765625,4254.3798828125,4235.93994140625
2005-01-18 00:00:00,4250.7099609375,4256.22021484375,4207.740234375
2005-01-19 00:00:00,4245.5498046875,4269.72998046875,4241.0400390625
2005-01-20 00:00:00,4220.43017578125,4230.740234375,4198.93994140625
2005-01-21 00:00:00,4213.7001953125,4221.830078125,4198.33984375
2005-01-24 00:00:00,4201.89013671875,4201.89013671875,4160.830078125
2005-01-25 00:00:00,4233.9501953125,4241.33984375,4189.509765625
2005-01-26 00:00:00,4214.1201171875,4245.080078125,4211.60986328125
2005-01-27 00:00:00,4216.41015625,4224.2998046875,4185.6298828125
2005-01-28 00:00:00,4201.81005859375,4235.33984375,4188.2099609375
2005-01-31 00:00:00,4254.85009765625,4258.41015625,4211.85986328125
2005-02-01 00:00:00,4279.97021484375,4281.0498046875,4249.68994140625
2005-02-02 00:00:00,4296.31005859375,4300.0498046875,4279.89990234375
2005-02-03 00:00:00,4281.64013671875,4302.39990234375,4273.419921875
2005-02-04 00:00:00,4339.27978515625,4340.27001953125,4295.25
2005-02-07 00:00:00,4366.35009765625,4373.89990234375,4342.75
2005-02-08 00:00:00,4371.39013671875,4376.60009765625,4356.4501953125
2005-02-09 00:00:00,4353.14990234375,4387.22021484375,4344.4599609375
2005-02-10 00:00:00,4342.009765625,4367.91015625,4338.9599609375
2005-02-11 00:00:00,4387.7998046875,4391.7900390625,4355.22021484375
2005-02-14 00:00:00,4386.39990234375,4398.7900390625,4372.52001953125
2005-02-15 00:00:00,4402.02978515625,4409.08984375,4377.2998046875
2005-02-16 00:00:00,4368.77001953125,4392.7900390625,4348.66015625
2005-02-17 00:00:00,4369.68017578125,4387.89990234375,4359.6298828125
2005-02-18 00:00:00,4359.47021484375,4387.47998046875,4351.02001953125
2005-02-21 00:00:00,4353.33984375,4373.14990234375,4342.2099609375
2005-02-22 00:00:00,4323.2099609375,4350.10009765625,4304.5498046875
2005-02-23 00:00:00,4310.66015625,4310.66015625,4276.009765625
2005-02-24 00:00:00,4304.2900390625,4311.68017578125,4288.6201171875
2005-02-25 00:00:00,4348.64013671875,4352.16015625,4327.10009765625
2005-02-28 00:00:00,4350.490234375,4375.7998046875,4346.240234375
2005-03-01 00:00:00,4383.6201171875,4388.419921875,4335.0400390625
2005-03-02 00:00:00,4393.43017578125,4396.669921875,4363.85986328125
2005-03-03 00:00:00,4373.27001953125,4399.8798828125,4371.64990234375
2005-03-04 00:00:00,4423.52001953125,4424.27978515625,4373.2998046875
2005-03-07 00:00:00,4428.08984375,4435.31005859375,4417.56005859375
2005-03-08 00:00:00,4396.5,4422.89013671875,4388.10986328125
2005-03-09 00:00:00,4375.60009765625,4428.5400390625,4365.22998046875
2005-03-10 00:00:00,4337.68017578125,4365.41015625,4330.2099609375
2005-03-11 00:00:00,4360.490234375,4379.93994140625,4353.56005859375
2005-03-14 00:00:00,4367.2998046875,4371.27978515625,4340.02001953125
2005-03-15 00:00:00,4387.68994140625,4392.169921875,4369.83984375
2005-03-16 00:00:00,4309.10986328125,4384.77001953125,4301.3798828125
2005-03-17 00:00:00,4315.919921875,4322.81982421875,4295.7001953125
2005-03-18 00:00:00,4327.18017578125,4339.5,4310.4599609375
2005-03-21 00:00:00,4296.35986328125,4336.81005859375,4295.39013671875
2005-03-22 00:00:00,4320.68994140625,4323.9599609375,4281.75
2005-03-23 00:00:00,4317.2001953125,4325.2001953125,4275.5498046875
2005-03-24 00:00:00,4343.60009765625,4347.72021484375,4315.72998046875
2005-03-29 00:00:00,4351.89013671875,4352.14990234375,4308.919921875
2005-03-30 00:00:00,4347.52001953125,4347.52001953125,4320.009765625
2005-03-31 00:00:00,4348.77001953125,4376.27001953125,4344.6298828125
2005-04-01 00:00:00,4373.52978515625,4393.2001953125,4347.52978515625
2005-04-04 00:00:00,4341.39013671875,4357.97021484375,4323.240234375
2005-04-05 00:00:00,4362.60986328125,4366.7099609375,4352.85009765625
2005-04-06 00:00:00,4379.18017578125,4379.18017578125,4360.81005859375
2005-04-07 00:00:00,4389.52001953125,4394.18017578125,4354.77978515625
2005-04-08 00:00:00,4400.68017578125,4413.240234375,4393.43017578125
2005-04-11 00:00:00,4396.08984375,4406.10986328125,4380.47998046875
2005-04-12 00:00:00,4372.1201171875,4401.7998046875,4366.25
2005-04-13 00:00:00,4405.68994140625,4410.9501953125,4393.06005859375
2005-04-14 00:00:00,4402.0498046875,4422.8798828125,4380.8701171875
2005-04-15 00:00:00,4312.25,4384.509765625,4309.25
2005-04-18 00:00:00,4202.2001953125,4266.27001953125,4182.85986328125
2005-04-19 00:00:00,4204.60986328125,4225.56005859375,4192.330078125
2005-04-20 00:00:00,4178.6201171875,4224.2099609375,4166.52978515625
2005-04-21 00:00:00,4193.7001953125,4210.81982421875,4159.9501953125
2005-04-22 00:00:00,4223.0400390625,4235.39990234375,4208.75
2005-04-25 00:00:00,4246.9599609375,4249.85986328125,4204.93017578125
2005-04-26 00:00:00,4233.759765625,4247.47021484375,4209.9501953125
2005-04-27 00:00:00,4189.02001953125,4219.64990234375,4157.509765625
2005-04-28 00:00:00,4178.10009765625,4215.35009765625,4159.8701171875
2005-04-29 00:00:00,4184.83984375,4208.31982421875,4159.66015625
2005-05-02 00:00:00,4224.02001953125,4235.64013671875,4205.0498046875
2005-05-03 00:00:00,4245.5400390625,4245.669921875,4218.06005859375
2005-05-04 00:00:00,4264.35009765625,4264.7998046875,4225.2099609375
2005-05-05 00:00:00,4299.509765625,4306.14990234375,4271.02978515625
2005-05-06 00:00:00,4311.06005859375,4314.97998046875,4276.16015625
2005-05-09 00:00:00,4292.41015625,4306.31982421875,4277.64013671875
2005-05-10 00:00:00,4251.1298828125,4306.18017578125,4245.259765625
2005-05-11 00:00:00,4244.16015625,4273.27978515625,4232.39990234375
2005-05-12 00:00:00,4267.0498046875,4280.68994140625,4255.3798828125
2005-05-13 00:00:00,4275.7001953125,4275.81005859375,4241.669921875
2005-05-16 00:00:00,4262.18017578125,4273.8798828125,4251.990234375
2005-05-17 00:00:00,4251.77001953125,4276.93017578125,4232.669921875
2005-05-18 00:00:00,4324.60009765625,4326.2099609375,4268.6298828125
2005-05-19 00:00:00,4360.419921875,4364.41015625,4337.52978515625
2005-05-20 00:00:00,4360.68017578125,4379.56982421875,4351.330078125
2005-05-23 00:00:00,4406.9501953125,4410.72998046875,4374.490234375
2005-05-24 00:00:00,4396.64013671875,4413.58984375,4382.91015625
2005-05-25 00:00:00,4389.5400390625,4404.56005859375,4377.31982421875
2005-05-26 00:00:00,4436.60009765625,4442.93994140625,4389.2900390625
2005-05-27 00:00:00,4444.7099609375,4453.009765625,4431.58984375
2005-05-30 00:00:00,4480.43017578125,4482.02001953125,4440.35986328125
2005-05-31 00:00:00,4460.6298828125,4480.68017578125,4459.2001953125
2005-06-01 00:00:00,4527.169921875,4530.06982421875,4467.0400390625
2005-06-02 00:00:00,4532.169921875,4542.830078125,4515.0400390625
2005-06-03 00:00:00,4510.39013671875,4551.89013671875,4501.169921875
2005-06-06 00:00:00,4497.259765625,4521.89013671875,4490.1201171875
2005-06-07 00:00:00,4566.009765625,4570.43017578125,4507.60986328125
2005-06-08 00:00:00,4557.2900390625,4567.1298828125,4543.75
2005-06-09 00:00:00,4562.75,4568.2001953125,4535.509765625
2005-06-10 00:00:00,4586.10009765625,4601.0498046875,4571.31982421875
2005-06-13 00:00:00,4599.2099609375,4604.25,4567.08984375
2005-06-14 00:00:00,4591.68994140625,4598.81005859375,4579.31982421875
2005-06-15 00:00:00,4548.419921875,4608.2900390625,4537.91015625
2005-06-16 00:00:00,4579.8701171875,4585.7900390625,4554.419921875
2005-06-17 00:00:00,4604.56982421875,4623.580078125,4585.02978515625
2005-06-20 00:00:00,4586.85986328125,4603.10009765625,4560.490234375
2005-06-21 00:00:00,4608.10986328125,4615.8701171875,4594.97998046875
2005-06-22 00:00:00,4619.60009765625,4635.7099609375,4599.169921875
2005-06-23 00:00:00,4627.47998046875,4637.33984375,4604.18994140625
2005-06-24 00:00:00,4566.47998046875,4602.35009765625,4561.3701171875
2005-06-27 00:00:00,4523.81982421875,4547.27001953125,4517.43994140625
2005-06-28 00:00:00,4557.4599609375,4557.4599609375,4528.419921875
2005-06-29 00:00:00,4583.6298828125,4597.16015625,4560.080078125
2005-06-30 00:00:00,4586.27978515625,4607.2099609375,4576.02978515625
2005-07-01 00:00:00,4617.06982421875,4623.7998046875,4579.509765625
2005-07-04 00:00:00,4623.41015625,4627.35009765625,4610.31005859375
2005-07-05 00:00:00,4603.64990234375,4624.080078125,4578.080078125
2005-07-06 00:00:00,4615.490234375,4636.9599609375,4607.56982421875
2005-07-07 00:00:00,4530.18017578125,4595.22998046875,4444.93994140625
2005-07-08 00:00:00,4597.97021484375,4597.97021484375,4559.56982421875
2005-07-11 00:00:00,4663.3798828125,4663.3798828125,4616.35986328125
2005-07-12 00:00:00,4653.02978515625,4666.080078125,4637.6201171875
2005-07-13 00:00:00,4679.89013671875,4682.81982421875,4655.919921875
2005-07-14 00:00:00,4699.27001953125,4715.47021484375,4686.7998046875
2005-07-15 00:00:00,4712.89990234375,4723.64990234375,4691.2001953125
2005-07-18 00:00:00,4719.56982421875,4732.7001953125,4705.2900390625
2005-07-19 00:00:00,4770.5400390625,4770.5400390625,4719.2900390625
2005-07-20 00:00:00,4784.5,4785.919921875,4757.56005859375
2005-07-21 00:00:00,4829.8701171875,4865.72021484375,4803.2900390625
2005-07-22 00:00:00,4836.89990234375,4852.35986328125,4815.41015625
2005-07-25 00:00:00,4842.7001953125,4853.02978515625,4819.419921875
2005-07-26 00:00:00,4843.490234375,4858.240234375,4827.89013671875
2005-07-27 00:00:00,4855.35009765625,4858.64013671875,4839.77001953125
2005-07-28 00:00:00,4892.5,4900.2900390625,4859.93994140625
2005-07-29 00:00:00,4886.5,4913.02001953125,4874.77978515625
2005-08-01 00:00:00,4890.85009765625,4912.39013671875,4878.169921875
2005-08-02 00:00:00,4932.8701171875,4933.39990234375,4894.22021484375
2005-08-03 00:00:00,4923.1201171875,4934.93994140625,4901.509765625
2005-08-04 00:00:00,4874.06005859375,4930.39990234375,4870.43017578125
2005-08-05 00:00:00,4827.18017578125,4868.2001953125,4827.18017578125
2005-08-08 00:00:00,4837.85986328125,4862.27001953125,4827.2998046875
2005-08-09 00:00:00,4909.47998046875,4909.47998046875,4835.35009765625
2005-08-10 00:00:00,4990.56982421875,4990.56982421875,4920.77001953125
2005-08-11 00:00:00,4953.93017578125,4981.10986328125,4938.14990234375
2005-08-12 00:00:00,4937.330078125,4972.72998046875,4929.77978515625
2005-08-15 00:00:00,4922.33984375,4951.330078125,4916.08984375
2005-08-16 00:00:00,4883.81005859375,4953.4599609375,4875.919921875
2005-08-17 00:00:00,4871.4599609375,4881.2998046875,4841.33984375
2005-08-18 00:00:00,4851.27001953125,4884.14013671875,4834.16015625
2005-08-19 00:00:00,4929.91015625,4930.830078125,4851.8798828125
2005-08-22 00:00:00,4941.68994140625,4954.41015625,4929.18994140625
2005-08-23 00:00:00,4917.740234375,4931.740234375,4897.14013671875
2005-08-24 00:00:00,4915.9501953125,4920.85009765625,4874.52001953125
2005-08-25 00:00:00,4856.009765625,4886.35009765625,4847.89990234375
2005-08-26 00:00:00,4783.7998046875,4878.919921875,4783.7998046875
2005-08-29 00:00:00,4812.240234375,4815.97998046875,4726.330078125
2005-08-30 00:00:00,4791.72021484375,4837.22998046875,4784.56982421875
2005-08-31 00:00:00,4829.68994140625,4834.89990234375,4791.47021484375
2005-09-01 00:00:00,4842.93994140625,4874.89013671875,4816.669921875
2005-09-02 00:00:00,4837.81005859375,4861.93017578125,4819.10009765625
2005-09-05 00:00:00,4909.89013671875,4909.89013671875,4850.52978515625
2005-09-06 00:00:00,4968.27978515625,4969.419921875,4901.89990234375
2005-09-07 00:00:00,4988.14013671875,5004.22998046875,4967.68017578125
2005-09-08 00:00:00,4992.75,4999.419921875,4967.9599609375
2005-09-09 00:00:00,5005.93017578125,5020.47021484375,4971.240234375
2005-09-12 00:00:00,4989.97998046875,5035.39013671875,4979.85009765625
2005-09-13 00:00:00,4901.8798828125,4993.2998046875,4899.31982421875
2005-09-14 00:00:00,4911.169921875,4934.60986328125,4888.02978515625
2005-09-15 00:00:00,4905.97998046875,4925.2099609375,4888.7900390625
2005-09-16 00:00:00,4986.5,5001.7900390625,4911.740234375
2005-09-19 00:00:00,4926.1298828125,4948.89990234375,4872.64013671875
2005-09-20 00:00:00,4962.85986328125,4967.31005859375,4927.97998046875
2005-09-21 00:00:00,4875.22021484375,4933.56005859375,4870.7001953125
2005-09-22 00:00:00,4849.009765625,4872.52978515625,4827.85986328125
2005-09-23 00:00:00,4882.580078125,4887.4599609375,4855.580078125
2005-09-26 00:00:00,4998.16015625,5000.169921875,4938.18017578125
2005-09-27 00:00:00,4965.8798828125,4992.6298828125,4957.2900390625
2005-09-28 00:00:00,5048.740234375,5052.35009765625,4983.64013671875
2005-09-29 00:00:00,5021.169921875,5059.85986328125,5003.97998046875
2005-09-30 00:00:00,5044.1201171875,5061.83984375,5021.14013671875
2005-10-03 00:00:00,5082.06982421875,5083.56005859375,5050.22021484375
2005-10-04 00:00:00,5138.02001953125,5138.02001953125,5064.7998046875
2005-10-05 00:00:00,5069.419921875,5111.66015625,5067.2099609375
2005-10-06 00:00:00,5017.27001953125,5037.5,4980.6201171875
2005-10-07 00:00:00,5007.77001953125,5032.66015625,4984.4501953125
2005-10-10 00:00:00,5022.7900390625,5057.1298828125,5006.56982421875
2005-10-11 00:00:00,5032.4599609375,5065.169921875,5020.2998046875
2005-10-12 00:00:00,4981.77001953125,5017.8701171875,4955.81982421875
2005-10-13 00:00:00,4950.06982421875,4993.580078125,4929.10986328125
2005-10-14 00:00:00,4975.56005859375,4988.5,4933.16015625
2005-10-17 00:00:00,4978.830078125,4999.0,4965.6298828125
2005-10-18 00:00:00,4947.18017578125,4993.18994140625,4943.18994140625
2005-10-19 00:00:00,4845.97998046875,4902.22021484375,4825.9599609375
2005-10-20 00:00:00,4864.25,4931.9501953125,4852.56005859375
2005-10-21 00:00:00,4838.39990234375,4870.81005859375,4831.75
2005-10-24 00:00:00,4901.7900390625,4905.4599609375,4836.41015625
2005-10-25 00:00:00,4872.97021484375,4930.89013671875,4871.89013671875
2005-10-26 00:00:00,4900.7900390625,4914.93994140625,4866.56982421875
2005-10-27 00:00:00,4806.0498046875,4878.35009765625,4793.10009765625
2005-10-28 00:00:00,4825.64013671875,4835.490234375,4762.75
2005-10-31 00:00:00,4929.06982421875,4930.919921875,4854.58984375
2005-11-01 00:00:00,4922.5498046875,4938.39013671875,4907.68994140625
2005-11-02 00:00:00,4954.830078125,4954.830078125,4891.6201171875
2005-11-03 00:00:00,5011.0,5013.75,4966.330078125
2005-11-04 00:00:00,4995.240234375,5013.9501953125,4976.2900390625
2005-11-07 00:00:00,5024.2001953125,5033.990234375,4983.75
2005-11-08 00:00:00,5008.830078125,5047.509765625,4993.669921875
2005-11-09 00:00:00,5011.3798828125,5031.8701171875,4999.1201171875
2005-11-10 00:00:00,5015.5498046875,5047.83984375,5003.10986328125
2005-11-11 00:00:00,5090.75,5092.7998046875,5046.22998046875
2005-11-14 00:00:00,5092.43017578125,5106.97998046875,5075.6298828125
2005-11-15 00:00:00,5110.60986328125,5115.64990234375,5074.47998046875
2005-11-16 00:00:00,5081.4599609375,5114.66015625,5063.85986328125
2005-11-17 00:00:00,5099.72021484375,5130.2099609375,5089.669921875
2005-11-18 00:00:00,5123.5,5162.509765625,5108.93017578125
2005-11-21 00:00:00,5170.60986328125,5179.5498046875,5127.06982421875
2005-11-22 00:00:00,5174.72021484375,5182.72998046875,5161.35009765625
2005-11-23 00:00:00,5196.080078125,5203.3798828125,5172.7900390625
2005-11-24 00:00:00,5187.97998046875,5204.14013671875,5171.56005859375
2005-11-25 00:00:00,5194.27001953125,5194.31005859375,5178.64990234375
2005-11-28 00:00:00,5176.58984375,5241.0,5167.91015625
2005-11-29 00:00:00,5199.47998046875,5218.43017578125,5155.33984375
2005-11-30 00:00:00,5193.39990234375,5209.56005859375,5166.39013671875
2005-12-01 00:00:00,5266.5498046875,5266.6201171875,5208.490234375
2005-12-02 00:00:00,5307.990234375,5307.990234375,5275.2998046875
2005-12-05 00:00:00,5266.85986328125,5306.08984375,5251.85986328125
2005-12-06 00:00:00,5300.85009765625,5309.93017578125,5267.7099609375
2005-12-07 00:00:00,5266.75,5308.7900390625,5248.72998046875
2005-12-08 00:00:00,5286.75,5286.75,5222.240234375
2005-12-09 00:00:00,5282.1298828125,5294.3798828125,5262.0400390625
2005-12-12 00:00:00,5301.2099609375,5331.06005859375,5290.91015625
2005-12-13 00:00:00,5310.27978515625,5313.2001953125,5285.669921875
2005-12-14 00:00:00,5286.759765625,5321.10986328125,5274.97021484375
2005-12-15 00:00:00,5295.81982421875,5304.56982421875,5279.330078125
2005-12-16 00:00:00,5353.66015625,5356.669921875,5302.68017578125
2005-12-19 00:00:00,5350.18017578125,5357.669921875,5336.27001953125
2005-12-20 00:00:00,5356.60009765625,5365.60009765625,5322.830078125
2005-12-21 00:00:00,5397.22998046875,5400.330078125,5367.68017578125
2005-12-22 00:00:00,5398.27978515625,5403.1298828125,5387.4599609375
2005-12-23 00:00:00,5419.0498046875,5425.6201171875,5405.919921875
2005-12-27 00:00:00,5444.83984375,5454.509765625,5419.5498046875
2005-12-28 00:00:00,5447.14990234375,5460.39013671875,5432.2998046875
2005-12-29 00:00:00,5458.580078125,5469.9599609375,5447.1298828125
2005-12-30 00:00:00,5408.259765625,5446.7900390625,5385.06982421875
2006-01-02 00:00:00,5449.97998046875,5451.56982421875,5409.27978515625
2006-01-03 00:00:00,5460.68017578125,5496.4599609375,5440.740234375
2006-01-04 00:00:00,5523.6201171875,5523.669921875,5477.60009765625
2006-01-05 00:00:00,5516.52978515625,5526.41015625,5502.25
2006-01-06 00:00:00,5536.31982421875,5537.580078125,5507.919921875
2006-01-09 00:00:00,5537.10986328125,5553.5498046875,5532.83984375
2006-01-10 00:00:00,5494.7099609375,5528.27978515625,5482.18017578125
2006-01-11 00:00:00,5532.89013671875,5537.47998046875,5515.669921875
2006-01-12 00:00:00,5542.1298828125,5553.47998046875,5516.240234375
2006-01-13 00:00:00,5483.08984375,5531.72998046875,5463.77978515625
2006-01-16 00:00:00,5514.64013671875,5515.259765625,5462.5400390625
2006-01-17 00:00:00,5460.16015625,5481.85986328125,5448.8701171875
2006-01-18 00:00:00,5395.60986328125,5426.81982421875,5363.64013671875
2006-01-19 00:00:00,5430.83984375,5438.91015625,5410.2900390625
2006-01-20 00:00:00,5349.02001953125,5447.3701171875,5344.52001953125
2006-01-23 00:00:00,5348.72021484375,5350.240234375,5290.490234375
2006-01-24 00:00:00,5334.2998046875,5369.580078125,5321.27001953125
2006-01-25 00:00:00,5427.08984375,5430.08984375,5339.009765625
2006-01-26 00:00:00,5548.91015625,5549.080078125,5422.259765625
2006-01-27 00:00:00,5647.419921875,5650.9501953125,5585.3701171875
2006-01-30 00:00:00,5660.02978515625,5670.39013671875,5619.06982421875
2006-01-31 00:00:00,5674.14990234375,5697.009765625,5635.81005859375
2006-02-01 00:00:00,5726.52978515625,5733.56005859375,5643.39990234375
2006-02-02 00:00:00,5649.60009765625,5760.6298828125,5644.10986328125
2006-02-03 00:00:00,5657.1201171875,5686.43994140625,5614.2900390625
2006-02-06 00:00:00,5666.77978515625,5702.759765625,5649.27978515625
2006-02-07 00:00:00,5672.919921875,5699.35009765625,5630.10986328125
2006-02-08 00:00:00,5666.41015625,5675.56005859375,5598.0498046875
2006-02-09 00:00:00,5743.68017578125,5743.68017578125,5694.4599609375
2006-02-10 00:00:00,5701.47021484375,5745.490234375,5696.02001953125
2006-02-13 00:00:00,5756.330078125,5756.330078125,5683.8798828125
2006-02-14 00:00:00,5763.39990234375,5786.68994140625,5717.43994140625
2006-02-15 00:00:00,5764.3701171875,5790.27001953125,5744.9599609375
2006-02-16 00:00:00,5789.25,5796.7900390625,5757.25
2006-02-17 00:00:00,5795.47998046875,5814.7900390625,5773.52001953125
2006-02-20 00:00:00,5793.9501953125,5802.72021484375,5766.990234375
2006-02-21 00:00:00,5801.0400390625,5850.47021484375,5780.990234375
2006-02-22 00:00:00,5862.06005859375,5862.06005859375,5783.35009765625
2006-02-23 00:00:00,5857.8798828125,5884.22021484375,5820.35009765625
2006-02-24 00:00:00,5870.7900390625,5873.10009765625,5840.60009765625
2006-02-27 00:00:00,5915.14990234375,5915.93017578125,5871.75
2006-02-28 00:00:00,5796.0400390625,5916.7998046875,5791.89990234375
2006-03-01 00:00:00,5866.60986328125,5867.58984375,5796.41015625
2006-03-02 00:00:00,5783.490234375,5885.72998046875,5749.06005859375
2006-03-03 00:00:00,5721.4599609375,5811.47998046875,5691.2099609375
2006-03-06 00:00:00,5754.06005859375,5768.97998046875,5726.58984375
2006-03-07 00:00:00,5739.27978515625,5750.85009765625,5698.06005859375
2006-03-08 00:00:00,5673.35986328125,5763.27001953125,5664.18994140625
2006-03-09 00:00:00,5732.22021484375,5741.830078125,5693.2998046875
2006-03-10 00:00:00,5804.919921875,5804.9501953125,5708.7900390625
2006-03-13 00:00:00,5855.16015625,5859.919921875,5807.60986328125
2006-03-14 00:00:00,5870.8798828125,5870.8798828125,5823.6298828125
2006-03-15 00:00:00,5898.47998046875,5905.830078125,5869.509765625
2006-03-16 00:00:00,5897.7900390625,5909.5,5867.3701171875
2006-03-17 00:00:00,5882.3798828125,5947.43017578125,5862.0400390625
2006-03-20 00:00:00,5902.7900390625,5932.4599609375,5884.330078125
2006-03-21 00:00:00,5911.85986328125,5911.85986328125,5847.89990234375
2006-03-22 00:00:00,5932.31005859375,5949.14990234375,5859.52001953125
2006-03-23 00:00:00,5947.10986328125,5960.02001953125,5922.02978515625
2006-03-24 00:00:00,5973.14013671875,5977.06005859375,5941.240234375
2006-03-27 00:00:00,5912.259765625,5976.6298828125,5910.89013671875
2006-03-28 00:00:00,5890.6298828125,5940.58984375,5863.06982421875
2006-03-29 00:00:00,5914.77978515625,5921.1201171875,5868.2099609375
2006-03-30 00:00:00,5984.18994140625,5993.4501953125,5936.31005859375
2006-03-31 00:00:00,5970.080078125,5993.89990234375,5942.8798828125
2006-04-03 00:00:00,6024.0498046875,6028.14013671875,5978.4599609375
2006-04-04 00:00:00,6013.85009765625,6024.66015625,5992.89013671875
2006-04-05 00:00:00,6029.2001953125,6035.669921875,5995.77001953125
2006-04-06 00:00:00,6031.39013671875,6047.97998046875,6008.56005859375
2006-04-07 00:00:00,5952.919921875,6045.25,5947.56005859375
2006-04-10 00:00:00,6003.39990234375,6004.7099609375,5943.1201171875
2006-04-11 00:00:00,5908.47021484375,6000.759765625,5895.0400390625
2006-04-12 00:00:00,5901.25,5917.27978515625,5860.5
2006-04-13 00:00:00,5918.56982421875,5925.39990234375,5873.580078125
2006-04-18 00:00:00,5902.580078125,5917.83984375,5866.85009765625
2006-04-19 00:00:00,5993.759765625,5996.60009765625,5935.41015625
2006-04-20 00:00:00,6063.27978515625,6089.2998046875,5996.5
2006-04-21 00:00:00,6094.75,6108.68994140625,6069.3798828125
2006-04-24 00:00:00,6079.08984375,6094.830078125,6034.85986328125
2006-04-25 00:00:00,6078.7998046875,6111.2998046875,6051.60986328125
2006-04-26 00:00:00,6107.1201171875,6121.9501953125,6081.9501953125
2006-04-27 00:00:00,6067.740234375,6113.080078125,6021.27001953125
2006-04-28 00:00:00,6009.89013671875,6061.5,6003.91015625
2006-05-02 00:00:00,6051.2900390625,6056.27001953125,6006.8701171875
2006-05-03 00:00:00,5968.9599609375,6079.7998046875,5962.85986328125
2006-05-04 00:00:00,6039.31982421875,6040.7001953125,5968.68017578125
2006-05-05 00:00:00,6113.2900390625,6113.2900390625,6045.830078125
2006-05-08 00:00:00,6127.97998046875,6153.47021484375,6118.97998046875
2006-05-09 00:00:00,6140.72021484375,6142.02001953125,6100.0400390625
2006-05-10 00:00:00,6118.3798828125,6157.9599609375,6110.4501953125
2006-05-11 00:00:00,6054.72021484375,6162.3701171875,6047.43017578125
2006-05-12 00:00:00,5916.27978515625,6043.64990234375,5915.740234375
2006-05-15 00:00:00,5857.02978515625,5902.43994140625,5785.14013671875
2006-05-16 00:00:00,5851.919921875,5898.330078125,5807.83984375
2006-05-17 00:00:00,5652.72021484375,5897.77001953125,5652.72021484375
2006-05-18 00:00:00,5666.06982421875,5714.6298828125,5587.919921875
2006-05-19 00:00:00,5672.27978515625,5706.18994140625,5635.68994140625
2006-05-22 00:00:00,5546.240234375,5653.85009765625,5513.43017578125
2006-05-23 00:00:00,5678.490234375,5703.33984375,5556.81982421875
2006-05-24 00:00:00,5587.22998046875,5653.990234375,5552.02001953125
2006-05-25 00:00:00,5706.06005859375,5706.06005859375,5568.830078125
2006-05-26 00:00:00,5788.35986328125,5788.47021484375,5720.5
2006-05-29 00:00:00,5755.02001953125,5784.2900390625,5748.2001953125
2006-05-30 00:00:00,5622.43017578125,5758.81982421875,5593.89013671875
2006-05-31 00:00:00,5692.85986328125,5704.10986328125,5533.1201171875
2006-06-01 00:00:00,5707.58984375,5713.52978515625,5603.10009765625
2006-06-02 00:00:00,5687.0400390625,5778.77978515625,5676.0400390625
2006-06-05 00:00:00,5621.18994140625,5691.68994140625,5590.22021484375
2006-06-06 00:00:00,5502.81005859375,5590.830078125,5477.75
2006-06-07 00:00:00,5543.93017578125,5572.08984375,5471.759765625
2006-06-08 00:00:00,5383.27978515625,5478.7099609375,5383.27978515625
2006-06-09 00:00:00,5464.080078125,5485.56982421875,5434.7998046875
2006-06-12 00:00:00,5395.5498046875,5470.22998046875,5375.990234375
2006-06-13 00:00:00,5292.14013671875,5337.68017578125,5262.2099609375
2006-06-14 00:00:00,5305.990234375,5332.080078125,5243.7099609375
2006-06-15 00:00:00,5422.22021484375,5438.330078125,5330.47998046875
2006-06-16 00:00:00,5376.009765625,5507.60009765625,5367.14013671875
2006-06-19 00:00:00,5439.22998046875,5483.8798828125,5388.830078125
2006-06-20 00:00:00,5493.60986328125,5493.60986328125,5382.580078125
2006-06-21 00:00:00,5503.41015625,5510.14990234375,5414.6201171875
2006-06-22 00:00:00,5533.419921875,5580.81982421875,5499.35986328125
2006-06-23 00:00:00,5529.740234375,5559.8701171875,5499.5498046875
2006-06-26 00:00:00,5514.6298828125,5564.64013671875,5500.93994140625
2006-06-27 00:00:00,5459.14990234375,5552.9501953125,5447.02001953125
2006-06-28 00:00:00,5456.8701171875,5490.18994140625,5420.080078125
2006-06-29 00:00:00,5581.669921875,5592.52978515625,5479.9599609375
2006-06-30 00:00:00,5683.31005859375,5698.2099609375,5617.7099609375
2006-07-03 00:00:00,5712.68994140625,5712.68994140625,5675.5
2006-07-04 00:00:00,5729.009765625,5729.58984375,5689.009765625
2006-07-05 00:00:00,5625.6298828125,5705.580078125,5608.9501953125
2006-07-06 00:00:00,5695.47021484375,5702.64990234375,5635.27001953125
2006-07-07 00:00:00,5681.85009765625,5717.89990234375,5628.18994140625
2006-07-10 00:00:00,5706.31982421875,5711.0400390625,5633.47021484375
2006-07-11 00:00:00,5616.0400390625,5684.39990234375,5593.7998046875
2006-07-12 00:00:00,5637.81982421875,5700.009765625,5620.490234375
2006-07-13 00:00:00,5527.2900390625,5609.1298828125,5505.35986328125
2006-07-14 00:00:00,5422.22021484375,5504.06982421875,5422.22021484375
2006-07-17 00:00:00,5416.9599609375,5451.25,5365.06005859375
2006-07-18 00:00:00,5396.85009765625,5445.06982421875,5373.43994140625
2006-07-19 00:00:00,5539.2900390625,5543.3798828125,5401.41015625
2006-07-20 00:00:00,5545.81982421875,5587.27978515625,5535.06005859375
2006-07-21 00:00:00,5451.009765625,5539.72021484375,5423.6298828125
2006-07-24 00:00:00,5578.0498046875,5582.06005859375,5460.1201171875
2006-07-25 00:00:00,5565.759765625,5601.6201171875,5542.3798828125
2006-07-26 00:00:00,5583.10009765625,5596.18994140625,5555.4501953125
2006-07-27 00:00:00,5659.06982421875,5667.5498046875,5597.35009765625
2006-07-28 00:00:00,5705.419921875,5708.330078125,5620.91015625
2006-07-31 00:00:00,5681.97021484375,5708.3701171875,5672.77001953125
2006-08-01 00:00:00,5596.740234375,5693.490234375,5583.9599609375
2006-08-02 00:00:00,5680.81982421875,5684.490234375,5620.7900390625
2006-08-03 00:00:00,5640.02978515625,5696.7001953125,5591.18994140625
2006-08-04 00:00:00,5723.02978515625,5741.7998046875,5654.31982421875
2006-08-07 00:00:00,5626.669921875,5687.7998046875,5614.2998046875
2006-08-08 00:00:00,5651.919921875,5678.72998046875,5630.06005859375
2006-08-09 00:00:00,5702.81005859375,5709.10009765625,5612.9501953125
2006-08-10 00:00:00,5630.9599609375,5662.72998046875,5557.58984375
2006-08-11 00:00:00,5628.3701171875,5673.2001953125,5602.2998046875
2006-08-14 00:00:00,5692.0,5701.58984375,5659.7099609375
2006-08-15 00:00:00,5776.7998046875,5793.0498046875,5664.89013671875
2006-08-16 00:00:00,5812.93994140625,5826.41015625,5764.7998046875
2006-08-17 00:00:00,5833.509765625,5835.35009765625,5803.33984375
2006-08-18 00:00:00,5817.02001953125,5849.3701171875,5804.240234375
2006-08-21 00:00:00,5794.830078125,5817.08984375,5771.93017578125
2006-08-22 00:00:00,5818.41015625,5831.85986328125,5755.89013671875
2006-08-23 00:00:00,5775.5400390625,5819.2900390625,5759.5498046875
2006-08-24 00:00:00,5814.080078125,5847.10986328125,5744.10986328125
2006-08-25 00:00:00,5811.47021484375,5834.06982421875,5783.89013671875
2006-08-28 00:00:00,5854.990234375,5862.330078125,5767.830078125
2006-08-29 00:00:00,5847.02001953125,5880.47998046875,5837.3798828125
2006-08-30 00:00:00,5867.52978515625,5884.509765625,5852.18994140625
2006-08-31 00:00:00,5859.56982421875,5886.77978515625,5841.0
2006-09-01 00:00:00,5876.5400390625,5907.16015625,5856.490234375
2006-09-04 00:00:00,5909.72021484375,5917.240234375,5890.009765625
2006-09-05 00:00:00,5884.06982421875,5907.490234375,5857.3798828125
2006-09-06 00:00:00,5813.06005859375,5883.89013671875,5799.68994140625
2006-09-07 00:00:00,5773.72021484375,5792.64013671875,5753.669921875
2006-09-08 00:00:00,5795.259765625,5811.58984375,5773.5400390625
2006-09-11 00:00:00,5798.4599609375,5800.7099609375,5737.2001953125
2006-09-12 00:00:00,5873.85009765625,5878.830078125,5775.02978515625
2006-09-13 00:00:00,5906.1201171875,5906.97998046875,5874.4501953125
2006-09-14 00:00:00,5907.3701171875,5935.0400390625,5888.740234375
2006-09-15 00:00:00,5937.8701171875,5953.72021484375,5907.4599609375
2006-09-18 00:00:00,5926.330078125,5950.35986328125,5896.64990234375
2006-09-19 00:00:00,5873.4599609375,5930.14013671875,5869.56982421875
2006-09-20 00:00:00,5954.3798828125,5962.14013671875,5872.31005859375
2006-09-21 00:00:00,5962.02978515625,5979.8701171875,5936.0
2006-09-22 00:00:00,5883.31982421875,5930.2998046875,5857.89013671875
2006-09-25 00:00:00,5901.66015625,5935.02001953125,5864.990234375
2006-09-26 00:00:00,5960.6298828125,5977.919921875,5926.5498046875
2006-09-27 00:00:00,5989.7099609375,6003.509765625,5956.02978515625
2006-09-28 00:00:00,5989.16015625,6002.93994140625,5973.5
2006-09-29 00:00:00,6004.330078125,6031.5498046875,5992.419921875
2006-10-02 00:00:00,5999.4599609375,6031.85986328125,5964.740234375
2006-10-03 00:00:00,5992.22021484375,5992.22021484375,5944.56982421875
2006-10-04 00:00:00,6046.3701171875,6050.27978515625,5995.41015625
2006-10-05 00:00:00,6075.27978515625,6097.8701171875,6065.4599609375
2006-10-06 00:00:00,6085.81982421875,6088.43994140625,6052.990234375
2006-10-09 00:00:00,6084.39990234375,6084.5498046875,6054.669921875
2006-10-10 00:00:00,6117.7099609375,6127.27978515625,6088.0498046875
2006-10-11 00:00:00,6119.4501953125,6128.2001953125,6080.14013671875
2006-10-12 00:00:00,6160.27978515625,6164.41015625,6112.509765625
2006-10-13 00:00:00,6173.68017578125,6188.68994140625,6152.35986328125
2006-10-16 00:00:00,6186.5400390625,6189.81982421875,6162.77001953125
2006-10-17 00:00:00,6115.10009765625,6170.02001953125,6106.18994140625
2006-10-18 00:00:00,6182.77978515625,6210.35009765625,6133.77978515625
2006-10-19 00:00:00,6177.419921875,6203.89990234375,6148.31005859375
2006-10-20 00:00:00,6202.81982421875,6218.56982421875,6176.89990234375
2006-10-23 00:00:00,6242.91015625,6248.7998046875,6185.509765625
2006-10-24 00:00:00,6247.52001953125,6251.9501953125,6226.93017578125
2006-10-25 00:00:00,6264.919921875,6276.740234375,6234.06005859375
2006-10-26 00:00:00,6284.18994140625,6304.77978515625,6270.22021484375
2006-10-27 00:00:00,6262.5400390625,6300.3701171875,6231.330078125
2006-10-30 00:00:00,6258.18994140625,6263.35009765625,6205.75
2006-10-31 00:00:00,6268.919921875,6286.7001953125,6237.5498046875
2006-11-01 00:00:00,6291.89990234375,6311.93017578125,6262.58984375
2006-11-02 00:00:00,6223.330078125,6295.669921875,6201.0
2006-11-03 00:00:00,6241.14990234375,6279.4599609375,6220.10986328125
2006-11-06 00:00:00,6330.64990234375,6331.18994140625,6249.919921875
2006-11-07 00:00:00,6361.9599609375,6363.14990234375,6326.240234375
2006-11-08 00:00:00,6349.259765625,6356.41015625,6317.8701171875
2006-11-09 00:00:00,6358.68017578125,6366.64990234375,6333.5
2006-11-10 00:00:00,6357.77001953125,6366.4599609375,6311.52978515625
2006-11-13 00:00:00,6393.72998046875,6403.72021484375,6344.10009765625
2006-11-14 00:00:00,6387.3798828125,6411.240234375,6365.43017578125
2006-11-15 00:00:00,6430.89013671875,6434.0,6404.16015625
2006-11-16 00:00:00,6443.02001953125,6452.1298828125,6415.43017578125
2006-11-17 00:00:00,6412.35986328125,6451.68994140625,6398.52001953125
2006-11-20 00:00:00,6452.330078125,6459.52978515625,6368.06982421875
2006-11-21 00:00:00,6460.39013671875,6476.7099609375,6447.52978515625
2006-11-22 00:00:00,6476.1298828125,6497.06005859375,6453.490234375
2006-11-23 00:00:00,6475.25,6494.7001953125,6461.580078125
2006-11-24 00:00:00,6411.9599609375,6469.25,6367.2001953125
2006-11-27 00:00:00,6298.169921875,6419.97021484375,6297.60986328125
2006-11-28 00:00:00,6281.68017578125,6305.64990234375,6247.990234375
2006-11-29 00:00:00,6363.7998046875,6365.830078125,6297.35009765625
2006-11-30 00:00:00,6309.18994140625,6402.7099609375,6304.6201171875
2006-12-01 00:00:00,6241.1298828125,6360.669921875,6195.81005859375
2006-12-04 00:00:00,6295.22998046875,6301.43017578125,6230.2998046875
2006-12-05 00:00:00,6372.7998046875,6381.3701171875,6286.919921875
2006-12-06 00:00:00,6369.509765625,6385.43994140625,6341.72021484375
2006-12-07 00:00:00,6413.02978515625,6440.56005859375,6356.3798828125
2006-12-08 00:00:00,6427.41015625,6435.3798828125,6352.35009765625
2006-12-11 00:00:00,6469.419921875,6476.33984375,6447.93994140625
2006-12-12 00:00:00,6476.169921875,6484.10009765625,6457.3701171875
2006-12-13 00:00:00,6520.77001953125,6521.02001953125,6470.85986328125
2006-12-14 00:00:00,6552.580078125,6559.3798828125,6523.47021484375
2006-12-15 00:00:00,6588.830078125,6605.14990234375,6556.72998046875
2006-12-18 00:00:00,6597.25,6615.68017578125,6585.7900390625
2006-12-19 00:00:00,6553.509765625,6577.35009765625,6524.52978515625
2006-12-20 00:00:00,6586.91015625,6606.47021484375,6578.97021484375
2006-12-21 00:00:00,6573.9599609375,6595.43017578125,6563.5
2006-12-22 00:00:00,6503.1298828125,6577.009765625,6493.990234375
2006-12-27 00:00:00,6608.85986328125,6611.7001953125,6525.759765625
2006-12-28 00:00:00,6611.81005859375,6629.330078125,6600.89013671875
2006-12-29 00:00:00,6596.919921875,6627.35986328125,6596.60009765625
2007-01-02 00:00:00,6681.1298828125,6682.81005859375,6614.72998046875
2007-01-03 00:00:00,6691.31982421875,6704.0400390625,6667.580078125
2007-01-04 00:00:00,6674.39990234375,6684.10986328125,6634.740234375
2007-01-05 00:00:00,6593.08984375,6665.509765625,6588.02978515625
2007-01-08 00:00:00,6607.58984375,6628.35986328125,6579.89990234375
2007-01-09 00:00:00,6614.3701171875,6665.91015625,6606.8701171875
2007-01-10 00:00:00,6566.56005859375,6592.97021484375,6531.25
2007-01-11 00:00:00,6687.2998046875,6695.740234375,6571.58984375
2007-01-12 00:00:00,6705.169921875,6705.169921875,6659.9501953125
2007-01-15 00:00:00,6731.740234375,6746.2998046875,6719.52978515625
2007-01-16 00:00:00,6716.81982421875,6746.6298828125,6705.2099609375
2007-01-17 00:00:00,6701.7001953125,6732.31005859375,6672.759765625
2007-01-18 00:00:00,6689.6201171875,6737.97998046875,6661.0498046875
2007-01-19 00:00:00,6747.169921875,6754.5498046875,6651.68017578125
2007-01-22 00:00:00,6687.31005859375,6766.56982421875,6682.490234375
2007-01-23 00:00:00,6678.93017578125,6704.35986328125,6627.9599609375
2007-01-24 00:00:00,6748.3701171875,6759.9501953125,6681.66015625
2007-01-25 00:00:00,6719.580078125,6771.419921875,6703.89990234375
2007-01-26 00:00:00,6690.33984375,6731.35986328125,6659.4501953125
2007-01-29 00:00:00,6726.009765625,6739.5,6683.3798828125
2007-01-30 00:00:00,6788.22998046875,6801.27001953125,6711.0498046875
2007-01-31 00:00:00,6789.10986328125,6805.08984375,6758.85009765625
2007-02-01 00:00:00,6851.27978515625,6874.77001953125,6820.580078125
2007-02-02 00:00:00,6885.759765625,6904.8798828125,6848.169921875
2007-02-05 00:00:00,6874.06005859375,6891.1298828125,6864.18994140625
2007-02-06 00:00:00,6875.7001953125,6906.68017578125,6862.18994140625
2007-02-07 00:00:00,6915.56005859375,6924.4599609375,6885.080078125
2007-02-08 00:00:00,6876.72998046875,6918.0400390625,6849.85009765625
2007-02-09 00:00:00,6911.10986328125,6928.97998046875,6890.64013671875
2007-02-12 00:00:00,6859.4501953125,6892.02978515625,6844.39013671875
2007-02-13 00:00:00,6895.33984375,6895.52001953125,6866.06982421875
2007-02-14 00:00:00,6961.18017578125,6965.39013671875,6907.91015625
2007-02-15 00:00:00,6958.6201171875,6972.43994140625,6942.25
2007-02-16 00:00:00,6957.06982421875,6979.02001953125,6941.02978515625
2007-02-19 00:00:00,6987.080078125,6996.009765625,6965.91015625
2007-02-20 00:00:00,6982.91015625,6987.669921875,6936.080078125
2007-02-21 00:00:00,6941.66015625,7005.33984375,6922.35986328125
2007-02-22 00:00:00,6973.72998046875,7012.33984375,6955.56982421875
2007-02-23 00:00:00,6992.580078125,6998.27001953125,6964.5
2007-02-26 00:00:00,7027.58984375,7040.2001953125,6980.25
2007-02-27 00:00:00,6819.64990234375,6988.33984375,6814.56982421875
2007-02-28 00:00:00,6715.43994140625,6775.52001953125,6640.990234375
2007-03-01 00:00:00,6640.240234375,6756.25,6544.27978515625
2007-03-02 00:00:00,6603.31982421875,6703.0400390625,6554.0498046875
2007-03-05 00:00:00,6534.56982421875,6563.4501953125,6437.25
2007-03-06 00:00:00,6595.0,6607.990234375,6545.6298828125
2007-03-07 00:00:00,6617.75,6633.8701171875,6584.47021484375
2007-03-08 00:00:00,6713.22998046875,6713.5400390625,6639.89013671875
2007-03-09 00:00:00,6716.52001953125,6745.06005859375,6665.72998046875
2007-03-12 00:00:00,6715.490234375,6752.18017578125,6674.990234375
2007-03-13 00:00:00,6623.990234375,6722.830078125,6623.990234375
2007-03-14 00:00:00,6447.7001953125,6567.240234375,6444.7001953125
2007-03-15 00:00:00,6585.47021484375,6594.330078125,6495.83984375
2007-03-16 00:00:00,6579.8701171875,6614.06005859375,6528.2998046875
2007-03-19 00:00:00,6671.41015625,6677.33984375,6614.14013671875
2007-03-20 00:00:00,6700.2900390625,6703.39990234375,6633.81005859375
2007-03-21 00:00:00,6712.06005859375,6729.64990234375,6688.33984375
2007-03-22 00:00:00,6856.9599609375,6872.6298828125,6742.77978515625
2007-03-23 00:00:00,6899.06005859375,6902.6201171875,6828.22021484375
2007-03-26 00:00:00,6828.81982421875,6903.81982421875,6799.3701171875
2007-03-27 00:00:00,6858.33984375,6885.33984375,6838.31982421875
2007-03-28 00:00:00,6816.89013671875,6843.3701171875,6788.330078125
2007-03-29 00:00:00,6897.080078125,6903.47998046875,6834.08984375
2007-03-30 00:00:00,6917.02978515625,6965.83984375,6885.580078125
2007-04-02 00:00:00,6937.169921875,6945.35986328125,6891.7998046875
2007-04-03 00:00:00,7045.56005859375,7053.1201171875,6945.27001953125
2007-04-04 00:00:00,7073.91015625,7076.2099609375,7038.490234375
2007-04-05 00:00:00,7099.91015625,7103.72998046875,7068.08984375
2007-04-10 00:00:00,7166.669921875,7172.080078125,7090.68994140625
2007-04-11 00:00:00,7152.830078125,7201.93017578125,7139.33984375
2007-04-12 00:00:00,7142.9501953125,7152.3798828125,7087.2900390625
2007-04-13 00:00:00,7212.06982421875,7213.2001953125,7150.7001953125
2007-04-16 00:00:00,7338.06005859375,7340.25,7229.06005859375
2007-04-17 00:00:00,7348.830078125,7365.509765625,7292.2998046875
2007-04-18 00:00:00,7282.33984375,7341.25,7243.419921875
2007-04-19 00:00:00,7242.72998046875,7248.18017578125,7155.0498046875
2007-04-20 00:00:00,7342.5400390625,7366.58984375,7253.02978515625
2007-04-23 00:00:00,7335.6201171875,7358.27001953125,7302.43017578125
2007-04-24 00:00:00,7270.31982421875,7342.080078125,7218.72021484375
2007-04-25 00:00:00,7343.080078125,7363.3701171875,7287.7998046875
2007-04-26 00:00:00,7387.02001953125,7412.52978515625,7356.83984375
2007-04-27 00:00:00,7378.1201171875,7395.35986328125,7333.68994140625
2007-04-30 00:00:00,7408.8701171875,7436.2998046875,7361.35986328125
2007-05-02 00:00:00,7455.93017578125,7462.72021484375,7422.81005859375
2007-05-03 00:00:00,7476.68994140625,7483.22021484375,7420.35009765625
2007-05-04 00:00:00,7516.759765625,7526.509765625,7460.02001953125
2007-05-07 00:00:00,7525.68994140625,7538.58984375,7508.10009765625
2007-05-08 00:00:00,7442.2001953125,7515.47021484375,7413.009765625
2007-05-09 00:00:00,7475.990234375,7489.85986328125,7427.25
2007-05-10 00:00:00,7415.330078125,7494.18017578125,7400.419921875
2007-05-11 00:00:00,7479.33984375,7482.35986328125,7304.60986328125
2007-05-14 00:00:00,7459.60986328125,7527.9599609375,7446.10986328125
2007-05-15 00:00:00,7505.35009765625,7520.52978515625,7418.259765625
2007-05-16 00:00:00,7481.25,7523.0,7460.2900390625
2007-05-17 00:00:00,7499.5,7528.6201171875,7483.66015625
2007-05-18 00:00:00,7607.5400390625,7613.6201171875,7490.509765625
2007-05-21 00:00:00,7619.31005859375,7644.43994140625,7599.490234375
2007-05-22 00:00:00,7659.39013671875,7676.8701171875,7608.759765625
2007-05-23 00:00:00,7735.8798828125,7739.06005859375,7659.7998046875
2007-05-24 00:00:00,7697.3798828125,7774.35986328125,7669.0498046875
2007-05-25 00:00:00,7739.2001953125,7746.919921875,7658.27001953125
2007-05-29 00:00:00,7781.0400390625,7787.5498046875,7735.7998046875
2007-05-30 00:00:00,7764.97021484375,7768.75,7675.89013671875
2007-05-31 00:00:00,7883.0400390625,7895.7099609375,7790.93017578125
2007-06-01 00:00:00,7987.85009765625,8001.6298828125,7889.740234375
2007-06-04 00:00:00,7976.7900390625,8010.39013671875,7936.18017578125
2007-06-05 00:00:00,7919.830078125,7996.60986328125,7880.35009765625
2007-06-06 00:00:00,7730.0498046875,7925.83984375,7723.5498046875
2007-06-07 00:00:00,7618.60986328125,7786.93994140625,7590.169921875
2007-06-08 00:00:00,7590.5,7644.9599609375,7499.43017578125
2007-06-11 00:00:00,7706.10009765625,7706.10009765625,7623.330078125
2007-06-12 00:00:00,7678.259765625,7740.02001953125,7629.4599609375
2007-06-13 00:00:00,7680.759765625,7701.009765625,7595.68994140625
2007-06-14 00:00:00,7849.16015625,7850.72998046875,7752.0400390625
2007-06-15 00:00:00,8030.64013671875,8032.97021484375,7860.330078125
2007-06-18 00:00:00,8036.1201171875,8095.759765625,8013.580078125
2007-06-19 00:00:00,8033.52001953125,8074.10986328125,8011.2900390625
2007-06-20 00:00:00,8090.490234375,8131.72998046875,8046.64013671875
2007-06-21 00:00:00,7964.7099609375,8060.64013671875,7905.18017578125
2007-06-22 00:00:00,7949.6298828125,8013.60009765625,7925.1298828125
2007-06-25 00:00:00,7930.60986328125,7942.93994140625,7829.77978515625
2007-06-26 00:00:00,7860.52001953125,7904.52978515625,7817.39013671875
2007-06-27 00:00:00,7801.22998046875,7822.35009765625,7750.6201171875
2007-06-28 00:00:00,7921.35986328125,7923.58984375,7847.43994140625
2007-06-29 00:00:00,8007.31982421875,8007.740234375,7901.60009765625
2007-07-02 00:00:00,7958.240234375,7981.35986328125,7916.47021484375
2007-07-03 00:00:00,8050.68017578125,8066.830078125,7985.259765625
2007-07-04 00:00:00,8075.259765625,8090.22021484375,8055.25
2007-07-05 00:00:00,7987.1298828125,8115.06005859375,7968.7900390625
2007-07-06 00:00:00,8048.31982421875,8048.43994140625,7947.06982421875
2007-07-09 00:00:00,8077.39013671875,8119.7998046875,8058.77001953125
2007-07-10 00:00:00,7964.759765625,8109.7099609375,7934.85009765625
2007-07-11 00:00:00,7898.5400390625,7922.22998046875,7799.93017578125
2007-07-12 00:00:00,8053.43017578125,8053.6201171875,7880.919921875
2007-07-13 00:00:00,8092.77001953125,8151.56982421875,8065.10986328125
2007-07-16 00:00:00,8105.68994140625,8130.72021484375,8074.97021484375
2007-07-17 00:00:00,8038.2099609375,8090.009765625,7995.43994140625
2007-07-18 00:00:00,7893.60986328125,7990.35986328125,7879.14013671875
2007-07-19 00:00:00,7991.2099609375,8010.75,7933.18994140625
2007-07-20 00:00:00,7874.85009765625,8006.22998046875,7864.18017578125
2007-07-23 00:00:00,7944.2099609375,7944.2099609375,7836.419921875
2007-07-24 00:00:00,7806.7900390625,7933.580078125,7806.22998046875
2007-07-25 00:00:00,7692.5498046875,7790.2001953125,7659.60986328125
2007-07-26 00:00:00,7508.9599609375,7731.169921875,7506.0400390625
2007-07-27 00:00:00,7451.68017578125,7535.3701171875,7372.89013671875
2007-07-30 00:00:00,7456.31005859375,7503.169921875,7386.60009765625
2007-07-31 00:00:00,7584.14013671875,7632.830078125,7501.52978515625
2007-08-01 00:00:00,7473.93017578125,7544.7001953125,7396.35986328125
2007-08-02 00:00:00,7534.1298828125,7568.2001953125,7502.72021484375
2007-08-03 00:00:00,7435.669921875,7566.64013671875,7419.83984375
2007-08-06 00:00:00,7444.4501953125,7471.75,7382.9599609375
2007-08-07 00:00:00,7513.66015625,7534.93017578125,7459.08984375
2007-08-08 00:00:00,7605.93994140625,7614.240234375,7531.7099609375
2007-08-09 00:00:00,7453.58984375,7581.7900390625,7426.0498046875
2007-08-10 00:00:00,7343.259765625,7386.41015625,7293.52001953125
2007-08-13 00:00:00,7474.330078125,7476.7001953125,7380.18017578125
2007-08-14 00:00:00,7425.06982421875,7492.759765625,7383.31982421875
2007-08-15 00:00:00,7445.89990234375,7470.93994140625,7343.25
2007-08-16 00:00:00,7270.06982421875,7360.27978515625,7240.77978515625
2007-08-17 00:00:00,7378.2900390625,7497.64990234375,7190.35986328125
2007-08-20 00:00:00,7407.52978515625,7450.39013671875,7386.5498046875
2007-08-21 00:00:00,7424.75,7469.85986328125,7345.1298828125
2007-08-22 00:00:00,7500.47998046875,7525.7099609375,7424.1201171875
2007-08-23 00:00:00,7511.9599609375,7591.52001953125,7511.91015625
2007-08-24 00:00:00,7507.27001953125,7526.14013671875,7459.9501953125
2007-08-27 00:00:00,7485.990234375,7541.8701171875,7475.9501953125
2007-08-28 00:00:00,7430.240234375,7477.27001953125,7419.68017578125
2007-08-29 00:00:00,7439.18017578125,7451.97021484375,7353.81982421875
2007-08-30 00:00:00,7519.93994140625,7529.75,7416.66015625
2007-08-31 00:00:00,7638.169921875,7659.72021484375,7536.77978515625
2007-09-03 00:00:00,7648.580078125,7677.669921875,7630.85009765625
2007-09-04 00:00:00,7721.77001953125,7725.33984375,7595.4501953125
2007-09-05 00:00:00,7588.02978515625,7717.16015625,7588.02978515625
2007-09-06 00:00:00,7621.72021484375,7644.43017578125,7510.77001953125
2007-09-07 00:00:00,7436.6298828125,7629.85986328125,7420.830078125
2007-09-10 00:00:00,7375.43994140625,7467.4501953125,7369.7001953125
2007-09-11 00:00:00,7457.89990234375,7481.97998046875,7409.25
2007-09-12 00:00:00,7472.990234375,7477.990234375,7420.66015625
2007-09-13 00:00:00,7535.97021484375,7545.22998046875,7430.64013671875
2007-09-14 00:00:00,7497.740234375,7522.1201171875,7445.41015625
2007-09-17 00:00:00,7479.85009765625,7530.81005859375,7433.22998046875
2007-09-18 00:00:00,7575.2099609375,7588.419921875,7452.0
2007-09-19 00:00:00,7750.83984375,7771.02001953125,7627.75
2007-09-20 00:00:00,7735.08984375,7745.25,7696.93994140625
2007-09-21 00:00:00,7794.43017578125,7809.240234375,7714.81005859375
2007-09-24 00:00:00,7787.919921875,7797.6201171875,7762.0498046875
2007-09-25 00:00:00,7769.43994140625,7786.93017578125,7717.43994140625
2007-09-26 00:00:00,7804.14990234375,7815.490234375,7788.43994140625
2007-09-27 00:00:00,7853.7900390625,7882.18017578125,7837.33984375
2007-09-28 00:00:00,7861.509765625,7880.419921875,7790.22998046875
2007-10-01 00:00:00,7922.419921875,7922.419921875,7831.39990234375
2007-10-02 00:00:00,7946.7900390625,7971.1298828125,7924.14013671875
2007-10-03 00:00:00,7955.2998046875,7964.39990234375,7928.56005859375
2007-10-04 00:00:00,7944.990234375,7966.81005859375,7911.85986328125
2007-10-05 00:00:00,8002.18017578125,8014.16015625,7946.33984375
2007-10-08 00:00:00,7974.3701171875,8017.77001953125,7968.25
2007-10-09 00:00:00,7980.43994140625,8012.8701171875,7955.0400390625
2007-10-10 00:00:00,7986.56982421875,8009.33984375,7955.93017578125
2007-10-11 00:00:00,8033.68994140625,8063.830078125,7981.52978515625
2007-10-12 00:00:00,8041.259765625,8041.259765625,7974.8701171875
2007-10-15 00:00:00,7969.47021484375,8039.7998046875,7951.259765625
2007-10-16 00:00:00,7962.64013671875,7964.60009765625,7927.77978515625
2007-10-17 00:00:00,7985.41015625,8017.0400390625,7941.509765625
2007-10-18 00:00:00,7921.39990234375,8014.56005859375,7906.7900390625
2007-10-19 00:00:00,7884.1201171875,7940.2900390625,7870.72998046875
2007-10-22 00:00:00,7794.93994140625,7819.27978515625,7763.64013671875
2007-10-23 00:00:00,7842.7900390625,7876.6201171875,7822.89013671875
2007-10-24 00:00:00,7828.9599609375,7861.27001953125,7807.990234375
2007-10-25 00:00:00,7932.43994140625,7970.56982421875,7861.39013671875
2007-10-26 00:00:00,7949.169921875,7970.35986328125,7919.2001953125
2007-10-29 00:00:00,8009.669921875,8016.47021484375,7986.7099609375
2007-10-30 00:00:00,7977.93994140625,8004.58984375,7966.240234375
2007-10-31 00:00:00,8019.22021484375,8027.490234375,7960.47998046875
2007-11-01 00:00:00,7880.85009765625,8038.41015625,7853.759765625
2007-11-02 00:00:00,7849.490234375,7864.47998046875,7792.3701171875
2007-11-05 00:00:00,7807.5498046875,7830.919921875,7779.97021484375
2007-11-06 00:00:00,7827.18994140625,7859.9501953125,7821.77978515625
2007-11-07 00:00:00,7799.6201171875,7854.16015625,7739.919921875
2007-11-08 00:00:00,7819.47021484375,7844.39990234375,7701.8701171875
2007-11-09 00:00:00,7812.39990234375,7918.919921875,7792.81982421875
2007-11-12 00:00:00,7806.83984375,7810.60009765625,7766.06982421875
2007-11-13 00:00:00,7777.56005859375,7791.5,7752.240234375
2007-11-14 00:00:00,7783.10986328125,7866.009765625,7765.509765625
2007-11-15 00:00:00,7667.02978515625,7803.8701171875,7635.68994140625
2007-11-16 00:00:00,7612.259765625,7655.9599609375,7564.66015625
2007-11-19 00:00:00,7511.97021484375,7623.10009765625,7498.89990234375
2007-11-20 00:00:00,7630.31005859375,7634.4599609375,7523.669921875
2007-11-21 00:00:00,7518.419921875,7569.85986328125,7474.509765625
2007-11-22 00:00:00,7562.10009765625,7581.1298828125,7488.08984375
2007-11-23 00:00:00,7608.9599609375,7620.2900390625,7549.14990234375
2007-11-26 00:00:00,7567.35986328125,7674.66015625,7559.7001953125
2007-11-27 00:00:00,7531.35009765625,7546.41015625,7444.6201171875
2007-11-28 00:00:00,7723.66015625,7729.0,7536.5400390625
2007-11-29 00:00:00,7765.18994140625,7780.47998046875,7729.43994140625
2007-11-30 00:00:00,7870.52001953125,7894.47021484375,7771.77001953125
2007-12-03 00:00:00,7837.259765625,7889.58984375,7825.66015625
2007-12-04 00:00:00,7808.93994140625,7849.93994140625,7785.1201171875
2007-12-05 00:00:00,7944.77001953125,7953.93994140625,7842.6201171875
2007-12-06 00:00:00,7940.580078125,7998.0400390625,7911.47998046875
2007-12-07 00:00:00,7994.06982421875,8009.759765625,7957.5498046875
2007-12-10 00:00:00,8033.35986328125,8057.68994140625,7955.18994140625
2007-12-11 00:00:00,8009.419921875,8067.0400390625,7983.41015625
2007-12-12 00:00:00,8076.1201171875,8117.7900390625,7928.1201171875
2007-12-13 00:00:00,7928.31005859375,8034.31982421875,7922.97998046875
2007-12-14 00:00:00,7948.35986328125,7987.2900390625,7873.27001953125
2007-12-17 00:00:00,7825.43994140625,7884.18994140625,7812.02001953125
2007-12-18 00:00:00,7850.740234375,7942.759765625,7796.10009765625
2007-12-19 00:00:00,7837.31982421875,7876.58984375,7777.39990234375
2007-12-20 00:00:00,7869.18994140625,7919.0498046875,7842.169921875
2007-12-21 00:00:00,8002.669921875,8015.419921875,7913.3798828125
2007-12-27 00:00:00,8038.60009765625,8073.990234375,8024.77001953125
2007-12-28 00:00:00,8067.31982421875,8068.9501953125,7991.81005859375
2008-01-02 00:00:00,7949.10986328125,8100.64013671875,7925.10986328125
2008-01-03 00:00:00,7908.41015625,7969.89990234375,7858.39013671875
2008-01-04 00:00:00,7808.68994140625,7914.7001953125,7780.27001953125
2008-01-07 00:00:00,7817.169921875,7858.64013671875,7781.68017578125
2008-01-08 00:00:00,7849.990234375,7923.43994140625,7831.509765625
2008-01-09 00:00:00,7782.7099609375,7841.6201171875,7770.419921875
2008-01-10 00:00:00,7713.08984375,7830.9501953125,7700.85009765625
2008-01-11 00:00:00,7717.9501953125,7746.47021484375,7675.4501953125
2008-01-14 00:00:00,7732.02001953125,7759.169921875,7683.5400390625
2008-01-15 00:00:00,7566.3798828125,7724.259765625,7563.89990234375
2008-01-16 00:00:00,7471.56982421875,7555.56005859375,7450.3798828125
2008-01-17 00:00:00,7413.52978515625,7547.47021484375,7400.080078125
2008-01-18 00:00:00,7314.169921875,7501.0400390625,7287.2900390625
2008-01-21 00:00:00,6790.18994140625,7292.68017578125,6762.77001953125
2008-01-22 00:00:00,6769.47021484375,6877.6201171875,6420.7099609375
2008-01-23 00:00:00,6439.2099609375,6884.8701171875,6384.39990234375
2008-01-24 00:00:00,6821.06982421875,6854.97998046875,6550.10986328125
2008-01-25 00:00:00,6816.740234375,7002.18994140625,6782.41015625
2008-01-28 00:00:00,6818.85009765625,6827.3701171875,6680.2998046875
2008-01-29 00:00:00,6892.9599609375,6929.8798828125,6823.68017578125
2008-01-30 00:00:00,6875.35009765625,6920.77001953125,6822.43994140625
2008-01-31 00:00:00,6851.75,6887.75,6691.25
2008-02-01 00:00:00,6968.669921875,7037.16015625,6896.18994140625
2008-02-04 00:00:00,7000.490234375,7059.18994140625,6975.93017578125
2008-02-05 00:00:00,6765.25,7000.0498046875,6744.169921875
2008-02-06 00:00:00,6847.509765625,6861.93994140625,6696.93994140625
2008-02-07 00:00:00,6733.72021484375,6839.16015625,6655.64990234375
2008-02-08 00:00:00,6767.27978515625,6851.77978515625,6706.18017578125
2008-02-11 00:00:00,6743.5400390625,6812.2099609375,6690.77001953125
2008-02-12 00:00:00,6967.83984375,6979.22998046875,6746.2001953125
2008-02-13 00:00:00,6973.669921875,7007.0498046875,6869.93994140625
2008-02-14 00:00:00,6962.27978515625,7062.080078125,6935.31005859375
2008-02-15 00:00:00,6832.43017578125,7012.6298828125,6797.759765625
2008-02-18 00:00:00,6967.5498046875,6997.77001953125,6865.56982421875
2008-02-19 00:00:00,7002.2900390625,7079.740234375,6890.93017578125
2008-02-20 00:00:00,6899.68017578125,6964.93017578125,6852.580078125
2008-02-21 00:00:00,6904.85009765625,7017.85986328125,6881.2900390625
2008-02-22 00:00:00,6806.2900390625,6889.490234375,6762.77001953125
2008-02-25 00:00:00,6882.56005859375,6922.60986328125,6825.1201171875
2008-02-26 00:00:00,6985.97021484375,7007.43994140625,6906.43017578125
2008-02-27 00:00:00,6997.85009765625,7017.7001953125,6881.22998046875
2008-02-28 00:00:00,6862.52001953125,6995.39013671875,6849.58984375
2008-02-29 00:00:00,6748.1298828125,6864.68994140625,6698.5498046875
2008-03-03 00:00:00,6689.9501953125,6701.52978515625,6608.60986328125
2008-03-04 00:00:00,6545.0400390625,6720.16015625,6516.830078125
2008-03-05 00:00:00,6683.7099609375,6699.2998046875,6578.81982421875
2008-03-06 00:00:00,6591.31005859375,6683.16015625,6569.60009765625
2008-03-07 00:00:00,6513.990234375,6562.39990234375,6450.8798828125
2008-03-10 00:00:00,6448.080078125,6537.39013671875,6414.52001953125
2008-03-11 00:00:00,6524.56982421875,6604.0,6431.740234375
2008-03-12 00:00:00,6599.3701171875,6666.580078125,6569.35986328125
2008-03-13 00:00:00,6500.56005859375,6529.6201171875,6399.0400390625
2008-03-14 00:00:00,6451.89990234375,6623.419921875,6391.56005859375
2008-03-17 00:00:00,6182.2998046875,6362.02001953125,6167.81982421875
2008-03-18 00:00:00,6393.39013671875,6417.9501953125,6237.6298828125
2008-03-19 00:00:00,6361.22021484375,6469.990234375,6310.60009765625
2008-03-20 00:00:00,6319.990234375,6376.240234375,6270.97998046875
2008-03-25 00:00:00,6524.7099609375,6540.47998046875,6443.35986328125
2008-03-26 00:00:00,6489.259765625,6538.27978515625,6469.0
2008-03-27 00:00:00,6578.06005859375,6610.16015625,6478.81005859375
2008-03-28 00:00:00,6559.89990234375,6616.4501953125,6535.06982421875
2008-03-31 00:00:00,6534.97021484375,6541.1201171875,6429.6201171875
2008-04-01 00:00:00,6720.330078125,6734.5,6496.93994140625
2008-04-02 00:00:00,6777.43994140625,6806.66015625,6726.43017578125
2008-04-03 00:00:00,6741.72021484375,6802.6201171875,6695.830078125
2008-04-04 00:00:00,6763.39013671875,6797.22998046875,6691.27978515625
2008-04-07 00:00:00,6821.02978515625,6843.25,6795.06005859375
2008-04-08 00:00:00,6771.97998046875,6795.33984375,6723.83984375
2008-04-09 00:00:00,6721.35986328125,6785.06005859375,6705.06005859375
2008-04-10 00:00:00,6704.31982421875,6719.06982421875,6608.77978515625
2008-04-11 00:00:00,6603.56982421875,6768.1201171875,6570.740234375
2008-04-14 00:00:00,6554.490234375,6573.25,6516.509765625
2008-04-15 00:00:00,6585.0498046875,6626.8798828125,6524.89990234375
2008-04-16 00:00:00,6702.83984375,6710.85986328125,6600.68017578125
2008-04-17 00:00:00,6681.81005859375,6743.14013671875,6665.009765625
2008-04-18 00:00:00,6843.080078125,6860.3798828125,6703.02001953125
2008-04-21 00:00:00,6786.5498046875,6848.64990234375,6749.72021484375
2008-04-22 00:00:00,6728.2998046875,6818.6201171875,6702.97998046875
2008-04-23 00:00:00,6795.02978515625,6813.669921875,6656.85986328125
2008-04-24 00:00:00,6821.31982421875,6827.89990234375,6720.91015625
2008-04-25 00:00:00,6896.580078125,6945.25,6848.89990234375
2008-04-28 00:00:00,6925.330078125,6966.47021484375,6906.93017578125
2008-04-29 00:00:00,6885.33984375,6909.990234375,6855.10986328125
2008-04-30 00:00:00,6948.81982421875,6962.60009765625,6851.52001953125
2008-05-02 00:00:00,7043.22998046875,7092.81982421875,6971.93017578125
2008-05-05 00:00:00,7052.080078125,7059.919921875,7021.72998046875
2008-05-06 00:00:00,7017.10009765625,7062.3701171875,6969.16015625
2008-05-07 00:00:00,7076.25,7107.52978515625,7037.009765625
2008-05-08 00:00:00,7071.89990234375,7073.4501953125,7013.06005859375
2008-05-09 00:00:00,7003.169921875,7040.7900390625,6961.6298828125
2008-05-12 00:00:00,7035.9501953125,7064.60009765625,7006.419921875
2008-05-13 00:00:00,7060.18994140625,7080.85986328125,7002.3701171875
2008-05-14 00:00:00,7083.240234375,7101.490234375,7001.330078125
2008-05-15 00:00:00,7081.0498046875,7088.669921875,7037.08984375
2008-05-16 00:00:00,7156.5498046875,7205.9599609375,7103.83984375
2008-05-19 00:00:00,7225.93994140625,7231.85986328125,7165.43994140625
2008-05-20 00:00:00,7118.5,7188.97998046875,7108.25
2008-05-21 00:00:00,7040.830078125,7151.3798828125,7013.1298828125
2008-05-22 00:00:00,7070.330078125,7090.22998046875,6980.5400390625
2008-05-23 00:00:00,6944.0498046875,7065.89990234375,6934.5400390625
2008-05-26 00:00:00,6953.83984375,6965.18994140625,6917.60986328125
2008-05-27 00:00:00,6958.66015625,7006.27978515625,6905.85986328125
2008-05-28 00:00:00,7033.83984375,7082.259765625,6955.14013671875
2008-05-29 00:00:00,7055.02978515625,7085.1298828125,7004.7001953125
2008-05-30 00:00:00,7096.7900390625,7124.60986328125,7063.7998046875
2008-06-02 00:00:00,7008.77001953125,7102.0498046875,6995.41015625
2008-06-03 00:00:00,7019.1298828125,7023.18017578125,6962.3798828125
2008-06-04 00:00:00,6965.43017578125,6994.2001953125,6898.009765625
2008-06-05 00:00:00,6941.830078125,7008.93017578125,6905.009765625
2008-06-06 00:00:00,6803.81005859375,7002.85009765625,6796.27978515625
2008-06-09 00:00:00,6815.6298828125,6839.31982421875,6762.72998046875
2008-06-10 00:00:00,6771.10009765625,6798.580078125,6715.97998046875
2008-06-11 00:00:00,6650.259765625,6812.8798828125,6637.75
2008-06-12 00:00:00,6714.52001953125,6733.1201171875,6647.60009765625
2008-06-13 00:00:00,6765.31982421875,6777.8701171875,6649.6201171875
2008-06-16 00:00:00,6729.8798828125,6812.66015625,6671.7998046875
2008-06-17 00:00:00,6796.16015625,6855.83984375,6743.47998046875
2008-06-18 00:00:00,6728.91015625,6796.77001953125,6705.75
2008-06-19 00:00:00,6721.169921875,6765.10009765625,6662.4599609375
2008-06-20 00:00:00,6578.43994140625,6765.7998046875,6547.39990234375
2008-06-23 00:00:00,6589.4599609375,6628.72021484375,6572.509765625
2008-06-24 00:00:00,6536.06005859375,6617.16015625,6444.2998046875
2008-06-25 00:00:00,6617.83984375,6628.6201171875,6547.7099609375
2008-06-26 00:00:00,6459.60009765625,6578.4501953125,6448.1201171875
2008-06-27 00:00:00,6421.91015625,6464.89990234375,6348.02978515625
2008-06-30 00:00:00,6418.31982421875,6446.5400390625,6308.240234375
2008-07-01 00:00:00,6315.93994140625,6405.43017578125,6260.330078125
2008-07-02 00:00:00,6305.419921875,6395.97021484375,6295.4501953125
2008-07-03 00:00:00,6353.740234375,6392.080078125,6200.56005859375
2008-07-04 00:00:00,6272.2099609375,6374.83984375,6255.16015625
2008-07-07 00:00:00,6395.75,6416.240234375,6286.669921875
2008-07-08 00:00:00,6304.41015625,6332.009765625,6226.740234375
2008-07-09 00:00:00,6386.4599609375,6397.81982421875,6330.68994140625
2008-07-10 00:00:00,6305.0,6384.64013671875,6254.31005859375
2008-07-11 00:00:00,6153.2998046875,6332.10986328125,6139.740234375
2008-07-14 00:00:00,6200.25,6254.14990234375,6184.5400390625
2008-07-15 00:00:00,6081.7001953125,6164.72998046875,6006.580078125
2008-07-16 00:00:00,6155.3701171875,6177.02978515625,5999.31982421875
2008-07-17 00:00:00,6271.27001953125,6318.33984375,6177.06982421875
2008-07-18 00:00:00,6382.64990234375,6396.2998046875,6236.93994140625
2008-07-21 00:00:00,6424.83984375,6484.2900390625,6342.81982421875
2008-07-22 00:00:00,6442.7900390625,6449.8798828125,6322.02978515625
2008-07-23 00:00:00,6536.08984375,6562.259765625,6485.0498046875
2008-07-24 00:00:00,6440.7001953125,6577.10009765625,6415.31005859375
2008-07-25 00:00:00,6436.7099609375,6479.9599609375,6331.27001953125
2008-07-28 00:00:00,6351.14990234375,6428.35986328125,6342.31982421875
2008-07-29 00:00:00,6398.7998046875,6425.4501953125,6264.740234375
2008-07-30 00:00:00,6460.1201171875,6505.0498046875,6396.14013671875
2008-07-31 00:00:00,6479.56005859375,6540.4501953125,6428.490234375
2008-08-01 00:00:00,6396.4599609375,6489.68994140625,6378.5498046875
2008-08-04 00:00:00,6349.81005859375,6403.52978515625,6322.009765625
2008-08-05 00:00:00,6518.7001953125,6532.08984375,6342.93017578125
2008-08-06 00:00:00,6561.39013671875,6568.7900390625,6496.169921875
2008-08-07 00:00:00,6543.490234375,6620.77001953125,6520.7900390625
2008-08-08 00:00:00,6561.64990234375,6586.10009765625,6442.85009765625
2008-08-11 00:00:00,6609.6298828125,6612.85986328125,6555.27978515625
2008-08-12 00:00:00,6585.8701171875,6626.7001953125,6545.240234375
2008-08-13 00:00:00,6422.18994140625,6566.6201171875,6417.330078125
2008-08-14 00:00:00,6442.2099609375,6481.27978515625,6369.580078125
2008-08-15 00:00:00,6446.02001953125,6513.919921875,6394.39013671875
2008-08-18 00:00:00,6432.8798828125,6485.91015625,6374.9501953125
2008-08-19 00:00:00,6282.43017578125,6401.2099609375,6268.72998046875
2008-08-20 00:00:00,6317.7998046875,6336.7900390625,6262.490234375
2008-08-21 00:00:00,6236.9599609375,6293.47998046875,6219.10009765625
2008-08-22 00:00:00,6342.419921875,6355.9599609375,6229.18994140625
2008-08-25 00:00:00,6296.9501953125,6361.5498046875,6289.10986328125
2008-08-26 00:00:00,6340.52001953125,6370.52978515625,6238.06982421875
2008-08-27 00:00:00,6321.02978515625,6346.52978515625,6252.1298828125
2008-08-28 00:00:00,6420.5400390625,6456.18017578125,6265.43017578125
2008-08-29 00:00:00,6422.2998046875,6457.93017578125,6401.22021484375
2008-09-01 00:00:00,6421.7998046875,6448.97998046875,6341.10009765625
2008-09-02 00:00:00,6518.47021484375,6553.89990234375,6379.02978515625
2008-09-03 00:00:00,6467.490234375,6519.2099609375,6439.91015625
2008-09-04 00:00:00,6279.56982421875,6482.16015625,6263.080078125
2008-09-05 00:00:00,6127.43994140625,6253.39990234375,6095.56005859375
2008-09-08 00:00:00,6263.740234375,6356.7998046875,6241.259765625
2008-09-09 00:00:00,6233.41015625,6327.18017578125,6199.10986328125
2008-09-10 00:00:00,6210.31982421875,6254.39990234375,6160.5498046875
2008-09-11 00:00:00,6178.89990234375,6202.169921875,6086.2998046875
2008-09-12 00:00:00,6234.89013671875,6256.25,6159.509765625
2008-09-15 00:00:00,6064.16015625,6138.419921875,5942.14013671875
2008-09-16 00:00:00,5965.169921875,6024.0498046875,5858.56982421875
2008-09-17 00:00:00,5860.97998046875,6035.509765625,5825.240234375
2008-09-18 00:00:00,5863.419921875,5967.2900390625,5812.77001953125
2008-09-19 00:00:00,6189.52978515625,6220.2900390625,5982.2998046875
2008-09-22 00:00:00,6107.75,6235.1298828125,6106.10986328125
2008-09-23 00:00:00,6068.52978515625,6123.47998046875,6033.75
2008-09-24 00:00:00,6052.8701171875,6109.10009765625,6013.7099609375
2008-09-25 00:00:00,6173.02978515625,6188.43017578125,6049.85009765625
2008-09-26 00:00:00,6063.5,6118.1298828125,6001.009765625
2008-09-29 00:00:00,5807.080078125,6015.58984375,5802.509765625
2008-09-30 00:00:00,5831.02001953125,5836.77001953125,5658.2001953125
2008-10-01 00:00:00,5806.330078125,5866.39990234375,5746.81982421875
2008-10-02 00:00:00,5660.6298828125,5876.93017578125,5630.4599609375
2008-10-03 00:00:00,5797.02978515625,5831.97021484375,5617.81005859375
2008-10-06 00:00:00,5387.009765625,5606.06982421875,5292.83984375
2008-10-07 00:00:00,5326.6298828125,5502.330078125,5300.2998046875
2008-10-08 00:00:00,5013.6201171875,5319.14990234375,4870.2001953125
2008-10-09 00:00:00,4887.0,5153.52978515625,4803.6201171875
2008-10-10 00:00:00,4544.31005859375,4653.97998046875,4308.0
2008-10-13 00:00:00,5062.4501953125,5062.4501953125,4641.3798828125
2008-10-14 00:00:00,5199.18994140625,5383.7900390625,5095.1201171875
2008-10-15 00:00:00,4861.6298828125,5192.1298828125,4790.68017578125
2008-10-16 00:00:00,4622.81005859375,4890.77978515625,4521.91015625
2008-10-17 00:00:00,4781.330078125,4835.89990234375,4576.580078125
2008-10-20 00:00:00,4835.009765625,4941.18994140625,4754.27001953125
2008-10-21 00:00:00,4784.41015625,4909.64013671875,4736.22021484375
2008-10-22 00:00:00,4571.06982421875,4740.31005859375,4535.64013671875
2008-10-23 00:00:00,4519.7001953125,4576.8701171875,4364.2001953125
2008-10-24 00:00:00,4295.669921875,4362.93017578125,4014.60009765625
2008-10-27 00:00:00,4334.64013671875,4486.1298828125,4062.77001953125
2008-10-28 00:00:00,4823.4501953125,4823.4501953125,4314.91015625
2008-10-29 00:00:00,4808.68994140625,4885.85009765625,4460.259765625
2008-10-30 00:00:00,4869.2998046875,5042.490234375,4827.27001953125
2008-10-31 00:00:00,4987.97021484375,5066.81005859375,4785.10986328125
2008-11-03 00:00:00,5026.83984375,5089.5400390625,4967.93994140625
2008-11-04 00:00:00,5278.0400390625,5302.56982421875,4993.10009765625
2008-11-05 00:00:00,5166.8701171875,5271.91015625,5142.85009765625
2008-11-06 00:00:00,4813.56982421875,5101.97998046875,4781.509765625
2008-11-07 00:00:00,4938.4599609375,5018.41015625,4751.240234375
2008-11-10 00:00:00,5025.52978515625,5135.14990234375,4998.0400390625
2008-11-11 00:00:00,4761.580078125,4984.31982421875,4742.47998046875
2008-11-12 00:00:00,4620.7998046875,4875.66015625,4555.43994140625
2008-11-13 00:00:00,4649.52001953125,4713.77978515625,4524.89013671875
2008-11-14 00:00:00,4710.240234375,4874.16015625,4695.7900390625
2008-11-17 00:00:00,4557.27001953125,4733.7900390625,4512.2099609375
2008-11-18 00:00:00,4579.47021484375,4607.5400390625,4445.8798828125
2008-11-19 00:00:00,4354.08984375,4586.68994140625,4337.919921875
2008-11-20 00:00:00,4220.2001953125,4313.16015625,4113.490234375
2008-11-21 00:00:00,4127.41015625,4296.85986328125,4034.9599609375
2008-11-24 00:00:00,4554.330078125,4579.06982421875,4154.5498046875
2008-11-25 00:00:00,4560.419921875,4693.10009765625,4455.2998046875
2008-11-26 00:00:00,4560.5,4612.22021484375,4423.669921875
2008-11-27 00:00:00,4665.27001953125,4682.91015625,4589.16015625
2008-11-28 00:00:00,4669.43994140625,4703.669921875,4566.83984375
2008-12-01 00:00:00,4394.7900390625,4667.91015625,4367.919921875
2008-12-02 00:00:00,4531.7900390625,4572.18017578125,4304.02978515625
2008-12-03 00:00:00,4567.240234375,4602.8798828125,4377.6298828125
2008-12-04 00:00:00,4564.22998046875,4732.93017578125,4491.85986328125
2008-12-05 00:00:00,4381.47021484375,4530.7001953125,4321.64013671875
2008-12-08 00:00:00,4715.8798828125,4775.7099609375,4548.8701171875
2008-12-09 00:00:00,4779.10986328125,4850.39013671875,4622.240234375
2008-12-10 00:00:00,4804.8798828125,4839.14013671875,4742.89990234375
2008-12-11 00:00:00,4767.2001953125,4822.2099609375,4710.0400390625
2008-12-12 00:00:00,4663.3701171875,4699.06005859375,4521.52001953125
2008-12-15 00:00:00,4654.81982421875,4773.31982421875,4627.4599609375
2008-12-16 00:00:00,4729.91015625,4758.27001953125,4655.8701171875
2008-12-17 00:00:00,4708.3798828125,4784.41015625,4639.169921875
2008-12-18 00:00:00,4756.39990234375,4784.72021484375,4715.81982421875
2008-12-19 00:00:00,4696.7001953125,4785.31982421875,4647.1298828125
2008-12-22 00:00:00,4639.02001953125,4701.10986328125,4575.52001953125
2008-12-23 00:00:00,4629.3798828125,4718.60009765625,4622.97021484375
2008-12-29 00:00:00,4704.85986328125,4732.85009765625,4655.91015625
2008-12-30 00:00:00,4810.2001953125,4810.41015625,4754.22021484375
2009-01-02 00:00:00,4973.06982421875,4974.72998046875,4838.490234375
2009-01-05 00:00:00,4983.990234375,5034.85009765625,4949.35986328125
2009-01-06 00:00:00,5026.31005859375,5111.02001953125,4960.2099609375
2009-01-07 00:00:00,4937.47021484375,5010.97021484375,4914.22021484375
2009-01-08 00:00:00,4879.91015625,4917.6201171875,4820.080078125
2009-01-09 00:00:00,4783.89013671875,4932.66015625,4743.97021484375
2009-01-12 00:00:00,4719.6201171875,4791.9599609375,4708.5
2009-01-13 00:00:00,4636.93994140625,4704.509765625,4596.490234375
2009-01-14 00:00:00,4422.35009765625,4670.83984375,4379.8798828125
2009-01-15 00:00:00,4336.72998046875,4451.31982421875,4295.759765625
2009-01-16 00:00:00,4366.27978515625,4474.85986328125,4357.81982421875
2009-01-19 00:00:00,4316.14013671875,4452.56982421875,4249.91015625
2009-01-20 00:00:00,4239.85009765625,4382.10986328125,4222.759765625
2009-01-21 00:00:00,4261.14990234375,4313.68994140625,4140.259765625
2009-01-22 00:00:00,4219.419921875,4368.47021484375,4197.02001953125
2009-01-23 00:00:00,4178.93994140625,4222.009765625,4067.429931640625
2009-01-26 00:00:00,4326.8701171875,4371.52001953125,4145.1201171875
2009-01-27 00:00:00,4323.419921875,4360.7900390625,4264.97021484375
2009-01-28 00:00:00,4518.72021484375,4533.7001953125,4347.77978515625
2009-01-29 00:00:00,4428.10986328125,4501.43994140625,4393.97998046875
2009-01-30 00:00:00,4338.35009765625,4454.39013671875,4312.169921875
2009-02-02 00:00:00,4271.0400390625,4309.18994140625,4198.14990234375
2009-02-03 00:00:00,4374.9599609375,4385.43994140625,4224.52978515625
2009-02-04 00:00:00,4492.7900390625,4545.52001953125,4372.009765625
2009-02-05 00:00:00,4510.490234375,4519.43994140625,4387.77978515625
2009-02-06 00:00:00,4644.6298828125,4657.06005859375,4506.4501953125
2009-02-09 00:00:00,4666.81982421875,4688.58984375,4596.740234375
2009-02-10 00:00:00,4505.5400390625,4649.22998046875,4505.5400390625
2009-02-11 00:00:00,4530.08984375,4539.22021484375,4466.06005859375
2009-02-12 00:00:00,4407.56005859375,4518.68017578125,4371.47021484375
2009-02-13 00:00:00,4413.39013671875,4508.72021484375,4397.60009765625
2009-02-16 00:00:00,4366.64013671875,4421.77978515625,4359.2900390625
2009-02-17 00:00:00,4216.60009765625,4329.7001953125,4195.22021484375
2009-02-18 00:00:00,4204.9599609375,4255.39013671875,4124.10986328125
2009-02-19 00:00:00,4215.2099609375,4275.08984375,4189.16015625
2009-02-20 00:00:00,4014.659912109375,4167.0498046875,4014.659912109375
2009-02-23 00:00:00,3936.449951171875,4111.52001953125,3912.7099609375
2009-02-24 00:00:00,3895.75,3932.590087890625,3816.8798828125
2009-02-25 00:00:00,3846.2099609375,3977.77001953125,3790.7900390625
2009-02-26 00:00:00,3942.6201171875,3989.6298828125,3849.760009765625
2009-02-27 00:00:00,3843.739990234375,3907.85009765625,3764.68994140625
2009-03-02 00:00:00,3710.070068359375,3821.969970703125,3692.780029296875
2009-03-03 00:00:00,3690.719970703125,3755.8798828125,3667.860107421875
2009-03-04 00:00:00,3890.93994140625,3891.7099609375,3721.909912109375
2009-03-05 00:00:00,3695.489990234375,3864.179931640625,3695.489990234375
2009-03-06 00:00:00,3666.409912109375,3769.1298828125,3638.0
2009-03-09 00:00:00,3692.030029296875,3706.320068359375,3588.889892578125
2009-03-10 00:00:00,3886.97998046875,3908.139892578125,3681.330078125
2009-03-11 00:00:00,3914.10009765625,3994.77001953125,3829.1298828125
2009-03-12 00:00:00,3956.219970703125,3971.25,3802.199951171875
2009-03-13 00:00:00,3953.60009765625,4053.840087890625,3936.81005859375
2009-03-16 00:00:00,4044.5400390625,4063.02001953125,3983.39990234375
2009-03-17 00:00:00,3987.77001953125,4046.419921875,3947.280029296875
2009-03-18 00:00:00,3996.320068359375,4066.68994140625,3948.590087890625
2009-03-19 00:00:00,4043.4599609375,4137.7998046875,4002.330078125
2009-03-20 00:00:00,4068.739990234375,4081.72998046875,3995.090087890625
2009-03-23 00:00:00,4176.3701171875,4184.77001953125,4102.33984375
2009-03-24 00:00:00,4187.35986328125,4239.740234375,4150.97021484375
2009-03-25 00:00:00,4223.2900390625,4262.22998046875,4139.58984375
2009-03-26 00:00:00,4259.3701171875,4262.9599609375,4210.97998046875
2009-03-27 00:00:00,4203.5498046875,4272.1201171875,4155.5400390625
2009-03-30 00:00:00,3989.22998046875,4175.4501953125,3987.389892578125
2009-03-31 00:00:00,4084.760009765625,4091.659912109375,4007.219970703125
2009-04-01 00:00:00,4131.06982421875,4148.66015625,3997.4599609375
2009-04-02 00:00:00,4381.919921875,4404.6201171875,4173.08984375
2009-04-03 00:00:00,4384.990234375,4456.2998046875,4335.08984375
2009-04-06 00:00:00,4349.81005859375,4457.18994140625,4306.47998046875
2009-04-07 00:00:00,4322.5,4379.330078125,4276.2900390625
2009-04-08 00:00:00,4357.919921875,4377.35009765625,4228.89013671875
2009-04-09 00:00:00,4491.1201171875,4510.740234375,4377.97998046875
2009-04-14 00:00:00,4557.009765625,4583.91015625,4461.47998046875
2009-04-15 00:00:00,4549.7900390625,4559.27978515625,4488.259765625
2009-04-16 00:00:00,4609.4599609375,4644.83984375,4531.93994140625
2009-04-17 00:00:00,4676.83984375,4680.6298828125,4590.72021484375
2009-04-20 00:00:00,4486.2998046875,4667.64990234375,4470.83984375
2009-04-21 00:00:00,4501.6298828125,4542.919921875,4390.7001953125
2009-04-22 00:00:00,4594.419921875,4594.8798828125,4456.5
2009-04-23 00:00:00,4538.2099609375,4609.169921875,4524.47998046875
2009-04-24 00:00:00,4674.31982421875,4674.72998046875,4542.89013671875
2009-04-27 00:00:00,4694.06982421875,4712.97021484375,4571.5400390625
2009-04-28 00:00:00,4607.419921875,4661.2001953125,4547.89990234375
2009-04-29 00:00:00,4704.56005859375,4722.10986328125,4611.5400390625
2009-04-30 00:00:00,4769.4501953125,4837.22021484375,4710.08984375
2009-05-04 00:00:00,4902.4501953125,4908.8798828125,4781.97021484375
2009-05-05 00:00:00,4853.02978515625,4928.02978515625,4843.60009765625
2009-05-06 00:00:00,4880.7099609375,4945.5400390625,4827.8798828125
2009-05-07 00:00:00,4804.10009765625,4980.2998046875,4792.169921875
2009-05-08 00:00:00,4913.89990234375,4965.8798828125,4846.85009765625
2009-05-11 00:00:00,4866.91015625,4917.72998046875,4832.3701171875
2009-05-12 00:00:00,4854.10986328125,4926.68994140625,4821.52978515625
2009-05-13 00:00:00,4727.60986328125,4881.25,4714.18017578125
2009-05-14 00:00:00,4738.47021484375,4744.6201171875,4653.25
2009-05-15 00:00:00,4737.5,4776.64013671875,4685.18017578125
2009-05-18 00:00:00,4851.9599609375,4858.64990234375,4655.52978515625
2009-05-19 00:00:00,4959.6201171875,5005.4501953125,4874.83984375
2009-05-20 00:00:00,5038.93994140625,5060.759765625,4949.85009765625
2009-05-21 00:00:00,4900.669921875,4997.490234375,4874.97021484375
2009-05-22 00:00:00,4918.75,4964.68017578125,4868.56005859375
2009-05-25 00:00:00,4918.4501953125,4942.14013671875,4829.89990234375
2009-05-26 00:00:00,4985.60009765625,4994.0498046875,4802.7998046875
2009-05-27 00:00:00,5000.77001953125,5035.509765625,4962.759765625
2009-05-28 00:00:00,4932.8798828125,4986.9599609375,4884.919921875
2009-05-29 00:00:00,4940.81982421875,5009.60009765625,4927.669921875
2009-06-01 00:00:00,5142.56005859375,5156.6201171875,4991.2099609375
2009-06-02 00:00:00,5144.06005859375,5177.58984375,5096.0
2009-06-03 00:00:00,5054.52978515625,5158.330078125,5036.5400390625
2009-06-04 00:00:00,5064.7998046875,5121.0,5044.169921875
2009-06-05 00:00:00,5077.02978515625,5165.27001953125,5047.830078125
2009-06-08 00:00:00,5004.72021484375,5060.72021484375,4969.9599609375
2009-06-09 00:00:00,4997.85986328125,5064.35986328125,4982.1201171875
2009-06-10 00:00:00,5051.18017578125,5133.39990234375,5034.81005859375
2009-06-11 00:00:00,5107.259765625,5120.8701171875,5038.02978515625
2009-06-12 00:00:00,5069.240234375,5108.77001953125,5044.330078125
2009-06-15 00:00:00,4889.93994140625,5051.35009765625,4886.39990234375
2009-06-16 00:00:00,4890.72021484375,4933.7900390625,4870.2001953125
2009-06-17 00:00:00,4799.97998046875,4886.64990234375,4761.2001953125
2009-06-18 00:00:00,4837.47998046875,4858.669921875,4768.93994140625
2009-06-19 00:00:00,4839.4599609375,4878.81982421875,4816.1201171875
2009-06-22 00:00:00,4693.39990234375,4846.08984375,4693.33984375
2009-06-23 00:00:00,4707.14990234375,4752.85986328125,4669.7998046875
2009-06-24 00:00:00,4836.009765625,4840.35009765625,4698.18994140625
2009-06-25 00:00:00,4800.56005859375,4838.0400390625,4720.240234375
2009-06-26 00:00:00,4776.47021484375,4866.7998046875,4753.93017578125
2009-06-29 00:00:00,4885.08984375,4901.35986328125,4762.60986328125
2009-06-30 00:00:00,4808.64013671875,4905.64013671875,4790.169921875
2009-07-01 00:00:00,4905.43994140625,4930.35009765625,4818.91015625
2009-07-02 00:00:00,4718.490234375,4891.0,4718.490234375
2009-07-03 00:00:00,4708.2099609375,4748.31982421875,4685.27001953125
2009-07-06 00:00:00,4651.81982421875,4686.89990234375,4611.2099609375
2009-07-07 00:00:00,4598.18994140625,4703.2998046875,4590.68994140625
2009-07-08 00:00:00,4572.64990234375,4630.6201171875,4558.0
2009-07-09 00:00:00,4630.06982421875,4669.919921875,4596.31982421875
2009-07-10 00:00:00,4576.31005859375,4644.5498046875,4570.0498046875
2009-07-13 00:00:00,4722.33984375,4722.33984375,4524.009765625
2009-07-14 00:00:00,4781.68994140625,4802.97998046875,4705.91015625
2009-07-15 00:00:00,4928.43994140625,4928.4501953125,4798.68994140625
2009-07-16 00:00:00,4957.18994140625,4998.68017578125,4904.240234375
2009-07-17 00:00:00,4978.39990234375,5017.60009765625,4960.64990234375
2009-07-20 00:00:00,5030.14990234375,5063.60009765625,5007.9501953125
2009-07-21 00:00:00,5093.97021484375,5141.35986328125,5027.2998046875
2009-07-22 00:00:00,5121.56005859375,5137.509765625,5050.39990234375
2009-07-23 00:00:00,5247.27978515625,5258.83984375,5101.259765625
2009-07-24 00:00:00,5229.35986328125,5301.91015625,5202.02001953125
2009-07-27 00:00:00,5251.5498046875,5309.6201171875,5216.490234375
2009-07-28 00:00:00,5174.740234375,5304.0498046875,5174.08984375
2009-07-29 00:00:00,5270.31982421875,5307.81982421875,5159.25
2009-07-30 00:00:00,5360.66015625,5396.9501953125,5251.5
2009-07-31 00:00:00,5332.14013671875,5383.02001953125,5303.68994140625
2009-08-03 00:00:00,5426.85009765625,5463.31982421875,5309.35009765625
2009-08-04 00:00:00,5417.02001953125,5427.56982421875,5360.43994140625
2009-08-05 00:00:00,5353.009765625,5451.77001953125,5333.52001953125
2009-08-06 00:00:00,5369.97998046875,5422.02001953125,5340.35986328125
2009-08-07 00:00:00,5458.9599609375,5480.93017578125,5312.77978515625
2009-08-10 00:00:00,5418.1201171875,5452.2001953125,5390.7001953125
2009-08-11 00:00:00,5285.81005859375,5455.18017578125,5272.35986328125
2009-08-12 00:00:00,5350.08984375,5367.6298828125,5252.14990234375
2009-08-13 00:00:00,5401.10986328125,5455.27001953125,5357.77001953125
2009-08-14 00:00:00,5309.10986328125,5444.1298828125,5289.77978515625
2009-08-17 00:00:00,5201.60986328125,5296.330078125,5173.83984375
2009-08-18 00:00:00,5250.740234375,5250.740234375,5200.47021484375
2009-08-19 00:00:00,5231.97998046875,5253.7099609375,5158.60009765625
2009-08-20 00:00:00,5311.06005859375,5325.85986328125,5261.66015625
2009-08-21 00:00:00,5462.740234375,5478.18017578125,5286.22998046875
2009-08-24 00:00:00,5519.75,5531.759765625,5481.35986328125
2009-08-25 00:00:00,5557.08984375,5575.52978515625,5472.6298828125
2009-08-26 00:00:00,5521.97021484375,5572.47021484375,5500.10009765625
2009-08-27 00:00:00,5470.330078125,5540.43017578125,5432.06005859375
2009-08-28 00:00:00,5517.35009765625,5573.89013671875,5502.4599609375
2009-08-31 00:00:00,5464.60986328125,5495.56005859375,5437.919921875
2009-09-01 00:00:00,5327.2900390625,5507.47998046875,5327.2900390625
2009-09-02 00:00:00,5319.83984375,5337.83984375,5263.10986328125
2009-09-03 00:00:00,5301.419921875,5364.02978515625,5278.5
2009-09-04 00:00:00,5384.43017578125,5404.2998046875,5320.27978515625
2009-09-07 00:00:00,5463.509765625,5477.1298828125,5400.759765625
2009-09-08 00:00:00,5481.72998046875,5502.77001953125,5455.3798828125
2009-09-09 00:00:00,5574.259765625,5578.14990234375,5450.39990234375
2009-09-10 00:00:00,5594.77001953125,5626.97021484375,5547.3701171875
2009-09-11 00:00:00,5624.02001953125,5653.14990234375,5601.64990234375
2009-09-14 00:00:00,5620.240234375,5623.740234375,5532.2998046875
2009-09-15 00:00:00,5628.97998046875,5649.66015625,5584.52978515625
2009-09-16 00:00:00,5700.259765625,5713.490234375,5640.93994140625
2009-09-17 00:00:00,5731.14013671875,5748.240234375,5703.22021484375
2009-09-18 00:00:00,5703.830078125,5760.830078125,5701.0400390625
2009-09-21 00:00:00,5668.64990234375,5698.52978515625,5617.7998046875
2009-09-22 00:00:00,5709.3798828125,5752.7001953125,5686.83984375
2009-09-23 00:00:00,5702.0498046875,5754.0400390625,5672.080078125
2009-09-24 00:00:00,5605.2099609375,5741.5400390625,5586.22998046875
2009-09-25 00:00:00,5581.41015625,5620.1298828125,5559.47021484375
2009-09-28 00:00:00,5736.31005859375,5736.31005859375,5554.52978515625
2009-09-29 00:00:00,5713.52001953125,5756.259765625,5690.18994140625
2009-09-30 00:00:00,5675.16015625,5744.58984375,5619.47998046875
2009-10-01 00:00:00,5554.5498046875,5726.97021484375,5554.25
2009-10-02 00:00:00,5467.89990234375,5536.6298828125,5442.31982421875
2009-10-05 00:00:00,5508.85009765625,5511.64013671875,5440.22998046875
2009-10-06 00:00:00,5657.64013671875,5662.009765625,5518.68994140625
2009-10-07 00:00:00,5640.75,5690.919921875,5626.3798828125
2009-10-08 00:00:00,5716.5400390625,5727.8701171875,5666.7900390625
2009-10-09 00:00:00,5711.8798828125,5748.330078125,5673.68994140625
2009-10-12 00:00:00,5783.22998046875,5814.2099609375,5727.31005859375
2009-10-13 00:00:00,5714.31005859375,5786.919921875,5695.16015625
2009-10-14 00:00:00,5854.14013671875,5859.6298828125,5756.64990234375
2009-10-15 00:00:00,5830.77001953125,5869.22021484375,5805.89990234375
2009-10-16 00:00:00,5743.39013671875,5885.77978515625,5731.0498046875
2009-10-19 00:00:00,5852.56005859375,5857.1298828125,5761.2998046875
2009-10-20 00:00:00,5811.77001953125,5888.2099609375,5801.43994140625
2009-10-21 00:00:00,5833.490234375,5858.18994140625,5736.85009765625
2009-10-22 00:00:00,5762.93017578125,5805.919921875,5712.81982421875
2009-10-23 00:00:00,5740.25,5848.68017578125,5731.68994140625
2009-10-26 00:00:00,5642.16015625,5799.419921875,5624.10009765625
2009-10-27 00:00:00,5635.02001953125,5673.18994140625,5597.6298828125
2009-10-28 00:00:00,5496.27001953125,5646.009765625,5493.58984375
2009-10-29 00:00:00,5587.4501953125,5590.22021484375,5461.5498046875
2009-10-30 00:00:00,5414.9599609375,5597.2998046875,5394.7998046875
2009-11-02 00:00:00,5430.81982421875,5472.02978515625,5376.6298828125
2009-11-03 00:00:00,5353.35009765625,5412.06005859375,5312.64013671875
2009-11-04 00:00:00,5444.22998046875,5471.0,5364.919921875
2009-11-05 00:00:00,5480.919921875,5512.0,5356.1298828125
2009-11-06 00:00:00,5488.25,5526.85986328125,5410.5400390625
2009-11-09 00:00:00,5619.72021484375,5626.14990234375,5514.33984375
2009-11-10 00:00:00,5613.2001953125,5650.8798828125,5602.5498046875
2009-11-11 00:00:00,5668.35009765625,5705.89013671875,5633.08984375
2009-11-12 00:00:00,5663.9599609375,5726.3798828125,5632.77001953125
2009-11-13 00:00:00,5686.830078125,5700.509765625,5615.68017578125
2009-11-16 00:00:00,5804.81982421875,5812.83984375,5717.4599609375
2009-11-17 00:00:00,5778.43017578125,5802.31982421875,5760.52978515625
2009-11-18 00:00:00,5787.60986328125,5843.27001953125,5770.66015625
2009-11-19 00:00:00,5702.18017578125,5791.830078125,5688.64013671875
2009-11-20 00:00:00,5663.14990234375,5744.52978515625,5638.330078125
2009-11-23 00:00:00,5801.47998046875,5823.18017578125,5689.3798828125
2009-11-24 00:00:00,5769.31005859375,5814.18017578125,5745.56982421875
2009-11-25 00:00:00,5803.02001953125,5825.8701171875,5753.85986328125
2009-11-26 00:00:00,5614.169921875,5785.1201171875,5596.97998046875
2009-11-27 00:00:00,5685.60986328125,5718.52978515625,5519.47998046875
2009-11-30 00:00:00,5625.9501953125,5718.33984375,5607.81982421875
2009-12-01 00:00:00,5776.60986328125,5776.60986328125,5653.080078125
2009-12-02 00:00:00,5781.68017578125,5813.22998046875,5752.259765625
2009-12-03 00:00:00,5770.35009765625,5852.8701171875,5754.97998046875
2009-12-04 00:00:00,5817.64990234375,5859.33984375,5724.27001953125
2009-12-07 00:00:00,5784.75,5812.68994140625,5743.169921875
2009-12-08 00:00:00,5688.580078125,5809.7998046875,5659.39990234375
2009-12-09 00:00:00,5647.83984375,5712.18994140625,5605.43017578125
2009-12-10 00:00:00,5709.02001953125,5741.7998046875,5636.9599609375
2009-12-11 00:00:00,5756.2900390625,5793.06982421875,5714.43017578125
2009-12-14 00:00:00,5802.259765625,5827.25,5778.830078125
2009-12-15 00:00:00,5811.33984375,5828.240234375,5752.2099609375
2009-12-16 00:00:00,5903.43017578125,5903.43017578125,5812.18994140625
2009-12-17 00:00:00,5844.43994140625,5891.3701171875,5833.89990234375
2009-12-18 00:00:00,5831.2099609375,5900.6201171875,5829.64013671875
2009-12-21 00:00:00,5930.52978515625,5936.27001953125,5841.68994140625
2009-12-22 00:00:00,5945.68994140625,5981.97998046875,5929.669921875
2009-12-23 00:00:00,5957.43994140625,5988.27978515625,5935.14013671875
2009-12-28 00:00:00,6002.919921875,6011.27978515625,5977.990234375
2009-12-29 00:00:00,6011.5498046875,6026.68994140625,6001.22021484375
2009-12-30 00:00:00,5957.43017578125,6008.75,5949.4501953125
2010-01-04 00:00:00,6048.2998046875,6048.2998046875,5974.43017578125
2010-01-05 00:00:00,6031.85986328125,6058.02001953125,6015.669921875
2010-01-06 00:00:00,6034.330078125,6047.56982421875,5997.08984375
2010-01-07 00:00:00,6019.35986328125,6037.56982421875,5961.25
2010-01-08 00:00:00,6037.60986328125,6053.0400390625,5972.240234375
2010-01-11 00:00:00,6040.5,6094.259765625,6031.14013671875
2010-01-12 00:00:00,5943.0,6055.56005859375,5924.72021484375
2010-01-13 00:00:00,5963.14013671875,5974.43994140625,5925.240234375
2010-01-14 00:00:00,5988.8798828125,6009.91015625,5951.68994140625
2010-01-15 00:00:00,5875.97021484375,6025.35986328125,5866.83984375
2010-01-18 00:00:00,5918.5498046875,5922.93017578125,5877.64990234375
2010-01-19 00:00:00,5976.47998046875,5988.7998046875,5849.669921875
2010-01-20 00:00:00,5851.52978515625,5972.77001953125,5832.08984375
2010-01-21 00:00:00,5746.97021484375,5908.85009765625,5742.4501953125
2010-01-22 00:00:00,5695.31982421875,5740.8701171875,5639.490234375
2010-01-25 00:00:00,5631.3701171875,5693.85986328125,5624.580078125
2010-01-26 00:00:00,5668.93017578125,5675.9599609375,5574.4599609375
2010-01-27 00:00:00,5643.2001953125,5673.72998046875,5589.009765625
2010-01-28 00:00:00,5540.330078125,5718.81005859375,5540.330078125
2010-01-29 00:00:00,5608.7900390625,5657.8701171875,5556.18994140625
2010-02-01 00:00:00,5654.47998046875,5674.2099609375,5567.72021484375
2010-02-02 00:00:00,5709.66015625,5723.2001953125,5624.60986328125
2010-02-03 00:00:00,5672.08984375,5733.7099609375,5656.89990234375
2010-02-04 00:00:00,5533.240234375,5696.93994140625,5522.56982421875
2010-02-05 00:00:00,5434.33984375,5527.0,5433.02001953125
2010-02-08 00:00:00,5484.85009765625,5505.06005859375,5434.39990234375
2010-02-09 00:00:00,5498.259765625,5537.97021484375,5461.509765625
2010-02-10 00:00:00,5536.3701171875,5592.27001953125,5505.3701171875
2010-02-11 00:00:00,5503.93017578125,5580.77001953125,5454.06982421875
2010-02-12 00:00:00,5500.39013671875,5565.43017578125,5460.0498046875
2010-02-15 00:00:00,5511.10009765625,5547.14013671875,5502.490234375
2010-02-16 00:00:00,5592.1201171875,5592.1201171875,5498.06982421875
2010-02-17 00:00:00,5648.33984375,5682.35986328125,5634.97998046875
2010-02-18 00:00:00,5680.41015625,5691.60009765625,5626.080078125
2010-02-19 00:00:00,5722.0498046875,5729.580078125,5626.56982421875
2010-02-22 00:00:00,5688.43994140625,5743.89013671875,5683.60986328125
2010-02-23 00:00:00,5604.06982421875,5732.14013671875,5584.47021484375
2010-02-24 00:00:00,5615.509765625,5639.7099609375,5572.25
2010-02-25 00:00:00,5532.330078125,5655.75,5518.27001953125
2010-02-26 00:00:00,5598.4599609375,5605.10009765625,5530.18994140625
2010-03-01 00:00:00,5713.509765625,5717.72021484375,5641.18017578125
2010-03-02 00:00:00,5776.56005859375,5780.14013671875,5709.740234375
2010-03-03 00:00:00,5817.8798828125,5828.7998046875,5750.2998046875
2010-03-04 00:00:00,5795.31982421875,5823.10986328125,5767.64990234375
2010-03-05 00:00:00,5877.35986328125,5880.25,5808.35986328125
2010-03-08 00:00:00,5875.91015625,5894.18994140625,5865.43994140625
2010-03-09 00:00:00,5885.89013671875,5900.16015625,5838.169921875
2010-03-10 00:00:00,5936.72021484375,5951.93017578125,5874.75
2010-03-11 00:00:00,5928.6298828125,5954.5498046875,5906.83984375
2010-03-12 00:00:00,5945.10986328125,5989.8798828125,5934.14990234375
2010-03-15 00:00:00,5903.56005859375,5953.18994140625,5898.22021484375
2010-03-16 00:00:00,5970.990234375,5991.10986328125,5930.33984375
2010-03-17 00:00:00,6024.27978515625,6035.9501953125,5991.2099609375
2010-03-18 00:00:00,6012.31005859375,6039.39013671875,5995.68017578125
2010-03-19 00:00:00,5982.43017578125,6041.9501953125,5956.64990234375
2010-03-22 00:00:00,5987.5,5987.5,5910.85009765625
2010-03-23 00:00:00,6017.27001953125,6030.93994140625,5981.35009765625
2010-03-24 00:00:00,6039.0,6044.64013671875,5964.759765625
2010-03-25 00:00:00,6132.9501953125,6139.5,6038.0498046875
2010-03-26 00:00:00,6120.0498046875,6135.9501953125,6105.669921875
2010-03-29 00:00:00,6156.85009765625,6172.85009765625,6128.2099609375
2010-03-30 00:00:00,6142.4501953125,6203.5,6135.509765625
2010-03-31 00:00:00,6153.5498046875,6162.18017578125,6108.22998046875
2010-04-01 00:00:00,6235.56005859375,6238.56982421875,6186.58984375
2010-04-06 00:00:00,6252.2099609375,6265.31982421875,6214.18017578125
2010-04-07 00:00:00,6222.41015625,6256.39990234375,6208.52001953125
2010-04-08 00:00:00,6171.830078125,6207.14013671875,6138.02001953125
2010-04-09 00:00:00,6249.7001953125,6254.490234375,6216.60009765625
2010-04-12 00:00:00,6250.68994140625,6285.02978515625,6223.77978515625
2010-04-13 00:00:00,6230.830078125,6251.4599609375,6199.7099609375
2010-04-14 00:00:00,6278.39990234375,6305.14990234375,6249.919921875
2010-04-15 00:00:00,6291.4501953125,6310.759765625,6249.740234375
2010-04-16 00:00:00,6180.89990234375,6305.39990234375,6162.83984375
2010-04-19 00:00:00,6162.43994140625,6190.85986328125,6140.3798828125
2010-04-20 00:00:00,6264.22998046875,6267.5400390625,6172.56982421875
2010-04-21 00:00:00,6230.3798828125,6281.3798828125,6229.18017578125
2010-04-22 00:00:00,6168.72021484375,6286.35986328125,6141.06982421875
2010-04-23 00:00:00,6259.52978515625,6287.5400390625,6170.39013671875
2010-04-26 00:00:00,6332.10009765625,6341.52001953125,6299.580078125
2010-04-27 00:00:00,6159.509765625,6333.0,6159.509765625
2010-04-28 00:00:00,6084.33984375,6159.02001953125,6024.009765625
2010-04-29 00:00:00,6144.91015625,6159.41015625,6073.3701171875
2010-04-30 00:00:00,6135.7001953125,6205.72021484375,6085.6201171875
2010-05-03 00:00:00,6166.919921875,6190.06982421875,6089.93017578125
2010-05-04 00:00:00,6006.85986328125,6197.0,5995.43017578125
2010-05-05 00:00:00,5958.4501953125,6031.08984375,5929.35009765625
2010-05-06 00:00:00,5908.259765625,6009.47998046875,5884.39013671875
2010-05-07 00:00:00,5715.08984375,5905.35009765625,5655.18017578125
2010-05-10 00:00:00,6017.91015625,6017.91015625,5805.97998046875
2010-05-11 00:00:00,6037.7099609375,6042.10986328125,5918.14013671875
2010-05-12 00:00:00,6183.490234375,6217.240234375,6006.31005859375
2010-05-13 00:00:00,6251.97021484375,6276.7998046875,6196.89013671875
2010-05-14 00:00:00,6056.7099609375,6233.7099609375,6014.77978515625
2010-05-17 00:00:00,6066.919921875,6151.5400390625,6026.31982421875
2010-05-18 00:00:00,6155.93017578125,6181.259765625,6113.8701171875
2010-05-19 00:00:00,5988.669921875,6124.81005859375,5972.169921875
2010-05-20 00:00:00,5867.8798828125,6043.83984375,5780.72998046875
2010-05-21 00:00:00,5829.25,5872.64990234375,5689.18017578125
2010-05-24 00:00:00,5805.68017578125,5872.06982421875,5733.56982421875
2010-05-25 00:00:00,5670.0400390625,5690.25,5607.68017578125
2010-05-26 00:00:00,5758.02001953125,5828.3701171875,5721.02001953125
2010-05-27 00:00:00,5937.14013671875,5952.2099609375,5802.35986328125
2010-05-28 00:00:00,5946.18017578125,5980.77978515625,5927.31005859375
2010-05-31 00:00:00,5964.330078125,5993.93994140625,5931.2001953125
2010-06-01 00:00:00,5981.27001953125,6012.0400390625,5833.60986328125
2010-06-02 00:00:00,5981.2001953125,5992.2099609375,5869.35009765625
2010-06-03 00:00:00,6054.6298828125,6101.830078125,6046.3798828125
2010-06-04 00:00:00,5938.8798828125,6114.580078125,5912.89990234375
2010-06-07 00:00:00,5904.9501953125,5954.47021484375,5851.93017578125
2010-06-08 00:00:00,5868.5498046875,5922.9501953125,5798.759765625
2010-06-09 00:00:00,5984.75,5993.93017578125,5832.97021484375
2010-06-10 00:00:00,6056.58984375,6089.43017578125,5925.06005859375
2010-06-11 00:00:00,6047.830078125,6084.7001953125,5983.27001953125
2010-06-14 00:00:00,6125.0,6137.25,6093.3798828125
2010-06-15 00:00:00,6175.0498046875,6194.25,6089.31982421875
2010-06-16 00:00:00,6190.91015625,6207.2998046875,6143.18017578125
2010-06-17 00:00:00,6223.5400390625,6241.35986328125,6164.990234375
2010-06-18 00:00:00,6216.97998046875,6256.5498046875,6189.7099609375
2010-06-21 00:00:00,6292.97021484375,6330.81005859375,6263.41015625
2010-06-22 00:00:00,6269.0400390625,6295.580078125,6216.39013671875
2010-06-23 00:00:00,6204.52001953125,6271.85009765625,6178.83984375
2010-06-24 00:00:00,6115.47998046875,6235.47998046875,6097.009765625
2010-06-25 00:00:00,6070.60009765625,6149.8701171875,6039.56005859375
2010-06-28 00:00:00,6157.22021484375,6168.990234375,6059.830078125
2010-06-29 00:00:00,5952.02978515625,6068.81982421875,5935.35009765625
2010-06-30 00:00:00,5965.52001953125,6001.02978515625,5938.2001953125
2010-07-01 00:00:00,5857.43017578125,5953.83984375,5827.25
2010-07-02 00:00:00,5834.14990234375,5941.22021484375,5833.1201171875
2010-07-05 00:00:00,5816.2001953125,5861.0498046875,5809.3701171875
2010-07-06 00:00:00,5940.97998046875,5995.64013671875,5842.06982421875
2010-07-07 00:00:00,5992.85986328125,5997.81982421875,5848.66015625
2010-07-08 00:00:00,6035.66015625,6057.52001953125,6006.68017578125
2010-07-09 00:00:00,6065.240234375,6078.56005859375,6039.31005859375
2010-07-12 00:00:00,6077.18994140625,6119.7001953125,6061.83984375
2010-07-13 00:00:00,6191.1298828125,6200.81982421875,6076.14013671875
2010-07-14 00:00:00,6209.759765625,6226.5400390625,6161.1298828125
2010-07-15 00:00:00,6149.35986328125,6248.06982421875,6127.35986328125
2010-07-16 00:00:00,6040.27001953125,6205.43994140625,6018.64013671875
2010-07-19 00:00:00,6009.10986328125,6083.1201171875,5993.5498046875
2010-07-20 00:00:00,5967.490234375,6052.509765625,5906.0400390625
2010-07-21 00:00:00,5990.3798828125,6060.490234375,5976.919921875
2010-07-22 00:00:00,6142.14990234375,6148.1298828125,5961.85986328125
2010-07-23 00:00:00,6166.33984375,6190.240234375,6112.5
2010-07-26 00:00:00,6194.2099609375,6201.14013671875,6131.91015625
2010-07-27 00:00:00,6207.31005859375,6253.64013671875,6189.9599609375
2010-07-28 00:00:00,6178.93994140625,6249.16015625,6147.56982421875
2010-07-29 00:00:00,6134.7001953125,6243.419921875,6124.4501953125
2010-07-30 00:00:00,6147.97021484375,6184.5400390625,6059.18994140625
2010-08-02 00:00:00,6292.1298828125,6304.259765625,6182.68017578125
2010-08-03 00:00:00,6307.91015625,6310.31982421875,6265.60986328125
2010-08-04 00:00:00,6331.330078125,6361.669921875,6264.27978515625
2010-08-05 00:00:00,6333.580078125,6382.56005859375,6321.3798828125
2010-08-06 00:00:00,6259.6298828125,6386.97021484375,6244.68994140625
2010-08-09 00:00:00,6351.60009765625,6356.41015625,6318.1201171875
2010-08-10 00:00:00,6286.25,6333.25,6247.6201171875
2010-08-11 00:00:00,6154.06982421875,6236.56982421875,6143.580078125
2010-08-12 00:00:00,6135.169921875,6173.419921875,6097.72021484375
2010-08-13 00:00:00,6110.41015625,6168.7099609375,6068.81982421875
2010-08-16 00:00:00,6110.56982421875,6156.56982421875,6062.2900390625
2010-08-17 00:00:00,6206.39990234375,6215.35009765625,6123.7900390625
2010-08-18 00:00:00,6186.31005859375,6216.5498046875,6155.509765625
2010-08-19 00:00:00,6075.1298828125,6229.4599609375,6070.830078125
2010-08-20 00:00:00,6005.16015625,6097.35009765625,5999.6298828125
2010-08-23 00:00:00,6010.91015625,6055.22998046875,5995.3701171875
2010-08-24 00:00:00,5935.43994140625,5975.830078125,5869.2998046875
2010-08-25 00:00:00,5899.5,5954.9599609375,5837.89990234375
2010-08-26 00:00:00,5912.580078125,5948.91015625,5896.52001953125
2010-08-27 00:00:00,5951.169921875,5957.31982421875,5845.490234375
2010-08-30 00:00:00,5912.41015625,5978.18994140625,5889.83984375
2010-08-31 00:00:00,5925.22021484375,5925.81005859375,5833.509765625
2010-09-01 00:00:00,6083.89990234375,6087.93994140625,5876.43017578125
2010-09-02 00:00:00,6083.85009765625,6104.08984375,6052.5498046875
2010-09-03 00:00:00,6134.6201171875,6178.009765625,6088.259765625
2010-09-06 00:00:00,6155.0400390625,6164.93017578125,6140.97998046875
2010-09-07 00:00:00,6117.89013671875,6138.93017578125,6083.2001953125
2010-09-08 00:00:00,6164.43994140625,6180.3798828125,6062.64990234375
2010-09-09 00:00:00,6221.52001953125,6233.06982421875,6133.990234375
2010-09-10 00:00:00,6214.77001953125,6224.64990234375,6182.56005859375
2010-09-13 00:00:00,6261.68017578125,6290.8701171875,6231.52001953125
2010-09-14 00:00:00,6275.41015625,6287.77978515625,6231.3798828125
2010-09-15 00:00:00,6261.8701171875,6288.2001953125,6227.2001953125
2010-09-16 00:00:00,6249.64990234375,6281.10009765625,6233.97021484375
2010-09-17 00:00:00,6209.759765625,6321.2001953125,6185.740234375
2010-09-20 00:00:00,6294.580078125,6301.6298828125,6219.85009765625
2010-09-21 00:00:00,6275.97998046875,6339.97021484375,6275.97998046875
2010-09-22 00:00:00,6208.330078125,6297.39990234375,6192.43017578125
2010-09-23 00:00:00,6184.7099609375,6263.740234375,6129.43994140625
2010-09-24 00:00:00,6298.2998046875,6310.27978515625,6146.419921875
2010-09-27 00:00:00,6278.89013671875,6324.08984375,6272.169921875
2010-09-28 00:00:00,6276.08984375,6311.919921875,6197.9599609375
2010-09-29 00:00:00,6246.919921875,6326.33984375,6223.14013671875
2010-09-30 00:00:00,6229.02001953125,6339.35986328125,6204.68994140625
2010-10-01 00:00:00,6211.33984375,6293.08984375,6187.22021484375
2010-10-04 00:00:00,6134.2099609375,6210.25,6128.5400390625
2010-10-05 00:00:00,6215.830078125,6233.4501953125,6115.8701171875
2010-10-06 00:00:00,6270.72998046875,6289.56005859375,6242.52001953125
2010-10-07 00:00:00,6276.25,6321.7900390625,6233.14013671875
2010-10-08 00:00:00,6291.669921875,6295.08984375,6239.43017578125
2010-10-11 00:00:00,6309.509765625,6325.31005859375,6289.35986328125
2010-10-12 00:00:00,6304.56982421875,6316.77001953125,6228.39013671875
2010-10-13 00:00:00,6434.52001953125,6456.27001953125,6335.22021484375
2010-10-14 00:00:00,6455.27001953125,6485.7099609375,6445.31982421875
2010-10-15 00:00:00,6492.2998046875,6512.77978515625,6438.77978515625
2010-10-18 00:00:00,6516.6298828125,6533.830078125,6462.58984375
2010-10-19 00:00:00,6490.68994140625,6544.7900390625,6472.18017578125
2010-10-20 00:00:00,6524.5498046875,6527.85009765625,6461.47998046875
2010-10-21 00:00:00,6611.009765625,6621.83984375,6504.66015625
2010-10-22 00:00:00,6605.83984375,6623.93994140625,6586.39990234375
2010-10-25 00:00:00,6639.2099609375,6668.5400390625,6625.830078125
2010-10-26 00:00:00,6613.7998046875,6645.7001953125,6580.27978515625
2010-10-27 00:00:00,6568.0,6629.1298828125,6553.25
2010-10-28 00:00:00,6595.27978515625,6644.60986328125,6576.02001953125
2010-10-29 00:00:00,6601.3701171875,6630.97998046875,6569.25
2010-11-01 00:00:00,6604.85986328125,6670.89990234375,6586.009765625
2010-11-02 00:00:00,6654.31005859375,6668.93017578125,6597.4599609375
2010-11-03 00:00:00,6617.7998046875,6682.91015625,6604.75
2010-11-04 00:00:00,6734.68994140625,6757.2900390625,6676.419921875
2010-11-05 00:00:00,6754.2001953125,6775.169921875,6712.47021484375
2010-11-08 00:00:00,6750.5,6759.41015625,6728.35009765625
2010-11-09 00:00:00,6787.81005859375,6810.85986328125,6736.6298828125
2010-11-10 00:00:00,6719.83984375,6783.68994140625,6684.22021484375
2010-11-11 00:00:00,6723.41015625,6750.39013671875,6700.47021484375
2010-11-12 00:00:00,6734.60986328125,6758.58984375,6617.97021484375
2010-11-15 00:00:00,6790.169921875,6812.9599609375,6679.68994140625
2010-11-16 00:00:00,6663.240234375,6772.009765625,6663.14990234375
2010-11-17 00:00:00,6700.06982421875,6705.18994140625,6653.56982421875
2010-11-18 00:00:00,6832.10986328125,6835.5400390625,6754.39990234375
2010-11-19 00:00:00,6843.5498046875,6854.08984375,6794.43017578125
2010-11-22 00:00:00,6822.0498046875,6901.93017578125,6805.97021484375
2010-11-23 00:00:00,6705.0,6827.830078125,6705.0
2010-11-24 00:00:00,6823.7998046875,6833.7001953125,6701.97998046875
2010-11-25 00:00:00,6879.66015625,6885.81005859375,6823.18994140625
2010-11-26 00:00:00,6848.97998046875,6871.7099609375,6778.60009765625
2010-11-29 00:00:00,6697.97021484375,6907.60986328125,6697.97021484375
2010-11-30 00:00:00,6688.490234375,6763.52001953125,6655.93994140625
2010-12-01 00:00:00,6866.6298828125,6868.81005859375,6736.68994140625
2010-12-02 00:00:00,6957.60986328125,6958.68994140625,6840.64990234375
2010-12-03 00:00:00,6947.72021484375,6977.91015625,6914.5
2010-12-06 00:00:00,6954.3798828125,6971.9501953125,6926.56982421875
2010-12-07 00:00:00,7001.91015625,7042.669921875,6962.10009765625
2010-12-08 00:00:00,6975.8701171875,7013.52978515625,6956.669921875
2010-12-09 00:00:00,6964.16015625,7021.31005859375,6947.89990234375
2010-12-10 00:00:00,7006.169921875,7018.10986328125,6973.31982421875
2010-12-13 00:00:00,7029.39013671875,7044.8701171875,7017.60009765625
2010-12-14 00:00:00,7027.39990234375,7032.64990234375,7011.14013671875
2010-12-15 00:00:00,7016.3701171875,7029.740234375,6964.1298828125
2010-12-16 00:00:00,7024.39990234375,7033.02978515625,6991.68994140625
2010-12-17 00:00:00,6982.4501953125,7043.14990234375,6980.18017578125
2010-12-20 00:00:00,7018.60009765625,7068.56005859375,6992.669921875
2010-12-21 00:00:00,7077.990234375,7087.83984375,7042.97998046875
2010-12-22 00:00:00,7067.919921875,7084.10009765625,7067.7099609375
2010-12-23 00:00:00,7057.68994140625,7083.080078125,7042.580078125
2010-12-27 00:00:00,6970.72998046875,7056.33984375,6943.0498046875
2010-12-28 00:00:00,6972.10009765625,6990.81005859375,6957.64990234375
2010-12-29 00:00:00,6995.47021484375,7008.31005859375,6981.7900390625
2010-12-30 00:00:00,6914.18994140625,7008.1201171875,6897.22021484375
2011-01-03 00:00:00,6989.740234375,7026.6201171875,6969.830078125
2011-01-04 00:00:00,6975.35009765625,7025.85986328125,6952.02001953125
2011-01-05 00:00:00,6939.81982421875,6967.240234375,6842.89990234375
2011-01-06 00:00:00,6981.39013671875,7047.58984375,6949.06982421875
2011-01-07 00:00:00,6947.83984375,7010.89013671875,6939.8798828125
2011-01-10 00:00:00,6857.06005859375,6941.39013671875,6835.740234375
2011-01-11 00:00:00,6941.56982421875,6951.18994140625,6860.52001953125
2011-01-12 00:00:00,7068.77978515625,7070.39990234375,6958.5
2011-01-13 00:00:00,7075.10986328125,7084.06982421875,7036.08984375
2011-01-14 00:00:00,7075.7001953125,7083.02001953125,7015.35009765625
2011-01-17 00:00:00,7078.06005859375,7087.43017578125,7055.830078125
2011-01-18 00:00:00,7143.4501953125,7156.25,7099.1201171875
2011-01-19 00:00:00,7082.759765625,7165.0,7077.22998046875
2011-01-20 00:00:00,7024.27001953125,7084.240234375,7008.6201171875
2011-01-21 00:00:00,7062.419921875,7122.89013671875,7023.68994140625
2011-01-24 00:00:00,7067.77001953125,7089.6201171875,7000.41015625
2011-01-25 00:00:00,7059.009765625,7102.080078125,7043.64013671875
2011-01-26 00:00:00,7127.35009765625,7160.85986328125,7087.25
2011-01-27 00:00:00,7155.580078125,7180.14990234375,7114.35009765625
2011-01-28 00:00:00,7102.7998046875,7177.22998046875,7102.7998046875
2011-01-31 00:00:00,7077.47998046875,7107.3701171875,7033.08984375
2011-02-01 00:00:00,7184.27001953125,7190.75,7105.31005859375
2011-02-02 00:00:00,7183.669921875,7222.1298828125,7160.35986328125
2011-02-03 00:00:00,7193.68017578125,7198.97998046875,7144.080078125
2011-02-04 00:00:00,7216.2099609375,7226.64013671875,7186.240234375
2011-02-07 00:00:00,7283.6201171875,7287.66015625,7214.0498046875
2011-02-08 00:00:00,7323.240234375,7325.02978515625,7272.7998046875
2011-02-09 00:00:00,7320.89990234375,7350.77978515625,7310.43994140625
2011-02-10 00:00:00,7340.27978515625,7340.8701171875,7269.52978515625
2011-02-11 00:00:00,7371.2001953125,7390.47998046875,7283.8701171875
2011-02-14 00:00:00,7396.6298828125,7424.35986328125,7378.41015625
2011-02-15 00:00:00,7400.0400390625,7420.68994140625,7376.240234375
2011-02-16 00:00:00,7414.2998046875,7438.419921875,7399.81982421875
2011-02-17 00:00:00,7405.509765625,7434.93017578125,7364.0400390625
2011-02-18 00:00:00,7426.81005859375,7427.2998046875,7379.93994140625
2011-02-21 00:00:00,7321.81005859375,7441.81982421875,7310.68994140625
2011-02-22 00:00:00,7318.35009765625,7350.9501953125,7259.669921875
2011-02-23 00:00:00,7194.60009765625,7310.72998046875,7183.2998046875
2011-02-24 00:00:00,7130.5,7156.0498046875,7093.91015625
2011-02-25 00:00:00,7185.169921875,7194.02001953125,7130.14990234375
2011-02-28 00:00:00,7272.31982421875,7305.490234375,7148.93994140625
2011-03-01 00:00:00,7223.2998046875,7356.330078125,7193.77978515625
2011-03-02 00:00:00,7181.1201171875,7202.580078125,7122.68994140625
2011-03-03 00:00:00,7225.9599609375,7294.0400390625,7191.14013671875
2011-03-04 00:00:00,7178.89990234375,7311.25,7157.1201171875
2011-03-07 00:00:00,7161.93017578125,7270.81005859375,7127.31005859375
2011-03-08 00:00:00,7164.75,7222.16015625,7072.47021484375
2011-03-09 00:00:00,7131.7998046875,7217.5400390625,7109.259765625
2011-03-10 00:00:00,7063.08984375,7109.7099609375,7021.9501953125
2011-03-11 00:00:00,6981.490234375,7014.02001953125,6963.31005859375
2011-03-14 00:00:00,6866.6298828125,6946.43994140625,6847.93994140625
2011-03-15 00:00:00,6647.66015625,6714.830078125,6483.39013671875
2011-03-16 00:00:00,6513.83984375,6733.02978515625,6501.85009765625
2011-03-17 00:00:00,6656.8798828125,6692.830078125,6517.18017578125
2011-03-18 00:00:00,6664.39990234375,6761.31005859375,6655.68994140625
2011-03-21 00:00:00,6816.1201171875,6829.75,6781.2998046875
2011-03-22 00:00:00,6780.97021484375,6826.02978515625,6765.06005859375
2011-03-23 00:00:00,6804.4501953125,6807.3798828125,6720.02001953125
2011-03-24 00:00:00,6933.580078125,6941.72021484375,6787.0400390625
2011-03-25 00:00:00,6946.35986328125,6985.25,6920.56982421875
2011-03-28 00:00:00,6938.6298828125,6981.18994140625,6915.580078125
2011-03-29 00:00:00,6934.43994140625,6960.16015625,6867.419921875
2011-03-30 00:00:00,7057.14990234375,7065.27001953125,7002.77001953125
2011-03-31 00:00:00,7041.31005859375,7079.759765625,7041.31005859375
2011-04-01 00:00:00,7179.81005859375,7192.3798828125,7086.56005859375
2011-04-04 00:00:00,7175.330078125,7200.259765625,7168.240234375
2011-04-05 00:00:00,7175.31005859375,7186.35009765625,7129.41015625
2011-04-06 00:00:00,7215.10986328125,7242.68994140625,7157.68017578125
2011-04-07 00:00:00,7178.77978515625,7241.08984375,7175.35009765625
2011-04-08 00:00:00,7217.02001953125,7232.8701171875,7195.43994140625
2011-04-11 00:00:00,7204.85986328125,7224.740234375,7157.330078125
2011-04-12 00:00:00,7102.91015625,7177.740234375,7089.169921875
2011-04-13 00:00:00,7177.97021484375,7201.1201171875,7122.509765625
2011-04-14 00:00:00,7146.56005859375,7184.93017578125,7099.66015625
2011-04-15 00:00:00,7178.2900390625,7193.3798828125,7144.9599609375
2011-04-18 00:00:00,7026.85009765625,7174.75,6994.56005859375
2011-04-19 00:00:00,7039.31005859375,7078.7900390625,7027.0400390625
2011-04-20 00:00:00,7249.18994140625,7261.259765625,7136.740234375
2011-04-21 00:00:00,7295.490234375,7316.52978515625,7280.10009765625
2011-04-26 00:00:00,7356.509765625,7359.97021484375,7278.52001953125
2011-04-27 00:00:00,7404.9501953125,7428.72021484375,7361.240234375
2011-04-28 00:00:00,7475.22021484375,7480.330078125,7426.6201171875
2011-04-29 00:00:00,7514.4599609375,7514.68994140625,7461.52978515625
2011-05-02 00:00:00,7527.64013671875,7600.41015625,7527.64013671875
2011-05-03 00:00:00,7500.7001953125,7523.68017578125,7446.830078125
2011-05-04 00:00:00,7373.93017578125,7534.259765625,7355.39990234375
2011-05-05 00:00:00,7376.9599609375,7423.9599609375,7291.39013671875
2011-05-06 00:00:00,7492.25,7501.6298828125,7362.5498046875
2011-05-09 00:00:00,7410.52001953125,7489.08984375,7379.97021484375
2011-05-10 00:00:00,7501.52001953125,7533.85986328125,7423.330078125
2011-05-11 00:00:00,7495.0498046875,7566.41015625,7469.6298828125
2011-05-12 00:00:00,7443.9501953125,7443.9501953125,7356.759765625
2011-05-13 00:00:00,7403.31005859375,7511.08984375,7391.14013671875
2011-05-16 00:00:00,7387.5400390625,7402.52001953125,7284.9599609375
2011-05-17 00:00:00,7256.64990234375,7368.97998046875,7253.89013671875
2011-05-18 00:00:00,7303.52978515625,7340.5400390625,7261.2900390625
2011-05-19 00:00:00,7358.22998046875,7415.64990234375,7316.740234375
2011-05-20 00:00:00,7266.81982421875,7410.31005859375,7228.1298828125
2011-05-23 00:00:00,7121.52001953125,7166.14990234375,7105.2001953125
2011-05-24 00:00:00,7150.66015625,7202.2099609375,7128.0400390625
2011-05-25 00:00:00,7170.93994140625,7183.7998046875,7071.419921875
2011-05-26 00:00:00,7114.08984375,7217.240234375,7087.31982421875
2011-05-27 00:00:00,7163.47021484375,7208.47998046875,7115.47998046875
2011-05-30 00:00:00,7160.2998046875,7204.16015625,7146.97998046875
2011-05-31 00:00:00,7293.68994140625,7319.68994140625,7238.77001953125
2011-06-01 00:00:00,7217.43017578125,7314.66015625,7193.89013671875
2011-06-02 00:00:00,7074.1201171875,7157.58984375,7074.1201171875
2011-06-03 00:00:00,7109.02978515625,7120.1201171875,7021.35986328125
2011-06-06 00:00:00,7084.56982421875,7124.31005859375,7062.72998046875
2011-06-07 00:00:00,7103.25,7147.6298828125,7086.89990234375
2011-06-08 00:00:00,7060.22998046875,7089.14990234375,6991.6201171875
2011-06-09 00:00:00,7159.66015625,7183.77978515625,7035.85986328125
2011-06-10 00:00:00,7069.89990234375,7182.830078125,7050.83984375
2011-06-13 00:00:00,7085.14013671875,7123.8798828125,7040.419921875
2011-06-14 00:00:00,7204.7900390625,7231.490234375,7161.2099609375
2011-06-15 00:00:00,7115.080078125,7202.169921875,7093.22998046875
2011-06-16 00:00:00,7110.2001953125,7111.64013671875,7017.97998046875
2011-06-17 00:00:00,7164.0498046875,7224.10986328125,7037.240234375
2011-06-20 00:00:00,7150.2099609375,7158.240234375,7063.85986328125
2011-06-21 00:00:00,7285.509765625,7285.509765625,7176.740234375
2011-06-22 00:00:00,7278.18994140625,7310.10009765625,7262.3701171875
2011-06-23 00:00:00,7149.43994140625,7237.2001953125,7118.52001953125
2011-06-24 00:00:00,7121.3798828125,7273.31982421875,7099.22021484375
2011-06-27 00:00:00,7107.89990234375,7144.43994140625,7079.10986328125
2011-06-28 00:00:00,7170.43017578125,7187.080078125,7075.18994140625
2011-06-29 00:00:00,7294.14013671875,7320.2998046875,7230.9501953125
2011-06-30 00:00:00,7376.240234375,7378.35009765625,7285.43994140625
2011-07-01 00:00:00,7419.43994140625,7443.2001953125,7357.02978515625
2011-07-04 00:00:00,7442.9599609375,7450.3798828125,7416.72998046875
2011-07-05 00:00:00,7439.43994140625,7474.93017578125,7424.72998046875
2011-07-06 00:00:00,7431.18994140625,7450.7099609375,7396.740234375
2011-07-07 00:00:00,7471.43994140625,7516.14990234375,7442.97998046875
2011-07-08 00:00:00,7402.72998046875,7523.52978515625,7389.7998046875
2011-07-11 00:00:00,7230.25,7358.5,7188.9599609375
2011-07-12 00:00:00,7174.14013671875,7190.47021484375,6996.259765625
2011-07-13 00:00:00,7267.8701171875,7280.16015625,7163.08984375
2011-07-14 00:00:00,7214.740234375,7267.27978515625,7197.490234375
2011-07-15 00:00:00,7220.1201171875,7254.10009765625,7139.68017578125
2011-07-18 00:00:00,7107.919921875,7171.5498046875,7089.08984375
2011-07-19 00:00:00,7192.669921875,7236.43994140625,7139.759765625
2011-07-20 00:00:00,7221.35986328125,7263.18017578125,7166.3701171875
2011-07-21 00:00:00,7290.14013671875,7326.60986328125,7142.43017578125
2011-07-22 00:00:00,7326.39013671875,7357.25,7266.7900390625
2011-07-25 00:00:00,7344.5400390625,7366.77978515625,7258.52001953125
2011-07-26 00:00:00,7349.4501953125,7382.7998046875,7302.5
2011-07-27 00:00:00,7252.68017578125,7344.169921875,7216.580078125
2011-07-28 00:00:00,7190.06005859375,7203.009765625,7110.1298828125
2011-07-29 00:00:00,7158.77001953125,7190.91015625,7063.81982421875
2011-08-01 00:00:00,6953.97998046875,7282.009765625,6953.97998046875
2011-08-02 00:00:00,6796.75,6938.33984375,6772.3798828125
2011-08-03 00:00:00,6640.58984375,6783.06982421875,6543.60009765625
2011-08-04 00:00:00,6414.759765625,6730.43017578125,6391.5400390625
2011-08-05 00:00:00,6236.16015625,6436.66015625,6152.6201171875
2011-08-08 00:00:00,5923.27001953125,6272.93994140625,5911.08984375
2011-08-09 00:00:00,5917.080078125,6026.27001953125,5502.6298828125
2011-08-10 00:00:00,5613.419921875,6089.080078125,5549.02001953125
2011-08-11 00:00:00,5797.66015625,5825.080078125,5487.81982421875
2011-08-12 00:00:00,5997.740234375,6023.75,5678.6201171875
2011-08-15 00:00:00,6022.240234375,6106.10986328125,6008.009765625
2011-08-16 00:00:00,5994.89990234375,5998.31005859375,5849.52001953125
2011-08-17 00:00:00,5948.93994140625,6018.3701171875,5870.169921875
2011-08-18 00:00:00,5602.7998046875,5892.56982421875,5535.60986328125
2011-08-19 00:00:00,5480.0,5595.14990234375,5345.35986328125
2011-08-22 00:00:00,5473.77978515625,5591.35009765625,5408.7099609375
2011-08-23 00:00:00,5532.3798828125,5636.06005859375,5452.14990234375
2011-08-24 00:00:00,5681.080078125,5743.10009765625,5514.14990234375
2011-08-25 00:00:00,5584.14013671875,5777.0400390625,5451.52001953125
2011-08-26 00:00:00,5537.47998046875,5588.68994140625,5403.580078125
2011-08-29 00:00:00,5670.06982421875,5714.72021484375,5587.77978515625
2011-08-30 00:00:00,5643.919921875,5730.35986328125,5572.64990234375
2011-08-31 00:00:00,5784.85009765625,5869.64990234375,5648.97021484375
2011-09-01 00:00:00,5730.6298828125,5794.5,5639.02978515625
2011-09-02 00:00:00,5538.330078125,5635.5,5493.31005859375
2011-09-05 00:00:00,5246.18017578125,5421.10986328125,5208.3701171875
2011-09-06 00:00:00,5193.97021484375,5332.10986328125,5150.0498046875
2011-09-07 00:00:00,5405.52978515625,5406.22998046875,5276.8798828125
2011-09-08 00:00:00,5408.4599609375,5473.68017578125,5313.77978515625
2011-09-09 00:00:00,5189.93017578125,5400.7900390625,5174.240234375
2011-09-12 00:00:00,5072.330078125,5126.52001953125,4965.7998046875
2011-09-13 00:00:00,5166.35986328125,5222.81005859375,4969.83984375
2011-09-14 00:00:00,5340.18994140625,5347.81982421875,5105.81982421875
2011-09-15 00:00:00,5508.240234375,5566.580078125,5374.56982421875
2011-09-16 00:00:00,5573.509765625,5655.9501953125,5524.22021484375
2011-09-19 00:00:00,5415.91015625,5496.93994140625,5362.009765625
2011-09-20 00:00:00,5571.68017578125,5577.60009765625,5369.06982421875
2011-09-21 00:00:00,5433.7998046875,5557.919921875,5417.85009765625
2011-09-22 00:00:00,5164.2099609375,5289.77001953125,5135.85009765625
2011-09-23 00:00:00,5196.56005859375,5229.60009765625,4973.919921875
2011-09-26 00:00:00,5345.56005859375,5415.56005859375,5118.18994140625
2011-09-27 00:00:00,5628.43994140625,5638.0400390625,5483.22998046875
2011-09-28 00:00:00,5578.419921875,5700.080078125,5520.58984375
2011-09-29 00:00:00,5639.580078125,5704.41015625,5533.330078125
2011-09-30 00:00:00,5502.02001953125,5606.56005859375,5438.5498046875
2011-10-04 00:00:00,5216.7099609375,5288.77978515625,5125.43994140625
2011-10-05 00:00:00,5473.02978515625,5486.02978515625,5266.14013671875
2011-10-06 00:00:00,5645.25,5645.25,5465.5498046875
2011-10-07 00:00:00,5675.7001953125,5749.1298828125,5606.31982421875
2011-10-10 00:00:00,5847.2900390625,5872.14990234375,5652.990234375
2011-10-11 00:00:00,5865.009765625,5883.3798828125,5773.8798828125
2011-10-12 00:00:00,5994.47021484375,6022.0498046875,5798.16015625
2011-10-13 00:00:00,5914.83984375,6036.02001953125,5878.2900390625
2011-10-14 00:00:00,5967.2001953125,6037.2900390625,5885.39013671875
2011-10-17 00:00:00,5859.43017578125,6081.41015625,5819.97021484375
2011-10-18 00:00:00,5877.41015625,5907.4599609375,5747.64990234375
2011-10-19 00:00:00,5913.52978515625,5977.75,5874.85009765625
2011-10-20 00:00:00,5766.47998046875,5914.8701171875,5752.830078125
2011-10-21 00:00:00,5970.9599609375,5980.4599609375,5769.18994140625
2011-10-24 00:00:00,6055.27001953125,6067.16015625,5937.580078125
2011-10-25 00:00:00,6046.75,6157.93017578125,5964.27978515625
2011-10-26 00:00:00,6016.06982421875,6143.56005859375,5951.81982421875
2011-10-27 00:00:00,6337.83984375,6347.60009765625,6196.60009765625
2011-10-28 00:00:00,6346.18994140625,6430.60009765625,6305.5
2011-10-31 00:00:00,6141.33984375,6304.83984375,6141.33984375
2011-11-01 00:00:00,5834.509765625,5947.580078125,5762.259765625
2011-11-02 00:00:00,5965.6298828125,5990.56005859375,5810.7900390625
2011-11-03 00:00:00,6133.18017578125,6193.33984375,5832.02978515625
2011-11-04 00:00:00,5966.16015625,6175.43017578125,5928.919921875
2011-11-07 00:00:00,5928.68017578125,6028.58984375,5835.08984375
2011-11-08 00:00:00,5961.43994140625,6087.06005859375,5934.22998046875
2011-11-09 00:00:00,5829.5400390625,6055.580078125,5767.259765625
2011-11-10 00:00:00,5867.81005859375,5934.31005859375,5721.97021484375
2011-11-11 00:00:00,6057.02978515625,6065.2900390625,5855.1201171875
2011-11-14 00:00:00,5985.02001953125,6116.06982421875,5934.08984375
2011-11-15 00:00:00,5933.14013671875,6011.47021484375,5815.85009765625
2011-11-16 00:00:00,5913.35986328125,6028.22998046875,5852.0400390625
2011-11-17 00:00:00,5850.169921875,5921.25,5778.10009765625
2011-11-18 00:00:00,5800.240234375,5897.990234375,5769.68994140625
2011-11-21 00:00:00,5606.0,5771.7001953125,5598.0498046875
2011-11-22 00:00:00,5537.39013671875,5681.740234375,5537.39013671875
2011-11-23 00:00:00,5457.77001953125,5588.10986328125,5457.77001953125
2011-11-24 00:00:00,5428.10986328125,5563.81982421875,5399.85009765625
2011-11-25 00:00:00,5492.8701171875,5528.64013671875,5366.5
2011-11-28 00:00:00,5745.330078125,5754.509765625,5573.0
2011-11-29 00:00:00,5799.91015625,5826.35009765625,5690.56982421875
2011-11-30 00:00:00,6088.83984375,6130.68017578125,5725.97998046875
2011-12-01 00:00:00,6035.8798828125,6111.97021484375,6017.3798828125
2011-12-02 00:00:00,6080.68017578125,6169.64013671875,6055.47998046875
2011-12-05 00:00:00,6106.08984375,6170.0400390625,6086.419921875
2011-12-06 00:00:00,6028.81982421875,6094.77001953125,6005.81982421875
2011-12-07 00:00:00,5994.72998046875,6137.0498046875,5919.56005859375
2011-12-08 00:00:00,5874.43994140625,6077.169921875,5868.6298828125
2011-12-09 00:00:00,5986.7099609375,6007.0498046875,5802.35986328125
2011-12-12 00:00:00,5785.43017578125,5952.5498046875,5785.43017578125
2011-12-13 00:00:00,5774.259765625,5852.43017578125,5734.1201171875
2011-12-14 00:00:00,5675.14013671875,5771.60009765625,5675.14013671875
2011-12-15 00:00:00,5730.6201171875,5795.8701171875,5682.16015625
2011-12-16 00:00:00,5701.77978515625,5775.0,5693.41015625
2011-12-19 00:00:00,5670.7099609375,5775.240234375,5644.18994140625
2011-12-20 00:00:00,5847.02978515625,5847.7099609375,5637.52978515625
2011-12-21 00:00:00,5791.52978515625,5965.35009765625,5771.6201171875
2011-12-22 00:00:00,5852.18017578125,5886.18017578125,5820.43994140625
2011-12-23 00:00:00,5878.93017578125,5913.41015625,5844.64013671875
2011-12-27 00:00:00,5889.759765625,5924.3798828125,5877.97998046875
2011-12-28 00:00:00,5771.27001953125,5901.35009765625,5771.27001953125
2011-12-29 00:00:00,5848.77978515625,5848.77978515625,5775.7900390625
2011-12-30 00:00:00,5898.35009765625,5898.35009765625,5817.7099609375
2012-01-02 00:00:00,6075.52001953125,6075.52001953125,5900.18017578125
2012-01-03 00:00:00,6166.56982421875,6179.02978515625,6108.6201171875
2012-01-04 00:00:00,6111.5498046875,6163.47998046875,6088.06005859375
2012-01-05 00:00:00,6095.990234375,6130.10009765625,6040.93994140625
2012-01-06 00:00:00,6057.919921875,6152.56005859375,6012.64013671875
2012-01-09 00:00:00,6017.22998046875,6076.58984375,5987.75
2012-01-10 00:00:00,6162.97998046875,6191.2900390625,6069.35986328125
2012-01-11 00:00:00,6152.33984375,6181.60986328125,6106.02978515625
2012-01-12 00:00:00,6179.2099609375,6256.9501953125,6148.85009765625
2012-01-13 00:00:00,6143.080078125,6245.3798828125,6063.66015625
2012-01-16 00:00:00,6220.009765625,6232.2099609375,6104.10986328125
2012-01-17 00:00:00,6332.93017578125,6343.0400390625,6270.97021484375
2012-01-18 00:00:00,6354.56982421875,6399.43017578125,6280.52001953125
2012-01-19 00:00:00,6416.259765625,6420.35009765625,6333.7001953125
2012-01-20 00:00:00,6404.39013671875,6431.259765625,6371.68994140625
2012-01-23 00:00:00,6436.6201171875,6467.33984375,6349.68994140625
2012-01-24 00:00:00,6419.22021484375,6420.0498046875,6339.0
2012-01-25 00:00:00,6421.85009765625,6456.56982421875,6366.64990234375
2012-01-26 00:00:00,6539.85009765625,6559.06982421875,6430.3701171875
2012-01-27 00:00:00,6511.97998046875,6574.18994140625,6484.35009765625
2012-01-30 00:00:00,6444.4501953125,6491.52001953125,6414.330078125
2012-01-31 00:00:00,6458.91015625,6533.22021484375,6450.10009765625
2012-02-01 00:00:00,6616.64013671875,6630.47998046875,6482.56005859375
2012-02-02 00:00:00,6655.6298828125,6667.97998046875,6606.3701171875
2012-02-03 00:00:00,6766.669921875,6767.4599609375,6635.6298828125
2012-02-06 00:00:00,6764.830078125,6781.43017578125,6714.81982421875
2012-02-07 00:00:00,6754.2001953125,6788.77001953125,6682.89013671875
2012-02-08 00:00:00,6748.759765625,6829.8798828125,6735.669921875
2012-02-09 00:00:00,6788.7998046875,6838.1298828125,6746.10009765625
2012-02-10 00:00:00,6692.9599609375,6751.080078125,6649.56005859375
2012-02-13 00:00:00,6738.47021484375,6774.60009765625,6709.6298828125
2012-02-14 00:00:00,6728.18994140625,6788.56982421875,6698.31982421875
2012-02-15 00:00:00,6757.93994140625,6830.10009765625,6736.56005859375
2012-02-16 00:00:00,6751.9599609375,6751.9599609375,6651.72021484375
2012-02-17 00:00:00,6848.02978515625,6874.52978515625,6794.89013671875
2012-02-20 00:00:00,6948.25,6956.669921875,6878.52978515625
2012-02-21 00:00:00,6908.18017578125,6971.02978515625,6873.5400390625
2012-02-22 00:00:00,6843.8701171875,6915.18017578125,6821.7998046875
2012-02-23 00:00:00,6809.4599609375,6903.509765625,6733.58984375
2012-02-24 00:00:00,6864.43017578125,6890.89990234375,6826.33984375
2012-02-27 00:00:00,6849.60009765625,6868.580078125,6743.64990234375
2012-02-28 00:00:00,6887.6298828125,6900.509765625,6809.22021484375
2012-02-29 00:00:00,6856.080078125,6967.14013671875,6843.27001953125
2012-03-01 00:00:00,6941.77001953125,6949.4501953125,6817.72998046875
2012-03-02 00:00:00,6921.3701171875,6954.89013671875,6904.10009765625
2012-03-05 00:00:00,6866.4599609375,6902.580078125,6815.47021484375
2012-03-06 00:00:00,6633.10986328125,6840.330078125,6633.10986328125
2012-03-07 00:00:00,6671.10986328125,6682.68017578125,6612.60986328125
2012-03-08 00:00:00,6834.5400390625,6838.39013671875,6703.89013671875
2012-03-09 00:00:00,6880.2099609375,6912.419921875,6830.6298828125
2012-03-12 00:00:00,6901.35009765625,6911.27001953125,6846.89990234375
2012-03-13 00:00:00,6995.91015625,7020.0400390625,6941.9599609375
2012-03-14 00:00:00,7079.419921875,7099.33984375,7028.14990234375
2012-03-15 00:00:00,7144.4501953125,7153.10986328125,7072.27001953125
2012-03-16 00:00:00,7157.81982421875,7194.330078125,7142.75
2012-03-19 00:00:00,7154.22021484375,7154.830078125,7095.1298828125
2012-03-20 00:00:00,7054.93994140625,7124.6298828125,7032.06982421875
2012-03-21 00:00:00,7071.31982421875,7114.009765625,7012.0400390625
2012-03-22 00:00:00,6981.259765625,7071.08984375,6938.2001953125
2012-03-23 00:00:00,6995.6201171875,7026.89990234375,6908.97021484375
2012-03-26 00:00:00,7079.22998046875,7102.0498046875,6969.97021484375
2012-03-27 00:00:00,7078.89990234375,7153.68017578125,7075.16015625
2012-03-28 00:00:00,6998.7998046875,7110.5400390625,6998.7998046875
2012-03-29 00:00:00,6875.14990234375,6993.740234375,6841.97021484375
2012-03-30 00:00:00,6946.830078125,6959.7099609375,6898.91015625
2012-04-02 00:00:00,7056.64990234375,7057.2001953125,6911.6298828125
2012-04-03 00:00:00,6982.27978515625,7081.06005859375,6981.2099609375
2012-04-04 00:00:00,6784.06005859375,6944.39990234375,6772.9501953125
2012-04-05 00:00:00,6775.259765625,6831.35986328125,6685.7998046875
2012-04-10 00:00:00,6606.43017578125,6737.919921875,6606.43017578125
2012-04-11 00:00:00,6674.72998046875,6722.52001953125,6603.06982421875
2012-04-12 00:00:00,6743.240234375,6761.77978515625,6651.81005859375
2012-04-13 00:00:00,6583.89990234375,6743.009765625,6552.31982421875
2012-04-16 00:00:00,6625.18994140625,6675.39013671875,6548.39013671875
2012-04-17 00:00:00,6801.0,6801.14990234375,6616.9501953125
2012-04-18 00:00:00,6732.02978515625,6812.83984375,6718.10009765625
2012-04-19 00:00:00,6671.22021484375,6807.1201171875,6665.31005859375
2012-04-20 00:00:00,6750.1201171875,6760.259765625,6651.7998046875
2012-04-23 00:00:00,6523.0,6668.1201171875,6499.06982421875
2012-04-24 00:00:00,6590.41015625,6604.5400390625,6508.10009765625
2012-04-25 00:00:00,6704.5,6733.33984375,6622.89990234375
2012-04-26 00:00:00,6739.89990234375,6750.64990234375,6642.0400390625
2012-04-27 00:00:00,6801.31982421875,6825.41015625,6652.509765625
2012-04-30 00:00:00,6761.18994140625,6846.66015625,6759.89990234375
2012-05-02 00:00:00,6710.77001953125,6875.8701171875,6664.56982421875
2012-05-03 00:00:00,6694.43994140625,6791.75,6648.5
2012-05-04 00:00:00,6561.47021484375,6684.89013671875,6546.0
2012-05-07 00:00:00,6569.47998046875,6578.9501953125,6410.02978515625
2012-05-08 00:00:00,6444.740234375,6576.72021484375,6415.02978515625
2012-05-09 00:00:00,6475.31005859375,6506.2099609375,6375.7900390625
2012-05-10 00:00:00,6518.0,6549.77001953125,6440.22998046875
2012-05-11 00:00:00,6579.93017578125,6589.009765625,6454.2099609375
2012-05-14 00:00:00,6451.97021484375,6520.85986328125,6404.27978515625
2012-05-15 00:00:00,6401.06005859375,6509.64990234375,6353.259765625
2012-05-16 00:00:00,6384.259765625,6442.97021484375,6297.3798828125
2012-05-17 00:00:00,6308.9599609375,6413.0498046875,6291.10009765625
2012-05-18 00:00:00,6271.22021484375,6335.5498046875,6229.2998046875
2012-05-21 00:00:00,6331.0400390625,6364.39990234375,6244.02001953125
2012-05-22 00:00:00,6435.60009765625,6446.0,6351.02001953125
2012-05-23 00:00:00,6285.75,6373.7900390625,6258.85009765625
2012-05-24 00:00:00,6315.89013671875,6351.10009765625,6244.47998046875
2012-05-25 00:00:00,6339.93994140625,6406.9599609375,6279.5498046875
2012-05-28 00:00:00,6323.18994140625,6426.27001953125,6311.330078125
2012-05-29 00:00:00,6396.83984375,6441.259765625,6334.75
2012-05-30 00:00:00,6280.7998046875,6392.2099609375,6258.89013671875
2012-05-31 00:00:00,6264.3798828125,6322.68994140625,6208.08984375
2012-06-01 00:00:00,6050.2900390625,6259.759765625,6008.47021484375
2012-06-04 00:00:00,5978.22998046875,6030.81005859375,5942.3798828125
2012-06-05 00:00:00,5969.39990234375,6011.56005859375,5914.43017578125
2012-06-06 00:00:00,6093.990234375,6102.419921875,5996.41015625
2012-06-07 00:00:00,6144.22021484375,6230.22021484375,6099.080078125
2012-06-08 00:00:00,6130.81982421875,6144.759765625,6053.9501953125
2012-06-11 00:00:00,6141.0498046875,6287.5400390625,6130.27978515625
2012-06-12 00:00:00,6161.240234375,6211.14013671875,6083.81005859375
2012-06-13 00:00:00,6152.490234375,6221.35986328125,6093.60986328125
2012-06-14 00:00:00,6138.60986328125,6167.490234375,6078.22021484375
2012-06-15 00:00:00,6229.41015625,6251.58984375,6158.77978515625
2012-06-18 00:00:00,6248.2001953125,6316.14013671875,6221.8701171875
2012-06-19 00:00:00,6363.35986328125,6375.27001953125,6233.25
2012-06-20 00:00:00,6392.1298828125,6402.2099609375,6333.97021484375
2012-06-21 00:00:00,6343.1298828125,6427.490234375,6331.7900390625
2012-06-22 00:00:00,6263.25,6318.06005859375,6256.33984375
2012-06-25 00:00:00,6132.39013671875,6229.43017578125,6118.72021484375
2012-06-26 00:00:00,6136.68994140625,6165.27978515625,6109.93017578125
2012-06-27 00:00:00,6228.990234375,6230.509765625,6131.2998046875
2012-06-28 00:00:00,6149.91015625,6240.08984375,6096.93994140625
2012-06-29 00:00:00,6416.27978515625,6416.27978515625,6261.740234375
2012-07-02 00:00:00,6496.080078125,6520.39990234375,6390.5498046875
2012-07-03 00:00:00,6578.2099609375,6578.2099609375,6505.39013671875
2012-07-04 00:00:00,6564.7998046875,6573.85986328125,6525.509765625
2012-07-05 00:00:00,6535.56005859375,6641.85986328125,6475.919921875
2012-07-06 00:00:00,6410.10986328125,6533.7900390625,6407.83984375
2012-07-09 00:00:00,6387.56982421875,6420.77978515625,6375.68994140625
2012-07-10 00:00:00,6438.330078125,6491.39990234375,6349.6201171875
2012-07-11 00:00:00,6453.85009765625,6496.52978515625,6399.39990234375
2012-07-12 00:00:00,6419.35009765625,6448.22021484375,6366.77001953125
2012-07-13 00:00:00,6557.10009765625,6557.10009765625,6436.08984375
2012-07-16 00:00:00,6565.72021484375,6577.06005859375,6511.18017578125
2012-07-17 00:00:00,6577.64013671875,6610.81005859375,6542.89013671875
2012-07-18 00:00:00,6684.419921875,6690.66015625,6578.85986328125
2012-07-19 00:00:00,6758.39013671875,6773.5,6698.8701171875
2012-07-20 00:00:00,6630.02001953125,6775.740234375,6620.72021484375
2012-07-23 00:00:00,6419.330078125,6572.10986328125,6371.14990234375
2012-07-24 00:00:00,6390.41015625,6456.0,6378.0
2012-07-25 00:00:00,6406.52001953125,6475.330078125,6375.14990234375
2012-07-26 00:00:00,6582.9599609375,6595.580078125,6324.52978515625
2012-07-27 00:00:00,6689.39990234375,6690.43017578125,6513.97021484375
2012-07-30 00:00:00,6774.06005859375,6796.60986328125,6703.259765625
2012-07-31 00:00:00,6772.259765625,6835.18994140625,6756.18017578125
2012-08-01 00:00:00,6754.4599609375,6800.10009765625,6735.89013671875
2012-08-02 00:00:00,6606.08984375,6855.7099609375,6596.2099609375
2012-08-03 00:00:00,6865.66015625,6876.740234375,6621.35986328125
2012-08-06 00:00:00,6918.72021484375,6943.31982421875,6845.8798828125
2012-08-07 00:00:00,6967.9501953125,6979.6298828125,6902.85986328125
2012-08-08 00:00:00,6966.14990234375,6966.14990234375,6907.2900390625
2012-08-09 00:00:00,6964.990234375,6989.14990234375,6891.490234375
2012-08-10 00:00:00,6944.56005859375,6955.3798828125,6891.89990234375
2012-08-13 00:00:00,6909.68017578125,6976.31005859375,6882.02978515625
2012-08-14 00:00:00,6974.39013671875,6995.02978515625,6939.5
2012-08-15 00:00:00,6946.7998046875,6972.64013671875,6910.39013671875
2012-08-16 00:00:00,6996.2900390625,7001.39990234375,6929.43017578125
2012-08-17 00:00:00,7040.8798828125,7041.10986328125,7000.85009765625
2012-08-20 00:00:00,7033.68017578125,7086.22021484375,7008.97021484375
2012-08-21 00:00:00,7089.31982421875,7105.43017578125,7041.72998046875
2012-08-22 00:00:00,7017.75,7051.77001953125,7005.259765625
2012-08-23 00:00:00,6949.56982421875,7080.740234375,6923.06982421875
2012-08-24 00:00:00,6971.06982421875,6990.06982421875,6885.97998046875
2012-08-27 00:00:00,7047.4501953125,7049.47998046875,6946.080078125
2012-08-28 00:00:00,7002.68017578125,7031.16015625,6976.009765625
2012-08-29 00:00:00,7010.56982421875,7029.7998046875,6945.7099609375
2012-08-30 00:00:00,6895.490234375,6978.5,6871.0
2012-08-31 00:00:00,6970.7900390625,7011.4501953125,6889.7900390625
2012-09-03 00:00:00,7014.830078125,7016.31005859375,6944.25
2012-09-04 00:00:00,6932.580078125,7015.7099609375,6920.0
2012-09-05 00:00:00,6964.68994140625,7003.52978515625,6892.85986328125
2012-09-06 00:00:00,7167.330078125,7172.31982421875,6977.85986328125
2012-09-07 00:00:00,7214.5,7248.509765625,7182.60009765625
2012-09-10 00:00:00,7213.7001953125,7233.919921875,7203.64990234375
2012-09-11 00:00:00,7310.10986328125,7313.47998046875,7186.6298828125
2012-09-12 00:00:00,7343.52978515625,7410.35986328125,7307.47998046875
2012-09-13 00:00:00,7310.31982421875,7353.22021484375,7280.22998046875
2012-09-14 00:00:00,7412.1298828125,7446.47021484375,7388.7900390625
2012-09-17 00:00:00,7403.68994140625,7414.22021484375,7382.47021484375
2012-09-18 00:00:00,7347.68994140625,7375.0,7304.25
2012-09-19 00:00:00,7390.759765625,7396.1201171875,7326.240234375
2012-09-20 00:00:00,7389.490234375,7390.4599609375,7313.14013671875
2012-09-21 00:00:00,7451.6201171875,7478.52978515625,7391.06005859375
2012-09-24 00:00:00,7413.16015625,7440.490234375,7388.2001953125
2012-09-25 00:00:00,7425.10986328125,7438.89013671875,7369.39013671875
2012-09-26 00:00:00,7276.509765625,7362.97998046875,7255.77001953125
2012-09-27 00:00:00,7290.02001953125,7324.97021484375,7268.68994140625
2012-09-28 00:00:00,7216.14990234375,7337.169921875,7215.9501953125
2012-10-01 00:00:00,7326.72998046875,7339.2001953125,7225.2900390625
2012-10-02 00:00:00,7305.85986328125,7373.14990234375,7266.10986328125
2012-10-04 00:00:00,7305.2099609375,7374.85986328125,7283.47998046875
2012-10-05 00:00:00,7397.8701171875,7409.77978515625,7312.7900390625
2012-10-08 00:00:00,7291.2099609375,7341.27978515625,7286.240234375
2012-10-09 00:00:00,7234.52978515625,7308.1298828125,7221.5
2012-10-10 00:00:00,7205.22998046875,7245.169921875,7201.08984375
2012-10-11 00:00:00,7281.7001953125,7305.4599609375,7182.31005859375
2012-10-12 00:00:00,7232.490234375,7291.240234375,7232.419921875
2012-10-15 00:00:00,7261.25,7302.22998046875,7237.39990234375
2012-10-16 00:00:00,7376.27001953125,7387.77978515625,7293.89990234375
2012-10-17 00:00:00,7394.5498046875,7399.990234375,7367.58984375
2012-10-18 00:00:00,7437.22998046875,7447.81005859375,7389.009765625
2012-10-19 00:00:00,7380.64013671875,7430.1201171875,7363.5
2012-10-22 00:00:00,7328.0498046875,7390.10009765625,7313.240234375
2012-10-23 00:00:00,7173.68994140625,7343.60009765625,7153.7998046875
2012-10-24 00:00:00,7192.85009765625,7216.1298828125,7120.68017578125
2012-10-25 00:00:00,7200.22998046875,7256.22021484375,7181.4501953125
2012-10-26 00:00:00,7231.85009765625,7257.3701171875,7147.509765625
2012-10-29 00:00:00,7203.16015625,7225.31982421875,7171.9599609375
2012-10-30 00:00:00,7284.39990234375,7292.830078125,7239.0400390625
2012-10-31 00:00:00,7260.6298828125,7347.509765625,7260.6298828125
2012-11-01 00:00:00,7335.669921875,7356.18017578125,7255.10986328125
2012-11-02 00:00:00,7363.85009765625,7391.0400390625,7314.68017578125
2012-11-05 00:00:00,7326.47021484375,7337.47021484375,7304.4501953125
2012-11-06 00:00:00,7377.759765625,7388.97998046875,7319.72998046875
2012-11-07 00:00:00,7232.830078125,7434.9599609375,7226.60009765625
2012-11-08 00:00:00,7204.9599609375,7287.0,7184.18017578125
2012-11-09 00:00:00,7163.5,7222.8701171875,7064.33984375
2012-11-12 00:00:00,7168.759765625,7196.0,7138.169921875
2012-11-13 00:00:00,7169.1201171875,7185.2900390625,7074.8701171875
2012-11-14 00:00:00,7101.919921875,7182.81005859375,7084.6298828125
2012-11-15 00:00:00,7043.419921875,7079.22021484375,7021.6201171875
2012-11-16 00:00:00,6950.52978515625,7059.830078125,6950.52978515625
2012-11-19 00:00:00,7123.83984375,7130.8701171875,7007.2099609375
2012-11-20 00:00:00,7172.990234375,7186.60986328125,7092.22998046875
2012-11-21 00:00:00,7184.7099609375,7194.7900390625,7139.990234375
2012-11-22 00:00:00,7244.990234375,7253.02001953125,7205.2001953125
2012-11-23 00:00:00,7309.1298828125,7311.5498046875,7219.5498046875
2012-11-26 00:00:00,7292.02978515625,7312.85986328125,7273.56982421875
2012-11-27 00:00:00,7332.330078125,7361.5498046875,7307.2998046875
2012-11-28 00:00:00,7343.41015625,7351.47998046875,7265.43994140625
2012-11-29 00:00:00,7400.9599609375,7416.52001953125,7377.08984375
2012-11-30 00:00:00,7405.5,7442.60009765625,7398.22021484375
2012-12-03 00:00:00,7435.2099609375,7487.89013671875,7419.2998046875
2012-12-04 00:00:00,7435.1201171875,7466.25,7417.2998046875
2012-12-05 00:00:00,7454.5498046875,7482.27978515625,7428.7001953125
2012-12-06 00:00:00,7534.5400390625,7554.509765625,7461.18994140625
2012-12-07 00:00:00,7517.7998046875,7553.0498046875,7487.64013671875
2012-12-10 00:00:00,7530.919921875,7536.60009765625,7457.39990234375
2012-12-11 00:00:00,7589.75,7596.89990234375,7518.740234375
2012-12-12 00:00:00,7614.7900390625,7626.39990234375,7590.18017578125
2012-12-13 00:00:00,7581.97998046875,7618.6201171875,7561.9599609375
2012-12-14 00:00:00,7596.47021484375,7619.259765625,7571.16015625
2012-12-17 00:00:00,7604.93994140625,7627.14013671875,7564.06982421875
2012-12-18 00:00:00,7653.580078125,7667.91015625,7626.25
2012-12-19 00:00:00,7668.5,7682.89990234375,7655.7099609375
2012-12-20 00:00:00,7672.10009765625,7675.4501953125,7635.39013671875
2012-12-21 00:00:00,7636.22998046875,7653.72998046875,7596.64013671875
2012-12-27 00:00:00,7655.8798828125,7676.5,7640.2998046875
2012-12-28 00:00:00,7612.39013671875,7665.68017578125,7602.89013671875
2013-01-02 00:00:00,7778.77978515625,7789.93994140625,7689.4599609375
2013-01-03 00:00:00,7756.43994140625,7777.02001953125,7737.97998046875
2013-01-04 00:00:00,7776.3701171875,7779.669921875,7727.5498046875
2013-01-07 00:00:00,7732.66015625,7767.5498046875,7713.419921875
2013-01-08 00:00:00,7695.830078125,7754.3798828125,7683.47998046875
2013-01-09 00:00:00,7720.47021484375,7734.77978515625,7688.5498046875
2013-01-10 00:00:00,7708.47021484375,7773.68994140625,7685.080078125
2013-01-11 00:00:00,7715.52978515625,7731.4501953125,7683.919921875
2013-01-14 00:00:00,7729.52001953125,7785.81982421875,7702.35986328125
2013-01-15 00:00:00,7675.91015625,7735.2099609375,7635.8798828125
2013-01-16 00:00:00,7691.1298828125,7694.7998046875,7643.14013671875
2013-01-17 00:00:00,7735.4599609375,7764.02978515625,7662.43017578125
2013-01-18 00:00:00,7702.22998046875,7753.490234375,7702.22998046875
2013-01-21 00:00:00,7748.85986328125,7749.81982421875,7719.02001953125
2013-01-22 00:00:00,7696.2099609375,7746.91015625,7634.259765625
2013-01-23 00:00:00,7707.5400390625,7731.6298828125,7684.83984375
2013-01-24 00:00:00,7748.1298828125,7753.2998046875,7661.9599609375
2013-01-25 00:00:00,7857.97021484375,7865.16015625,7743.18994140625
2013-01-28 00:00:00,7833.0,7871.7900390625,7831.72021484375
2013-01-29 00:00:00,7848.56982421875,7857.14013671875,7800.1201171875
2013-01-30 00:00:00,7811.31005859375,7863.35009765625,7775.02978515625
2013-01-31 00:00:00,7776.0498046875,7812.33984375,7765.2001953125
2013-02-01 00:00:00,7833.39013671875,7853.3701171875,7784.97021484375
2013-02-04 00:00:00,7638.22998046875,7837.64013671875,7637.68017578125
2013-02-05 00:00:00,7664.66015625,7677.14013671875,7622.2998046875
2013-02-06 00:00:00,7581.18017578125,7694.419921875,7537.2900390625
2013-02-07 00:00:00,7590.85009765625,7661.31005859375,7565.31982421875
2013-02-08 00:00:00,7652.14013671875,7655.31005859375,7577.33984375
2013-02-11 00:00:00,7633.740234375,7676.81982421875,7597.60986328125
2013-02-12 00:00:00,7660.18994140625,7661.97021484375,7593.66015625
2013-02-13 00:00:00,7711.89013671875,7737.41015625,7650.2900390625
2013-02-14 00:00:00,7631.18994140625,7729.35986328125,7607.47998046875
2013-02-15 00:00:00,7593.509765625,7649.5,7588.56982421875
2013-02-18 00:00:00,7628.72998046875,7629.77978515625,7568.16015625
2013-02-19 00:00:00,7752.4501953125,7762.89990234375,7611.60009765625
2013-02-20 00:00:00,7728.89990234375,7784.64013671875,7709.47998046875
2013-02-21 00:00:00,7583.56982421875,7688.43994140625,7561.83984375
2013-02-22 00:00:00,7661.91015625,7681.1201171875,7607.259765625
2013-02-25 00:00:00,7773.18994140625,7860.56982421875,7726.39990234375
2013-02-26 00:00:00,7597.10986328125,7683.9599609375,7589.31982421875
2013-02-27 00:00:00,7675.830078125,7679.43994140625,7565.77978515625
2013-02-28 00:00:00,7741.7001953125,7753.39013671875,7691.81005859375
2013-03-01 00:00:00,7708.16015625,7767.669921875,7627.990234375
2013-03-04 00:00:00,7691.68017578125,7708.8798828125,7637.31982421875
2013-03-05 00:00:00,7870.31005859375,7883.60009765625,7772.330078125
2013-03-06 00:00:00,7919.330078125,7977.64013671875,7898.0400390625
2013-03-07 00:00:00,7939.77001953125,7956.259765625,7911.56005859375
2013-03-08 00:00:00,7986.47021484375,8015.06982421875,7962.27978515625
2013-03-11 00:00:00,7984.2900390625,7989.2099609375,7954.580078125
2013-03-12 00:00:00,7966.1201171875,7999.5,7933.93994140625
2013-03-13 00:00:00,7970.91015625,7978.83984375,7942.3701171875
2013-03-14 00:00:00,8058.3701171875,8060.259765625,8011.22021484375
2013-03-15 00:00:00,8042.85009765625,8074.47021484375,7996.9501953125
2013-03-18 00:00:00,8010.7001953125,8020.91015625,7901.93994140625
2013-03-19 00:00:00,7947.7900390625,8000.97021484375,7919.4501953125
2013-03-20 00:00:00,8001.97021484375,8030.4599609375,7972.2099609375
2013-03-21 00:00:00,7932.509765625,7999.33984375,7887.669921875
2013-03-22 00:00:00,7911.35009765625,7953.93017578125,7876.35986328125
2013-03-25 00:00:00,7870.89990234375,8030.759765625,7847.97021484375
2013-03-26 00:00:00,7879.669921875,7912.52001953125,7859.27001953125
2013-03-27 00:00:00,7789.08984375,7916.759765625,7750.3798828125
2013-03-28 00:00:00,7795.31005859375,7842.580078125,7778.02001953125
2013-04-02 00:00:00,7943.8701171875,7949.2001953125,7805.919921875
2013-04-03 00:00:00,7874.75,7953.14990234375,7869.81005859375
2013-04-04 00:00:00,7817.39013671875,7927.93017578125,7803.89013671875
2013-04-05 00:00:00,7658.75,7825.27978515625,7632.419921875
2013-04-08 00:00:00,7662.64013671875,7698.47021484375,7645.56005859375
2013-04-09 00:00:00,7637.509765625,7723.2001953125,7608.0400390625
2013-04-10 00:00:00,7810.6298828125,7822.1201171875,7660.2001953125
2013-04-11 00:00:00,7871.6298828125,7885.4501953125,7786.75
2013-04-12 00:00:00,7744.77001953125,7838.52978515625,7726.1298828125
2013-04-15 00:00:00,7712.6298828125,7773.10986328125,7651.580078125
2013-04-16 00:00:00,7682.580078125,7739.66015625,7639.43017578125
2013-04-17 00:00:00,7503.02978515625,7722.4599609375,7473.06982421875
2013-04-18 00:00:00,7473.72998046875,7556.5498046875,7436.77978515625
2013-04-19 00:00:00,7459.9599609375,7531.08984375,7418.35986328125
2013-04-22 00:00:00,7478.10986328125,7538.22021484375,7437.52001953125
2013-04-23 00:00:00,7658.2099609375,7664.22021484375,7442.35986328125
2013-04-24 00:00:00,7759.02978515625,7767.35986328125,7656.22021484375
2013-04-25 00:00:00,7832.85986328125,7838.31005859375,7741.97998046875
2013-04-26 00:00:00,7814.759765625,7840.47021484375,7767.60986328125
2013-04-29 00:00:00,7873.5,7873.5,7823.240234375
2013-04-30 00:00:00,7913.7099609375,7965.89990234375,7893.080078125
2013-05-02 00:00:00,7961.7099609375,8005.830078125,7896.990234375
2013-05-03 00:00:00,8122.2900390625,8130.16015625,7957.35986328125
2013-05-06 00:00:00,8112.080078125,8148.14013671875,8103.27001953125
2013-05-07 00:00:00,8181.77978515625,8206.009765625,8116.669921875
2013-05-08 00:00:00,8249.7099609375,8253.4697265625,8173.35009765625
2013-05-09 00:00:00,8262.5498046875,8274.1796875,8224.51953125
2013-05-10 00:00:00,8278.58984375,8358.23046875,8252.3701171875
2013-05-13 00:00:00,8279.2900390625,8294.5595703125,8217.150390625
2013-05-14 00:00:00,8339.1103515625,8339.1103515625,8235.9697265625
2013-05-15 00:00:00,8362.419921875,8368.0595703125,8299.830078125
2013-05-16 00:00:00,8369.8701171875,8401.2802734375,8324.23046875
2013-05-17 00:00:00,8398.0,8408.6201171875,8327.4697265625
2013-05-20 00:00:00,8455.830078125,8456.240234375,8401.740234375
2013-05-21 00:00:00,8472.2001953125,8476.1796875,8397.5400390625
2013-05-22 00:00:00,8530.8896484375,8557.8603515625,8434.830078125
2013-05-23 00:00:00,8351.98046875,8412.25,8281.1103515625
2013-05-24 00:00:00,8305.3203125,8391.01953125,8262.6396484375
2013-05-27 00:00:00,8383.2998046875,8386.8603515625,8338.3203125
2013-05-28 00:00:00,8480.8701171875,8526.419921875,8424.400390625
2013-05-29 00:00:00,8336.580078125,8445.4599609375,8316.7001953125
2013-05-30 00:00:00,8400.2001953125,8416.3603515625,8293.9599609375
2013-05-31 00:00:00,8348.83984375,8401.6298828125,8297.0302734375
2013-06-03 00:00:00,8285.7998046875,8395.5595703125,8214.7802734375
2013-06-04 00:00:00,8295.9599609375,8384.3603515625,8274.9404296875
2013-06-05 00:00:00,8196.1796875,8293.2802734375,8182.080078125
2013-06-06 00:00:00,8098.81005859375,8235.08984375,8098.81005859375
2013-06-07 00:00:00,8254.6796875,8279.0302734375,8034.5498046875
2013-06-10 00:00:00,8307.6904296875,8355.7900390625,8245.9404296875
2013-06-11 00:00:00,8222.4599609375,8260.8603515625,8141.02001953125
2013-06-12 00:00:00,8143.27001953125,8246.080078125,8122.72021484375
2013-06-13 00:00:00,8095.39013671875,8110.3798828125,7968.1298828125
2013-06-14 00:00:00,8127.9599609375,8188.0,8111.3798828125
2013-06-17 00:00:00,8215.73046875,8265.490234375,8167.669921875
2013-06-18 00:00:00,8229.509765625,8241.599609375,8176.18994140625
2013-06-19 00:00:00,8197.080078125,8285.900390625,8160.5
2013-06-20 00:00:00,7928.47998046875,8085.669921875,7911.9599609375
2013-06-21 00:00:00,7789.240234375,7987.0400390625,7789.240234375
2013-06-24 00:00:00,7692.4501953125,7823.83984375,7655.830078125
2013-06-25 00:00:00,7811.2998046875,7842.47998046875,7725.990234375
2013-06-26 00:00:00,7940.990234375,7960.4501953125,7800.85009765625
2013-06-27 00:00:00,7990.75,8025.81005859375,7919.58984375
2013-06-28 00:00:00,7959.22021484375,8037.68017578125,7906.14013671875
2013-07-01 00:00:00,7983.919921875,8023.14990234375,7890.27978515625
2013-07-02 00:00:00,7910.77001953125,7988.9599609375,7873.97021484375
2013-07-03 00:00:00,7829.31982421875,7841.8701171875,7730.3701171875
2013-07-04 00:00:00,7994.31005859375,8015.080078125,7863.759765625
2013-07-05 00:00:00,7806.0,8031.7099609375,7805.35986328125
2013-07-08 00:00:00,7968.5400390625,8015.2099609375,7848.14013671875
2013-07-09 00:00:00,8057.75,8086.9501953125,8005.72998046875
2013-07-10 00:00:00,8066.47998046875,8081.2099609375,7990.64990234375
2013-07-11 00:00:00,8158.7998046875,8176.7001953125,8130.47998046875
2013-07-12 00:00:00,8212.76953125,8244.1298828125,8178.2001953125
2013-07-15 00:00:00,8234.8095703125,8271.3798828125,8211.419921875
2013-07-16 00:00:00,8201.0498046875,8252.25,8178.18994140625
2013-07-17 00:00:00,8254.7197265625,8269.2197265625,8137.52978515625
2013-07-18 00:00:00,8337.08984375,8337.2001953125,8215.66015625
2013-07-19 00:00:00,8331.5703125,8336.8701171875,8284.3603515625
2013-07-22 00:00:00,8331.0595703125,8374.4697265625,8310.2900390625
2013-07-23 00:00:00,8314.23046875,8365.98046875,8306.599609375
2013-07-24 00:00:00,8379.1103515625,8415.330078125,8318.48046875
2013-07-25 00:00:00,8298.98046875,8356.8798828125,8265.1396484375
2013-07-26 00:00:00,8244.91015625,8362.0400390625,8217.259765625
2013-07-29 00:00:00,8259.0302734375,8324.150390625,8245.5302734375
2013-07-30 00:00:00,8271.01953125,8333.9501953125,8256.400390625
2013-07-31 00:00:00,8275.9697265625,8295.5595703125,8213.3603515625
2013-08-01 00:00:00,8410.73046875,8411.2998046875,8316.8896484375
2013-08-02 00:00:00,8406.9404296875,8431.669921875,8376.2802734375
2013-08-05 00:00:00,8398.3798828125,8435.3203125,8367.33984375
2013-08-06 00:00:00,8299.73046875,8435.490234375,8267.98046875
2013-08-07 00:00:00,8260.48046875,8281.51953125,8228.1103515625
2013-08-08 00:00:00,8318.3203125,8341.4404296875,8252.4599609375
2013-08-09 00:00:00,8338.3095703125,8374.58984375,8286.41015625
2013-08-12 00:00:00,8359.25,8371.16015625,8238.8603515625
2013-08-13 00:00:00,8415.759765625,8444.51953125,8383.23046875
2013-08-14 00:00:00,8438.1201171875,8457.0498046875,8400.75
2013-08-15 00:00:00,8376.2900390625,8422.0302734375,8307.98046875
2013-08-16 00:00:00,8391.9404296875,8402.2998046875,8330.330078125
2013-08-19 00:00:00,8366.2900390625,8395.41015625,8329.0
2013-08-20 00:00:00,8300.0302734375,8319.8203125,8246.1904296875
2013-08-21 00:00:00,8285.41015625,8310.6796875,8268.419921875
2013-08-22 00:00:00,8397.8896484375,8425.259765625,8283.76953125
2013-08-23 00:00:00,8416.990234375,8438.4404296875,8360.23046875
2013-08-26 00:00:00,8435.150390625,8437.75,8386.0498046875
2013-08-27 00:00:00,8242.5595703125,8423.7802734375,8242.5595703125
2013-08-28 00:00:00,8157.89990234375,8219.259765625,8094.22021484375
2013-08-29 00:00:00,8194.5498046875,8199.2900390625,8129.990234375
2013-08-30 00:00:00,8103.14990234375,8201.490234375,8101.9501953125
2013-09-02 00:00:00,8243.8701171875,8268.73046875,8211.0302734375
2013-09-03 00:00:00,8180.7099609375,8264.7197265625,8142.85986328125
2013-09-04 00:00:00,8195.919921875,8206.8701171875,8095.91015625
2013-09-05 00:00:00,8234.98046875,8257.73046875,8165.35986328125
2013-09-06 00:00:00,8275.669921875,8295.8095703125,8174.31982421875
2013-09-09 00:00:00,8276.3203125,8310.3701171875,8246.76953125
2013-09-10 00:00:00,8446.5400390625,8464.25,8350.419921875
2013-09-11 00:00:00,8495.73046875,8502.7900390625,8446.6904296875
2013-09-12 00:00:00,8494.0,8516.98046875,8466.6103515625
2013-09-13 00:00:00,8509.419921875,8518.1796875,8456.83984375
2013-09-16 00:00:00,8613.0,8626.1103515625,8578.009765625
2013-09-17 00:00:00,8596.9501953125,8613.8896484375,8585.0400390625
2013-09-18 00:00:00,8636.0595703125,8645.900390625,8594.650390625
2013-09-19 00:00:00,8694.1796875,8770.099609375,8665.75
2013-09-20 00:00:00,8675.73046875,8713.7802734375,8666.490234375
2013-09-23 00:00:00,8635.2900390625,8699.4697265625,8605.58984375
2013-09-24 00:00:00,8664.599609375,8672.080078125,8633.2099609375
2013-09-25 00:00:00,8665.6298828125,8681.990234375,8609.9501953125
2013-09-26 00:00:00,8664.099609375,8688.490234375,8628.6103515625
2013-09-27 00:00:00,8661.509765625,8691.48046875,8611.4501953125
2013-09-30 00:00:00,8594.400390625,8606.7099609375,8546.7197265625
2013-10-01 00:00:00,8689.1396484375,8691.849609375,8612.23046875
2013-10-02 00:00:00,8629.419921875,8672.259765625,8581.01953125
2013-10-04 00:00:00,8622.9697265625,8639.740234375,8570.2099609375
2013-10-07 00:00:00,8591.580078125,8604.8603515625,8510.419921875
2013-10-08 00:00:00,8555.8896484375,8610.009765625,8551.6904296875
2013-10-09 00:00:00,8516.6904296875,8589.6396484375,8489.6201171875
2013-10-10 00:00:00,8685.76953125,8694.169921875,8547.7197265625
2013-10-11 00:00:00,8724.830078125,8729.330078125,8695.759765625
2013-10-14 00:00:00,8723.8095703125,8727.580078125,8675.9501953125
2013-10-15 00:00:00,8804.4404296875,8820.98046875,8757.08984375
2013-10-16 00:00:00,8846.0,8861.2802734375,8781.0
2013-10-17 00:00:00,8811.98046875,8829.7900390625,8765.4697265625
2013-10-18 00:00:00,8865.099609375,8865.099609375,8804.8095703125
2013-10-21 00:00:00,8867.2197265625,8876.1396484375,8827.23046875
2013-10-22 00:00:00,8947.4599609375,8987.6298828125,8849.16015625
2013-10-23 00:00:00,8919.8603515625,8932.91015625,8897.5
2013-10-24 00:00:00,8980.6298828125,8987.0400390625,8950.8095703125
2013-10-25 00:00:00,8985.740234375,9010.650390625,8944.1396484375
2013-10-28 00:00:00,8978.650390625,9017.9501953125,8950.2099609375
2013-10-29 00:00:00,9022.0400390625,9022.2099609375,8965.75
2013-10-30 00:00:00,9010.26953125,9070.169921875,8996.25
2013-10-31 00:00:00,9033.919921875,9037.41015625,8976.3701171875
2013-11-01 00:00:00,9007.830078125,9048.099609375,8992.900390625
2013-11-04 00:00:00,9037.23046875,9053.9296875,9019.3095703125
2013-11-05 00:00:00,9009.1103515625,9041.9697265625,8962.419921875
2013-11-06 00:00:00,9040.8701171875,9065.9599609375,9021.83984375
2013-11-07 00:00:00,9081.0302734375,9193.98046875,9026.08984375
2013-11-08 00:00:00,9078.2802734375,9079.0498046875,8986.490234375
2013-11-11 00:00:00,9107.8603515625,9124.240234375,9064.6103515625
2013-11-12 00:00:00,9076.48046875,9124.240234375,9073.9296875
2013-11-13 00:00:00,9054.830078125,9074.5595703125,8981.08984375
2013-11-14 00:00:00,9149.66015625,9151.349609375,9101.2900390625
2013-11-15 00:00:00,9168.6904296875,9188.4697265625,9133.509765625
2013-11-18 00:00:00,9225.4296875,9253.6796875,9140.509765625
2013-11-19 00:00:00,9193.2900390625,9217.3603515625,9179.25
2013-11-20 00:00:00,9202.0703125,9236.7802734375,9162.83984375
2013-11-21 00:00:00,9196.080078125,9210.669921875,9117.08984375
2013-11-22 00:00:00,9219.0400390625,9230.16015625,9168.919921875
2013-11-25 00:00:00,9299.9501953125,9323.4404296875,9252.73046875
2013-11-26 00:00:00,9290.0703125,9316.6201171875,9287.2998046875
2013-11-27 00:00:00,9351.1298828125,9363.48046875,9295.5595703125
2013-11-28 00:00:00,9387.3701171875,9399.6298828125,9358.76953125
2013-11-29 00:00:00,9405.2998046875,9424.6201171875,9376.580078125
2013-12-02 00:00:00,9401.9599609375,9424.830078125,9384.1201171875
2013-12-03 00:00:00,9223.400390625,9404.169921875,9223.1298828125
2013-12-04 00:00:00,9140.6298828125,9253.1298828125,9069.8203125
2013-12-05 00:00:00,9084.9501953125,9172.16015625,9078.0
2013-12-06 00:00:00,9172.41015625,9195.75,9084.1201171875
2013-12-09 00:00:00,9195.169921875,9225.5302734375,9171.3603515625
2013-12-10 00:00:00,9114.4404296875,9223.73046875,9091.9697265625
2013-12-11 00:00:00,9077.1103515625,9153.1396484375,9065.509765625
2013-12-12 00:00:00,9017.0,9060.5400390625,8984.2802734375
2013-12-13 00:00:00,9006.4599609375,9046.6298828125,8990.580078125
2013-12-16 00:00:00,9163.5595703125,9187.7802734375,8997.75
2013-12-17 00:00:00,9085.1201171875,9161.7998046875,9085.1201171875
2013-12-18 00:00:00,9181.75,9190.73046875,9122.0498046875
2013-12-19 00:00:00,9335.740234375,9351.900390625,9257.240234375
2013-12-20 00:00:00,9400.1796875,9413.08984375,9352.98046875
2013-12-23 00:00:00,9488.8203125,9488.8203125,9427.5400390625
2013-12-27 00:00:00,9589.3896484375,9589.3896484375,9548.8896484375
2013-12-30 00:00:00,9552.16015625,9594.349609375,9552.16015625
2014-01-02 00:00:00,9400.0400390625,9620.9296875,9394.2099609375
2014-01-03 00:00:00,9435.150390625,9453.48046875,9367.990234375
2014-01-06 00:00:00,9428.0,9468.7998046875,9399.8095703125
2014-01-07 00:00:00,9506.2001953125,9518.7197265625,9416.8603515625
2014-01-08 00:00:00,9497.83984375,9516.259765625,9467.9501953125
2014-01-09 00:00:00,9421.6103515625,9549.5,9402.7998046875
2014-01-10 00:00:00,9473.240234375,9529.7001953125,9441.25
2014-01-13 00:00:00,9510.169921875,9519.2998046875,9457.3095703125
2014-01-14 00:00:00,9540.509765625,9540.509765625,9381.9404296875
2014-01-15 00:00:00,9733.8095703125,9747.400390625,9582.099609375
2014-01-16 00:00:00,9717.7099609375,9747.3701171875,9702.9697265625
2014-01-17 00:00:00,9742.9599609375,9789.8896484375,9709.1396484375
2014-01-20 00:00:00,9715.900390625,9733.400390625,9672.3203125
2014-01-21 00:00:00,9730.1201171875,9794.0498046875,9714.01953125
2014-01-22 00:00:00,9720.1103515625,9765.6298828125,9677.1396484375
2014-01-23 00:00:00,9631.0400390625,9728.7802734375,9596.490234375
2014-01-24 00:00:00,9392.01953125,9664.240234375,9374.080078125
2014-01-27 00:00:00,9349.2197265625,9402.7197265625,9310.990234375
2014-01-28 00:00:00,9406.91015625,9427.58984375,9345.759765625
2014-01-29 00:00:00,9336.73046875,9537.6298828125,9221.2998046875
2014-01-30 00:00:00,9373.48046875,9415.48046875,9266.9501953125
2014-01-31 00:00:00,9306.48046875,9346.7900390625,9166.0498046875
2014-02-03 00:00:00,9186.51953125,9357.580078125,9173.5595703125
2014-02-04 00:00:00,9127.91015625,9166.98046875,9071.25
2014-02-05 00:00:00,9116.3203125,9154.7197265625,9080.8701171875
2014-02-06 00:00:00,9256.580078125,9274.4599609375,9128.9697265625
2014-02-07 00:00:00,9301.919921875,9323.240234375,9223.2099609375
2014-02-10 00:00:00,9289.8603515625,9346.1298828125,9280.1796875
2014-02-11 00:00:00,9478.76953125,9478.76953125,9338.009765625
2014-02-12 00:00:00,9540.0,9594.849609375,9501.9599609375
2014-02-13 00:00:00,9596.76953125,9600.6396484375,9479.8603515625
2014-02-14 00:00:00,9662.400390625,9677.5302734375,9593.3701171875
2014-02-17 00:00:00,9656.759765625,9682.1904296875,9645.509765625
2014-02-18 00:00:00,9659.7802734375,9690.9697265625,9614.400390625
2014-02-19 00:00:00,9660.0498046875,9695.8603515625,9596.419921875
2014-02-20 00:00:00,9618.849609375,9618.849609375,9504.1796875
2014-02-21 00:00:00,9656.9501953125,9666.150390625,9598.0302734375
2014-02-24 00:00:00,9708.9404296875,9708.9404296875,9602.9501953125
2014-02-25 00:00:00,9699.349609375,9710.9501953125,9628.7197265625
2014-02-26 00:00:00,9661.73046875,9720.66015625,9612.51953125
2014-02-27 00:00:00,9588.330078125,9672.8203125,9497.7802734375
2014-02-28 00:00:00,9692.080078125,9692.080078125,9566.0400390625
2014-03-03 00:00:00,9358.8896484375,9554.169921875,9358.73046875
2014-03-04 00:00:00,9589.150390625,9590.1103515625,9421.16015625
2014-03-05 00:00:00,9542.01953125,9599.0,9534.4296875
2014-03-06 00:00:00,9542.8701171875,9587.4404296875,9505.3203125
2014-03-07 00:00:00,9350.75,9543.240234375,9346.8203125
2014-03-10 00:00:00,9265.5,9382.98046875,9216.0703125
2014-03-11 00:00:00,9307.7900390625,9375.2900390625,9259.1796875
2014-03-12 00:00:00,9188.6904296875,9267.099609375,9142.5400390625
2014-03-13 00:00:00,9017.7900390625,9226.9599609375,9017.349609375
2014-03-14 00:00:00,9056.41015625,9094.240234375,8913.26953125
2014-03-17 00:00:00,9180.8896484375,9197.8095703125,9047.490234375
2014-03-18 00:00:00,9242.5498046875,9315.0703125,9105.6904296875
2014-03-19 00:00:00,9277.0498046875,9325.9296875,9221.58984375
2014-03-20 00:00:00,9296.1201171875,9296.900390625,9156.6298828125
2014-03-21 00:00:00,9342.9404296875,9376.9404296875,9288.150390625
2014-03-24 00:00:00,9188.76953125,9358.9501953125,9181.3701171875
2014-03-25 00:00:00,9338.400390625,9372.0703125,9223.900390625
2014-03-26 00:00:00,9448.580078125,9488.740234375,9360.2998046875
2014-03-27 00:00:00,9451.2099609375,9469.3896484375,9397.98046875
2014-03-28 00:00:00,9587.1904296875,9587.1904296875,9484.900390625
2014-03-31 00:00:00,9555.91015625,9634.8203125,9543.08984375
2014-04-01 00:00:00,9603.7099609375,9631.0595703125,9574.6298828125
2014-04-02 00:00:00,9623.3603515625,9645.599609375,9608.4599609375
2014-04-03 00:00:00,9628.8203125,9689.51953125,9591.8896484375
2014-04-04 00:00:00,9695.76953125,9721.5,9627.740234375
2014-04-07 00:00:00,9510.849609375,9608.2001953125,9496.669921875
2014-04-08 00:00:00,9490.7900390625,9525.9404296875,9391.8603515625
2014-04-09 00:00:00,9506.349609375,9542.3095703125,9480.9599609375
2014-04-10 00:00:00,9454.5400390625,9581.48046875,9440.990234375
2014-04-11 00:00:00,9315.2900390625,9390.4404296875,9259.4296875
2014-04-14 00:00:00,9339.169921875,9339.169921875,9214.1796875
2014-04-15 00:00:00,9173.7099609375,9344.849609375,9166.5302734375
2014-04-16 00:00:00,9317.8203125,9318.9697265625,9221.48046875
2014-04-17 00:00:00,9409.7099609375,9417.8203125,9277.3603515625
2014-04-22 00:00:00,9600.08984375,9602.5703125,9439.66015625
2014-04-23 00:00:00,9544.1904296875,9607.83984375,9539.6201171875
2014-04-24 00:00:00,9548.6796875,9645.0595703125,9410.330078125
2014-04-25 00:00:00,9401.5498046875,9501.91015625,9367.419921875
2014-04-28 00:00:00,9446.3603515625,9496.83984375,9407.650390625
2014-04-29 00:00:00,9584.1201171875,9596.419921875,9480.5703125
2014-04-30 00:00:00,9603.23046875,9618.98046875,9561.0595703125
2014-05-02 00:00:00,9556.01953125,9627.3798828125,9533.2998046875
2014-05-05 00:00:00,9529.5,9548.169921875,9407.08984375
2014-05-06 00:00:00,9467.5302734375,9571.6298828125,9440.4697265625
2014-05-07 00:00:00,9521.2998046875,9554.349609375,9410.080078125
2014-05-08 00:00:00,9607.400390625,9622.2998046875,9487.5703125
2014-05-09 00:00:00,9581.4501953125,9602.8603515625,9558.1103515625
2014-05-12 00:00:00,9702.4599609375,9710.33984375,9587.1396484375
2014-05-13 00:00:00,9754.4296875,9783.7197265625,9732.33984375
2014-05-14 00:00:00,9754.3896484375,9772.08984375,9733.2099609375
2014-05-15 00:00:00,9656.0498046875,9810.2900390625,9631.5703125
2014-05-16 00:00:00,9629.099609375,9670.900390625,9577.900390625
2014-05-19 00:00:00,9659.3896484375,9676.51953125,9534.5595703125
2014-05-20 00:00:00,9639.080078125,9685.5595703125,9613.91015625
2014-05-21 00:00:00,9697.8701171875,9709.91015625,9583.5595703125
2014-05-22 00:00:00,9720.91015625,9734.1396484375,9689.1298828125
2014-05-23 00:00:00,9768.009765625,9779.58984375,9704.75
2014-05-26 00:00:00,9892.8203125,9893.8095703125,9821.6796875
2014-05-27 00:00:00,9940.8203125,9951.900390625,9879.6396484375
2014-05-28 00:00:00,9939.169921875,9957.8701171875,9898.259765625
2014-05-29 00:00:00,9938.900390625,9956.240234375,9917.9697265625
2014-05-30 00:00:00,9943.26953125,9970.76953125,9924.6298828125
2014-06-02 00:00:00,9950.1201171875,9992.330078125,9907.76953125
2014-06-03 00:00:00,9919.740234375,9954.7802734375,9887.009765625
2014-06-04 00:00:00,9926.669921875,9928.9599609375,9866.9697265625
2014-06-05 00:00:00,9947.830078125,10013.6904296875,9896.08984375
2014-06-06 00:00:00,9987.1904296875,10000.919921875,9941.650390625
2014-06-09 00:00:00,10008.6298828125,10009.599609375,9985.8701171875
2014-06-10 00:00:00,10028.7998046875,10033.740234375,9987.6904296875
2014-06-11 00:00:00,9949.8095703125,10024.83984375,9921.259765625
2014-06-12 00:00:00,9938.7001953125,9970.3798828125,9917.6103515625
2014-06-13 00:00:00,9912.8701171875,9944.5703125,9829.08984375
2014-06-16 00:00:00,9883.98046875,9925.849609375,9872.76953125
2014-06-17 00:00:00,9920.3203125,9982.8896484375,9861.2900390625
2014-06-18 00:00:00,9930.330078125,9964.01953125,9922.0703125
2014-06-19 00:00:00,10004.0,10023.5498046875,9993.0302734375
2014-06-20 00:00:00,9987.240234375,10050.98046875,9987.240234375
2014-06-23 00:00:00,9920.919921875,9993.01953125,9885.9599609375
2014-06-24 00:00:00,9938.080078125,9948.58984375,9899.4697265625
2014-06-25 00:00:00,9867.75,9914.1201171875,9836.4599609375
2014-06-26 00:00:00,9804.900390625,9898.3798828125,9749.75
2014-06-27 00:00:00,9815.169921875,9836.6796875,9791.1298828125
2014-06-30 00:00:00,9833.0703125,9889.490234375,9800.080078125
2014-07-01 00:00:00,9902.41015625,9902.41015625,9835.740234375
2014-07-02 00:00:00,9911.26953125,9936.3896484375,9890.1103515625
2014-07-03 00:00:00,10029.4296875,10032.2802734375,9907.009765625
2014-07-04 00:00:00,10009.080078125,10030.8095703125,10007.400390625
2014-07-07 00:00:00,9906.0703125,10015.3603515625,9905.599609375
2014-07-08 00:00:00,9772.669921875,9920.7802734375,9772.1396484375
2014-07-09 00:00:00,9808.2001953125,9817.4697265625,9752.7900390625
2014-07-10 00:00:00,9659.1298828125,9807.25,9617.58984375
2014-07-11 00:00:00,9666.33984375,9708.4296875,9623.3603515625
2014-07-14 00:00:00,9783.009765625,9793.7802734375,9693.8896484375
2014-07-15 00:00:00,9719.41015625,9788.7099609375,9711.8603515625
2014-07-16 00:00:00,9859.26953125,9871.580078125,9747.51953125
2014-07-17 00:00:00,9753.8798828125,9845.849609375,9743.6201171875
2014-07-18 00:00:00,9720.01953125,9721.080078125,9655.509765625
2014-07-21 00:00:00,9612.0498046875,9717.7001953125,9597.6201171875
2014-07-22 00:00:00,9734.330078125,9735.7099609375,9647.740234375
2014-07-23 00:00:00,9753.5595703125,9802.0595703125,9723.98046875
2014-07-24 00:00:00,9794.0595703125,9810.4697265625,9674.6796875
2014-07-25 00:00:00,9644.009765625,9794.849609375,9620.580078125
2014-07-28 00:00:00,9598.169921875,9665.0498046875,9527.58984375
2014-07-29 00:00:00,9653.6298828125,9692.330078125,9573.48046875
2014-07-30 00:00:00,9593.6796875,9704.009765625,9572.900390625
2014-07-31 00:00:00,9407.48046875,9582.740234375,9395.349609375
2014-08-01 00:00:00,9210.080078125,9394.48046875,9185.41015625
2014-08-04 00:00:00,9154.1396484375,9243.23046875,9130.33984375
2014-08-05 00:00:00,9189.740234375,9237.1396484375,9152.3798828125
2014-08-06 00:00:00,9130.0400390625,9166.2099609375,9030.7197265625
2014-08-07 00:00:00,9038.9697265625,9166.0400390625,9025.8203125
2014-08-08 00:00:00,9009.3203125,9061.0,8903.490234375
2014-08-11 00:00:00,9180.740234375,9199.0,9089.3095703125
2014-08-12 00:00:00,9069.4697265625,9171.9404296875,9050.0
2014-08-13 00:00:00,9198.8798828125,9213.6103515625,9118.150390625
2014-08-14 00:00:00,9225.099609375,9265.919921875,9149.41015625
2014-08-15 00:00:00,9092.599609375,9324.5703125,9067.580078125
2014-08-18 00:00:00,9245.330078125,9261.650390625,9195.1103515625
2014-08-19 00:00:00,9334.2802734375,9350.26953125,9276.1796875
2014-08-20 00:00:00,9314.5703125,9333.6796875,9247.83984375
2014-08-21 00:00:00,9401.5302734375,9405.9296875,9278.8603515625
2014-08-22 00:00:00,9339.169921875,9414.3896484375,9291.9296875
2014-08-25 00:00:00,9510.1396484375,9510.1396484375,9424.1103515625
2014-08-26 00:00:00,9588.150390625,9591.7197265625,9446.3701171875
2014-08-27 00:00:00,9569.7099609375,9600.849609375,9546.5498046875
2014-08-28 00:00:00,9462.5595703125,9546.8095703125,9417.16015625
2014-08-29 00:00:00,9470.169921875,9517.9501953125,9369.400390625
2014-09-01 00:00:00,9479.0302734375,9500.2001953125,9424.7802734375
2014-09-02 00:00:00,9507.01953125,9578.5,9485.240234375
2014-09-03 00:00:00,9626.490234375,9683.099609375,9528.7197265625
2014-09-04 00:00:00,9724.259765625,9732.7802734375,9539.919921875
2014-09-05 00:00:00,9747.01953125,9774.650390625,9691.4404296875
2014-09-08 00:00:00,9758.0302734375,9773.7001953125,9721.7099609375
2014-09-09 00:00:00,9710.7001953125,9769.2099609375,9695.4404296875
2014-09-10 00:00:00,9700.169921875,9723.080078125,9635.5
2014-09-11 00:00:00,9691.2802734375,9732.830078125,9630.669921875
2014-09-12 00:00:00,9651.1298828125,9706.58984375,9617.7001953125
2014-09-15 00:00:00,9659.6298828125,9682.4599609375,9600.150390625
2014-09-16 00:00:00,9632.9296875,9644.8798828125,9588.650390625
2014-09-17 00:00:00,9661.5,9695.4404296875,9649.990234375
2014-09-18 00:00:00,9798.1298828125,9798.1298828125,9686.4296875
2014-09-19 00:00:00,9799.259765625,9891.2001953125,9799.240234375
2014-09-22 00:00:00,9749.5400390625,9812.76953125,9735.6904296875
2014-09-23 00:00:00,9595.0302734375,9719.66015625,9589.0302734375
2014-09-24 00:00:00,9661.9697265625,9669.4501953125,9534.76953125
2014-09-25 00:00:00,9510.009765625,9718.1103515625,9482.5400390625
2014-09-26 00:00:00,9490.5498046875,9545.33984375,9454.8798828125
2014-09-29 00:00:00,9422.91015625,9504.98046875,9369.6201171875
2014-09-30 00:00:00,9474.2998046875,9495.0,9404.8896484375
2014-10-01 00:00:00,9382.0302734375,9520.9697265625,9357.5498046875
2014-10-02 00:00:00,9195.6796875,9412.6201171875,9195.6796875
2014-10-06 00:00:00,9209.509765625,9343.650390625,9185.8603515625
2014-10-07 00:00:00,9086.2099609375,9170.240234375,9080.349609375
2014-10-08 00:00:00,8995.330078125,9064.8798828125,8960.4296875
2014-10-09 00:00:00,9005.01953125,9140.2900390625,8975.0595703125
2014-10-10 00:00:00,8788.8095703125,8958.66015625,8788.2099609375
2014-10-13 00:00:00,8812.4296875,8872.400390625,8699.599609375
2014-10-14 00:00:00,8825.2099609375,8854.3896484375,8701.4404296875
2014-10-15 00:00:00,8571.9501953125,8847.849609375,8555.73046875
2014-10-16 00:00:00,8582.900390625,8662.8603515625,8354.9697265625
2014-10-17 00:00:00,8850.26953125,8850.26953125,8588.419921875
2014-10-20 00:00:00,8717.759765625,8834.73046875,8682.58984375
2014-10-21 00:00:00,8886.9599609375,8889.7802734375,8644.7099609375
2014-10-22 00:00:00,8940.1396484375,8957.16015625,8861.4404296875
2014-10-23 00:00:00,9047.3095703125,9068.1201171875,8820.8896484375
2014-10-24 00:00:00,8987.7998046875,9044.849609375,8955.58984375
2014-10-27 00:00:00,8902.6103515625,9085.6396484375,8837.66015625
2014-10-28 00:00:00,9068.1904296875,9077.8896484375,8968.58984375
2014-10-29 00:00:00,9082.8095703125,9157.6298828125,9072.6396484375
2014-10-30 00:00:00,9114.83984375,9146.9501953125,8899.900390625
2014-10-31 00:00:00,9326.8701171875,9339.330078125,9217.0
2014-11-03 00:00:00,9251.7001953125,9343.6396484375,9236.1796875
2014-11-04 00:00:00,9166.4697265625,9317.919921875,9148.7802734375
2014-11-05 00:00:00,9315.48046875,9329.0703125,9226.33984375
2014-11-06 00:00:00,9377.41015625,9467.3603515625,9268.6298828125
2014-11-07 00:00:00,9291.830078125,9414.3203125,9239.1103515625
2014-11-10 00:00:00,9351.8701171875,9351.8701171875,9222.5703125
2014-11-11 00:00:00,9369.0302734375,9400.900390625,9324.76953125
2014-11-12 00:00:00,9210.9599609375,9359.3701171875,9189.6298828125
2014-11-13 00:00:00,9248.509765625,9311.0,9170.2802734375
2014-11-14 00:00:00,9252.9404296875,9284.1298828125,9184.4599609375
2014-11-17 00:00:00,9306.349609375,9331.3203125,9161.599609375
2014-11-18 00:00:00,9456.5302734375,9461.5302734375,9323.51953125
2014-11-19 00:00:00,9472.7998046875,9521.73046875,9439.16015625
2014-11-20 00:00:00,9483.9697265625,9487.6904296875,9382.23046875
2014-11-21 00:00:00,9732.5498046875,9736.1396484375,9508.169921875
2014-11-24 00:00:00,9785.5400390625,9832.41015625,9711.76953125
2014-11-25 00:00:00,9861.2099609375,9921.4599609375,9787.259765625
2014-11-26 00:00:00,9915.5595703125,9942.669921875,9868.349609375
2014-11-27 00:00:00,9974.8701171875,9992.669921875,9920.8603515625
2014-11-28 00:00:00,9980.849609375,9990.7001953125,9902.400390625
2014-12-01 00:00:00,9963.509765625,9979.080078125,9906.419921875
2014-12-02 00:00:00,9934.080078125,10038.2099609375,9910.2099609375
2014-12-03 00:00:00,9971.7900390625,9993.849609375,9930.5302734375
2014-12-04 00:00:00,9851.349609375,10083.740234375,9835.419921875
2014-12-05 00:00:00,10087.1201171875,10093.0302734375,9929.4697265625
2014-12-08 00:00:00,10014.990234375,10084.9501953125,10014.990234375
2014-12-09 00:00:00,9793.7099609375,9951.66015625,9786.3798828125
2014-12-10 00:00:00,9799.73046875,9909.3896484375,9775.3896484375
2014-12-11 00:00:00,9862.5302734375,9907.8203125,9763.41015625
2014-12-12 00:00:00,9594.73046875,9799.650390625,9586.2197265625
2014-12-15 00:00:00,9334.009765625,9678.259765625,9330.990234375
2014-12-16 00:00:00,9563.8896484375,9567.08984375,9219.0498046875
2014-12-17 00:00:00,9544.4296875,9589.25,9429.400390625
2014-12-18 00:00:00,9811.0595703125,9811.0595703125,9671.1796875
2014-12-19 00:00:00,9786.9599609375,9901.259765625,9688.66015625
2014-12-22 00:00:00,9865.759765625,9924.009765625,9826.5498046875
2014-12-23 00:00:00,9922.1103515625,9922.1103515625,9848.0595703125
2014-12-29 00:00:00,9927.1298828125,9927.849609375,9775.4501953125
2014-12-30 00:00:00,9805.5498046875,9886.7802734375,9805.5498046875
2015-01-02 00:00:00,9764.73046875,9879.5302734375,9687.259765625
2015-01-05 00:00:00,9473.16015625,9790.26953125,9468.580078125
2015-01-06 00:00:00,9469.66015625,9624.650390625,9382.8203125
2015-01-07 00:00:00,9518.1796875,9592.3701171875,9459.1796875
2015-01-08 00:00:00,9837.6103515625,9855.4296875,9607.900390625
2015-01-09 00:00:00,9648.5,9860.1796875,9601.75
2015-01-12 00:00:00,9781.900390625,9815.9599609375,9622.3203125
2015-01-13 00:00:00,9941.0,9978.9404296875,9755.01953125
2015-01-14 00:00:00,9817.080078125,9962.98046875,9768.099609375
2015-01-15 00:00:00,10032.6103515625,10063.1796875,9637.330078125
2015-01-16 00:00:00,10167.76953125,10207.9697265625,9940.6396484375
2015-01-19 00:00:00,10242.349609375,10293.0400390625,10191.98046875
2015-01-20 00:00:00,10257.1298828125,10298.419921875,10211.3896484375
2015-01-21 00:00:00,10299.23046875,10311.900390625,10149.76953125
2015-01-22 00:00:00,10435.6201171875,10454.0498046875,10228.5302734375
2015-01-23 00:00:00,10649.580078125,10704.3203125,10502.849609375
2015-01-26 00:00:00,10798.330078125,10807.5703125,10589.0703125
2015-01-27 00:00:00,10628.580078125,10810.5703125,10592.4599609375
2015-01-28 00:00:00,10710.9697265625,10728.830078125,10552.759765625
2015-01-29 00:00:00,10737.8701171875,10743.5703125,10607.7197265625
2015-01-30 00:00:00,10694.3203125,10804.0400390625,10642.58984375
2015-02-02 00:00:00,10828.009765625,10828.009765625,10677.3896484375
2015-02-03 00:00:00,10890.9501953125,10984.6904296875,10860.0302734375
2015-02-04 00:00:00,10911.3203125,10912.240234375,10803.099609375
2015-02-05 00:00:00,10905.41015625,10926.73046875,10822.75
2015-02-06 00:00:00,10846.3896484375,10877.669921875,10802.8896484375
2015-02-09 00:00:00,10663.509765625,10767.2197265625,10614.1201171875
2015-02-10 00:00:00,10753.830078125,10797.4599609375,10594.3203125
2015-02-11 00:00:00,10752.1103515625,10791.58984375,10696.7802734375
2015-02-12 00:00:00,10919.650390625,10955.4501953125,10746.91015625
2015-02-13 00:00:00,10963.400390625,11013.849609375,10948.490234375
2015-02-16 00:00:00,10923.23046875,10963.490234375,10909.490234375
2015-02-17 00:00:00,10895.6201171875,10921.259765625,10765.01953125
2015-02-18 00:00:00,10961.0,10980.98046875,10909.599609375
2015-02-19 00:00:00,11001.9404296875,11022.259765625,10874.9697265625
2015-02-20 00:00:00,11050.6396484375,11081.8095703125,10946.900390625
2015-02-23 00:00:00,11130.919921875,11158.5498046875,11069.76953125
2015-02-24 00:00:00,11205.740234375,11228.3701171875,11090.73046875
2015-02-25 00:00:00,11210.26953125,11225.599609375,11174.7802734375
2015-02-26 00:00:00,11327.1904296875,11330.6298828125,11187.0
2015-02-27 00:00:00,11401.66015625,11401.66015625,11301.33984375
2015-03-02 00:00:00,11410.3603515625,11455.080078125,11362.8798828125
2015-03-03 00:00:00,11280.3603515625,11465.23046875,11280.3603515625
2015-03-04 00:00:00,11390.3798828125,11390.3798828125,11193.2998046875
2015-03-05 00:00:00,11504.009765625,11532.8203125,11409.0498046875
2015-03-06 00:00:00,11550.9697265625,11600.3701171875,11495.2001953125
2015-03-09 00:00:00,11582.1103515625,11586.9404296875,11461.8603515625
2015-03-10 00:00:00,11500.3798828125,11577.75,11402.669921875
2015-03-11 00:00:00,11805.990234375,11822.5302734375,11531.5498046875
2015-03-12 00:00:00,11799.3896484375,11830.1396484375,11754.900390625
2015-03-13 00:00:00,11901.6103515625,11903.330078125,11744.9296875
2015-03-16 00:00:00,12167.7197265625,12219.0498046875,11955.330078125
2015-03-17 00:00:00,11980.849609375,12195.580078125,11930.5400390625
2015-03-18 00:00:00,11922.76953125,12017.91015625,11814.48046875
2015-03-19 00:00:00,11899.400390625,12001.1298828125,11787.2998046875
2015-03-20 00:00:00,12039.3701171875,12087.6103515625,11926.8603515625
2015-03-23 00:00:00,11895.83984375,11985.1103515625,11858.099609375
2015-03-24 00:00:00,12005.6904296875,12030.58984375,11797.669921875
2015-03-25 00:00:00,11865.3203125,12022.83984375,11858.23046875
2015-03-26 00:00:00,11843.6796875,11849.3896484375,11619.7197265625
2015-03-27 00:00:00,11868.330078125,11954.08984375,11799.0302734375
2015-03-30 00:00:00,12086.009765625,12090.1396484375,11922.7099609375
2015-03-31 00:00:00,11966.169921875,12119.7099609375,11943.1201171875
2015-04-01 00:00:00,12001.3798828125,12112.98046875,11880.1904296875
2015-04-02 00:00:00,11967.3896484375,12020.1103515625,11948.830078125
2015-04-07 00:00:00,12123.51953125,12149.3095703125,12035.7001953125
2015-04-08 00:00:00,12035.8603515625,12122.3203125,12017.7998046875
2015-04-09 00:00:00,12166.4404296875,12166.4404296875,12047.91015625
2015-04-10 00:00:00,12374.73046875,12390.75,12214.509765625
2015-04-13 00:00:00,12338.73046875,12388.1298828125,12326.7099609375
2015-04-14 00:00:00,12227.599609375,12339.8095703125,12181.2001953125
2015-04-15 00:00:00,12231.33984375,12326.1396484375,12214.8095703125
2015-04-16 00:00:00,11998.8603515625,12227.58984375,11997.75
2015-04-17 00:00:00,11688.7001953125,12019.75,11674.58984375
2015-04-20 00:00:00,11891.91015625,11903.7001953125,11727.01953125
2015-04-21 00:00:00,11939.580078125,12079.0302734375,11913.3603515625
2015-04-22 00:00:00,11867.3701171875,12041.3798828125,11787.2197265625
2015-04-23 00:00:00,11723.580078125,11940.2099609375,11675.580078125
2015-04-24 00:00:00,11810.849609375,11881.0498046875,11711.099609375
2015-04-27 00:00:00,12039.16015625,12050.7099609375,11729.0400390625
2015-04-28 00:00:00,11811.66015625,12047.3798828125,11743.7802734375
2015-04-29 00:00:00,11432.7197265625,11885.0498046875,11410.5400390625
2015-04-30 00:00:00,11454.3798828125,11570.6396484375,11331.3701171875
2015-05-04 00:00:00,11619.849609375,11656.8896484375,11411.76953125
2015-05-05 00:00:00,11327.6796875,11751.2197265625,11322.6201171875
2015-05-06 00:00:00,11350.150390625,11457.9296875,11239.8603515625
2015-05-07 00:00:00,11407.9697265625,11437.5703125,11167.5498046875
2015-05-08 00:00:00,11709.73046875,11710.41015625,11415.2900390625
2015-05-11 00:00:00,11673.349609375,11702.1298828125,11622.01953125
2015-05-12 00:00:00,11472.41015625,11565.2001953125,11377.349609375
2015-05-13 00:00:00,11351.4599609375,11596.4697265625,11301.6298828125
2015-05-14 00:00:00,11559.8203125,11579.7998046875,11218.5400390625
2015-05-15 00:00:00,11447.0302734375,11632.3603515625,11383.23046875
2015-05-18 00:00:00,11594.2802734375,11594.9599609375,11378.8603515625
2015-05-19 00:00:00,11853.330078125,11873.2802734375,11706.849609375
2015-05-20 00:00:00,11848.4697265625,11871.490234375,11780.01953125
2015-05-21 00:00:00,11864.58984375,11868.7001953125,11758.8095703125
2015-05-22 00:00:00,11815.009765625,11881.8095703125,11792.3095703125
2015-05-26 00:00:00,11625.1298828125,11920.3095703125,11586.349609375
2015-05-27 00:00:00,11771.1298828125,11790.349609375,11595.1201171875
2015-05-28 00:00:00,11677.5703125,11773.7900390625,11605.990234375
2015-05-29 00:00:00,11413.8203125,11704.3896484375,11403.8203125
2015-06-01 00:00:00,11436.0498046875,11510.9296875,11345.099609375
2015-06-02 00:00:00,11328.7998046875,11467.0703125,11270.5703125
2015-06-03 00:00:00,11419.6201171875,11515.2099609375,11300.3603515625
2015-06-04 00:00:00,11340.599609375,11449.7001953125,11187.4296875
2015-06-05 00:00:00,11197.150390625,11287.2001953125,11155.009765625
2015-06-08 00:00:00,11064.919921875,11224.5595703125,11059.16015625
2015-06-09 00:00:00,11001.2900390625,11071.6103515625,10864.6796875
2015-06-10 00:00:00,11265.3896484375,11299.6103515625,10939.509765625
2015-06-11 00:00:00,11332.7802734375,11452.9404296875,11236.580078125
2015-06-12 00:00:00,11196.490234375,11365.919921875,11069.3603515625
2015-06-15 00:00:00,10984.9697265625,11090.7099609375,10952.740234375
2015-06-16 00:00:00,11044.009765625,11074.33984375,10797.849609375
2015-06-17 00:00:00,10978.009765625,11115.3798828125,10947.3701171875
2015-06-18 00:00:00,11100.2998046875,11109.759765625,10806.150390625
2015-06-19 00:00:00,11040.099609375,11246.26953125,10997.900390625
2015-06-22 00:00:00,11460.5,11470.25,11138.5498046875
2015-06-23 00:00:00,11542.5400390625,11635.849609375,11517.1201171875
2015-06-24 00:00:00,11471.259765625,11589.349609375,11364.4501953125
2015-06-25 00:00:00,11473.1298828125,11594.240234375,11352.400390625
2015-06-26 00:00:00,11492.4296875,11561.830078125,11373.4404296875
2015-06-29 00:00:00,11083.2001953125,11409.8095703125,10964.240234375
2015-06-30 00:00:00,10944.9697265625,11137.1396484375,10897.9697265625
2015-07-01 00:00:00,11180.5,11283.759765625,10979.2099609375
2015-07-02 00:00:00,11099.349609375,11229.009765625,11078.58984375
2015-07-03 00:00:00,11058.3896484375,11123.1796875,11005.759765625
2015-07-06 00:00:00,10890.6298828125,10996.4501953125,10823.5498046875
2015-07-07 00:00:00,10676.7802734375,10946.8701171875,10663.990234375
2015-07-08 00:00:00,10747.2998046875,10802.7998046875,10652.7900390625
2015-07-09 00:00:00,10996.41015625,11035.0400390625,10784.4697265625
2015-07-10 00:00:00,11315.6298828125,11339.7802734375,11149.26953125
2015-07-13 00:00:00,11484.3798828125,11506.98046875,11421.8203125
2015-07-14 00:00:00,11516.900390625,11519.3603515625,11414.3896484375
2015-07-15 00:00:00,11539.66015625,11566.01953125,11475.9599609375
2015-07-16 00:00:00,11716.759765625,11787.580078125,11607.1396484375
2015-07-17 00:00:00,11673.419921875,11753.1796875,11649.9404296875
2015-07-20 00:00:00,11735.7197265625,11802.3701171875,11678.1298828125
2015-07-21 00:00:00,11604.7998046875,11773.490234375,11583.8798828125
2015-07-22 00:00:00,11520.669921875,11589.6396484375,11486.3095703125
2015-07-23 00:00:00,11512.1103515625,11614.759765625,11453.6201171875
2015-07-24 00:00:00,11347.4501953125,11542.900390625,11334.76953125
2015-07-27 00:00:00,11056.400390625,11297.5,11052.8603515625
2015-07-28 00:00:00,11173.91015625,11242.4296875,11068.3095703125
2015-07-29 00:00:00,11211.849609375,11253.5595703125,11123.25
2015-07-30 00:00:00,11257.150390625,11313.26953125,11140.650390625
2015-07-31 00:00:00,11308.990234375,11308.990234375,11173.169921875
2015-08-03 00:00:00,11443.7197265625,11460.400390625,11248.26953125
2015-08-04 00:00:00,11456.0703125,11476.900390625,11380.8095703125
2015-08-05 00:00:00,11636.2998046875,11655.740234375,11497.919921875
2015-08-06 00:00:00,11585.099609375,11669.8603515625,11574.9697265625
2015-08-07 00:00:00,11490.830078125,11582.900390625,11484.849609375
2015-08-10 00:00:00,11604.7802734375,11618.2998046875,11431.759765625
2015-08-11 00:00:00,11293.650390625,11561.0,11278.7099609375
2015-08-12 00:00:00,10924.6103515625,11153.6396484375,10892.8798828125
2015-08-13 00:00:00,11014.6298828125,11153.9599609375,10980.8603515625
2015-08-14 00:00:00,10985.1396484375,11093.0703125,10911.1904296875
2015-08-17 00:00:00,10940.330078125,11113.7900390625,10818.7099609375
2015-08-18 00:00:00,10915.919921875,10976.0400390625,10883.1103515625
2015-08-19 00:00:00,10682.150390625,10848.83984375,10681.3603515625
2015-08-20 00:00:00,10432.1904296875,10654.5498046875,10400.990234375
2015-08-21 00:00:00,10124.51953125,10437.2802734375,10124.51953125
2015-08-24 00:00:00,9648.4296875,9935.5302734375,9338.2001953125
2015-08-25 00:00:00,10128.1201171875,10185.8798828125,9748.919921875
2015-08-26 00:00:00,9997.4296875,10159.990234375,9853.1201171875
2015-08-27 00:00:00,10315.6201171875,10382.9501953125,10222.0400390625
2015-08-28 00:00:00,10298.5302734375,10336.919921875,10186.0703125
2015-08-31 00:00:00,10259.4599609375,10273.5,10132.150390625
2015-09-01 00:00:00,10015.5703125,10119.5302734375,9928.650390625
2015-09-02 00:00:00,10048.0498046875,10122.26953125,9962.25
2015-09-03 00:00:00,10317.83984375,10380.3603515625,10145.73046875
2015-09-04 00:00:00,10038.0400390625,10216.169921875,9996.16015625
2015-09-07 00:00:00,10108.6103515625,10184.5703125,10055.1396484375
2015-09-08 00:00:00,10271.3603515625,10371.900390625,10198.4501953125
2015-09-09 00:00:00,10303.1201171875,10512.6103515625,10301.1796875
2015-09-10 00:00:00,10210.4404296875,10326.5302734375,10157.3701171875
2015-09-11 00:00:00,10123.5595703125,10243.400390625,10079.0302734375
2015-09-14 00:00:00,10131.740234375,10225.3701171875,10084.8701171875
2015-09-15 00:00:00,10188.1298828125,10244.8603515625,10070.16015625
2015-09-16 00:00:00,10227.2099609375,10336.2001953125,10173.9599609375
2015-09-17 00:00:00,10229.580078125,10273.26953125,10208.509765625
2015-09-18 00:00:00,9916.16015625,10180.5498046875,9861.509765625
2015-09-21 00:00:00,9948.509765625,10000.6201171875,9785.1103515625
2015-09-22 00:00:00,9570.66015625,9974.7998046875,9558.9599609375
2015-09-23 00:00:00,9612.6201171875,9712.4599609375,9492.8603515625
2015-09-24 00:00:00,9427.6396484375,9707.6904296875,9362.2802734375
2015-09-25 00:00:00,9688.5302734375,9745.76953125,9585.330078125
2015-09-28 00:00:00,9483.5498046875,9677.25,9479.400390625
2015-09-29 00:00:00,9450.400390625,9536.6298828125,9325.0498046875
2015-09-30 00:00:00,9660.4404296875,9732.5400390625,9596.9501953125
2015-10-01 00:00:00,9509.25,9788.26953125,9471.3603515625
2015-10-02 00:00:00,9553.0703125,9667.5400390625,9396.33984375
2015-10-05 00:00:00,9814.7900390625,9854.76953125,9647.169921875
2015-10-06 00:00:00,9902.830078125,9957.919921875,9730.41015625
2015-10-07 00:00:00,9970.400390625,10093.099609375,9932.419921875
2015-10-08 00:00:00,9993.0703125,10027.419921875,9911.0498046875
2015-10-09 00:00:00,10096.599609375,10146.8798828125,10049.3896484375
2015-10-12 00:00:00,10119.830078125,10187.08984375,10057.58984375
2015-10-13 00:00:00,10032.8203125,10107.8603515625,9939.9599609375
2015-10-14 00:00:00,9915.849609375,10036.23046875,9890.4599609375
2015-10-15 00:00:00,10064.7998046875,10088.4697265625,9957.3896484375
2015-10-16 00:00:00,10104.4296875,10166.7900390625,10058.5302734375
2015-10-19 00:00:00,10164.3095703125,10205.0302734375,10084.6103515625
2015-10-20 00:00:00,10147.6796875,10194.5302734375,10080.1904296875
2015-10-21 00:00:00,10238.099609375,10277.58984375,10107.919921875
2015-10-22 00:00:00,10491.9697265625,10508.25,10194.740234375
2015-10-23 00:00:00,10794.5400390625,10847.4697265625,10586.9599609375
2015-10-26 00:00:00,10801.33984375,10863.08984375,10756.830078125
2015-10-27 00:00:00,10692.1904296875,10807.41015625,10692.1904296875
2015-10-28 00:00:00,10831.9599609375,10848.41015625,10691.6298828125
2015-10-29 00:00:00,10800.83984375,10886.98046875,10741.1396484375
2015-10-30 00:00:00,10850.1396484375,10850.580078125,10748.7001953125
2015-11-02 00:00:00,10950.669921875,10977.1796875,10744.3701171875
2015-11-03 00:00:00,10951.150390625,10972.2802734375,10883.9404296875
2015-11-04 00:00:00,10845.240234375,10990.7197265625,10825.5498046875
2015-11-05 00:00:00,10887.740234375,10963.900390625,10784.2802734375
2015-11-06 00:00:00,10988.0302734375,11055.4501953125,10843.48046875
2015-11-09 00:00:00,10815.4501953125,10995.48046875,10807.169921875
2015-11-10 00:00:00,10832.51953125,10863.5595703125,10728.9501953125
2015-11-11 00:00:00,10907.8701171875,10994.5400390625,10843.6796875
2015-11-12 00:00:00,10782.6298828125,10957.6103515625,10735.169921875
2015-11-13 00:00:00,10708.400390625,10811.7802734375,10607.4599609375
2015-11-16 00:00:00,10713.23046875,10763.650390625,10608.830078125
2015-11-17 00:00:00,10971.0400390625,10971.0400390625,10782.91015625
2015-11-18 00:00:00,10959.9501953125,10989.5498046875,10877.599609375
2015-11-19 00:00:00,11085.4404296875,11150.740234375,11045.5302734375
2015-11-20 00:00:00,11119.830078125,11164.2998046875,11049.349609375
2015-11-23 00:00:00,11092.3095703125,11126.33984375,11049.990234375
2015-11-24 00:00:00,10933.990234375,11064.9599609375,10869.2001953125
2015-11-25 00:00:00,11169.5400390625,11186.6796875,10921.7099609375
2015-11-26 00:00:00,11320.76953125,11366.3701171875,11176.5595703125
2015-11-27 00:00:00,11293.759765625,11354.009765625,11247.1396484375
2015-11-30 00:00:00,11382.23046875,11430.8701171875,11253.3701171875
2015-12-01 00:00:00,11261.240234375,11430.3798828125,11235.9697265625
2015-12-02 00:00:00,11190.01953125,11329.7900390625,11188.0302734375
2015-12-03 00:00:00,10789.240234375,11318.7998046875,10780.6298828125
2015-12-04 00:00:00,10752.099609375,10814.8203125,10632.76953125
2015-12-07 00:00:00,10886.08984375,10992.5498046875,10806.51953125
2015-12-08 00:00:00,10673.599609375,10895.5,10616.240234375
2015-12-09 00:00:00,10592.490234375,10719.7001953125,10554.5400390625
2015-12-10 00:00:00,10598.9296875,10662.76953125,10500.0302734375
2015-12-11 00:00:00,10340.0595703125,10596.0302734375,10294.25
2015-12-14 00:00:00,10139.33984375,10448.650390625,10122.9501953125
2015-12-15 00:00:00,10450.3798828125,10482.75,10237.48046875
2015-12-16 00:00:00,10469.259765625,10572.5498046875,10423.7802734375
2015-12-17 00:00:00,10738.1201171875,10829.6201171875,10656.3896484375
2015-12-18 00:00:00,10608.1904296875,10735.849609375,10543.0498046875
2015-12-21 00:00:00,10497.76953125,10796.0302734375,10497.76953125
2015-12-22 00:00:00,10488.75,10623.98046875,10400.6103515625
2015-12-23 00:00:00,10727.6396484375,10743.3203125,10595.26953125
2015-12-28 00:00:00,10653.91015625,10756.169921875,10627.4599609375
2015-12-29 00:00:00,10860.1396484375,10860.1396484375,10731.6298828125
2015-12-30 00:00:00,10743.009765625,10857.4296875,10743.009765625
2016-01-04 00:00:00,10283.4404296875,10485.91015625,10248.580078125
2016-01-05 00:00:00,10310.099609375,10384.259765625,10173.51953125
2016-01-06 00:00:00,10214.01953125,10288.6796875,10094.1796875
2016-01-07 00:00:00,9979.849609375,10145.4697265625,9810.4697265625
2016-01-08 00:00:00,9849.33984375,10122.4599609375,9849.33984375
2016-01-11 00:00:00,9825.0703125,9978.6904296875,9813.01953125
2016-01-12 00:00:00,9985.4296875,10092.669921875,9832.8203125
2016-01-13 00:00:00,9960.9599609375,10164.0498046875,9929.0703125
2016-01-14 00:00:00,9794.2001953125,9884.26953125,9614.76953125
2016-01-15 00:00:00,9545.26953125,9832.919921875,9459.08984375
2016-01-18 00:00:00,9521.849609375,9657.9404296875,9457.9501953125
2016-01-19 00:00:00,9664.2099609375,9756.1396484375,9626.650390625
2016-01-20 00:00:00,9391.6396484375,9490.4501953125,9314.5703125
2016-01-21 00:00:00,9574.16015625,9656.330078125,9348.740234375
2016-01-22 00:00:00,9764.8798828125,9837.6201171875,9704.900390625
2016-01-25 00:00:00,9736.150390625,9800.490234375,9681.7001953125
2016-01-26 00:00:00,9822.75,9867.1796875,9563.6396484375
2016-01-27 00:00:00,9880.8203125,9880.8203125,9728.6396484375
2016-01-28 00:00:00,9639.58984375,9905.080078125,9594.7998046875
2016-01-29 00:00:00,9798.1103515625,9798.3798828125,9656.3603515625
2016-02-01 00:00:00,9757.8798828125,9827.099609375,9638.580078125
2016-02-02 00:00:00,9581.0400390625,9729.23046875,9536.9697265625
2016-02-03 00:00:00,9434.8203125,9577.2001953125,9350.98046875
2016-02-04 00:00:00,9393.3603515625,9539.919921875,9270.08984375
2016-02-05 00:00:00,9286.23046875,9469.7099609375,9250.83984375
2016-02-08 00:00:00,8979.3603515625,9337.51953125,8937.98046875
2016-02-09 00:00:00,8879.400390625,9041.900390625,8772.8798828125
2016-02-10 00:00:00,9017.2900390625,9128.5400390625,8875.4501953125
2016-02-11 00:00:00,8752.8701171875,8899.5703125,8699.2900390625
2016-02-12 00:00:00,8967.509765625,8967.509765625,8815.76953125
2016-02-15 00:00:00,9206.83984375,9249.4599609375,9134.759765625
2016-02-16 00:00:00,9135.1103515625,9269.0595703125,9079.1904296875
2016-02-17 00:00:00,9377.2099609375,9394.6201171875,9156.1396484375
2016-02-18 00:00:00,9463.6396484375,9551.8701171875,9349.9501953125
2016-02-19 00:00:00,9388.0498046875,9474.01953125,9319.099609375
2016-02-22 00:00:00,9573.58984375,9581.4501953125,9477.6904296875
2016-02-23 00:00:00,9416.76953125,9535.1201171875,9405.2197265625
2016-02-24 00:00:00,9167.7998046875,9415.330078125,9125.1904296875
2016-02-25 00:00:00,9331.48046875,9391.3095703125,9199.08984375
2016-02-26 00:00:00,9513.2998046875,9576.8798828125,9436.330078125
2016-02-29 00:00:00,9495.400390625,9498.5703125,9332.419921875
2016-03-01 00:00:00,9717.16015625,9719.01953125,9471.08984375
2016-03-02 00:00:00,9776.6201171875,9837.1103515625,9695.98046875
2016-03-03 00:00:00,9751.919921875,9808.51953125,9709.6796875
2016-03-04 00:00:00,9824.169921875,9899.1103515625,9742.759765625
2016-03-07 00:00:00,9778.9296875,9803.73046875,9690.0
2016-03-08 00:00:00,9692.8203125,9785.0498046875,9617.6904296875
2016-03-09 00:00:00,9723.08984375,9838.9501953125,9679.1904296875
2016-03-10 00:00:00,9498.150390625,9995.83984375,9498.150390625
2016-03-11 00:00:00,9831.1298828125,9833.900390625,9642.7900390625
2016-03-14 00:00:00,9990.259765625,10039.6103515625,9936.0595703125
2016-03-15 00:00:00,9933.849609375,9973.580078125,9890.1201171875
2016-03-16 00:00:00,9983.41015625,10021.7001953125,9917.919921875
2016-03-17 00:00:00,9892.2001953125,10055.2900390625,9753.0400390625
2016-03-18 00:00:00,9950.7998046875,9961.48046875,9822.51953125
2016-03-21 00:00:00,9948.6396484375,10095.4599609375,9863.830078125
2016-03-22 00:00:00,9990.0,9990.0,9762.5703125
2016-03-23 00:00:00,10022.9296875,10112.169921875,9964.6298828125
2016-03-24 00:00:00,9851.349609375,9977.990234375,9845.3701171875
2016-03-29 00:00:00,9887.9404296875,9947.0302734375,9808.48046875
2016-03-30 00:00:00,10046.6103515625,10097.7001953125,9947.259765625
2016-03-31 00:00:00,9965.509765625,10021.33984375,9947.01953125
2016-04-01 00:00:00,9794.6396484375,9851.3095703125,9675.5
2016-04-04 00:00:00,9822.080078125,9907.0498046875,9732.8203125
2016-04-05 00:00:00,9563.3603515625,9661.2998046875,9553.169921875
2016-04-06 00:00:00,9624.509765625,9635.91015625,9505.900390625
2016-04-07 00:00:00,9530.6201171875,9702.1796875,9484.75
2016-04-08 00:00:00,9622.259765625,9675.0302734375,9572.5703125
2016-04-11 00:00:00,9682.990234375,9751.9296875,9524.66015625
2016-04-12 00:00:00,9761.4697265625,9770.4697265625,9617.830078125
2016-04-13 00:00:00,10026.099609375,10026.099609375,9893.419921875
2016-04-14 00:00:00,10093.650390625,10098.4404296875,10016.169921875
2016-04-15 00:00:00,10051.5703125,10070.0400390625,10020.33984375
2016-04-18 00:00:00,10120.3095703125,10147.849609375,9920.900390625
2016-04-19 00:00:00,10349.58984375,10370.7998046875,10150.669921875
2016-04-20 00:00:00,10421.2900390625,10440.1298828125,10304.1396484375
2016-04-21 00:00:00,10435.73046875,10474.3798828125,10341.9697265625
2016-04-22 00:00:00,10373.490234375,10422.8603515625,10324.830078125
2016-04-25 00:00:00,10294.349609375,10399.2998046875,10233.419921875
2016-04-26 00:00:00,10259.58984375,10385.23046875,10213.5498046875
2016-04-27 00:00:00,10299.830078125,10323.25,10220.5703125
2016-04-28 00:00:00,10321.150390625,10331.9296875,10125.51953125
2016-04-29 00:00:00,10038.9697265625,10252.080078125,10038.9697265625
2016-05-02 00:00:00,10123.26953125,10153.900390625,10066.33984375
2016-05-03 00:00:00,9926.76953125,10061.9501953125,9918.4296875
2016-05-04 00:00:00,9828.25,9959.419921875,9812.73046875
2016-05-05 00:00:00,9851.8603515625,9921.3701171875,9805.5498046875
2016-05-06 00:00:00,9869.9501953125,9917.6298828125,9737.0
2016-05-09 00:00:00,9980.490234375,10068.5302734375,9878.7099609375
2016-05-10 00:00:00,10045.4404296875,10106.9296875,9994.580078125
2016-05-11 00:00:00,9975.3203125,10055.7001953125,9950.1103515625
2016-05-12 00:00:00,9862.1201171875,10078.1904296875,9838.1201171875
2016-05-13 00:00:00,9952.900390625,9979.9296875,9767.9404296875
2016-05-17 00:00:00,9890.1904296875,10080.3095703125,9846.91015625
2016-05-18 00:00:00,9943.23046875,9946.26953125,9811.8603515625
2016-05-19 00:00:00,9795.8896484375,9899.8603515625,9773.7197265625
2016-05-20 00:00:00,9916.01953125,9921.58984375,9852.7099609375
2016-05-23 00:00:00,9842.2900390625,9971.740234375,9811.740234375
2016-05-24 00:00:00,10057.3095703125,10077.650390625,9773.7998046875
2016-05-25 00:00:00,10205.2099609375,10233.0595703125,10130.6796875
2016-05-26 00:00:00,10272.7099609375,10286.23046875,10207.08984375
2016-05-27 00:00:00,10286.3095703125,10298.759765625,10241.98046875
2016-05-30 00:00:00,10333.23046875,10338.41015625,10286.330078125
2016-05-31 00:00:00,10262.740234375,10365.240234375,10243.2197265625
2016-06-01 00:00:00,10204.4404296875,10283.8203125,10160.240234375
2016-06-02 00:00:00,10208.0,10241.75,10156.8603515625
2016-06-03 00:00:00,10103.259765625,10282.7197265625,10040.8701171875
2016-06-06 00:00:00,10121.080078125,10148.9599609375,10092.8603515625
2016-06-07 00:00:00,10287.6796875,10312.5302734375,10183.1904296875
2016-06-08 00:00:00,10217.0302734375,10266.3701171875,10177.4404296875
2016-06-09 00:00:00,10088.8701171875,10187.0703125,10050.0302734375
2016-06-10 00:00:00,9834.6201171875,10026.490234375,9819.1201171875
2016-06-13 00:00:00,9657.4404296875,9755.23046875,9657.4404296875
2016-06-14 00:00:00,9519.2001953125,9620.83984375,9507.509765625
2016-06-15 00:00:00,9606.7099609375,9665.2099609375,9567.150390625
2016-06-16 00:00:00,9550.4697265625,9582.3798828125,9432.8701171875
2016-06-17 00:00:00,9631.3603515625,9705.2900390625,9578.150390625
2016-06-20 00:00:00,9962.01953125,9996.5595703125,9850.58984375
2016-06-21 00:00:00,10015.5400390625,10051.0703125,9930.099609375
2016-06-22 00:00:00,10071.0595703125,10149.8095703125,10043.6796875
2016-06-23 00:00:00,10257.0302734375,10340.83984375,10104.919921875
2016-06-24 00:00:00,9557.16015625,9720.1201171875,9226.150390625
2016-06-27 00:00:00,9268.66015625,9589.2802734375,9214.099609375
2016-06-28 00:00:00,9447.2802734375,9554.41015625,9419.3798828125
2016-06-29 00:00:00,9612.26953125,9640.3896484375,9506.2900390625
2016-06-30 00:00:00,9680.08984375,9695.58984375,9513.51953125
2016-07-01 00:00:00,9776.1201171875,9806.4697265625,9657.6298828125
2016-07-04 00:00:00,9709.08984375,9808.990234375,9701.150390625
2016-07-05 00:00:00,9532.6103515625,9659.41015625,9506.83984375
2016-07-06 00:00:00,9373.259765625,9530.58984375,9304.009765625
2016-07-07 00:00:00,9418.7802734375,9507.91015625,9399.6904296875
2016-07-08 00:00:00,9629.66015625,9655.919921875,9389.0498046875
2016-07-11 00:00:00,9833.41015625,9841.8603515625,9690.1796875
2016-07-12 00:00:00,9964.0703125,10013.490234375,9841.1103515625
2016-07-13 00:00:00,9930.7099609375,10001.8701171875,9919.41015625
2016-07-14 00:00:00,10068.2998046875,10109.8603515625,9984.5498046875
2016-07-15 00:00:00,10066.900390625,10098.75,9987.0498046875
2016-07-18 00:00:00,10063.1298828125,10160.2998046875,10011.83984375
2016-07-19 00:00:00,9981.240234375,10050.76953125,9923.6396484375
2016-07-20 00:00:00,10142.009765625,10146.7099609375,9991.650390625
2016-07-21 00:00:00,10156.2099609375,10195.650390625,10090.1201171875
2016-07-22 00:00:00,10147.4599609375,10181.240234375,10073.2802734375
2016-07-25 00:00:00,10198.240234375,10264.0595703125,10125.2197265625
2016-07-26 00:00:00,10247.759765625,10275.41015625,10150.0
2016-07-27 00:00:00,10319.5498046875,10352.3203125,10298.400390625
2016-07-28 00:00:00,10274.9296875,10381.900390625,10264.3896484375
2016-07-29 00:00:00,10337.5,10355.3095703125,10287.3203125
2016-08-01 00:00:00,10330.51953125,10459.33984375,10277.3701171875
2016-08-02 00:00:00,10144.33984375,10330.6396484375,10128.98046875
2016-08-03 00:00:00,10170.2099609375,10189.150390625,10092.5302734375
2016-08-04 00:00:00,10227.8603515625,10282.169921875,10182.400390625
2016-08-05 00:00:00,10367.2099609375,10374.330078125,10216.6396484375
2016-08-08 00:00:00,10432.3603515625,10478.75,10403.4697265625
2016-08-09 00:00:00,10692.900390625,10701.330078125,10433.7900390625
2016-08-10 00:00:00,10650.8896484375,10708.25,10635.1103515625
2016-08-11 00:00:00,10742.83984375,10742.83984375,10635.419921875
2016-08-12 00:00:00,10713.4296875,10735.1103515625,10685.51953125
2016-08-15 00:00:00,10739.2099609375,10802.3203125,10712.1298828125
2016-08-16 00:00:00,10676.650390625,10737.0703125,10634.6796875
2016-08-17 00:00:00,10537.669921875,10696.759765625,10516.0498046875
2016-08-18 00:00:00,10603.0302734375,10625.330078125,10548.9697265625
2016-08-19 00:00:00,10544.3603515625,10618.1103515625,10490.9599609375
2016-08-22 00:00:00,10494.349609375,10656.25,10443.48046875
2016-08-23 00:00:00,10592.8798828125,10627.0,10516.26953125
2016-08-24 00:00:00,10622.9697265625,10653.169921875,10515.16015625
2016-08-25 00:00:00,10529.58984375,10576.5595703125,10470.73046875
2016-08-26 00:00:00,10587.76953125,10613.0595703125,10484.0302734375
2016-08-29 00:00:00,10544.4404296875,10566.6904296875,10441.8095703125
2016-08-30 00:00:00,10657.6396484375,10688.48046875,10588.48046875
2016-08-31 00:00:00,10592.6904296875,10666.8095703125,10591.4404296875
2016-09-01 00:00:00,10534.3095703125,10676.3203125,10492.2900390625
2016-09-02 00:00:00,10683.8203125,10693.6396484375,10516.8095703125
2016-09-05 00:00:00,10672.2197265625,10740.3896484375,10671.5498046875
2016-09-06 00:00:00,10687.1396484375,10742.490234375,10657.4296875
2016-09-07 00:00:00,10752.98046875,10775.9296875,10659.73046875
2016-09-08 00:00:00,10675.2900390625,10780.419921875,10570.0595703125
2016-09-09 00:00:00,10573.4404296875,10671.66015625,10539.3095703125
2016-09-12 00:00:00,10431.76953125,10431.900390625,10299.3798828125
2016-09-13 00:00:00,10386.599609375,10507.0400390625,10382.849609375
2016-09-14 00:00:00,10378.400390625,10450.41015625,10369.7197265625
2016-09-15 00:00:00,10431.2001953125,10446.400390625,10337.23046875
2016-09-16 00:00:00,10276.169921875,10427.2001953125,10262.1904296875
2016-09-19 00:00:00,10373.8701171875,10381.9296875,10326.75
2016-09-20 00:00:00,10393.8603515625,10465.9501953125,10371.6201171875
2016-09-21 00:00:00,10436.490234375,10535.25,10427.2197265625
2016-09-22 00:00:00,10674.1796875,10705.400390625,10517.7998046875
2016-09-23 00:00:00,10626.9697265625,10675.6201171875,10610.9501953125
2016-09-26 00:00:00,10393.7099609375,10560.830078125,10385.6298828125
2016-09-27 00:00:00,10361.48046875,10455.8798828125,10265.6904296875
2016-09-28 00:00:00,10438.33984375,10518.3603515625,10417.150390625
2016-09-29 00:00:00,10405.5400390625,10575.33984375,10370.23046875
2016-09-30 00:00:00,10511.01953125,10531.259765625,10189.9404296875
2016-10-04 00:00:00,10619.6103515625,10646.7197265625,10492.25
2016-10-05 00:00:00,10585.7802734375,10622.4404296875,10486.6298828125
2016-10-06 00:00:00,10568.7998046875,10641.1298828125,10537.6796875
2016-10-07 00:00:00,10490.8603515625,10579.08984375,10465.349609375
2016-10-10 00:00:00,10624.080078125,10639.41015625,10454.98046875
2016-10-11 00:00:00,10577.16015625,10692.3603515625,10568.7197265625
2016-10-12 00:00:00,10523.0703125,10604.0,10503.2001953125
2016-10-13 00:00:00,10414.0703125,10430.830078125,10349.0595703125
2016-10-14 00:00:00,10580.3798828125,10615.2998046875,10449.4697265625
2016-10-17 00:00:00,10503.5703125,10583.7001953125,10491.2802734375
2016-10-18 00:00:00,10631.5498046875,10657.33984375,10543.6904296875
2016-10-19 00:00:00,10645.6796875,10672.2197265625,10587.7099609375
2016-10-20 00:00:00,10701.3896484375,10748.41015625,10592.8896484375
2016-10-21 00:00:00,10710.73046875,10737.259765625,10672.349609375
2016-10-24 00:00:00,10761.169921875,10820.080078125,10743.8701171875
2016-10-25 00:00:00,10757.3095703125,10827.7197265625,10738.3603515625
2016-10-26 00:00:00,10709.6796875,10737.7900390625,10632.2900390625
2016-10-27 00:00:00,10717.080078125,10772.669921875,10656.1796875
2016-10-28 00:00:00,10696.1904296875,10716.16015625,10583.5703125
2016-10-31 00:00:00,10665.009765625,10687.740234375,10634.33984375
2016-11-01 00:00:00,10526.16015625,10730.48046875,10506.3896484375
2016-11-02 00:00:00,10370.9296875,10460.9296875,10368.2001953125
2016-11-03 00:00:00,10325.8798828125,10406.7197265625,10325.8798828125
2016-11-04 00:00:00,10259.1298828125,10286.3896484375,10212.5302734375
2016-11-07 00:00:00,10456.9501953125,10456.9501953125,10381.1396484375
2016-11-08 00:00:00,10482.3203125,10486.0400390625,10414.830078125
2016-11-09 00:00:00,10646.009765625,10646.5498046875,10174.919921875
2016-11-10 00:00:00,10630.1201171875,10793.9697265625,10575.9599609375
2016-11-11 00:00:00,10667.9501953125,10714.4697265625,10584.3095703125
2016-11-14 00:00:00,10693.6904296875,10802.3896484375,10677.08984375
2016-11-15 00:00:00,10735.1396484375,10748.3095703125,10666.169921875
2016-11-16 00:00:00,10663.8701171875,10735.4697265625,10610.26953125
2016-11-17 00:00:00,10685.5400390625,10686.8798828125,10604.3203125
2016-11-18 00:00:00,10664.5595703125,10737.98046875,10649.1201171875
2016-11-21 00:00:00,10685.1298828125,10727.08984375,10595.1396484375
2016-11-22 00:00:00,10713.849609375,10767.73046875,10707.8701171875
2016-11-23 00:00:00,10662.4404296875,10742.66015625,10602.2099609375
2016-11-24 00:00:00,10689.259765625,10715.650390625,10653.6201171875
2016-11-25 00:00:00,10699.26953125,10710.16015625,10649.3701171875
2016-11-28 00:00:00,10582.669921875,10658.3603515625,10554.9404296875
2016-11-29 00:00:00,10620.490234375,10624.759765625,10539.23046875
2016-11-30 00:00:00,10640.2998046875,10691.669921875,10606.0400390625
2016-12-01 00:00:00,10534.0498046875,10627.099609375,10502.5400390625
2016-12-02 00:00:00,10513.349609375,10545.3701171875,10402.58984375
2016-12-05 00:00:00,10684.830078125,10730.740234375,10493.6201171875
2016-12-06 00:00:00,10775.3203125,10786.259765625,10668.669921875
2016-12-07 00:00:00,10986.6904296875,10988.7900390625,10873.8095703125
2016-12-08 00:00:00,11179.419921875,11193.099609375,10990.599609375
2016-12-09 00:00:00,11203.6298828125,11231.6904296875,11145.98046875
2016-12-12 00:00:00,11190.2099609375,11213.0400390625,11141.8603515625
2016-12-13 00:00:00,11284.650390625,11300.4404296875,11191.6396484375
2016-12-14 00:00:00,11244.83984375,11281.4296875,11235.240234375
2016-12-15 00:00:00,11366.400390625,11387.1103515625,11267.0302734375
2016-12-16 00:00:00,11404.009765625,11451.5703125,11357.150390625
2016-12-19 00:00:00,11426.7001953125,11426.7001953125,11380.1201171875
2016-12-20 00:00:00,11464.740234375,11472.080078125,11406.9501953125
2016-12-21 00:00:00,11468.6396484375,11479.8798828125,11440.2900390625
2016-12-22 00:00:00,11456.099609375,11475.759765625,11428.76953125
2016-12-23 00:00:00,11449.9296875,11480.1796875,11409.4296875
2016-12-27 00:00:00,11472.240234375,11481.4599609375,11451.5498046875
2016-12-28 00:00:00,11474.990234375,11475.8896484375,11459.400390625
2016-12-29 00:00:00,11451.0498046875,11459.1904296875,11404.8203125
2016-12-30 00:00:00,11481.0595703125,11481.66015625,11405.76953125
2017-01-02 00:00:00,11598.330078125,11617.2802734375,11414.8203125
2017-01-03 00:00:00,11584.240234375,11637.3701171875,11561.23046875
2017-01-04 00:00:00,11584.3095703125,11616.08984375,11531.4296875
2017-01-05 00:00:00,11584.9404296875,11602.5400390625,11537.400390625
2017-01-06 00:00:00,11599.009765625,11605.740234375,11547.0498046875
2017-01-09 00:00:00,11563.990234375,11606.8896484375,11522.349609375
2017-01-10 00:00:00,11583.2998046875,11606.9501953125,11544.990234375
2017-01-11 00:00:00,11646.169921875,11692.26953125,11524.990234375
2017-01-12 00:00:00,11521.0400390625,11606.4296875,11491.8701171875
2017-01-13 00:00:00,11629.1796875,11635.5498046875,11554.4501953125
2017-01-16 00:00:00,11554.7099609375,11579.0498046875,11535.9599609375
2017-01-17 00:00:00,11540.0,11583.4296875,11425.1396484375
2017-01-18 00:00:00,11599.3896484375,11599.3896484375,11529.759765625
2017-01-19 00:00:00,11596.8896484375,11644.8798828125,11578.91015625
2017-01-20 00:00:00,11630.1298828125,11636.7900390625,11547.0400390625
2017-01-23 00:00:00,11545.75,11605.2900390625,11508.830078125
2017-01-24 00:00:00,11594.9404296875,11596.1796875,11538.0498046875
2017-01-25 00:00:00,11806.0498046875,11827.73046875,11669.2998046875
2017-01-26 00:00:00,11848.6298828125,11893.080078125,11819.759765625
2017-01-27 00:00:00,11814.26953125,11844.6796875,11798.259765625
2017-01-30 00:00:00,11681.8896484375,11792.330078125,11659.349609375
2017-01-31 00:00:00,11535.3095703125,11733.16015625,11535.3095703125
2017-02-01 00:00:00,11659.5,11723.3896484375,11622.599609375
2017-02-02 00:00:00,11627.9501953125,11675.98046875,11603.650390625
2017-02-03 00:00:00,11651.490234375,11696.9404296875,11627.98046875
2017-02-06 00:00:00,11509.83984375,11679.91015625,11509.580078125
2017-02-07 00:00:00,11549.4404296875,11606.259765625,11483.830078125
2017-02-08 00:00:00,11543.3798828125,11591.259765625,11479.7802734375
2017-02-09 00:00:00,11642.8603515625,11657.240234375,11548.1796875
2017-02-10 00:00:00,11666.9697265625,11711.5498046875,11645.1298828125
2017-02-13 00:00:00,11774.4296875,11812.6904296875,11684.91015625
2017-02-14 00:00:00,11771.8095703125,11787.8203125,11752.6796875
2017-02-15 00:00:00,11793.9296875,11848.0400390625,11725.3798828125
2017-02-16 00:00:00,11757.240234375,11814.7001953125,11728.3798828125
2017-02-17 00:00:00,11757.01953125,11775.400390625,11693.7001953125
2017-02-20 00:00:00,11827.6201171875,11841.0595703125,11804.7197265625
2017-02-21 00:00:00,11967.490234375,11987.580078125,11798.48046875
2017-02-22 00:00:00,11998.58984375,12031.1103515625,11966.01953125
2017-02-23 00:00:00,11947.830078125,12015.98046875,11925.8798828125
2017-02-24 00:00:00,11804.0302734375,11934.6396484375,11722.349609375
2017-02-27 00:00:00,11822.669921875,11860.8203125,11792.509765625
2017-02-28 00:00:00,11834.41015625,11853.5,11780.830078125
2017-03-01 00:00:00,12067.1904296875,12074.01953125,11913.83984375
2017-03-02 00:00:00,12059.5703125,12082.58984375,12041.900390625
2017-03-03 00:00:00,12027.3603515625,12058.2099609375,11995.400390625
2017-03-06 00:00:00,11958.400390625,11998.830078125,11921.5703125
2017-03-07 00:00:00,11966.1396484375,11988.8701171875,11935.330078125
2017-03-08 00:00:00,11967.3095703125,12017.2802734375,11922.3095703125
2017-03-09 00:00:00,11978.3896484375,12024.7001953125,11917.7802734375
2017-03-10 00:00:00,11963.1796875,12067.0703125,11936.8095703125
2017-03-13 00:00:00,11990.0302734375,12006.009765625,11949.0302734375
2017-03-14 00:00:00,11988.7900390625,12002.75,11930.3798828125
2017-03-15 00:00:00,12009.8701171875,12027.0498046875,11977.3203125
2017-03-16 00:00:00,12083.1796875,12156.4404296875,12046.0703125
2017-03-17 00:00:00,12095.240234375,12117.900390625,12018.26953125
2017-03-20 00:00:00,12052.900390625,12082.3095703125,12033.240234375
2017-03-21 00:00:00,11962.1298828125,12111.240234375,11938.419921875
2017-03-22 00:00:00,11904.1201171875,11934.349609375,11850.26953125
2017-03-23 00:00:00,12039.6796875,12043.669921875,11896.6796875
2017-03-24 00:00:00,12064.26953125,12082.669921875,12010.330078125
2017-03-27 00:00:00,11996.0703125,11996.349609375,11916.0703125
2017-03-28 00:00:00,12149.419921875,12158.7197265625,12045.169921875
2017-03-29 00:00:00,12203.0,12233.759765625,12180.830078125
2017-03-30 00:00:00,12256.4296875,12258.3701171875,12200.33984375
2017-03-31 00:00:00,12312.8701171875,12313.2900390625,12230.169921875
2017-04-03 00:00:00,12257.2001953125,12375.580078125,12256.9404296875
2017-04-04 00:00:00,12282.33984375,12288.7802734375,12225.3798828125
2017-04-05 00:00:00,12217.5400390625,12293.1298828125,12212.169921875
2017-04-06 00:00:00,12230.8896484375,12242.5,12119.0400390625
2017-04-07 00:00:00,12225.0595703125,12225.0595703125,12144.98046875
2017-04-10 00:00:00,12200.51953125,12246.8798828125,12178.099609375
2017-04-11 00:00:00,12139.349609375,12221.4296875,12049.9296875
2017-04-12 00:00:00,12154.7001953125,12242.759765625,12123.1201171875
2017-04-13 00:00:00,12109.0,12147.7001953125,12089.9404296875
2017-04-18 00:00:00,12000.4404296875,12162.4697265625,11996.740234375
2017-04-19 00:00:00,12016.4501953125,12040.23046875,12001.8603515625
2017-04-20 00:00:00,12027.3203125,12050.66015625,11941.5703125
2017-04-21 00:00:00,12048.5703125,12091.330078125,12009.1201171875
2017-04-24 00:00:00,12454.98046875,12456.1796875,12289.3701171875
2017-04-25 00:00:00,12467.0400390625,12482.900390625,12439.1103515625
2017-04-26 00:00:00,12472.7998046875,12486.2900390625,12442.3701171875
2017-04-27 00:00:00,12443.7900390625,12478.2802734375,12426.990234375
2017-04-28 00:00:00,12438.009765625,12462.1103515625,12414.099609375
2017-05-02 00:00:00,12507.900390625,12511.169921875,12433.509765625
2017-05-03 00:00:00,12527.83984375,12532.25,12477.8701171875
2017-05-04 00:00:00,12647.7802734375,12648.2197265625,12539.7099609375
2017-05-05 00:00:00,12716.8896484375,12718.66015625,12591.75
2017-05-08 00:00:00,12694.5498046875,12762.0400390625,12659.7001953125
2017-05-09 00:00:00,12749.1201171875,12783.23046875,12703.9599609375
2017-05-10 00:00:00,12757.4599609375,12776.080078125,12715.669921875
2017-05-11 00:00:00,12711.0595703125,12772.8798828125,12662.490234375
2017-05-12 00:00:00,12770.41015625,12771.0,12714.3798828125
2017-05-15 00:00:00,12807.0400390625,12832.2900390625,12729.490234375
2017-05-16 00:00:00,12804.5302734375,12841.66015625,12776.01953125
2017-05-17 00:00:00,12631.6103515625,12786.8896484375,12587.4501953125
2017-05-18 00:00:00,12590.0595703125,12634.259765625,12489.9501953125
2017-05-19 00:00:00,12638.6904296875,12658.5498046875,12596.7197265625
2017-05-22 00:00:00,12619.4599609375,12670.259765625,12571.0595703125
2017-05-23 00:00:00,12659.150390625,12703.740234375,12593.330078125
2017-05-24 00:00:00,12642.8701171875,12662.0498046875,12617.759765625
2017-05-25 00:00:00,12621.7197265625,12697.66015625,12543.76953125
2017-05-26 00:00:00,12602.1796875,12611.490234375,12529.509765625
2017-05-29 00:00:00,12628.9501953125,12633.3701171875,12578.580078125
2017-05-30 00:00:00,12598.6796875,12648.099609375,12567.2197265625
2017-05-31 00:00:00,12615.0595703125,12709.1298828125,12582.7998046875
2017-06-01 00:00:00,12664.919921875,12677.599609375,12621.5302734375
2017-06-02 00:00:00,12822.9404296875,12878.58984375,12734.7802734375
2017-06-06 00:00:00,12690.1201171875,12788.33984375,12679.580078125
2017-06-07 00:00:00,12672.490234375,12746.419921875,12640.51953125
2017-06-08 00:00:00,12713.580078125,12740.3603515625,12684.7099609375
2017-06-09 00:00:00,12815.7197265625,12821.0302734375,12711.5302734375
2017-06-12 00:00:00,12690.4404296875,12782.73046875,12666.3896484375
2017-06-13 00:00:00,12764.98046875,12790.2998046875,12727.830078125
2017-06-14 00:00:00,12805.9501953125,12921.169921875,12788.7001953125
2017-06-15 00:00:00,12691.8095703125,12804.4697265625,12620.900390625
2017-06-16 00:00:00,12752.73046875,12762.349609375,12707.58984375
2017-06-19 00:00:00,12888.9501953125,12912.849609375,12833.009765625
2017-06-20 00:00:00,12814.7900390625,12951.5400390625,12814.759765625
2017-06-21 00:00:00,12774.259765625,12804.419921875,12708.990234375
2017-06-22 00:00:00,12794.0,12806.01953125,12717.2900390625
2017-06-23 00:00:00,12733.41015625,12787.2197265625,12677.400390625
2017-06-26 00:00:00,12770.830078125,12841.3095703125,12752.75
2017-06-27 00:00:00,12671.01953125,12751.2001953125,12644.9501953125
2017-06-28 00:00:00,12647.26953125,12671.2802734375,12536.8603515625
2017-06-29 00:00:00,12416.1904296875,12729.1796875,12396.1298828125
2017-06-30 00:00:00,12325.1201171875,12459.6904296875,12319.0
2017-07-03 00:00:00,12475.3095703125,12486.2900390625,12390.73046875
2017-07-04 00:00:00,12437.1298828125,12481.8095703125,12411.5595703125
2017-07-05 00:00:00,12453.6796875,12496.8203125,12406.6904296875
2017-07-06 00:00:00,12381.25,12490.7197265625,12316.4296875
2017-07-07 00:00:00,12388.6796875,12388.6796875,12339.91015625
2017-07-10 00:00:00,12445.919921875,12482.9501953125,12406.2001953125
2017-07-11 00:00:00,12437.01953125,12539.1796875,12417.849609375
2017-07-12 00:00:00,12626.580078125,12648.1904296875,12468.16015625
2017-07-13 00:00:00,12641.330078125,12676.51953125,12613.51953125
2017-07-14 00:00:00,12631.7197265625,12662.009765625,12577.330078125
2017-07-17 00:00:00,12587.16015625,12656.1298828125,12542.9599609375
2017-07-18 00:00:00,12430.3896484375,12572.8603515625,12384.6103515625
2017-07-19 00:00:00,12452.0498046875,12475.169921875,12418.669921875
2017-07-20 00:00:00,12447.25,12575.51953125,12392.1904296875
2017-07-21 00:00:00,12240.0595703125,12464.1201171875,12190.8896484375
2017-07-24 00:00:00,12208.9501953125,12235.849609375,12142.009765625
2017-07-25 00:00:00,12264.3095703125,12301.669921875,12211.1396484375
2017-07-26 00:00:00,12305.1103515625,12341.0302734375,12255.740234375
2017-07-27 00:00:00,12212.0400390625,12293.900390625,12176.01953125
2017-07-28 00:00:00,12162.7001953125,12183.76953125,12098.5703125
2017-07-31 00:00:00,12118.25,12210.2998046875,12097.3603515625
2017-08-01 00:00:00,12251.2900390625,12302.3798828125,12092.0595703125
2017-08-02 00:00:00,12181.48046875,12275.0,12153.5400390625
2017-08-03 00:00:00,12154.7197265625,12184.599609375,12099.1298828125
2017-08-04 00:00:00,12297.7197265625,12321.98046875,12123.66015625
2017-08-07 00:00:00,12257.169921875,12336.0,12225.76953125
2017-08-08 00:00:00,12292.0498046875,12329.9697265625,12184.58984375
2017-08-09 00:00:00,12154.0,12227.51953125,12100.1201171875
2017-08-10 00:00:00,12014.2998046875,12158.919921875,11993.73046875
2017-08-11 00:00:00,12014.0595703125,12046.8896484375,11934.919921875
2017-08-14 00:00:00,12165.1201171875,12195.4296875,12097.0
2017-08-15 00:00:00,12177.0400390625,12234.6396484375,12156.8701171875
2017-08-16 00:00:00,12263.8603515625,12301.400390625,12240.830078125
2017-08-17 00:00:00,12203.4599609375,12290.0498046875,12184.26953125
2017-08-18 00:00:00,12165.1904296875,12178.08984375,12080.740234375
2017-08-21 00:00:00,12065.990234375,12149.580078125,12021.7001953125
2017-08-22 00:00:00,12229.33984375,12234.7900390625,12124.150390625
2017-08-23 00:00:00,12174.2998046875,12269.919921875,12155.740234375
2017-08-24 00:00:00,12180.830078125,12254.75,12169.5400390625
2017-08-25 00:00:00,12167.9404296875,12249.4404296875,12132.5
2017-08-28 00:00:00,12123.4697265625,12173.5302734375,12064.3603515625
2017-08-29 00:00:00,11945.8798828125,12032.3203125,11868.83984375
2017-08-30 00:00:00,12002.4697265625,12040.8203125,11989.6103515625
2017-08-31 00:00:00,12055.83984375,12115.5498046875,12034.1796875
2017-09-01 00:00:00,12142.6396484375,12191.23046875,12085.3095703125
2017-09-04 00:00:00,12102.2099609375,12138.41015625,12050.5302734375
2017-09-05 00:00:00,12123.7099609375,12210.25,12100.259765625
2017-09-06 00:00:00,12214.5400390625,12260.759765625,12066.83984375
2017-09-07 00:00:00,12296.6298828125,12363.599609375,12265.509765625
2017-09-08 00:00:00,12303.98046875,12321.6103515625,12245.330078125
2017-09-11 00:00:00,12475.240234375,12481.76953125,12381.330078125
2017-09-12 00:00:00,12524.76953125,12558.0302734375,12512.58984375
2017-09-13 00:00:00,12553.5703125,12565.849609375,12489.25
2017-09-14 00:00:00,12540.4501953125,12552.16015625,12499.5498046875
2017-09-15 00:00:00,12518.8095703125,12561.349609375,12506.9404296875
2017-09-18 00:00:00,12559.3896484375,12613.5595703125,12537.0703125
2017-09-19 00:00:00,12561.7900390625,12566.2001953125,12527.900390625
2017-09-20 00:00:00,12569.169921875,12593.25,12518.2197265625
2017-09-21 00:00:00,12600.0302734375,12621.2802734375,12582.0400390625
2017-09-22 00:00:00,12592.349609375,12646.5595703125,12568.7998046875
2017-09-25 00:00:00,12594.8095703125,12633.0595703125,12564.83984375
2017-09-26 00:00:00,12605.2001953125,12629.9296875,12551.8701171875
2017-09-27 00:00:00,12657.41015625,12685.1904296875,12625.5498046875
2017-09-28 00:00:00,12704.650390625,12708.7001953125,12666.0302734375
2017-09-29 00:00:00,12828.8603515625,12828.8603515625,12722.3798828125
2017-10-02 00:00:00,12902.650390625,12902.650390625,12849.58984375
2017-10-04 00:00:00,12970.51953125,12976.240234375,12893.75
2017-10-05 00:00:00,12968.0498046875,12969.400390625,12933.5595703125
2017-10-06 00:00:00,12955.9404296875,12993.5302734375,12941.150390625
2017-10-09 00:00:00,12976.400390625,12996.6396484375,12943.5498046875
2017-10-10 00:00:00,12949.25,12980.4501953125,12909.2802734375
2017-10-11 00:00:00,12970.6796875,12976.3203125,12925.240234375
2017-10-12 00:00:00,12982.8896484375,13002.33984375,12945.0703125
2017-10-13 00:00:00,12991.8701171875,13036.740234375,12964.349609375
2017-10-16 00:00:00,13003.7001953125,13026.4501953125,13000.3798828125
2017-10-17 00:00:00,12995.0595703125,13034.419921875,12967.349609375
2017-10-18 00:00:00,13043.0302734375,13094.759765625,13003.919921875
2017-10-19 00:00:00,12990.099609375,13042.6201171875,12911.580078125
2017-10-20 00:00:00,12991.2802734375,13063.5703125,12956.419921875
2017-10-23 00:00:00,13003.1396484375,13069.400390625,12973.4296875
2017-10-24 00:00:00,13013.1904296875,13055.650390625,12983.3798828125
2017-10-25 00:00:00,12953.41015625,13049.4697265625,12931.2197265625
2017-10-26 00:00:00,13133.2802734375,13144.650390625,12940.830078125
2017-10-27 00:00:00,13217.5400390625,13249.0302734375,13186.5498046875
2017-10-30 00:00:00,13229.5703125,13255.3798828125,13214.599609375
2017-11-01 00:00:00,13465.509765625,13488.58984375,13341.2998046875
2017-11-02 00:00:00,13440.9296875,13460.8603515625,13405.91015625
2017-11-03 00:00:00,13478.8603515625,13505.009765625,13430.2197265625
2017-11-06 00:00:00,13468.7900390625,13481.23046875,13441.66015625
2017-11-07 00:00:00,13379.26953125,13525.5595703125,13369.849609375
2017-11-08 00:00:00,13382.419921875,13419.76953125,13345.1103515625
2017-11-09 00:00:00,13182.5595703125,13402.0498046875,13175.2197265625
2017-11-10 00:00:00,13127.4697265625,13216.9697265625,13111.650390625
2017-11-13 00:00:00,13074.419921875,13163.9404296875,12960.650390625
2017-11-14 00:00:00,13033.48046875,13139.26953125,13000.150390625
2017-11-15 00:00:00,12976.3701171875,12996.1201171875,12847.8798828125
2017-11-16 00:00:00,13047.2197265625,13071.9404296875,13008.01953125
2017-11-17 00:00:00,12993.73046875,13089.7197265625,12984.669921875
2017-11-20 00:00:00,13058.66015625,13085.169921875,12926.1298828125
2017-11-21 00:00:00,13167.5400390625,13209.009765625,13026.76953125
2017-11-22 00:00:00,13015.0400390625,13191.9599609375,13008.9697265625
2017-11-23 00:00:00,13008.5498046875,13049.080078125,12921.150390625
2017-11-24 00:00:00,13059.83984375,13160.8095703125,12981.6796875
2017-11-27 00:00:00,13000.2001953125,13117.759765625,12989.3701171875
2017-11-28 00:00:00,13059.5302734375,13071.009765625,12966.3798828125
2017-11-29 00:00:00,13061.8701171875,13196.150390625,13037.33984375
2017-11-30 00:00:00,13023.98046875,13177.5703125,13023.98046875
2017-12-01 00:00:00,12861.490234375,13064.2900390625,12810.1298828125
2017-12-04 00:00:00,13058.5498046875,13117.75,12974.3203125
2017-12-05 00:00:00,13048.5400390625,13094.3798828125,12960.58984375
2017-12-06 00:00:00,12998.849609375,13033.75,12864.6796875
2017-12-07 00:00:00,13045.150390625,13083.080078125,12989.0
2017-12-08 00:00:00,13153.7001953125,13240.919921875,13136.7802734375
2017-12-11 00:00:00,13123.650390625,13192.419921875,13112.8203125
2017-12-12 00:00:00,13183.5302734375,13183.830078125,13079.8603515625
2017-12-13 00:00:00,13125.6396484375,13188.0703125,13120.400390625
2017-12-14 00:00:00,13068.080078125,13159.48046875,13011.9697265625
2017-12-15 00:00:00,13103.5595703125,13109.1298828125,13008.0703125
2017-12-18 00:00:00,13312.2998046875,13331.9501953125,13206.1201171875
2017-12-19 00:00:00,13215.7900390625,13338.91015625,13213.1904296875
2017-12-20 00:00:00,13069.169921875,13252.669921875,13026.1103515625
2017-12-21 00:00:00,13109.740234375,13137.7099609375,13013.6298828125
2017-12-22 00:00:00,13072.7900390625,13108.5595703125,13059.8701171875
2017-12-27 00:00:00,13070.01953125,13128.740234375,13020.4296875
2017-12-28 00:00:00,12979.9404296875,13069.400390625,12965.2802734375
2017-12-29 00:00:00,12917.6396484375,12980.740234375,12911.73046875
2018-01-02 00:00:00,12871.3896484375,12924.16015625,12745.150390625
2018-01-03 00:00:00,12978.2099609375,13023.58984375,12893.0498046875
2018-01-04 00:00:00,13167.8896484375,13208.349609375,13062.669921875
2018-01-05 00:00:00,13319.6396484375,13332.7998046875,13219.1103515625
2018-01-08 00:00:00,13367.7802734375,13407.8203125,13334.16015625
2018-01-09 00:00:00,13385.58984375,13425.01953125,13361.2197265625
2018-01-10 00:00:00,13281.33984375,13377.8798828125,13227.5703125
2018-01-11 00:00:00,13202.900390625,13298.650390625,13151.83984375
2018-01-12 00:00:00,13245.0302734375,13265.1396484375,13168.009765625
2018-01-15 00:00:00,13200.509765625,13250.3701171875,13173.7099609375
2018-01-16 00:00:00,13246.330078125,13351.08984375,13196.5595703125
2018-01-17 00:00:00,13183.9599609375,13251.4404296875,13137.509765625
2018-01-18 00:00:00,13281.4296875,13293.2900390625,13201.33984375
2018-01-19 00:00:00,13434.4501953125,13445.4697265625,13294.8095703125
2018-01-22 00:00:00,13463.6904296875,13470.0498046875,13410.9599609375
2018-01-23 00:00:00,13559.599609375,13596.8896484375,13517.8095703125
2018-01-24 00:00:00,13414.740234375,13576.83984375,13414.740234375
2018-01-25 00:00:00,13298.3603515625,13443.3603515625,13222.4697265625
2018-01-26 00:00:00,13340.169921875,13348.6904296875,13268.3095703125
2018-01-29 00:00:00,13324.48046875,13370.01953125,13274.83984375
2018-01-30 00:00:00,13197.7099609375,13309.8603515625,13171.91015625
2018-01-31 00:00:00,13189.48046875,13268.41015625,13159.349609375
2018-02-01 00:00:00,13003.900390625,13301.41015625,12971.7802734375
2018-02-02 00:00:00,12785.16015625,12954.58984375,12782.0703125
2018-02-05 00:00:00,12687.490234375,12752.599609375,12622.4404296875
2018-02-06 00:00:00,12392.66015625,12550.16015625,12232.8603515625
2018-02-07 00:00:00,12590.4296875,12651.2802734375,12414.83984375
2018-02-08 00:00:00,12260.2900390625,12541.3203125,12187.4501953125
2018-02-09 00:00:00,12107.48046875,12296.1796875,12003.3603515625
2018-02-12 00:00:00,12282.76953125,12379.16015625,12222.33984375
2018-02-13 00:00:00,12196.5,12300.6298828125,12196.2197265625
2018-02-14 00:00:00,12339.16015625,12393.7099609375,12075.2099609375
2018-02-15 00:00:00,12346.169921875,12479.9697265625,12275.0400390625
2018-02-16 00:00:00,12451.9599609375,12484.1201171875,12368.7099609375
2018-02-19 00:00:00,12385.599609375,12505.490234375,12361.8603515625
2018-02-20 00:00:00,12487.900390625,12496.099609375,12333.7900390625
2018-02-21 00:00:00,12470.490234375,12474.3701171875,12372.259765625
2018-02-22 00:00:00,12461.91015625,12497.7099609375,12283.7001953125
2018-02-23 00:00:00,12483.7900390625,12513.3203125,12431.9404296875
2018-02-26 00:00:00,12527.0400390625,12601.4599609375,12484.58984375
2018-02-27 00:00:00,12490.73046875,12577.5595703125,12436.1298828125
2018-02-28 00:00:00,12435.849609375,12516.919921875,12417.9599609375
2018-03-01 00:00:00,12190.9404296875,12387.8798828125,12143.1396484375
2018-03-02 00:00:00,11913.7099609375,12081.400390625,11877.66015625
2018-03-05 00:00:00,12090.8701171875,12110.1796875,11830.98046875
2018-03-06 00:00:00,12113.8701171875,12259.580078125,12110.33984375
2018-03-07 00:00:00,12245.3603515625,12275.6904296875,12020.6103515625
2018-03-08 00:00:00,12355.5703125,12382.6904296875,12177.1201171875
2018-03-09 00:00:00,12346.6796875,12407.98046875,12284.5703125
2018-03-12 00:00:00,12418.3896484375,12454.9599609375,12361.009765625
2018-03-13 00:00:00,12221.0302734375,12459.900390625,12162.4697265625
2018-03-14 00:00:00,12237.740234375,12322.8896484375,12202.759765625
2018-03-15 00:00:00,12345.5595703125,12378.3896484375,12239.9599609375
2018-03-16 00:00:00,12389.580078125,12454.01953125,12337.6201171875
2018-03-19 00:00:00,12217.01953125,12369.76953125,12183.7900390625
2018-03-20 00:00:00,12307.330078125,12320.0,12191.5498046875
2018-03-21 00:00:00,12309.150390625,12344.08984375,12250.3701171875
2018-03-22 00:00:00,12100.080078125,12267.169921875,12009.5
2018-03-23 00:00:00,11886.3095703125,12001.7802734375,11818.7001953125
2018-03-26 00:00:00,11787.259765625,11984.5,11726.6201171875
2018-03-27 00:00:00,11970.830078125,12042.7802734375,11927.91015625
2018-03-28 00:00:00,11940.7099609375,11961.16015625,11770.400390625
2018-03-29 00:00:00,12096.73046875,12151.3095703125,11942.2802734375
2018-04-03 00:00:00,12002.4501953125,12069.48046875,11913.6201171875
2018-04-04 00:00:00,11957.900390625,12011.1201171875,11792.349609375
2018-04-05 00:00:00,12305.1904296875,12322.3701171875,12135.6396484375
2018-04-06 00:00:00,12241.26953125,12290.0302734375,12202.0498046875
2018-04-09 00:00:00,12261.75,12371.1103515625,12205.3896484375
2018-04-10 00:00:00,12397.3203125,12428.900390625,12334.9501953125
2018-04-11 00:00:00,12293.9697265625,12381.5302734375,12256.58984375
2018-04-12 00:00:00,12415.009765625,12434.240234375,12263.7001953125
2018-04-13 00:00:00,12442.400390625,12523.9697265625,12411.650390625
2018-04-16 00:00:00,12391.41015625,12487.0400390625,12375.6298828125
2018-04-17 00:00:00,12585.5703125,12614.25,12417.259765625
2018-04-18 00:00:00,12590.830078125,12640.25,12548.4501953125
2018-04-19 00:00:00,12567.419921875,12595.6103515625,12534.6298828125
2018-04-20 00:00:00,12540.5,12585.3701171875,12490.76953125
2018-04-23 00:00:00,12572.3896484375,12588.23046875,12466.4697265625
2018-04-24 00:00:00,12550.8203125,12647.16015625,12481.2998046875
2018-04-25 00:00:00,12422.2998046875,12484.7802734375,12312.26953125
2018-04-26 00:00:00,12500.4697265625,12503.2197265625,12383.9501953125
2018-04-27 00:00:00,12580.8701171875,12627.7099609375,12518.0302734375
2018-04-30 00:00:00,12612.1103515625,12622.9296875,12563.740234375
2018-05-02 00:00:00,12802.25,12827.5400390625,12605.3798828125
2018-05-03 00:00:00,12690.150390625,12798.16015625,12665.330078125
2018-05-04 00:00:00,12819.599609375,12819.599609375,12707.8603515625
2018-05-07 00:00:00,12948.1396484375,12961.0498046875,12813.5498046875
2018-05-08 00:00:00,12912.2099609375,12933.669921875,12855.08984375
2018-05-09 00:00:00,12943.0595703125,12962.51953125,12890.3798828125
2018-05-10 00:00:00,13022.8701171875,13034.2099609375,12928.509765625
2018-05-11 00:00:00,13001.240234375,13033.2998046875,12964.0
2018-05-14 00:00:00,12977.7099609375,13015.099609375,12927.240234375
2018-05-15 00:00:00,12970.0400390625,13006.33984375,12918.2900390625
2018-05-16 00:00:00,12996.330078125,13030.759765625,12960.5302734375
2018-05-17 00:00:00,13114.6103515625,13114.6298828125,12981.8896484375
2018-05-18 00:00:00,13077.7197265625,13133.1904296875,13051.1298828125
2018-05-22 00:00:00,13169.919921875,13204.3095703125,13061.76953125
2018-05-23 00:00:00,12976.83984375,13148.0498046875,12929.900390625
2018-05-24 00:00:00,12855.08984375,13006.4404296875,12801.8203125
2018-05-25 00:00:00,12938.009765625,13002.4697265625,12852.169921875
2018-05-28 00:00:00,12863.4599609375,13040.6298828125,12828.259765625
2018-05-29 00:00:00,12666.509765625,12803.2900390625,12608.7001953125
2018-05-30 00:00:00,12783.759765625,12783.759765625,12663.3701171875
2018-05-31 00:00:00,12604.8896484375,12803.599609375,12547.6103515625
2018-06-01 00:00:00,12724.26953125,12800.4501953125,12660.7900390625
2018-06-04 00:00:00,12770.75,12846.259765625,12714.0302734375
2018-06-05 00:00:00,12787.1298828125,12925.240234375,12753.2998046875
2018-06-06 00:00:00,12830.0703125,12872.900390625,12729.23046875
2018-06-07 00:00:00,12811.0498046875,12914.849609375,12760.5400390625
2018-06-08 00:00:00,12766.5498046875,12795.6396484375,12610.6796875
2018-06-11 00:00:00,12842.91015625,12861.9501953125,12751.66015625
2018-06-12 00:00:00,12842.2998046875,12948.51953125,12816.0703125
2018-06-13 00:00:00,12890.580078125,12905.669921875,12781.23046875
2018-06-14 00:00:00,13107.099609375,13135.9697265625,12800.66015625
2018-06-15 00:00:00,13010.5498046875,13170.0498046875,13010.5400390625
2018-06-18 00:00:00,12834.1103515625,12982.919921875,12784.48046875
2018-06-19 00:00:00,12677.9697265625,12708.7099609375,12594.509765625
2018-06-20 00:00:00,12695.16015625,12760.2001953125,12670.7802734375
2018-06-21 00:00:00,12511.91015625,12719.4501953125,12472.98046875
2018-06-22 00:00:00,12579.7197265625,12579.7197265625,12486.259765625
2018-06-25 00:00:00,12270.330078125,12518.8896484375,12270.330078125
2018-06-26 00:00:00,12234.33984375,12355.8603515625,12188.5
2018-06-27 00:00:00,12348.6103515625,12439.91015625,12124.8701171875
2018-06-28 00:00:00,12177.23046875,12375.3701171875,12104.41015625
2018-06-29 00:00:00,12306.0,12382.8701171875,12260.91015625
2018-07-02 00:00:00,12238.169921875,12301.9296875,12132.7197265625
2018-07-03 00:00:00,12349.1396484375,12428.1396484375,12278.3896484375
2018-07-04 00:00:00,12317.6103515625,12350.6796875,12284.5595703125
2018-07-05 00:00:00,12464.2900390625,12516.509765625,12361.8603515625
2018-07-06 00:00:00,12496.169921875,12508.080078125,12426.400390625
2018-07-09 00:00:00,12543.8896484375,12559.9697265625,12490.400390625
2018-07-10 00:00:00,12609.849609375,12639.7900390625,12530.7099609375
2018-07-11 00:00:00,12417.1298828125,12514.75,12398.4697265625
2018-07-12 00:00:00,12492.9697265625,12505.2001953125,12408.6298828125
2018-07-13 00:00:00,12540.73046875,12583.7900390625,12499.2998046875
2018-07-16 00:00:00,12561.01953125,12604.240234375,12506.990234375
2018-07-17 00:00:00,12661.5400390625,12688.5,12522.0498046875
2018-07-18 00:00:00,12765.9404296875,12778.9599609375,12715.51953125
2018-07-19 00:00:00,12686.2900390625,12759.419921875,12658.3701171875
2018-07-20 00:00:00,12561.419921875,12706.83984375,12469.5
2018-07-23 00:00:00,12548.5703125,12565.1201171875,12489.330078125
2018-07-24 00:00:00,12689.3896484375,12755.26953125,12585.91015625
2018-07-25 00:00:00,12579.330078125,12695.1201171875,12538.1201171875
2018-07-26 00:00:00,12809.23046875,12827.7099609375,12701.5595703125
2018-07-27 00:00:00,12860.400390625,12886.830078125,12815.1201171875
2018-07-30 00:00:00,12798.2001953125,12848.9501953125,12798.2001953125
2018-07-31 00:00:00,12805.5,12860.58984375,12739.830078125
2018-08-01 00:00:00,12737.0498046875,12833.1103515625,12706.33984375
2018-08-02 00:00:00,12546.330078125,12619.599609375,12493.2001953125
2018-08-03 00:00:00,12615.759765625,12644.51953125,12561.6201171875
2018-08-06 00:00:00,12598.2099609375,12715.7802734375,12538.349609375
2018-08-07 00:00:00,12648.1904296875,12738.5302734375,12646.16015625
2018-08-08 00:00:00,12633.5400390625,12704.580078125,12586.23046875
2018-08-09 00:00:00,12676.1103515625,12696.51953125,12577.33984375
2018-08-10 00:00:00,12424.349609375,12585.830078125,12390.400390625
2018-08-13 00:00:00,12358.740234375,12396.8603515625,12323.2001953125
2018-08-14 00:00:00,12358.8701171875,12461.8203125,12294.900390625
2018-08-15 00:00:00,12163.009765625,12428.5595703125,12120.650390625
2018-08-16 00:00:00,12237.169921875,12251.400390625,12168.919921875
2018-08-17 00:00:00,12210.5498046875,12244.669921875,12135.6396484375
2018-08-20 00:00:00,12331.2998046875,12373.3603515625,12245.5595703125
2018-08-21 00:00:00,12384.490234375,12432.66015625,12316.349609375
2018-08-22 00:00:00,12385.7001953125,12438.66015625,12345.3203125
2018-08-23 00:00:00,12365.580078125,12411.009765625,12353.5498046875
2018-08-24 00:00:00,12394.51953125,12444.349609375,12344.4501953125
2018-08-27 00:00:00,12538.3095703125,12562.3701171875,12429.33984375
2018-08-28 00:00:00,12527.419921875,12597.01953125,12527.419921875
2018-08-29 00:00:00,12561.6796875,12569.0595703125,12499.5302734375
2018-08-30 00:00:00,12494.240234375,12529.2998046875,12400.1201171875
2018-08-31 00:00:00,12364.0595703125,12426.8603515625,12348.91015625
2018-09-03 00:00:00,12346.41015625,12358.169921875,12300.4697265625
2018-09-04 00:00:00,12210.2099609375,12402.8701171875,12162.7099609375
2018-09-05 00:00:00,12040.4599609375,12167.3603515625,12035.759765625
2018-09-06 00:00:00,11955.25,12091.98046875,11944.5
2018-09-07 00:00:00,11959.6298828125,11990.8095703125,11888.5703125
2018-09-10 00:00:00,11986.33984375,12039.2197265625,11930.2998046875
2018-09-11 00:00:00,11970.26953125,12017.73046875,11865.4697265625
2018-09-12 00:00:00,12032.2998046875,12046.66015625,11952.490234375
2018-09-13 00:00:00,12055.5498046875,12129.8095703125,12017.41015625
2018-09-14 00:00:00,12124.330078125,12134.5400390625,12075.580078125
2018-09-17 00:00:00,12096.41015625,12123.08984375,12040.7998046875
2018-09-18 00:00:00,12157.669921875,12184.41015625,12064.41015625
2018-09-19 00:00:00,12219.01953125,12241.1396484375,12165.080078125
2018-09-20 00:00:00,12326.48046875,12354.3798828125,12210.5703125
2018-09-21 00:00:00,12430.8798828125,12458.2998046875,12373.9501953125
2018-09-24 00:00:00,12350.8203125,12409.9599609375,12349.2998046875
2018-09-25 00:00:00,12374.66015625,12416.8701171875,12322.1904296875
2018-09-26 00:00:00,12385.8896484375,12395.919921875,12329.51953125
2018-09-27 00:00:00,12435.58984375,12456.6904296875,12272.650390625
2018-09-28 00:00:00,12246.73046875,12394.16015625,12190.5703125
2018-10-01 00:00:00,12339.0302734375,12373.2900390625,12263.099609375
2018-10-02 00:00:00,12287.580078125,12310.759765625,12203.599609375
2018-10-04 00:00:00,12244.1396484375,12348.8603515625,12174.6904296875
2018-10-05 00:00:00,12111.900390625,12245.41015625,12103.5498046875
2018-10-08 00:00:00,11947.16015625,12072.26953125,11938.7998046875
2018-10-09 00:00:00,11977.2197265625,11998.6396484375,11803.1904296875
2018-10-10 00:00:00,11712.5,11978.7998046875,11712.26953125
2018-10-11 00:00:00,11539.349609375,11700.5,11518.5595703125
2018-10-12 00:00:00,11523.8095703125,11693.83984375,11514.5498046875
2018-10-15 00:00:00,11614.16015625,11625.01953125,11459.080078125
2018-10-16 00:00:00,11776.5498046875,11790.150390625,11606.9697265625
2018-10-17 00:00:00,11715.0302734375,11847.7900390625,11669.9599609375
2018-10-18 00:00:00,11589.2099609375,11791.2197265625,11586.3203125
2018-10-19 00:00:00,11553.830078125,11617.2802734375,11498.6904296875
2018-10-22 00:00:00,11524.33984375,11677.4501953125,11497.08984375
2018-10-23 00:00:00,11274.2802734375,11394.2099609375,11228.5
2018-10-24 00:00:00,11191.6298828125,11391.9404296875,11166.83984375
2018-10-25 00:00:00,11307.1201171875,11324.919921875,11078.3701171875
2018-10-26 00:00:00,11200.6201171875,11205.830078125,11051.0400390625
2018-10-29 00:00:00,11335.48046875,11444.8603515625,11218.919921875
2018-10-30 00:00:00,11287.3896484375,11394.3701171875,11212.580078125
2018-10-31 00:00:00,11447.509765625,11499.3798828125,11391.6396484375
2018-11-01 00:00:00,11468.5400390625,11575.4296875,11416.3603515625
2018-11-02 00:00:00,11518.990234375,11689.9599609375,11518.8701171875
2018-11-05 00:00:00,11494.9599609375,11555.9697265625,11479.1904296875
2018-11-06 00:00:00,11484.33984375,11528.51953125,11436.5302734375
2018-11-07 00:00:00,11579.099609375,11634.8095703125,11532.33984375
2018-11-08 00:00:00,11527.3203125,11648.7900390625,11503.3603515625
2018-11-09 00:00:00,11529.16015625,11549.0595703125,11418.349609375
2018-11-12 00:00:00,11325.4404296875,11598.509765625,11310.7197265625
2018-11-13 00:00:00,11472.2197265625,11495.6904296875,11349.9404296875
2018-11-14 00:00:00,11412.5302734375,11566.7900390625,11314.599609375
2018-11-15 00:00:00,11353.669921875,11500.66015625,11254.919921875
2018-11-16 00:00:00,11341.0,11448.5595703125,11233.2099609375
2018-11-19 00:00:00,11244.5400390625,11419.5498046875,11231.58984375
2018-11-20 00:00:00,11066.41015625,11187.16015625,11009.25
2018-11-21 00:00:00,11244.169921875,11257.830078125,11113.33984375
2018-11-22 00:00:00,11138.490234375,11221.76953125,11119.0400390625
2018-11-23 00:00:00,11192.6904296875,11205.990234375,11093.51953125
2018-11-26 00:00:00,11354.7197265625,11390.9296875,11301.8203125
2018-11-27 00:00:00,11309.1103515625,11400.0498046875,11264.650390625
2018-11-28 00:00:00,11298.8798828125,11358.7998046875,11279.4599609375
2018-11-29 00:00:00,11298.23046875,11403.7197265625,11275.7001953125
2018-11-30 00:00:00,11257.240234375,11315.2998046875,11208.599609375
2018-12-03 00:00:00,11465.4599609375,11566.9697265625,11457.6103515625
2018-12-04 00:00:00,11335.3203125,11442.1904296875,11330.4404296875
2018-12-05 00:00:00,11200.240234375,11266.2802734375,11177.150390625
2018-12-06 00:00:00,10810.98046875,11063.4404296875,10762.41015625
2018-12-07 00:00:00,10788.08984375,10927.3701171875,10788.08984375
2018-12-10 00:00:00,10622.0703125,10757.73046875,10585.76953125
2018-12-11 00:00:00,10780.509765625,10884.6201171875,10684.6201171875
2018-12-12 00:00:00,10929.4296875,10971.1201171875,10815.509765625
2018-12-13 00:00:00,10924.7001953125,10988.76953125,10887.259765625
2018-12-14 00:00:00,10865.76953125,10903.3896484375,10733.75
2018-12-17 00:00:00,10772.2001953125,10886.7998046875,10700.6201171875
2018-12-18 00:00:00,10740.8896484375,10841.419921875,10714.9697265625
2018-12-19 00:00:00,10766.2099609375,10831.4404296875,10749.5498046875
2018-12-20 00:00:00,10611.099609375,10686.3701171875,10563.4404296875
2018-12-21 00:00:00,10633.8203125,10654.66015625,10512.6396484375
2018-12-27 00:00:00,10381.509765625,10635.4501953125,10279.2001953125
2018-12-28 00:00:00,10558.9599609375,10586.7998046875,10431.3798828125
2019-01-02 00:00:00,10580.1904296875,10612.7197265625,10386.9697265625
2019-01-03 00:00:00,10416.66015625,10538.66015625,10400.1103515625
2019-01-04 00:00:00,10767.6904296875,10786.33984375,10483.900390625
2019-01-07 00:00:00,10747.8095703125,10814.4697265625,10681.26953125
2019-01-08 00:00:00,10803.98046875,10910.7099609375,10745.0302734375
2019-01-09 00:00:00,10893.3203125,10961.919921875,10839.08984375
2019-01-10 00:00:00,10921.58984375,10927.1298828125,10788.0498046875
2019-01-11 00:00:00,10887.4599609375,10959.0,10829.919921875
2019-01-14 00:00:00,10855.91015625,10886.23046875,10786.75
2019-01-15 00:00:00,10891.7900390625,10994.830078125,10812.58984375
2019-01-16 00:00:00,10931.240234375,10947.8701171875,10866.3896484375
2019-01-17 00:00:00,10918.6201171875,10929.2998046875,10822.25
2019-01-18 00:00:00,11205.5400390625,11216.8203125,10993.830078125
2019-01-21 00:00:00,11136.2001953125,11179.91015625,11125.5302734375
2019-01-22 00:00:00,11090.1103515625,11142.2197265625,11034.5498046875
2019-01-23 00:00:00,11071.5400390625,11135.75,11007.2099609375
2019-01-24 00:00:00,11130.1796875,11149.3203125,11032.5302734375
2019-01-25 00:00:00,11281.7900390625,11321.6201171875,11218.349609375
2019-01-28 00:00:00,11210.3095703125,11275.2099609375,11196.419921875
2019-01-29 00:00:00,11218.830078125,11276.2802734375,11159.169921875
2019-01-30 00:00:00,11181.66015625,11215.2099609375,11132.3798828125
2019-01-31 00:00:00,11173.099609375,11311.3701171875,11051.1103515625
2019-02-01 00:00:00,11180.66015625,11218.509765625,11116.080078125
2019-02-04 00:00:00,11176.580078125,11209.3095703125,11100.33984375
2019-02-05 00:00:00,11367.98046875,11371.740234375,11177.7001953125
2019-02-06 00:00:00,11324.7197265625,11347.9404296875,11297.419921875
2019-02-07 00:00:00,11022.01953125,11286.4599609375,11022.01953125
2019-02-08 00:00:00,10906.7802734375,11045.41015625,10863.5595703125
2019-02-11 00:00:00,11014.58984375,11041.9501953125,10944.580078125
2019-02-12 00:00:00,11126.080078125,11164.3798828125,11116.8603515625
2019-02-13 00:00:00,11167.2197265625,11217.2998046875,11125.58984375
2019-02-14 00:00:00,11089.7900390625,11260.5498046875,11077.7802734375
2019-02-15 00:00:00,11299.7998046875,11323.0498046875,11018.9501953125
2019-02-18 00:00:00,11299.2001953125,11318.1904296875,11256.26953125
2019-02-19 00:00:00,11309.2099609375,11371.4404296875,11244.51953125
2019-02-20 00:00:00,11401.9697265625,11437.4697265625,11318.740234375
2019-02-21 00:00:00,11423.2802734375,11454.4404296875,11392.26953125
2019-02-22 00:00:00,11457.7001953125,11504.7099609375,11420.740234375
2019-02-25 00:00:00,11505.3896484375,11544.3095703125,11480.490234375
2019-02-26 00:00:00,11540.7900390625,11556.8701171875,11441.8701171875
2019-02-27 00:00:00,11487.330078125,11521.2197265625,11442.9697265625
2019-02-28 00:00:00,11515.6396484375,11524.990234375,11416.080078125
2019-03-01 00:00:00,11601.6796875,11676.8603515625,11583.080078125
2019-03-04 00:00:00,11592.66015625,11650.4404296875,11591.740234375
2019-03-05 00:00:00,11620.740234375,11627.7802734375,11551.4501953125
2019-03-06 00:00:00,11587.6298828125,11652.76953125,11565.2197265625
2019-03-07 00:00:00,11517.7998046875,11612.9501953125,11452.8603515625
2019-03-08 00:00:00,11457.83984375,11475.5498046875,11405.2099609375
2019-03-11 00:00:00,11543.48046875,11550.58984375,11462.900390625
2019-03-12 00:00:00,11524.169921875,11618.73046875,11499.4697265625
2019-03-13 00:00:00,11572.41015625,11586.900390625,11486.740234375
2019-03-14 00:00:00,11587.4697265625,11635.759765625,11541.099609375
2019-03-15 00:00:00,11685.6904296875,11725.66015625,11575.330078125
2019-03-18 00:00:00,11657.0595703125,11712.3603515625,11635.8798828125
2019-03-19 00:00:00,11788.41015625,11823.2900390625,11652.01953125
2019-03-20 00:00:00,11603.8896484375,11721.41015625,11596.2001953125
2019-03-21 00:00:00,11549.9599609375,11582.5400390625,11467.7900390625
2019-03-22 00:00:00,11364.169921875,11623.9697265625,11356.490234375
2019-03-25 00:00:00,11346.650390625,11392.0,11312.5400390625
2019-03-26 00:00:00,11419.48046875,11447.1298828125,11299.7998046875
2019-03-27 00:00:00,11419.0400390625,11502.349609375,11368.1298828125
2019-03-28 00:00:00,11428.16015625,11494.150390625,11414.66015625
2019-03-29 00:00:00,11526.0400390625,11549.419921875,11442.1201171875
2019-04-01 00:00:00,11681.990234375,11706.6396484375,11612.7001953125
2019-04-02 00:00:00,11754.7900390625,11777.650390625,11659.150390625
2019-04-03 00:00:00,11954.400390625,11961.3603515625,11854.2099609375
2019-04-04 00:00:00,11988.009765625,12029.259765625,11916.5703125
2019-04-05 00:00:00,12009.75,12024.23046875,11967.7001953125
2019-04-08 00:00:00,11963.400390625,11989.58984375,11948.259765625
2019-04-09 00:00:00,11850.5703125,11988.5302734375,11850.5703125
2019-04-10 00:00:00,11905.91015625,11937.1103515625,11863.7998046875
2019-04-11 00:00:00,11935.2001953125,11963.4296875,11846.599609375
2019-04-12 00:00:00,11999.9296875,12031.150390625,11889.990234375
2019-04-15 00:00:00,12020.2802734375,12029.98046875,11983.330078125
2019-04-16 00:00:00,12101.3203125,12116.25,12025.66015625
2019-04-17 00:00:00,12153.0703125,12195.0,12086.8896484375
2019-04-18 00:00:00,12222.3896484375,12243.6298828125,12100.0
2019-04-23 00:00:00,12235.509765625,12251.8095703125,12182.98046875
2019-04-24 00:00:00,12313.16015625,12349.830078125,12223.98046875
2019-04-25 00:00:00,12282.599609375,12321.7900390625,12236.1396484375
2019-04-26 00:00:00,12315.1796875,12323.6396484375,12259.759765625
2019-04-29 00:00:00,12328.01953125,12376.0595703125,12266.33984375
2019-04-30 00:00:00,12344.080078125,12345.3095703125,12281.7197265625
2019-05-02 00:00:00,12345.419921875,12402.8701171875,12303.9599609375
2019-05-03 00:00:00,12412.75,12435.669921875,12344.23046875
2019-05-06 00:00:00,12286.8798828125,12298.66015625,12135.419921875
2019-05-07 00:00:00,12092.740234375,12319.0498046875,12056.7998046875
2019-05-08 00:00:00,12179.9296875,12208.48046875,12063.740234375
2019-05-09 00:00:00,11973.919921875,12125.9599609375,11957.3095703125
2019-05-10 00:00:00,12059.830078125,12140.6103515625,12009.75
2019-05-13 00:00:00,11876.650390625,12052.9296875,11844.4697265625
2019-05-14 00:00:00,11991.6201171875,11991.830078125,11897.9296875
2019-05-15 00:00:00,12099.5703125,12099.5703125,11862.2099609375
2019-05-16 00:00:00,12310.3701171875,12310.3701171875,12030.2998046875
2019-05-17 00:00:00,12238.9404296875,12270.8896484375,12150.330078125
2019-05-20 00:00:00,12041.2900390625,12246.5,11993.91015625
2019-05-21 00:00:00,12143.4697265625,12178.25,12066.900390625
2019-05-22 00:00:00,12168.740234375,12211.0302734375,12055.5
2019-05-23 00:00:00,11952.41015625,12082.75,11926.33984375
2019-05-24 00:00:00,12011.0400390625,12082.0498046875,11990.7900390625
2019-05-27 00:00:00,12071.1796875,12124.5498046875,12050.490234375
2019-05-28 00:00:00,12027.0498046875,12113.3095703125,11992.41015625
2019-05-29 00:00:00,11837.8095703125,11927.6396484375,11828.75
2019-05-30 00:00:00,11902.080078125,11924.66015625,11858.2900390625
2019-05-31 00:00:00,11726.83984375,11755.1201171875,11662.0703125
2019-06-03 00:00:00,11792.8095703125,11793.6298828125,11620.6396484375
2019-06-04 00:00:00,11971.169921875,11987.8896484375,11713.8701171875
2019-06-05 00:00:00,11980.8095703125,12057.73046875,11928.8701171875
2019-06-06 00:00:00,11953.1396484375,12076.9501953125,11899.8203125
2019-06-07 00:00:00,12045.3798828125,12096.6103515625,11987.169921875
2019-06-11 00:00:00,12155.8095703125,12227.400390625,12117.33984375
2019-06-12 00:00:00,12115.6796875,12132.2802734375,12068.1103515625
2019-06-13 00:00:00,12169.0498046875,12201.7802734375,12079.599609375
2019-06-14 00:00:00,12096.400390625,12136.650390625,12049.759765625
2019-06-17 00:00:00,12085.8203125,12124.6796875,12059.919921875
2019-06-18 00:00:00,12331.75,12358.0,11987.5498046875
2019-06-19 00:00:00,12308.5302734375,12346.7001953125,12291.1904296875
2019-06-20 00:00:00,12355.3896484375,12438.3701171875,12355.3896484375
2019-06-21 00:00:00,12339.919921875,12425.2001953125,12316.41015625
2019-06-24 00:00:00,12274.5703125,12341.5595703125,12250.7099609375
2019-06-25 00:00:00,12228.4404296875,12284.5703125,12213.41015625
2019-06-26 00:00:00,12245.3203125,12315.83984375,12189.490234375
2019-06-27 00:00:00,12271.0302734375,12334.5703125,12209.33984375
2019-06-28 00:00:00,12398.7998046875,12408.2197265625,12297.6298828125
2019-07-01 00:00:00,12521.3798828125,12619.6796875,12519.2998046875
2019-07-02 00:00:00,12526.7197265625,12548.2197265625,12484.259765625
2019-07-03 00:00:00,12616.240234375,12631.8095703125,12545.7900390625
2019-07-04 00:00:00,12629.900390625,12656.0498046875,12616.2900390625
2019-07-05 00:00:00,12568.5302734375,12632.1201171875,12522.1103515625
2019-07-08 00:00:00,12543.509765625,12587.4404296875,12507.7197265625
2019-07-09 00:00:00,12436.5498046875,12477.580078125,12364.16015625
2019-07-10 00:00:00,12373.41015625,12448.8095703125,12356.7998046875
2019-07-11 00:00:00,12332.1201171875,12417.9296875,12307.33984375
2019-07-12 00:00:00,12323.3203125,12354.8701171875,12304.98046875
2019-07-15 00:00:00,12387.33984375,12434.1396484375,12301.080078125
2019-07-16 00:00:00,12430.9697265625,12465.1904296875,12366.9697265625
2019-07-17 00:00:00,12341.0302734375,12453.330078125,12324.330078125
2019-07-18 00:00:00,12227.849609375,12296.2998046875,12172.58984375
2019-07-19 00:00:00,12260.0703125,12340.1103515625,12211.669921875
2019-07-22 00:00:00,12289.400390625,12346.01953125,12236.7001953125
2019-07-23 00:00:00,12490.740234375,12531.16015625,12369.1904296875
2019-07-24 00:00:00,12522.8896484375,12550.33984375,12476.5498046875
2019-07-25 00:00:00,12362.099609375,12599.9296875,12299.099609375
2019-07-26 00:00:00,12419.900390625,12428.0498046875,12356.150390625
2019-07-29 00:00:00,12417.4697265625,12473.9697265625,12387.580078125
2019-07-30 00:00:00,12147.240234375,12404.509765625,12115.2802734375
2019-07-31 00:00:00,12189.0400390625,12226.490234375,12139.0302734375
2019-08-01 00:00:00,12253.150390625,12254.0302734375,12129.330078125
2019-08-02 00:00:00,11872.4404296875,12034.91015625,11836.75
2019-08-05 00:00:00,11658.509765625,11797.51953125,11628.5703125
2019-08-06 00:00:00,11567.9599609375,11748.830078125,11567.9599609375
2019-08-07 00:00:00,11650.150390625,11747.740234375,11559.759765625
2019-08-08 00:00:00,11845.41015625,11845.41015625,11683.990234375
2019-08-09 00:00:00,11693.7998046875,11865.6298828125,11674.1103515625
2019-08-12 00:00:00,11679.6796875,11836.9697265625,11647.009765625
2019-08-13 00:00:00,11750.1298828125,11835.8798828125,11539.6298828125
2019-08-14 00:00:00,11492.66015625,11759.5703125,11459.3701171875
2019-08-15 00:00:00,11412.669921875,11530.009765625,11266.48046875
2019-08-16 00:00:00,11562.740234375,11578.83984375,11447.33984375
2019-08-19 00:00:00,11715.3701171875,11759.0,11625.669921875
2019-08-20 00:00:00,11651.1796875,11764.9296875,11618.9296875
2019-08-21 00:00:00,11802.849609375,11824.66015625,11673.3701171875
2019-08-22 00:00:00,11747.0400390625,11853.1396484375,11715.259765625
2019-08-23 00:00:00,11611.509765625,11823.1201171875,11611.509765625
2019-08-26 00:00:00,11658.0400390625,11696.7802734375,11551.990234375
2019-08-27 00:00:00,11730.01953125,11778.6201171875,11616.08984375
2019-08-28 00:00:00,11701.01953125,11717.7900390625,11573.6396484375
2019-08-29 00:00:00,11838.8798828125,11853.91015625,11661.73046875
2019-08-30 00:00:00,11939.2802734375,11989.4404296875,11845.16015625
2019-09-02 00:00:00,11953.7802734375,11994.1103515625,11929.91015625
2019-09-03 00:00:00,11910.8603515625,11956.6904296875,11869.2802734375
2019-09-04 00:00:00,12025.0400390625,12078.400390625,11999.830078125
2019-09-05 00:00:00,12126.7802734375,12151.3095703125,12084.169921875
2019-09-06 00:00:00,12191.73046875,12205.099609375,12131.2900390625
2019-09-09 00:00:00,12226.099609375,12245.1103515625,12189.599609375
2019-09-10 00:00:00,12268.7099609375,12292.1396484375,12179.8798828125
2019-09-11 00:00:00,12359.0703125,12394.2802734375,12317.6103515625
2019-09-12 00:00:00,12410.25,12471.830078125,12311.8095703125
2019-09-13 00:00:00,12468.5302734375,12494.25,12408.9296875
2019-09-16 00:00:00,12380.3095703125,12421.25,12362.98046875
2019-09-17 00:00:00,12372.6103515625,12392.9697265625,12303.509765625
2019-09-18 00:00:00,12389.6201171875,12416.0498046875,12354.490234375
2019-09-19 00:00:00,12457.7001953125,12466.7802734375,12354.830078125
2019-09-20 00:00:00,12468.009765625,12490.83984375,12418.5
2019-09-23 00:00:00,12342.330078125,12441.01953125,12264.1396484375
2019-09-24 00:00:00,12307.150390625,12375.3095703125,12307.150390625
2019-09-25 00:00:00,12234.1796875,12261.0595703125,12141.8203125
2019-09-26 00:00:00,12288.5400390625,12313.150390625,12223.2900390625
2019-09-27 00:00:00,12380.9404296875,12404.4697265625,12324.7099609375
2019-09-30 00:00:00,12428.080078125,12441.0302734375,12346.9404296875
2019-10-01 00:00:00,12263.830078125,12497.2802734375,12263.830078125
2019-10-02 00:00:00,11925.25,12226.8603515625,11925.25
2019-10-04 00:00:00,12012.8095703125,12012.91015625,11878.98046875
2019-10-07 00:00:00,12097.4296875,12105.08984375,11969.3203125
2019-10-08 00:00:00,11970.2001953125,12097.9404296875,11933.01953125
2019-10-09 00:00:00,12094.259765625,12165.5302734375,11953.1201171875
2019-10-10 00:00:00,12164.2001953125,12202.7099609375,12029.4599609375
2019-10-11 00:00:00,12511.650390625,12511.650390625,12240.9404296875
2019-10-14 00:00:00,12486.5595703125,12495.240234375,12387.9501953125
2019-10-15 00:00:00,12629.7900390625,12682.400390625,12511.900390625
2019-10-16 00:00:00,12670.1103515625,12698.3701171875,12603.830078125
2019-10-17 00:00:00,12654.9501953125,12814.490234375,12647.8603515625
2019-10-18 00:00:00,12633.599609375,12700.3798828125,12603.169921875
2019-10-21 00:00:00,12747.9599609375,12787.349609375,12646.2802734375
2019-10-22 00:00:00,12754.6904296875,12791.3095703125,12730.7001953125
2019-10-23 00:00:00,12798.1904296875,12819.2197265625,12699.849609375
2019-10-24 00:00:00,12872.099609375,12914.240234375,12820.669921875
2019-10-25 00:00:00,12894.509765625,12895.849609375,12834.0
2019-10-28 00:00:00,12941.7099609375,12986.490234375,12892.83984375
2019-10-29 00:00:00,12939.6201171875,12951.8798828125,12897.33984375
2019-10-30 00:00:00,12910.23046875,12944.259765625,12830.330078125
2019-10-31 00:00:00,12866.7900390625,12953.33984375,12795.08984375
2019-11-01 00:00:00,12961.0498046875,12992.0703125,12896.7197265625
2019-11-04 00:00:00,13136.2802734375,13171.169921875,13019.1796875
2019-11-05 00:00:00,13148.5,13166.080078125,13112.650390625
2019-11-06 00:00:00,13179.8896484375,13187.66015625,13110.91015625
2019-11-07 00:00:00,13289.4599609375,13300.759765625,13227.3701171875
2019-11-08 00:00:00,13228.5595703125,13278.1796875,13195.830078125
2019-11-11 00:00:00,13198.3701171875,13225.6201171875,13144.08984375
2019-11-12 00:00:00,13283.509765625,13308.259765625,13214.66015625
2019-11-13 00:00:00,13230.0703125,13273.8203125,13139.25
2019-11-14 00:00:00,13180.23046875,13219.2998046875,13159.6904296875
2019-11-15 00:00:00,13241.75,13261.7197265625,13172.8896484375
2019-11-18 00:00:00,13207.009765625,13282.41015625,13137.8798828125
2019-11-19 00:00:00,13221.1201171875,13374.26953125,13187.91015625
2019-11-20 00:00:00,13158.1396484375,13182.2197265625,13071.330078125
2019-11-21 00:00:00,13137.7001953125,13171.849609375,13043.900390625
2019-11-22 00:00:00,13163.8798828125,13244.5703125,13120.6298828125
2019-11-25 00:00:00,13246.4501953125,13268.9697265625,13210.25
2019-11-26 00:00:00,13236.419921875,13261.98046875,13193.75
2019-11-27 00:00:00,13287.0703125,13314.919921875,13219.4296875
2019-11-28 00:00:00,13245.580078125,13259.2900390625,13215.7099609375
2019-11-29 00:00:00,13236.3798828125,13290.330078125,13165.0703125
2019-12-02 00:00:00,12964.6796875,13338.25,12954.5
2019-12-03 00:00:00,12989.2900390625,13086.0302734375,12927.0703125
2019-12-04 00:00:00,13140.5703125,13157.3603515625,12995.3203125
2019-12-05 00:00:00,13054.7998046875,13188.6396484375,13054.7998046875
2019-12-06 00:00:00,13166.580078125,13171.2099609375,13055.98046875
2019-12-09 00:00:00,13105.6103515625,13170.76953125,13100.240234375
2019-12-10 00:00:00,13070.7197265625,13091.7099609375,12886.5498046875
2019-12-11 00:00:00,13146.740234375,13169.76953125,13042.7001953125
2019-12-12 00:00:00,13221.6396484375,13287.8095703125,13105.0703125
2019-12-13 00:00:00,13282.7197265625,13423.41015625,13255.5498046875
2019-12-16 00:00:00,13407.66015625,13425.849609375,13338.3798828125
2019-12-17 00:00:00,13287.830078125,13394.4697265625,13269.4296875
2019-12-18 00:00:00,13222.16015625,13286.0,13215.8798828125
2019-12-19 00:00:00,13211.9599609375,13248.98046875,13140.2197265625
2019-12-20 00:00:00,13318.900390625,13324.1103515625,13201.7998046875
2019-12-23 00:00:00,13300.98046875,13331.8603515625,13285.5498046875
2019-12-27 00:00:00,13337.1103515625,13381.4404296875,13311.51953125
2019-12-30 00:00:00,13249.009765625,13316.6201171875,13244.169921875
2020-01-02 00:00:00,13385.9296875,13425.0302734375,13225.16015625
2020-01-03 00:00:00,13219.1396484375,13282.740234375,13120.7197265625
2020-01-06 00:00:00,13126.990234375,13143.1103515625,12948.169921875
2020-01-07 00:00:00,13226.830078125,13283.8798828125,13166.400390625
2020-01-08 00:00:00,13320.1796875,13334.0400390625,13106.26953125
2020-01-09 00:00:00,13495.0595703125,13523.33984375,13456.7802734375
2020-01-10 00:00:00,13483.3095703125,13548.2001953125,13483.3095703125
2020-01-13 00:00:00,13451.51953125,13529.2099609375,13404.7197265625
2020-01-14 00:00:00,13456.490234375,13487.900390625,13362.2001953125
2020-01-15 00:00:00,13432.2998046875,13458.91015625,13388.48046875
2020-01-16 00:00:00,13429.4296875,13492.740234375,13382.98046875
2020-01-17 00:00:00,13526.1298828125,13557.7802734375,13497.2998046875
2020-01-20 00:00:00,13548.9404296875,13550.830078125,13487.2099609375
2020-01-21 00:00:00,13555.8701171875,13560.6796875,13443.25
2020-01-22 00:00:00,13515.75,13640.0595703125,13498.0302734375
2020-01-23 00:00:00,13388.419921875,13486.1396484375,13382.23046875
2020-01-24 00:00:00,13576.6796875,13604.849609375,13510.7900390625
2020-01-27 00:00:00,13204.76953125,13399.419921875,13195.2802734375
2020-01-28 00:00:00,13323.6904296875,13327.1201171875,13163.3603515625
2020-01-29 00:00:00,13345.0,13371.2998046875,13296.0302734375
2020-01-30 00:00:00,13157.1201171875,13262.1796875,13118.9697265625
2020-01-31 00:00:00,12981.9697265625,13208.4697265625,12973.7001953125
2020-02-03 00:00:00,13045.1904296875,13077.5703125,12987.5302734375
2020-02-04 00:00:00,13281.740234375,13282.6298828125,13131.0703125
2020-02-05 00:00:00,13478.330078125,13488.580078125,13223.1396484375
2020-02-06 00:00:00,13574.8203125,13606.9697265625,13533.66015625
2020-02-07 00:00:00,13513.8095703125,13551.0302734375,13463.98046875
2020-02-10 00:00:00,13494.0302734375,13501.740234375,13445.41015625
2020-02-11 00:00:00,13627.83984375,13668.4296875,13557.9599609375
2020-02-12 00:00:00,13749.7802734375,13758.7001953125,13658.150390625
2020-02-13 00:00:00,13745.4296875,13745.4296875,13576.9599609375
2020-02-14 00:00:00,13744.2099609375,13788.509765625,13728.1201171875
2020-02-17 00:00:00,13783.8896484375,13795.240234375,13754.0400390625
2020-02-18 00:00:00,13681.1904296875,13731.3896484375,13660.4501953125
2020-02-19 00:00:00,13789.0,13789.0,13710.7802734375
2020-02-20 00:00:00,13664.0,13788.41015625,13664.0
2020-02-21 00:00:00,13579.330078125,13689.23046875,13500.5
2020-02-24 00:00:00,13035.240234375,13236.580078125,12982.1396484375
2020-02-25 00:00:00,12790.490234375,13132.0400390625,12778.66015625
2020-02-26 00:00:00,12774.8798828125,12849.169921875,12368.0498046875
2020-02-27 00:00:00,12367.4599609375,12593.6201171875,12211.6298828125
2020-02-28 00:00:00,11890.349609375,12008.58984375,11724.1201171875
2020-03-02 00:00:00,11857.8701171875,12121.599609375,11624.6298828125
2020-03-03 00:00:00,11985.3896484375,12272.990234375,11906.8203125
2020-03-04 00:00:00,12127.6904296875,12199.8203125,11929.240234375
2020-03-05 00:00:00,11944.7197265625,12207.76953125,11844.8798828125
2020-03-06 00:00:00,11541.8701171875,11769.849609375,11447.2001953125
2020-03-09 00:00:00,10625.01953125,10995.2197265625,10556.6396484375
2020-03-10 00:00:00,10475.490234375,11032.2900390625,10423.900390625
2020-03-11 00:00:00,10438.6796875,10761.4296875,10390.509765625
2020-03-12 00:00:00,9161.1298828125,9932.5595703125,9139.1201171875
2020-03-13 00:00:00,9232.080078125,9985.740234375,9064.6796875
2020-03-16 00:00:00,8742.25,8967.1103515625,8255.650390625
2020-03-17 00:00:00,8939.099609375,9145.9296875,8423.5595703125
2020-03-18 00:00:00,8441.7099609375,8670.41015625,8400.1796875
2020-03-19 00:00:00,8610.4296875,8668.48046875,8257.5302734375
2020-03-20 00:00:00,8928.9501953125,9201.0703125,8838.2998046875
2020-03-23 00:00:00,8741.150390625,9071.1396484375,8480.2802734375
2020-03-24 00:00:00,9700.5703125,9700.5703125,9102.169921875
2020-03-25 00:00:00,9874.259765625,10137.6201171875,9460.91015625
2020-03-26 00:00:00,10000.9599609375,10000.9599609375,9526.169921875
2020-03-27 00:00:00,9632.51953125,9886.1796875,9541.830078125
2020-03-30 00:00:00,9815.9697265625,9817.509765625,9453.7900390625
2020-03-31 00:00:00,9935.83984375,10096.419921875,9703.8798828125
2020-04-01 00:00:00,9544.75,9686.4599609375,9498.0498046875
2020-04-02 00:00:00,9570.8203125,9650.26953125,9337.01953125
2020-04-03 00:00:00,9525.76953125,9626.7197265625,9470.2001953125
2020-04-06 00:00:00,10075.169921875,10097.3095703125,9841.490234375
2020-04-07 00:00:00,10356.7001953125,10590.41015625,10225.01953125
2020-04-08 00:00:00,10332.8896484375,10340.7900390625,10198.2197265625
2020-04-09 00:00:00,10564.740234375,10649.7900390625,10311.7001953125
2020-04-14 00:00:00,10696.5595703125,10820.169921875,10658.9599609375
2020-04-15 00:00:00,10279.759765625,10678.1904296875,10243.1103515625
2020-04-16 00:00:00,10301.5400390625,10438.3701171875,10236.240234375
2020-04-17 00:00:00,10625.7802734375,10756.7802734375,10542.7099609375
2020-04-20 00:00:00,10675.900390625,10707.3095703125,10444.5498046875
2020-04-21 00:00:00,10249.849609375,10524.73046875,10249.849609375
2020-04-22 00:00:00,10415.0302734375,10425.01953125,10321.2001953125
2020-04-23 00:00:00,10513.7900390625,10608.3896484375,10325.1103515625
2020-04-24 00:00:00,10336.08984375,10486.4697265625,10299.3095703125
2020-04-27 00:00:00,10659.990234375,10660.3603515625,10523.099609375
2020-04-28 00:00:00,10795.6298828125,10897.8203125,10651.580078125
2020-04-29 00:00:00,11107.740234375,11125.349609375,10789.51953125
2020-04-30 00:00:00,10861.6396484375,11235.5703125,10839.2998046875
2020-05-04 00:00:00,10466.7998046875,10578.4296875,10426.0595703125
2020-05-05 00:00:00,10729.4599609375,10736.9501953125,10518.9404296875
2020-05-06 00:00:00,10606.2001953125,10773.8603515625,10598.900390625
2020-05-07 00:00:00,10759.26953125,10761.8603515625,10617.23046875
2020-05-08 00:00:00,10904.48046875,10918.3203125,10819.0703125
2020-05-11 00:00:00,10824.990234375,10986.2197265625,10740.8203125
2020-05-12 00:00:00,10819.5,10886.009765625,10772.580078125
2020-05-13 00:00:00,10542.66015625,10698.1298828125,10530.3203125
2020-05-14 00:00:00,10337.01953125,10474.080078125,10160.8896484375
2020-05-15 00:00:00,10465.169921875,10547.1904296875,10382.5400390625
2020-05-18 00:00:00,11058.8701171875,11089.5,10677.51953125
2020-05-19 00:00:00,11075.2900390625,11201.1796875,10936.0703125
2020-05-20 00:00:00,11223.7099609375,11246.91015625,10978.5703125
2020-05-21 00:00:00,11065.9296875,11194.919921875,11036.91015625
2020-05-22 00:00:00,11073.8701171875,11138.150390625,10867.169921875
2020-05-25 00:00:00,11391.2802734375,11391.2802734375,11118.1201171875
2020-05-26 00:00:00,11504.650390625,11544.349609375,11429.8798828125
2020-05-27 00:00:00,11657.6904296875,11747.2001953125,11519.76953125
2020-05-28 00:00:00,11781.1298828125,11813.1396484375,11654.830078125
2020-05-29 00:00:00,11586.849609375,11729.98046875,11575.740234375
2020-06-02 00:00:00,12021.2802734375,12055.5703125,11850.33984375
2020-06-03 00:00:00,12487.3603515625,12507.41015625,12133.7001953125
2020-06-04 00:00:00,12430.5595703125,12558.240234375,12326.4404296875
2020-06-05 00:00:00,12847.6796875,12858.7900390625,12560.1904296875
2020-06-08 00:00:00,12819.58984375,12913.1298828125,12670.9501953125
2020-06-09 00:00:00,12617.990234375,12864.91015625,12502.4501953125
2020-06-10 00:00:00,12530.16015625,12763.8896484375,12471.0595703125
2020-06-11 00:00:00,11970.2900390625,12301.9501953125,11970.2900390625
2020-06-12 00:00:00,11949.2802734375,12172.6298828125,11828.66015625
2020-06-15 00:00:00,11911.349609375,11968.0595703125,11597.8203125
2020-06-16 00:00:00,12315.66015625,12434.26953125,12132.7998046875
2020-06-17 00:00:00,12382.1396484375,12432.23046875,12288.169921875
2020-06-18 00:00:00,12281.5302734375,12483.83984375,12189.669921875
2020-06-19 00:00:00,12330.759765625,12447.150390625,12319.1904296875
2020-06-22 00:00:00,12262.9697265625,12399.3701171875,12172.1201171875
2020-06-23 00:00:00,12523.759765625,12616.1201171875,12332.099609375
2020-06-24 00:00:00,12093.9404296875,12489.240234375,12093.9404296875
2020-06-25 00:00:00,12177.8701171875,12236.4599609375,11957.3095703125
2020-06-26 00:00:00,12089.3896484375,12347.4501953125,12060.8896484375
2020-06-29 00:00:00,12232.1201171875,12297.6796875,12045.259765625
2020-06-30 00:00:00,12310.9296875,12350.349609375,12188.08984375
2020-07-01 00:00:00,12260.5703125,12391.7197265625,12095.1103515625
2020-07-02 00:00:00,12608.4599609375,12658.169921875,12370.7197265625
2020-07-03 00:00:00,12528.1796875,12649.98046875,12476.1298828125
2020-07-06 00:00:00,12733.4501953125,12842.58984375,12655.2099609375
2020-07-07 00:00:00,12616.7998046875,12661.1201171875,12525.1796875
2020-07-08 00:00:00,12494.8095703125,12670.1904296875,12463.2197265625
2020-07-09 00:00:00,12489.4599609375,12709.6796875,12459.16015625
2020-07-10 00:00:00,12633.7099609375,12649.990234375,12416.6904296875
2020-07-13 00:00:00,12799.9697265625,12836.41015625,12688.9404296875
2020-07-14 00:00:00,12697.3603515625,12697.91015625,12535.900390625
2020-07-15 00:00:00,12930.98046875,12999.83984375,12773.4404296875
2020-07-16 00:00:00,12874.9697265625,12919.23046875,12805.4697265625
2020-07-17 00:00:00,12919.6103515625,12954.25,12870.26953125
2020-07-20 00:00:00,13046.919921875,13063.6904296875,12811.7197265625
2020-07-21 00:00:00,13171.830078125,13313.900390625,13147.2998046875
2020-07-22 00:00:00,13104.25,13197.919921875,13067.0595703125
2020-07-23 00:00:00,13103.3896484375,13217.73046875,13072.8203125
2020-07-24 00:00:00,12838.0595703125,12935.5,12812.01953125
2020-07-27 00:00:00,12838.66015625,12908.66015625,12811.4404296875
2020-07-28 00:00:00,12835.2802734375,12936.009765625,12746.4599609375
2020-07-29 00:00:00,12822.259765625,12864.3896484375,12789.9697265625
2020-07-30 00:00:00,12379.650390625,12768.7099609375,12253.919921875
2020-07-31 00:00:00,12313.3603515625,12524.75,12313.3603515625
2020-08-03 00:00:00,12646.98046875,12698.5595703125,12365.6103515625
2020-08-04 00:00:00,12600.8701171875,12768.580078125,12528.0703125
2020-08-05 00:00:00,12660.25,12757.0302734375,12632.990234375
2020-08-06 00:00:00,12591.6796875,12799.2099609375,12519.849609375
2020-08-07 00:00:00,12674.8798828125,12691.66015625,12517.4404296875
2020-08-10 00:00:00,12687.5302734375,12753.1201171875,12605.8203125
2020-08-11 00:00:00,12946.8896484375,13046.1298828125,12802.0595703125
2020-08-12 00:00:00,13058.6298828125,13101.1201171875,12879.1103515625
2020-08-13 00:00:00,12993.7099609375,13075.25,12956.2998046875
2020-08-14 00:00:00,12901.33984375,12971.080078125,12797.51953125
2020-08-17 00:00:00,12920.66015625,12960.83984375,12847.849609375
2020-08-18 00:00:00,12881.759765625,13052.83984375,12807.0
2020-08-19 00:00:00,12977.330078125,12980.7001953125,12833.7998046875
2020-08-20 00:00:00,12830.0,12891.1396484375,12755.51953125
2020-08-21 00:00:00,12764.7998046875,12911.26953125,12633.7099609375
2020-08-24 00:00:00,13066.5400390625,13104.3095703125,12924.7001953125
2020-08-25 00:00:00,13061.6201171875,13221.8203125,13060.8701171875
2020-08-26 00:00:00,13190.150390625,13192.3203125,13010.5302734375
2020-08-27 00:00:00,13096.3603515625,13218.0498046875,13087.3701171875
2020-08-28 00:00:00,13033.2001953125,13147.240234375,12951.259765625
2020-08-31 00:00:00,12945.3798828125,13148.1904296875,12923.759765625
2020-09-01 00:00:00,12974.25,13127.2802734375,12850.2998046875
2020-09-02 00:00:00,13243.4296875,13303.169921875,13062.169921875
2020-09-03 00:00:00,13057.76953125,13460.4599609375,13004.830078125
2020-09-04 00:00:00,12842.66015625,13127.080078125,12753.6904296875
2020-09-07 00:00:00,13100.2802734375,13117.6103515625,12920.919921875
2020-09-08 00:00:00,12968.330078125,13147.51953125,12856.5498046875
2020-09-09 00:00:00,13237.2099609375,13257.5400390625,12973.4599609375
2020-09-10 00:00:00,13208.8896484375,13297.7099609375,13161.9296875
2020-09-11 00:00:00,13202.83984375,13255.4697265625,13117.4599609375
2020-09-14 00:00:00,13193.66015625,13339.1396484375,13159.7197265625
2020-09-15 00:00:00,13217.669921875,13262.8095703125,13138.2001953125
2020-09-16 00:00:00,13255.3701171875,13277.23046875,13181.5595703125
2020-09-17 00:00:00,13208.1201171875,13245.8701171875,13035.9404296875
2020-09-18 00:00:00,13116.25,13263.4404296875,13116.25
2020-09-21 00:00:00,12542.4404296875,12998.900390625,12505.16015625
2020-09-22 00:00:00,12594.3896484375,12698.1201171875,12592.9697265625
2020-09-23 00:00:00,12642.9697265625,12830.7001953125,12642.9697265625
2020-09-24 00:00:00,12606.5703125,12684.7998046875,12512.5
2020-09-25 00:00:00,12469.2001953125,12622.76953125,12341.580078125
2020-09-28 00:00:00,12870.8701171875,12873.400390625,12660.150390625
2020-09-29 00:00:00,12825.8203125,12859.1396484375,12738.2998046875
2020-09-30 00:00:00,12760.73046875,12869.9599609375,12698.419921875
2020-10-01 00:00:00,12730.76953125,12836.650390625,12671.23046875
2020-10-02 00:00:00,12689.0400390625,12690.25,12539.8603515625
2020-10-05 00:00:00,12828.3095703125,12842.48046875,12727.75
2020-10-06 00:00:00,12906.01953125,12966.08984375,12779.650390625
2020-10-07 00:00:00,12928.5703125,12959.01953125,12837.1103515625
2020-10-08 00:00:00,13042.2099609375,13100.849609375,12956.6396484375
2020-10-09 00:00:00,13051.23046875,13096.4404296875,13009.98046875
2020-10-12 00:00:00,13138.41015625,13151.7998046875,13058.33984375
2020-10-13 00:00:00,13018.990234375,13132.900390625,12959.7001953125
2020-10-14 00:00:00,13028.0595703125,13066.4404296875,12975.1201171875
2020-10-15 00:00:00,12703.75,12839.5498046875,12599.8203125
2020-10-16 00:00:00,12908.990234375,12955.8603515625,12733.0595703125
2020-10-19 00:00:00,12854.66015625,13028.73046875,12820.259765625
2020-10-20 00:00:00,12736.9501953125,12850.2900390625,12725.4501953125
2020-10-21 00:00:00,12557.6396484375,12765.0498046875,12545.58984375
2020-10-22 00:00:00,12543.0595703125,12583.01953125,12345.4501953125
2020-10-23 00:00:00,12645.75,12718.26953125,12514.990234375
2020-10-26 00:00:00,12177.1796875,12404.509765625,12174.2197265625
2020-10-27 00:00:00,12063.5703125,12223.599609375,12034.7998046875
2020-10-28 00:00:00,11560.509765625,11852.01953125,11457.1201171875
2020-10-29 00:00:00,11598.0703125,11707.4296875,11458.5595703125
2020-10-30 00:00:00,11556.48046875,11614.1298828125,11450.080078125
2020-11-02 00:00:00,11788.2802734375,11838.0,11551.3603515625
2020-11-03 00:00:00,12088.98046875,12088.98046875,11851.0302734375
2020-11-04 00:00:00,12324.2197265625,12329.9599609375,11848.2099609375
2020-11-05 00:00:00,12568.08984375,12591.2998046875,12398.58984375
2020-11-06 00:00:00,12480.01953125,12595.8701171875,12370.080078125
2020-11-09 00:00:00,13095.9697265625,13297.0498046875,12670.580078125
2020-11-10 00:00:00,13163.1103515625,13237.58984375,13018.4296875
2020-11-11 00:00:00,13216.1796875,13244.3203125,13138.759765625
2020-11-12 00:00:00,13052.9501953125,13168.08984375,13022.2802734375
2020-11-13 00:00:00,13076.7197265625,13145.48046875,13004.8203125
2020-11-16 00:00:00,13138.6103515625,13277.4501953125,13081.1103515625
2020-11-17 00:00:00,13133.4697265625,13151.01953125,13050.41015625
2020-11-18 00:00:00,13201.8896484375,13213.6298828125,13074.669921875
2020-11-19 00:00:00,13086.16015625,13138.1396484375,13034.509765625
2020-11-20 00:00:00,13137.25,13172.91015625,13054.6396484375
2020-11-23 00:00:00,13126.9697265625,13312.419921875,13126.9697265625
2020-11-24 00:00:00,13292.4404296875,13296.759765625,13192.3203125
2020-11-25 00:00:00,13289.7998046875,13346.9599609375,13235.8203125
2020-11-26 00:00:00,13286.5703125,13316.1904296875,13274.8896484375
2020-11-27 00:00:00,13335.6796875,13364.169921875,13272.740234375
2020-11-30 00:00:00,13291.16015625,13445.1103515625,13256.759765625
2020-12-01 00:00:00,13382.2998046875,13434.2998046875,13334.990234375
2020-12-02 00:00:00,13313.240234375,13359.26953125,13272.4697265625
2020-12-03 00:00:00,13252.8603515625,13307.5400390625,13223.9296875
2020-12-04 00:00:00,13298.9599609375,13315.3701171875,13225.080078125
2020-12-07 00:00:00,13271.0,13289.4296875,13163.259765625
2020-12-08 00:00:00,13278.490234375,13297.490234375,13199.4501953125
2020-12-09 00:00:00,13340.259765625,13454.1298828125,13327.8701171875
2020-12-10 00:00:00,13295.73046875,13370.4404296875,13213.0595703125
2020-12-11 00:00:00,13114.2998046875,13265.6103515625,13009.48046875
2020-12-14 00:00:00,13223.16015625,13292.2998046875,13190.5302734375
2020-12-15 00:00:00,13362.8701171875,13374.9599609375,13210.150390625
2020-12-16 00:00:00,13565.98046875,13596.740234375,13412.41015625
2020-12-17 00:00:00,13667.25,13725.83984375,13649.5302734375
2020-12-18 00:00:00,13630.509765625,13774.4501953125,13624.25
2020-12-21 00:00:00,13246.2998046875,13399.990234375,13060.33984375
2020-12-22 00:00:00,13418.1103515625,13441.58984375,13310.419921875
2020-12-23 00:00:00,13587.23046875,13601.7099609375,13456.6298828125
2020-12-28 00:00:00,13790.2900390625,13818.650390625,13740.2099609375
2020-12-29 00:00:00,13761.3798828125,13903.1103515625,13747.080078125
2020-12-30 00:00:00,13718.7802734375,13797.08984375,13717.4697265625
2021-01-04 00:00:00,13726.740234375,13907.1298828125,13647.7900390625
2021-01-05 00:00:00,13651.2197265625,13768.1298828125,13566.4697265625
2021-01-06 00:00:00,13891.9697265625,13919.23046875,13617.1103515625
2021-01-07 00:00:00,13968.240234375,14007.4697265625,13902.240234375
2021-01-08 00:00:00,14049.5302734375,14131.51953125,14007.7099609375
2021-01-11 00:00:00,13936.66015625,14007.650390625,13806.6904296875
2021-01-12 00:00:00,13925.0595703125,13999.5703125,13871.4404296875
2021-01-13 00:00:00,13939.7099609375,13978.4296875,13868.830078125
2021-01-14 00:00:00,13988.7001953125,14030.2197265625,13942.8798828125
2021-01-15 00:00:00,13787.73046875,13958.16015625,13672.669921875
2021-01-18 00:00:00,13848.349609375,13850.400390625,13701.740234375
2021-01-19 00:00:00,13815.0595703125,13940.0498046875,13804.4599609375
2021-01-20 00:00:00,13921.3701171875,13952.2001953125,13835.990234375
2021-01-21 00:00:00,13906.669921875,14026.349609375,13878.83984375
2021-01-22 00:00:00,13873.9697265625,13897.73046875,13744.259765625
2021-01-25 00:00:00,13643.9501953125,13946.849609375,13599.7802734375
2021-01-26 00:00:00,13870.990234375,13925.73046875,13670.23046875
2021-01-27 00:00:00,13620.4599609375,13851.83984375,13475.0302734375
2021-01-28 00:00:00,13665.9296875,13698.5400390625,13310.9501953125
2021-01-29 00:00:00,13432.8701171875,13593.0302734375,13403.740234375
2021-02-01 00:00:00,13622.01953125,13648.0498046875,13518.4501953125
2021-02-02 00:00:00,13835.16015625,13844.9404296875,13693.9296875
2021-02-03 00:00:00,13933.6298828125,13988.150390625,13866.3896484375
2021-02-04 00:00:00,14060.2900390625,14069.8896484375,13955.7001953125
2021-02-05 00:00:00,14056.7197265625,14114.4404296875,14013.1298828125
2021-02-08 00:00:00,14059.91015625,14169.490234375,14056.5498046875
2021-02-09 00:00:00,14011.7998046875,14061.6103515625,13962.1396484375
2021-02-10 00:00:00,13932.9697265625,14063.1201171875,13830.1201171875
2021-02-11 00:00:00,14040.91015625,14053.0595703125,13916.6298828125
2021-02-12 00:00:00,14049.8896484375,14050.9599609375,13916.73046875
2021-02-15 00:00:00,14109.48046875,14131.2099609375,14074.25
2021-02-16 00:00:00,14064.599609375,14130.740234375,14049.98046875
2021-02-17 00:00:00,13909.26953125,14036.9501953125,13894.0595703125
2021-02-18 00:00:00,13886.9296875,13961.0498046875,13853.76953125
2021-02-19 00:00:00,13993.23046875,14026.1796875,13892.7197265625
2021-02-22 00:00:00,13950.0400390625,13975.080078125,13802.5498046875
2021-02-23 00:00:00,13864.8095703125,13989.240234375,13664.7099609375
2021-02-24 00:00:00,13976.0,13998.2998046875,13855.849609375
2021-02-25 00:00:00,13879.330078125,14051.009765625,13879.169921875
2021-02-26 00:00:00,13786.2900390625,13881.259765625,13673.0703125
2021-03-01 00:00:00,14012.8203125,14022.01953125,13873.830078125
2021-03-02 00:00:00,14039.7998046875,14101.7900390625,13961.6201171875
2021-03-03 00:00:00,14080.0302734375,14197.490234375,13979.73046875
2021-03-04 00:00:00,14056.33984375,14095.8095703125,13959.26953125
2021-03-05 00:00:00,13920.6904296875,14068.0302734375,13868.2001953125
2021-03-08 00:00:00,14380.91015625,14402.919921875,13977.1298828125
2021-03-09 00:00:00,14437.9404296875,14475.650390625,14309.349609375
2021-03-10 00:00:00,14540.25,14560.9697265625,14408.51953125
2021-03-11 00:00:00,14569.3896484375,14595.01953125,14515.0703125
2021-03-12 00:00:00,14502.3896484375,14527.419921875,14450.7197265625
2021-03-15 00:00:00,14461.419921875,14572.240234375,14409.349609375
2021-03-16 00:00:00,14557.580078125,14601.7900390625,14511.2998046875
2021-03-17 00:00:00,14596.6103515625,14601.6298828125,14539.7001953125
2021-03-18 00:00:00,14775.51953125,14804.009765625,14669.9501953125
2021-03-19 00:00:00,14621.0,14747.5595703125,14563.2099609375
2021-03-22 00:00:00,14657.2099609375,14677.1201171875,14539.26953125
2021-03-23 00:00:00,14662.01953125,14707.3701171875,14516.2197265625
2021-03-24 00:00:00,14610.3896484375,14619.0400390625,14523.1201171875
2021-03-25 00:00:00,14621.3603515625,14621.3603515625,14422.650390625
2021-03-26 00:00:00,14748.9404296875,14776.3203125,14693.9404296875
2021-03-29 00:00:00,14817.7197265625,14845.419921875,14756.0400390625
2021-03-30 00:00:00,15008.6103515625,15029.7001953125,14890.2802734375
2021-03-31 00:00:00,15008.33984375,15026.490234375,14973.58984375
2021-04-01 00:00:00,15107.169921875,15110.919921875,15032.51953125
2021-04-06 00:00:00,15212.6796875,15311.8603515625,15209.900390625
2021-04-07 00:00:00,15176.3603515625,15242.73046875,15160.2802734375
2021-04-08 00:00:00,15202.6796875,15247.7802734375,15144.1103515625
2021-04-09 00:00:00,15234.16015625,15243.5595703125,15157.2099609375
2021-04-12 00:00:00,15215.0,15275.330078125,15212.240234375
2021-04-13 00:00:00,15234.3603515625,15281.650390625,15184.9501953125
2021-04-14 00:00:00,15209.150390625,15255.919921875,15191.509765625
2021-04-15 00:00:00,15255.330078125,15271.6904296875,15227.6298828125
2021-04-16 00:00:00,15459.75,15473.830078125,15274.2197265625
2021-04-19 00:00:00,15368.3896484375,15501.83984375,15368.1396484375
2021-04-20 00:00:00,15129.509765625,15393.1298828125,15109.5400390625
2021-04-21 00:00:00,15195.9697265625,15210.6904296875,15071.7802734375
2021-04-22 00:00:00,15320.51953125,15328.330078125,15230.2001953125
2021-04-23 00:00:00,15279.6201171875,15309.08984375,15149.349609375
2021-04-26 00:00:00,15296.33984375,15325.8896484375,15237.01953125
2021-04-27 00:00:00,15249.26953125,15293.8896484375,15186.759765625
2021-04-28 00:00:00,15292.1796875,15355.2802734375,15266.6103515625
2021-04-29 00:00:00,15154.2001953125,15329.7197265625,15085.01953125
2021-04-30 00:00:00,15135.91015625,15244.259765625,15135.91015625
2021-05-03 00:00:00,15236.4697265625,15268.5595703125,15111.2998046875
2021-05-04 00:00:00,14856.48046875,15260.75,14845.26953125
2021-05-05 00:00:00,15170.7802734375,15170.7802734375,14963.76953125
2021-05-06 00:00:00,15196.740234375,15281.400390625,15092.76953125
2021-05-07 00:00:00,15399.650390625,15406.41015625,15290.2001953125
2021-05-10 00:00:00,15400.41015625,15419.4296875,15347.9599609375
2021-05-11 00:00:00,15119.75,15255.8896484375,15006.73046875
2021-05-12 00:00:00,15150.2197265625,15226.3603515625,15058.1103515625
2021-05-13 00:00:00,15199.6796875,15235.8896484375,14816.349609375
2021-05-14 00:00:00,15416.6396484375,15417.240234375,15214.6796875
2021-05-17 00:00:00,15396.6201171875,15482.23046875,15353.66015625
2021-05-18 00:00:00,15386.580078125,15538.009765625,15344.099609375
2021-05-19 00:00:00,15113.5595703125,15266.5302734375,14961.26953125
2021-05-20 00:00:00,15370.259765625,15370.259765625,15102.349609375
2021-05-21 00:00:00,15437.509765625,15467.1904296875,15364.4296875
2021-05-25 00:00:00,15465.08984375,15568.599609375,15465.08984375
2021-05-26 00:00:00,15450.7197265625,15541.8603515625,15407.48046875
2021-05-27 00:00:00,15406.73046875,15490.0595703125,15350.669921875
2021-05-28 00:00:00,15519.98046875,15548.7197265625,15435.740234375
2021-05-31 00:00:00,15421.1298828125,15499.6396484375,15414.3798828125
2021-06-01 00:00:00,15567.3603515625,15685.400390625,15512.3603515625
2021-06-02 00:00:00,15602.7099609375,15631.01953125,15554.01953125
2021-06-03 00:00:00,15632.669921875,15657.150390625,15477.3203125
2021-06-04 00:00:00,15692.900390625,15705.8896484375,15607.919921875
2021-06-07 00:00:00,15677.150390625,15732.0595703125,15614.1796875
2021-06-08 00:00:00,15640.599609375,15727.23046875,15638.3203125
2021-06-09 00:00:00,15581.1396484375,15669.1396484375,15505.150390625
2021-06-10 00:00:00,15571.2197265625,15637.9404296875,15513.3603515625
2021-06-11 00:00:00,15693.26953125,15703.83984375,15548.349609375
2021-06-14 00:00:00,15673.6396484375,15802.669921875,15673.6396484375
2021-06-15 00:00:00,15729.51953125,15792.349609375,15714.9404296875
2021-06-16 00:00:00,15710.5703125,15759.66015625,15674.6103515625
2021-06-17 00:00:00,15727.669921875,15752.33984375,15649.2197265625
2021-06-18 00:00:00,15448.0400390625,15736.9296875,15426.759765625
2021-06-21 00:00:00,15603.240234375,15606.5703125,15309.4404296875
2021-06-22 00:00:00,15636.330078125,15652.75,15518.3095703125
2021-06-23 00:00:00,15456.3896484375,15675.900390625,15456.3896484375
2021-06-24 00:00:00,15589.23046875,15606.8896484375,15476.669921875
2021-06-25 00:00:00,15607.9697265625,15612.66015625,15533.400390625
2021-06-28 00:00:00,15554.1796875,15668.080078125,15542.169921875
2021-06-29 00:00:00,15690.58984375,15752.9296875,15555.490234375
2021-06-30 00:00:00,15531.0400390625,15709.33984375,15461.2001953125
2021-07-01 00:00:00,15603.8095703125,15708.7802734375,15488.490234375
2021-07-02 00:00:00,15650.08984375,15705.5302734375,15616.4296875
2021-07-05 00:00:00,15661.9697265625,15673.8798828125,15535.2900390625
2021-07-06 00:00:00,15511.3798828125,15647.8798828125,15466.66015625
2021-07-07 00:00:00,15692.7099609375,15700.9501953125,15604.580078125
2021-07-08 00:00:00,15420.6396484375,15591.650390625,15304.41015625
2021-07-09 00:00:00,15687.9296875,15687.9296875,15479.4404296875
2021-07-12 00:00:00,15790.509765625,15806.900390625,15631.83984375
2021-07-13 00:00:00,15789.6396484375,15806.5703125,15747.5703125
2021-07-14 00:00:00,15788.98046875,15810.6796875,15717.830078125
2021-07-15 00:00:00,15629.66015625,15737.3603515625,15592.009765625
2021-07-16 00:00:00,15540.3095703125,15699.9296875,15476.990234375
2021-07-19 00:00:00,15133.2001953125,15423.83984375,15048.5595703125
2021-07-20 00:00:00,15216.26953125,15300.2900390625,15091.900390625
2021-07-21 00:00:00,15422.5,15443.759765625,15194.5400390625
2021-07-22 00:00:00,15514.5400390625,15578.75,15471.4697265625
2021-07-23 00:00:00,15669.2900390625,15681.41015625,15583.650390625
2021-07-26 00:00:00,15618.98046875,15641.6103515625,15544.9404296875
2021-07-27 00:00:00,15519.1298828125,15586.900390625,15423.5595703125
2021-07-28 00:00:00,15570.3603515625,15577.1298828125,15497.099609375
2021-07-29 00:00:00,15640.4697265625,15659.2197265625,15563.650390625
2021-07-30 00:00:00,15544.3896484375,15613.66015625,15440.8896484375
2021-08-02 00:00:00,15568.73046875,15702.8896484375,15511.25
2021-08-03 00:00:00,15555.080078125,15608.0703125,15492.580078125
2021-08-04 00:00:00,15692.1298828125,15712.26953125,15600.7998046875
2021-08-05 00:00:00,15744.669921875,15751.8798828125,15672.26953125
2021-08-06 00:00:00,15761.4501953125,15808.240234375,15737.099609375
2021-08-09 00:00:00,15745.41015625,15798.509765625,15699.26953125
2021-08-10 00:00:00,15770.7099609375,15802.150390625,15733.650390625
2021-08-11 00:00:00,15826.08984375,15887.16015625,15724.990234375
2021-08-12 00:00:00,15937.509765625,15964.3798828125,15823.5302734375
2021-08-13 00:00:00,15977.4404296875,16030.330078125,15940.8203125
2021-08-16 00:00:00,15925.73046875,15961.1796875,15851.2802734375
2021-08-17 00:00:00,15921.9501953125,15937.4697265625,15811.5703125
2021-08-18 00:00:00,15965.9697265625,15969.849609375,15872.990234375
2021-08-19 00:00:00,15765.8095703125,15804.849609375,15621.98046875
2021-08-20 00:00:00,15808.0400390625,15808.0400390625,15656.2802734375
2021-08-23 00:00:00,15852.7900390625,15930.7197265625,15799.58984375
2021-08-24 00:00:00,15905.849609375,15918.7197265625,15856.0498046875
2021-08-25 00:00:00,15860.66015625,15932.6201171875,15853.3203125
2021-08-26 00:00:00,15793.6201171875,15834.91015625,15701.849609375
2021-08-27 00:00:00,15851.75,15859.76953125,15752.08984375
2021-08-30 00:00:00,15887.3095703125,15896.73046875,15847.66015625
2021-08-31 00:00:00,15835.08984375,16006.759765625,15761.5703125
2021-09-01 00:00:00,15824.2900390625,15981.7001953125,15773.4404296875
2021-09-02 00:00:00,15840.58984375,15874.669921875,15810.76953125
2021-09-03 00:00:00,15781.2001953125,15868.6904296875,15690.01953125
2021-09-06 00:00:00,15932.1201171875,15959.740234375,15814.6298828125
2021-09-07 00:00:00,15843.08984375,15927.76953125,15826.8603515625
2021-09-08 00:00:00,15610.2802734375,15755.2998046875,15590.41015625
2021-09-09 00:00:00,15623.150390625,15693.2197265625,15453.9599609375
2021-09-10 00:00:00,15609.8095703125,15702.599609375,15574.9404296875
2021-09-13 00:00:00,15701.419921875,15787.66015625,15674.16015625
2021-09-14 00:00:00,15722.990234375,15763.580078125,15663.419921875
2021-09-15 00:00:00,15616.0,15740.009765625,15613.7197265625
2021-09-16 00:00:00,15651.75,15745.1904296875,15638.23046875
2021-09-17 00:00:00,15490.169921875,15791.900390625,15455.5400390625
2021-09-20 00:00:00,15132.0595703125,15262.759765625,15019.490234375
2021-09-21 00:00:00,15348.5302734375,15394.330078125,15205.7001953125
2021-09-22 00:00:00,15506.740234375,15508.419921875,15378.9296875
2021-09-23 00:00:00,15643.9697265625,15695.650390625,15593.7197265625
2021-09-24 00:00:00,15531.75,15573.4599609375,15497.169921875
2021-09-27 00:00:00,15573.8798828125,15704.0498046875,15552.08984375
2021-09-28 00:00:00,15248.5595703125,15542.41015625,15232.9697265625
2021-09-29 00:00:00,15365.26953125,15422.75,15301.349609375
2021-09-30 00:00:00,15260.6904296875,15448.51953125,15246.0
2021-10-01 00:00:00,15156.4404296875,15262.75,14983.7998046875
2021-10-04 00:00:00,15036.5498046875,15175.25,15016.9296875
2021-10-05 00:00:00,15194.490234375,15202.2001953125,15011.4404296875
2021-10-06 00:00:00,14973.330078125,15049.490234375,14818.7099609375
2021-10-07 00:00:00,15250.8603515625,15253.2900390625,15116.4697265625
2021-10-08 00:00:00,15206.1298828125,15267.919921875,15184.759765625
2021-10-11 00:00:00,15199.1396484375,15202.740234375,15094.4404296875
2021-10-12 00:00:00,15146.8701171875,15174.2900390625,15012.0703125
2021-10-13 00:00:00,15249.3798828125,15302.4296875,15109.6103515625
2021-10-14 00:00:00,15462.7197265625,15464.3798828125,15303.3896484375
2021-10-15 00:00:00,15587.3603515625,15598.580078125,15465.9296875
2021-10-18 00:00:00,15474.4697265625,15542.169921875,15416.01953125
2021-10-19 00:00:00,15515.830078125,15527.9697265625,15457.4296875
2021-10-20 00:00:00,15522.919921875,15567.0703125,15465.0302734375
2021-10-21 00:00:00,15472.5595703125,15532.9404296875,15406.58984375
2021-10-22 00:00:00,15542.98046875,15614.759765625,15492.2900390625
2021-10-25 00:00:00,15599.23046875,15618.8798828125,15531.9501953125
2021-10-26 00:00:00,15757.0595703125,15781.0,15650.349609375
2021-10-27 00:00:00,15705.8095703125,15744.7900390625,15671.58984375
2021-10-28 00:00:00,15696.330078125,15706.3896484375,15629.330078125
2021-10-29 00:00:00,15688.76953125,15689.66015625,15495.509765625
2021-11-01 00:00:00,15806.2900390625,15849.400390625,15760.349609375
2021-11-02 00:00:00,15954.4501953125,15960.2099609375,15824.1103515625
2021-11-03 00:00:00,15959.98046875,15972.7099609375,15922.099609375
2021-11-04 00:00:00,16029.650390625,16064.7900390625,15997.6298828125
2021-11-05 00:00:00,16054.3603515625,16084.900390625,16008.400390625
2021-11-08 00:00:00,16046.51953125,16068.73046875,16016.2001953125
2021-11-09 00:00:00,16040.4697265625,16104.1298828125,16022.6396484375
2021-11-10 00:00:00,16067.830078125,16076.5595703125,15985.900390625
2021-11-11 00:00:00,16083.1103515625,16114.5498046875,16032.5
2021-11-12 00:00:00,16094.0703125,16122.759765625,16065.0595703125
2021-11-15 00:00:00,16148.6396484375,16149.8701171875,16072.2900390625
2021-11-16 00:00:00,16247.8603515625,16266.259765625,16157.580078125
2021-11-17 00:00:00,16251.1298828125,16283.51953125,16240.509765625
2021-11-18 00:00:00,16221.73046875,16290.1904296875,16193.33984375
2021-11-19 00:00:00,16159.9697265625,16282.8701171875,16092.6298828125
2021-11-22 00:00:00,16115.6904296875,16202.76953125,16090.5400390625
2021-11-23 00:00:00,15937.0,16054.3798828125,15866.009765625
2021-11-24 00:00:00,15878.3896484375,15974.2998046875,15740.599609375
2021-11-25 00:00:00,15917.98046875,15962.5400390625,15865.41015625
2021-11-26 00:00:00,15257.0400390625,15540.2900390625,15244.4599609375
2021-11-29 00:00:00,15280.8603515625,15441.91015625,15237.8701171875
2021-11-30 00:00:00,15100.1298828125,15280.0400390625,15015.419921875
2021-12-01 00:00:00,15472.669921875,15509.4599609375,15187.08984375
2021-12-02 00:00:00,15263.1103515625,15373.51953125,15172.900390625
2021-12-03 00:00:00,15169.98046875,15422.900390625,15101.7099609375
2021-12-06 00:00:00,15380.7900390625,15415.4599609375,15150.5400390625
2021-12-07 00:00:00,15813.9404296875,15827.9404296875,15544.7900390625
2021-12-08 00:00:00,15687.08984375,15834.0400390625,15683.669921875
2021-12-09 00:00:00,15639.259765625,15721.48046875,15613.400390625
2021-12-10 00:00:00,15623.3095703125,15689.5,15550.4501953125
2021-12-13 00:00:00,15621.7197265625,15794.3095703125,15591.6201171875
2021-12-14 00:00:00,15453.5595703125,15697.98046875,15448.4501953125
2021-12-15 00:00:00,15476.349609375,15531.0400390625,15451.740234375
2021-12-16 00:00:00,15636.400390625,15780.9296875,15621.5703125
2021-12-17 00:00:00,15531.6904296875,15609.509765625,15419.5498046875
2021-12-20 00:00:00,15239.669921875,15296.080078125,15060.099609375
2021-12-21 00:00:00,15447.4404296875,15452.419921875,15305.6103515625
2021-12-22 00:00:00,15593.4697265625,15593.4697265625,15425.16015625
2021-12-23 00:00:00,15756.3095703125,15768.4501953125,15622.599609375
2021-12-27 00:00:00,15835.25,15854.6201171875,15697.4404296875
2021-12-28 00:00:00,15963.7001953125,15974.7900390625,15832.9599609375
2021-12-29 00:00:00,15852.25,15955.0302734375,15803.58984375
2021-12-30 00:00:00,15884.8603515625,15890.740234375,15834.5703125
2022-01-03 00:00:00,16020.73046875,16069.3798828125,15943.16015625
2022-01-04 00:00:00,16152.6103515625,16202.580078125,16036.51953125
2022-01-05 00:00:00,16271.75,16285.349609375,16161.7197265625
2022-01-06 00:00:00,16052.0302734375,16156.5595703125,15988.6298828125
2022-01-07 00:00:00,15947.740234375,16044.2802734375,15862.7099609375
2022-01-10 00:00:00,15768.26953125,16015.33984375,15724.23046875
2022-01-11 00:00:00,15941.8095703125,15979.990234375,15880.3896484375
2022-01-12 00:00:00,16010.3203125,16061.5,15955.5400390625
2022-01-13 00:00:00,16031.58984375,16090.2900390625,15941.7802734375
2022-01-14 00:00:00,15883.240234375,15970.7001953125,15833.73046875
2022-01-17 00:00:00,15933.7197265625,15962.7001953125,15894.76953125
2022-01-18 00:00:00,15772.5595703125,15843.580078125,15669.349609375
2022-01-19 00:00:00,15809.7197265625,15898.0498046875,15629.8603515625
2022-01-20 00:00:00,15912.330078125,15912.330078125,15737.330078125
2022-01-21 00:00:00,15603.8798828125,15728.2900390625,15456.8701171875
2022-01-24 00:00:00,15011.1298828125,15587.3896484375,14952.669921875
2022-01-25 00:00:00,15123.8701171875,15205.75,14979.1103515625
2022-01-26 00:00:00,15459.3896484375,15524.9599609375,15272.8701171875
2022-01-27 00:00:00,15524.26953125,15582.4501953125,15197.5302734375
2022-01-28 00:00:00,15318.9501953125,15416.58984375,15122.650390625
2022-01-31 00:00:00,15471.2001953125,15566.3798828125,15338.1904296875
2022-02-01 00:00:00,15619.3896484375,15687.9599609375,15537.0498046875
2022-02-02 00:00:00,15613.76953125,15736.51953125,15604.990234375
2022-02-03 00:00:00,15368.4697265625,15602.5,15367.16015625
2022-02-04 00:00:00,15099.5595703125,15423.9404296875,15060.48046875
2022-02-07 00:00:00,15206.6396484375,15256.080078125,15076.8896484375
2022-02-08 00:00:00,15242.3798828125,15338.0,15158.7998046875
2022-02-09 00:00:00,15482.009765625,15513.9404296875,15351.48046875
2022-02-10 00:00:00,15490.4404296875,15614.4697265625,15413.3701171875
2022-02-11 00:00:00,15425.1201171875,15511.33984375,15308.6904296875
2022-02-14 00:00:00,15113.9697265625,15150.5400390625,14844.099609375
2022-02-15 00:00:00,15412.7099609375,15418.41015625,15068.330078125
2022-02-16 00:00:00,15396.0703125,15542.83984375,15374.0
2022-02-17 00:00:00,15267.6298828125,15440.080078125,15206.400390625
2022-02-18 00:00:00,15042.509765625,15317.3896484375,14989.0498046875
2022-02-21 00:00:00,14731.1201171875,15192.4697265625,14617.66015625
2022-02-22 00:00:00,14693.0,14782.16015625,14357.8603515625
2022-02-23 00:00:00,14631.3603515625,14901.08984375,14586.349609375
2022-02-24 00:00:00,14052.099609375,14221.7099609375,13807.2802734375
2022-02-25 00:00:00,14567.23046875,14567.6201171875,14027.9296875
2022-02-28 00:00:00,14461.01953125,14510.76953125,14106.8896484375
2022-03-01 00:00:00,13904.849609375,14448.6103515625,13904.849609375
2022-03-02 00:00:00,14000.1103515625,14114.7900390625,13707.8603515625
2022-03-03 00:00:00,13698.400390625,14057.150390625,13669.099609375
2022-03-04 00:00:00,13094.5400390625,13562.599609375,13094.5400390625
2022-03-07 00:00:00,12834.650390625,13150.349609375,12438.849609375
2022-03-08 00:00:00,12831.509765625,13106.7802734375,12672.0
2022-03-09 00:00:00,13847.9296875,13847.9296875,13199.6796875
2022-03-10 00:00:00,13442.099609375,13829.9697265625,13341.7900390625
2022-03-11 00:00:00,13628.1103515625,13943.9697265625,13407.9697265625
2022-03-14 00:00:00,13929.1103515625,14082.0595703125,13815.7998046875
2022-03-15 00:00:00,13917.26953125,13974.83984375,13577.8095703125
2022-03-16 00:00:00,14440.740234375,14553.099609375,14183.259765625
2022-03-17 00:00:00,14388.0595703125,14509.23046875,14243.9404296875
2022-03-18 00:00:00,14413.08984375,14413.08984375,14109.7900390625
2022-03-21 00:00:00,14326.9697265625,14457.2998046875,14306.259765625
2022-03-22 00:00:00,14473.2001953125,14508.009765625,14343.33984375
2022-03-23 00:00:00,14283.650390625,14539.3095703125,14226.4296875
2022-03-24 00:00:00,14273.7900390625,14375.8203125,14187.8203125
2022-03-25 00:00:00,14305.759765625,14428.0302734375,14247.3798828125
2022-03-28 00:00:00,14417.3701171875,14627.580078125,14371.900390625
2022-03-29 00:00:00,14820.330078125,14925.25,14553.7099609375
2022-03-30 00:00:00,14606.0498046875,14744.7197265625,14555.8701171875
2022-03-31 00:00:00,14414.75,14732.0,14404.0302734375
2022-04-01 00:00:00,14446.48046875,14506.01953125,14403.08984375
2022-04-04 00:00:00,14518.16015625,14535.0703125,14334.099609375
2022-04-05 00:00:00,14424.3603515625,14603.4404296875,14347.330078125
2022-04-06 00:00:00,14151.6904296875,14437.91015625,14027.1796875
2022-04-07 00:00:00,14078.150390625,14315.349609375,14069.5302734375
2022-04-08 00:00:00,14283.669921875,14321.8203125,14178.2802734375
2022-04-11 00:00:00,14192.7802734375,14298.01953125,14094.830078125
2022-04-12 00:00:00,14124.9501953125,14180.08984375,13887.1103515625
2022-04-13 00:00:00,14076.4404296875,14100.0302734375,13961.9501953125
2022-04-14 00:00:00,14163.849609375,14198.7802734375,14038.2998046875
2022-04-19 00:00:00,14153.4599609375,14199.08984375,13991.7001953125
2022-04-20 00:00:00,14362.0302734375,14362.0302734375,14149.6796875
2022-04-21 00:00:00,14502.41015625,14598.1103515625,14374.58984375
2022-04-22 00:00:00,14142.08984375,14372.4697265625,14142.08984375
2022-04-25 00:00:00,13924.169921875,14037.6298828125,13863.3896484375
2022-04-26 00:00:00,13756.400390625,14112.83984375,13749.6796875
2022-04-27 00:00:00,13793.9404296875,13849.4296875,13566.2001953125
2022-04-28 00:00:00,13979.83984375,14074.7099609375,13822.16015625
2022-04-29 00:00:00,14097.8798828125,14187.01953125,14038.5498046875
2022-05-02 00:00:00,13939.0703125,14036.1103515625,13778.1298828125
2022-05-03 00:00:00,14039.4697265625,14081.150390625,13920.4599609375
2022-05-04 00:00:00,13970.8203125,14073.2099609375,13970.6201171875
2022-05-05 00:00:00,13902.51953125,14315.240234375,13857.580078125
2022-05-06 00:00:00,13674.2900390625,13851.4501953125,13592.150390625
2022-05-09 00:00:00,13380.669921875,13697.900390625,13380.669921875
2022-05-10 00:00:00,13534.740234375,13719.9501953125,13514.490234375
2022-05-11 00:00:00,13828.6396484375,13829.099609375,13508.5595703125
2022-05-12 00:00:00,13739.6396484375,13808.08984375,13479.3603515625
2022-05-13 00:00:00,14027.9296875,14034.150390625,13795.6396484375
2022-05-16 00:00:00,13964.3798828125,14043.099609375,13864.9501953125
2022-05-17 00:00:00,14185.9404296875,14203.08984375,14056.98046875
2022-05-18 00:00:00,14007.759765625,14226.4697265625,13999.5400390625
2022-05-19 00:00:00,13882.2998046875,13882.2998046875,13683.58984375
2022-05-20 00:00:00,13981.91015625,14161.3203125,13944.16015625
2022-05-23 00:00:00,14175.400390625,14217.48046875,14026.1396484375
2022-05-24 00:00:00,13919.75,14105.0595703125,13917.080078125
2022-05-25 00:00:00,14007.9296875,14053.58984375,13871.48046875
2022-05-26 00:00:00,14231.2900390625,14253.6103515625,14025.4404296875
2022-05-27 00:00:00,14462.1904296875,14463.5,14246.830078125
2022-05-30 00:00:00,14575.98046875,14589.4501953125,14509.580078125
2022-05-31 00:00:00,14388.349609375,14547.08984375,14359.3896484375
2022-06-01 00:00:00,14340.4697265625,14489.0,14329.509765625
2022-06-02 00:00:00,14485.169921875,14492.7802734375,14393.0400390625
2022-06-03 00:00:00,14460.08984375,14589.91015625,14443.1103515625
2022-06-06 00:00:00,14653.8095703125,14709.3798828125,14548.259765625
2022-06-07 00:00:00,14556.6201171875,14590.6904296875,14458.33984375
2022-06-08 00:00:00,14445.990234375,14602.0595703125,14378.5
2022-06-09 00:00:00,14198.7998046875,14420.73046875,14186.9296875
2022-06-10 00:00:00,13761.830078125,14121.0703125,13749.76953125
2022-06-13 00:00:00,13427.0302734375,13648.83984375,13379.8701171875
2022-06-14 00:00:00,13304.3896484375,13569.9296875,13294.0
2022-06-15 00:00:00,13485.2900390625,13566.7998046875,13358.400390625
2022-06-16 00:00:00,13038.490234375,13443.3203125,13007.91015625
2022-06-17 00:00:00,13126.259765625,13237.7001953125,13020.419921875
2022-06-20 00:00:00,13265.599609375,13265.599609375,13106.3798828125
2022-06-21 00:00:00,13292.400390625,13443.76953125,13273.2001953125
2022-06-22 00:00:00,13144.2802734375,13206.1103515625,12965.6904296875
2022-06-23 00:00:00,12912.58984375,13120.3095703125,12912.58984375
2022-06-24 00:00:00,13118.1298828125,13160.7099609375,12904.8603515625
2022-06-27 00:00:00,13186.0703125,13378.419921875,13126.8603515625
2022-06-28 00:00:00,13231.8203125,13358.6201171875,13221.0400390625
2022-06-29 00:00:00,13003.349609375,13132.3603515625,12946.759765625
2022-06-30 00:00:00,12783.76953125,12811.4296875,12618.6796875
2022-07-01 00:00:00,12813.0302734375,12894.3798828125,12623.23046875
2022-07-04 00:00:00,12773.3798828125,12919.7001953125,12741.6298828125
2022-07-05 00:00:00,12401.2001953125,12870.240234375,12390.9501953125
2022-07-06 00:00:00,12594.51953125,12668.6796875,12509.2197265625
2022-07-07 00:00:00,12843.2197265625,12867.7099609375,12693.650390625
2022-07-08 00:00:00,13015.23046875,13019.1298828125,12766.7998046875
2022-07-11 00:00:00,12832.4404296875,12934.8701171875,12774.23046875
2022-07-12 00:00:00,12905.48046875,12905.48046875,12655.0595703125
2022-07-13 00:00:00,12756.3203125,12851.900390625,12625.2197265625
2022-07-14 00:00:00,12519.66015625,12788.009765625,12434.2900390625
2022-07-15 00:00:00,12864.7197265625,12875.669921875,12532.9404296875
2022-07-18 00:00:00,12959.8095703125,13062.23046875,12913.6904296875
2022-07-19 00:00:00,13308.41015625,13351.2001953125,12827.8896484375
2022-07-20 00:00:00,13281.98046875,13399.400390625,13129.1298828125
2022-07-21 00:00:00,13246.6396484375,13318.6396484375,13097.75
2022-07-22 00:00:00,13253.6796875,13367.0400390625,13171.1396484375
2022-07-25 00:00:00,13210.3203125,13337.0595703125,13151.8603515625
2022-07-26 00:00:00,13096.9296875,13197.9501953125,13042.41015625
2022-07-27 00:00:00,13166.3798828125,13204.580078125,13089.9599609375
2022-07-28 00:00:00,13282.1103515625,13289.3896484375,13091.259765625
2022-07-29 00:00:00,13484.0498046875,13515.0302734375,13340.58984375
2022-08-01 00:00:00,13479.6298828125,13570.2197265625,13464.900390625
2022-08-02 00:00:00,13449.2001953125,13484.5498046875,13335.3896484375
2022-08-03 00:00:00,13587.5595703125,13595.0703125,13388.33984375
2022-08-04 00:00:00,13662.6796875,13792.8798828125,13628.5703125
2022-08-05 00:00:00,13573.9296875,13693.33984375,13562.6201171875
2022-08-08 00:00:00,13687.6904296875,13745.58984375,13604.5498046875
2022-08-09 00:00:00,13534.9697265625,13745.58984375,13514.7099609375
2022-08-10 00:00:00,13700.9296875,13715.5595703125,13455.7001953125
2022-08-11 00:00:00,13694.509765625,13763.259765625,13661.169921875
2022-08-12 00:00:00,13795.849609375,13813.0498046875,13705.01953125
2022-08-15 00:00:00,13816.6103515625,13857.98046875,13736.0
2022-08-16 00:00:00,13910.1201171875,13947.849609375,13824.9697265625
2022-08-17 00:00:00,13626.7099609375,13930.5703125,13610.4404296875
2022-08-18 00:00:00,13697.41015625,13775.66015625,13638.16015625
2022-08-19 00:00:00,13544.51953125,13660.33984375,13525.6904296875
2022-08-22 00:00:00,13230.5703125,13510.2900390625,13189.26953125
2022-08-23 00:00:00,13194.23046875,13298.259765625,13156.4404296875
2022-08-24 00:00:00,13220.0595703125,13238.6103515625,13085.2001953125
2022-08-25 00:00:00,13271.9599609375,13364.5498046875,13210.990234375
2022-08-26 00:00:00,12971.4697265625,13375.01953125,12939.9599609375
2022-08-29 00:00:00,12892.990234375,12942.4599609375,12758.4404296875
2022-08-30 00:00:00,12961.1396484375,13154.150390625,12885.080078125
2022-08-31 00:00:00,12834.9599609375,13020.5400390625,12814.8095703125
2022-09-01 00:00:00,12630.23046875,12743.0498046875,12603.580078125
2022-09-02 00:00:00,13050.26953125,13051.5703125,12736.009765625
2022-09-05 00:00:00,12760.7802734375,12827.580078125,12617.400390625
2022-09-06 00:00:00,12871.4404296875,12927.7900390625,12760.0400390625
2022-09-07 00:00:00,12915.9697265625,12953.990234375,12736.08984375
2022-09-08 00:00:00,12904.3203125,13008.8203125,12688.8701171875
2022-09-09 00:00:00,13088.2099609375,13121.1298828125,12925.5703125
2022-09-12 00:00:00,13402.26953125,13441.5400390625,13165.7802734375
2022-09-13 00:00:00,13188.9501953125,13564.830078125,13183.1904296875
2022-09-14 00:00:00,13028.0,13192.8203125,12952.08984375
2022-09-15 00:00:00,12956.66015625,13111.3798828125,12927.2001953125
2022-09-16 00:00:00,12741.259765625,12815.330078125,12699.2197265625
2022-09-19 00:00:00,12803.240234375,12866.7001953125,12606.6396484375
2022-09-20 00:00:00,12670.830078125,12936.5703125,12638.2197265625
2022-09-21 00:00:00,12767.150390625,12771.7802734375,12520.8095703125
2022-09-22 00:00:00,12531.6298828125,12781.5595703125,12526.6103515625
2022-09-23 00:00:00,12284.1904296875,12521.25,12180.759765625
2022-09-26 00:00:00,12227.919921875,12368.490234375,12184.0
2022-09-27 00:00:00,12139.6796875,12414.08984375,12139.6796875
2022-09-28 00:00:00,12183.2802734375,12198.3701171875,11862.83984375
2022-09-29 00:00:00,11975.5498046875,12147.3095703125,11866.98046875
2022-09-30 00:00:00,12114.3603515625,12137.76953125,11973.91015625
2022-10-03 00:00:00,12209.48046875,12227.8701171875,11893.9404296875
2022-10-04 00:00:00,12670.48046875,12673.349609375,12358.98046875
2022-10-05 00:00:00,12517.1796875,12661.8798828125,12455.3603515625
2022-10-06 00:00:00,12470.7802734375,12643.2197265625,12421.8896484375
2022-10-07 00:00:00,12273.0,12497.51953125,12272.58984375
2022-10-10 00:00:00,12272.9404296875,12410.830078125,12174.6298828125
2022-10-11 00:00:00,12220.25,12258.150390625,12097.6796875
2022-10-12 00:00:00,12172.259765625,12298.6201171875,12104.6201171875
2022-10-13 00:00:00,12355.580078125,12379.240234375,12000.4296875
2022-10-14 00:00:00,12437.8095703125,12676.419921875,12395.990234375
2022-10-17 00:00:00,12649.0302734375,12716.8095703125,12398.0498046875
2022-10-18 00:00:00,12765.6103515625,12931.759765625,12746.3603515625
2022-10-19 00:00:00,12741.41015625,12819.1103515625,12705.259765625
2022-10-20 00:00:00,12767.41015625,12818.33984375,12628.7802734375
2022-10-21 00:00:00,12730.900390625,12775.51953125,12548.150390625
2022-10-24 00:00:00,12931.4501953125,13020.4501953125,12747.3798828125
2022-10-25 00:00:00,13052.9599609375,13053.240234375,12789.259765625
2022-10-26 00:00:00,13195.8095703125,13203.240234375,13023.400390625
2022-10-27 00:00:00,13211.23046875,13259.490234375,13062.0400390625
2022-10-28 00:00:00,13243.330078125,13250.66015625,13051.25
2022-10-31 00:00:00,13253.740234375,13307.08984375,13216.48046875
2022-11-01 00:00:00,13338.740234375,13444.0703125,13287.0703125
2022-11-02 00:00:00,13256.740234375,13398.6396484375,13255.0703125
2022-11-03 00:00:00,13130.1904296875,13194.3203125,13022.6396484375
2022-11-04 00:00:00,13459.849609375,13542.349609375,13193.509765625
2022-11-07 00:00:00,13533.51953125,13611.2998046875,13391.0
2022-11-08 00:00:00,13688.75,13689.6103515625,13487.91015625
2022-11-09 00:00:00,13666.3203125,13691.1201171875,13557.080078125
2022-11-10 00:00:00,14146.08984375,14157.25,13599.349609375
2022-11-11 00:00:00,14224.8603515625,14263.5302734375,14172.4697265625
2022-11-14 00:00:00,14313.2998046875,14431.1796875,14243.349609375
2022-11-15 00:00:00,14378.509765625,14440.7802734375,14266.419921875
2022-11-16 00:00:00,14234.0302734375,14382.6201171875,14195.3095703125
2022-11-17 00:00:00,14266.3798828125,14384.5400390625,14149.7001953125
2022-11-18 00:00:00,14431.8603515625,14457.759765625,14300.2099609375
2022-11-21 00:00:00,14379.9296875,14425.9501953125,14321.83984375
2022-11-22 00:00:00,14422.349609375,14485.490234375,14343.7998046875
2022-11-23 00:00:00,14427.58984375,14446.330078125,14363.509765625
2022-11-24 00:00:00,14539.5595703125,14570.7099609375,14447.5498046875
2022-11-25 00:00:00,14541.3798828125,14571.66015625,14498.0498046875
2022-11-28 00:00:00,14383.3603515625,14514.73046875,14374.150390625
2022-11-29 00:00:00,14355.4501953125,14429.8701171875,14327.0400390625
2022-11-30 00:00:00,14397.0400390625,14487.7001953125,14363.3203125
2022-12-01 00:00:00,14490.2998046875,14563.7001953125,14423.7900390625
2022-12-02 00:00:00,14529.3896484375,14584.58984375,14372.419921875
2022-12-05 00:00:00,14447.6103515625,14507.16015625,14394.3701171875
2022-12-06 00:00:00,14343.1904296875,14471.5,14305.259765625
2022-12-07 00:00:00,14261.1904296875,14372.349609375,14218.1796875
2022-12-08 00:00:00,14264.5595703125,14298.8095703125,14196.76953125
2022-12-09 00:00:00,14370.7197265625,14385.5703125,14217.9599609375
2022-12-12 00:00:00,14306.6298828125,14366.3896484375,14262.599609375
2022-12-13 00:00:00,14497.8896484375,14675.83984375,14302.490234375
2022-12-14 00:00:00,14460.2001953125,14470.740234375,14375.9501953125
2022-12-15 00:00:00,13986.23046875,14363.1201171875,13982.58984375
2022-12-16 00:00:00,13893.0703125,14011.259765625,13815.240234375
2022-12-19 00:00:00,13942.8701171875,14001.3701171875,13927.0498046875
2022-12-20 00:00:00,13884.66015625,13931.2900390625,13791.51953125
2022-12-21 00:00:00,14097.8203125,14099.75,13912.169921875
2022-12-22 00:00:00,13914.0703125,14160.8701171875,13890.5400390625
2022-12-23 00:00:00,13940.9296875,14000.6796875,13874.5
2022-12-27 00:00:00,13995.099609375,14063.1396484375,13966.349609375
2022-12-28 00:00:00,13925.599609375,14018.4697265625,13914.6201171875
2022-12-29 00:00:00,14071.7197265625,14071.7197265625,13871.3203125
2022-12-30 00:00:00,13923.58984375,14008.9697265625,13922.5498046875
2023-01-02 00:00:00,14069.259765625,14095.91015625,13976.4404296875
2023-01-03 00:00:00,14181.669921875,14293.8701171875,14083.759765625
2023-01-04 00:00:00,14490.7802734375,14492.7802734375,14264.599609375
2023-01-05 00:00:00,14436.3095703125,14501.599609375,14403.73046875
2023-01-06 00:00:00,14610.01953125,14610.23046875,14388.98046875
2023-01-09 00:00:00,14792.830078125,14832.8896484375,14628.6103515625
2023-01-10 00:00:00,14774.599609375,14790.8203125,14692.740234375
2023-01-11 00:00:00,14947.91015625,14965.4697265625,14794.990234375
2023-01-12 00:00:00,15058.2998046875,15095.0302734375,14934.509765625
2023-01-13 00:00:00,15086.51953125,15132.3701171875,15041.16015625
2023-01-16 00:00:00,15134.0400390625,15153.1904296875,15083.9404296875
2023-01-17 00:00:00,15187.0703125,15269.7099609375,15083.9501953125
2023-01-18 00:00:00,15181.7998046875,15250.3603515625,15156.8896484375
2023-01-19 00:00:00,14920.3603515625,15134.0703125,14906.26953125
2023-01-20 00:00:00,15033.5595703125,15034.4296875,14940.6796875
2023-01-23 00:00:00,15102.9501953125,15145.900390625,15022.830078125
2023-01-24 00:00:00,15093.1103515625,15147.4501953125,15022.5498046875
2023-01-25 00:00:00,15081.6396484375,15114.41015625,14969.650390625
2023-01-26 00:00:00,15132.849609375,15151.5400390625,15068.7197265625
2023-01-27 00:00:00,15150.0302734375,15186.490234375,15077.6201171875
2023-01-30 00:00:00,15126.080078125,15161.0703125,14988.98046875
2023-01-31 00:00:00,15128.26953125,15136.2197265625,14993.58984375
2023-02-01 00:00:00,15180.740234375,15222.33984375,15107.830078125
2023-02-02 00:00:00,15509.1904296875,15520.9697265625,15264.3095703125
2023-02-03 00:00:00,15476.4296875,15476.669921875,15347.8603515625
2023-02-06 00:00:00,15345.91015625,15406.9296875,15275.5703125
2023-02-07 00:00:00,15320.8798828125,15363.41015625,15273.599609375
2023-02-08 00:00:00,15412.0498046875,15486.1298828125,15371.9296875
2023-02-09 00:00:00,15523.419921875,15658.5595703125,15519.6298828125
2023-02-10 00:00:00,15307.98046875,15487.98046875,15246.3896484375
2023-02-13 00:00:00,15397.33984375,15409.26953125,15305.9404296875
2023-02-14 00:00:00,15380.5595703125,15526.2802734375,15366.3701171875
2023-02-15 00:00:00,15506.33984375,15520.3896484375,15388.849609375
2023-02-16 00:00:00,15533.6396484375,15634.0400390625,15417.169921875
2023-02-17 00:00:00,15482.0,15514.7197265625,15300.419921875
2023-02-20 00:00:00,15477.5498046875,15532.4404296875,15436.7900390625
2023-02-21 00:00:00,15397.6201171875,15470.51953125,15286.7099609375
2023-02-22 00:00:00,15399.8896484375,15408.580078125,15247.5
2023-02-23 00:00:00,15475.6904296875,15552.76953125,15433.9697265625
2023-02-24 00:00:00,15209.740234375,15530.4599609375,15162.48046875
2023-02-27 00:00:00,15381.4296875,15481.0595703125,15351.6298828125
2023-02-28 00:00:00,15365.1396484375,15443.169921875,15289.4296875
2023-03-01 00:00:00,15305.01953125,15478.83984375,15254.1103515625
2023-03-02 00:00:00,15327.6396484375,15329.2900390625,15150.669921875
2023-03-03 00:00:00,15578.3896484375,15590.4404296875,15409.990234375
2023-03-06 00:00:00,15653.580078125,15677.9296875,15587.7802734375
2023-03-07 00:00:00,15559.5302734375,15706.3701171875,15544.0703125
2023-03-08 00:00:00,15631.8701171875,15667.2099609375,15524.849609375
2023-03-09 00:00:00,15633.2099609375,15667.0498046875,15535.1298828125
2023-03-10 00:00:00,15427.9697265625,15495.8701171875,15316.3798828125
2023-03-13 00:00:00,14959.4697265625,15435.8095703125,14887.4404296875
2023-03-14 00:00:00,15232.830078125,15272.1103515625,14951.7099609375
2023-03-15 00:00:00,14735.259765625,15246.169921875,14702.91015625
2023-03-16 00:00:00,14967.099609375,15018.3095703125,14664.169921875
2023-03-17 00:00:00,14768.2001953125,15153.1103515625,14694.259765625
2023-03-20 00:00:00,14933.3798828125,14980.4296875,14458.3896484375
2023-03-21 00:00:00,15195.33984375,15253.099609375,15055.9296875
2023-03-22 00:00:00,15216.1904296875,15298.490234375,15166.9501953125
2023-03-23 00:00:00,15210.3896484375,15244.3203125,15078.7197265625
2023-03-24 00:00:00,14957.23046875,15135.650390625,14809.8203125
2023-03-27 00:00:00,15127.6796875,15185.349609375,15020.0703125
2023-03-28 00:00:00,15142.01953125,15261.490234375,15103.759765625
2023-03-29 00:00:00,15328.7802734375,15342.26953125,15186.75
2023-03-30 00:00:00,15522.400390625,15536.419921875,15424.6904296875
2023-03-31 00:00:00,15628.83984375,15659.0595703125,15499.83984375
2023-04-03 00:00:00,15580.919921875,15659.349609375,15553.900390625
2023-04-04 00:00:00,15603.4697265625,15736.5595703125,15601.400390625
2023-04-05 00:00:00,15520.169921875,15627.2900390625,15482.8798828125
2023-04-06 00:00:00,15597.8896484375,15601.490234375,15509.08984375
2023-04-11 00:00:00,15655.169921875,15726.01953125,15625.7900390625
2023-04-12 00:00:00,15703.599609375,15827.2802734375,15668.2001953125
2023-04-13 00:00:00,15729.4599609375,15754.990234375,15675.150390625
2023-04-14 00:00:00,15807.5,15841.4697265625,15760.3203125
2023-04-17 00:00:00,15789.5302734375,15903.25,15764.3798828125
2023-04-18 00:00:00,15882.669921875,15916.2802734375,15802.75
2023-04-19 00:00:00,15895.2001953125,15908.4697265625,15829.5498046875
2023-04-20 00:00:00,15795.9697265625,15883.3095703125,15734.25
2023-04-21 00:00:00,15881.66015625,15899.6201171875,15706.830078125
2023-04-24 00:00:00,15863.9501953125,15919.1103515625,15831.099609375
2023-04-25 00:00:00,15872.1298828125,15891.73046875,15794.8095703125
2023-04-26 00:00:00,15795.73046875,15826.01953125,15694.3603515625
2023-04-27 00:00:00,15800.4501953125,15859.25,15706.6904296875
2023-04-28 00:00:00,15922.3798828125,15922.3798828125,15688.169921875
2023-05-02 00:00:00,15726.9404296875,16011.5595703125,15707.5498046875
2023-05-03 00:00:00,15815.0595703125,15868.8798828125,15745.98046875
2023-05-04 00:00:00,15734.240234375,15796.7099609375,15662.3203125
2023-05-05 00:00:00,15961.01953125,15961.5400390625,15755.9697265625
2023-05-08 00:00:00,15952.830078125,15996.16015625,15933.6904296875
2023-05-09 00:00:00,15955.48046875,15962.6201171875,15879.5595703125
2023-05-10 00:00:00,15896.23046875,15984.8203125,15848.6904296875
2023-05-11 00:00:00,15834.91015625,15970.5400390625,15754.759765625
2023-05-12 00:00:00,15913.8203125,15938.009765625,15852.099609375
2023-05-15 00:00:00,15917.240234375,15982.099609375,15874.240234375
2023-05-16 00:00:00,15897.9296875,15968.41015625,15862.3701171875
2023-05-17 00:00:00,15951.2998046875,15992.76953125,15862.150390625
2023-05-18 00:00:00,16163.3603515625,16230.4404296875,16069.419921875
2023-05-19 00:00:00,16275.3798828125,16331.9404296875,16203.599609375
2023-05-22 00:00:00,16223.990234375,16267.9296875,16196.3603515625
2023-05-23 00:00:00,16152.8603515625,16224.3203125,16143.98046875
2023-05-24 00:00:00,15842.1298828125,16013.2900390625,15802.8603515625
2023-05-25 00:00:00,15793.7998046875,15872.599609375,15726.5
2023-05-26 00:00:00,15983.9697265625,16008.58984375,15726.740234375
2023-05-29 00:00:00,15952.73046875,16079.73046875,15925.2197265625
2023-05-30 00:00:00,15908.91015625,16058.4296875,15889.4599609375
2023-05-31 00:00:00,15664.01953125,15871.7001953125,15629.1201171875
2023-06-01 00:00:00,15853.66015625,15863.41015625,15734.8603515625
2023-06-02 00:00:00,16051.23046875,16071.3203125,15922.6103515625
2023-06-05 00:00:00,15963.8896484375,16114.83984375,15928.4404296875
2023-06-06 00:00:00,15992.4404296875,16009.2802734375,15925.5595703125
2023-06-07 00:00:00,15960.5595703125,16020.2802734375,15909.849609375
2023-06-08 00:00:00,15989.9599609375,16019.0,15913.9501953125
2023-06-09 00:00:00,15949.83984375,15998.900390625,15924.509765625
2023-06-12 00:00:00,16097.8701171875,16126.2998046875,16021.5498046875
2023-06-13 00:00:00,16230.6796875,16232.7001953125,16088.4697265625
2023-06-14 00:00:00,16310.7900390625,16336.26953125,16217.4501953125
2023-06-15 00:00:00,16290.1201171875,16301.73046875,16165.66015625
2023-06-16 00:00:00,16357.6298828125,16427.419921875,16276.7900390625
2023-06-19 00:00:00,16201.2001953125,16302.2900390625,16189.5703125
2023-06-20 00:00:00,16111.3203125,16184.2998046875,16069.099609375
2023-06-21 00:00:00,16023.1298828125,16145.2900390625,16002.26953125
2023-06-22 00:00:00,15988.16015625,15988.2099609375,15810.48046875
2023-06-23 00:00:00,15829.9404296875,15917.1396484375,15733.1201171875
2023-06-26 00:00:00,15813.0595703125,15874.900390625,15713.7001953125
2023-06-27 00:00:00,15846.8603515625,15895.7001953125,15758.1298828125
2023-06-28 00:00:00,15949.0,15994.3095703125,15906.8798828125
2023-06-29 00:00:00,15946.7197265625,15998.669921875,15920.0400390625
2023-06-30 00:00:00,16147.900390625,16176.5498046875,15978.900390625
2023-07-03 00:00:00,16081.0400390625,16209.2900390625,16070.490234375
2023-07-04 00:00:00,16039.169921875,16103.9501953125,16023.7197265625
2023-07-05 00:00:00,15937.580078125,15982.9599609375,15901.3896484375
2023-07-06 00:00:00,15528.5400390625,15846.25,15495.83984375
2023-07-07 00:00:00,15603.400390625,15661.41015625,15456.16015625
2023-07-10 00:00:00,15673.16015625,15722.0302734375,15545.330078125
2023-07-11 00:00:00,15790.33984375,15807.66015625,15659.099609375
2023-07-12 00:00:00,16023.0,16044.2802734375,15806.2802734375
2023-07-13 00:00:00,16141.0302734375,16185.1103515625,16000.3798828125
2023-07-14 00:00:00,16105.0703125,16149.1201171875,16071.740234375
2023-07-17 00:00:00,16068.650390625,16102.509765625,15995.4501953125
2023-07-18 00:00:00,16125.490234375,16140.2001953125,16031.0703125
2023-07-19 00:00:00,16108.9296875,16240.7900390625,16075.169921875
2023-07-20 00:00:00,16204.2197265625,16211.4296875,16050.98046875
2023-07-21 00:00:00,16177.2197265625,16181.33984375,16103.48046875
2023-07-24 00:00:00,16190.9501953125,16208.759765625,16121.26953125
2023-07-25 00:00:00,16211.58984375,16225.8896484375,16135.599609375
2023-07-26 00:00:00,16131.4599609375,16212.91015625,16000.0400390625
2023-07-27 00:00:00,16406.029296875,16408.80078125,16131.6396484375
2023-07-28 00:00:00,16469.75,16490.130859375,16336.419921875
2023-07-31 00:00:00,16446.830078125,16528.970703125,16427.470703125
2023-08-01 00:00:00,16240.400390625,16430.66015625,16240.400390625
2023-08-02 00:00:00,16020.01953125,16140.759765625,15955.3095703125
2023-08-03 00:00:00,15893.3798828125,15920.3203125,15807.849609375
2023-08-04 00:00:00,15951.8603515625,15973.9599609375,15784.51953125
2023-08-07 00:00:00,15950.759765625,15962.6103515625,15824.7802734375
2023-08-08 00:00:00,15774.9296875,15946.5703125,15706.3095703125
2023-08-09 00:00:00,15852.580078125,15983.7802734375,15831.080078125
2023-08-10 00:00:00,15996.51953125,16060.26953125,15880.41015625
2023-08-11 00:00:00,15832.169921875,15962.4501953125,15803.080078125
2023-08-14 00:00:00,15904.25,15937.7802734375,15817.58984375
2023-08-15 00:00:00,15767.2802734375,15923.1298828125,15703.0302734375
2023-08-16 00:00:00,15789.4501953125,15814.66015625,15725.099609375
2023-08-17 00:00:00,15676.900390625,15793.5302734375,15664.2998046875
2023-08-18 00:00:00,15574.259765625,15612.8798828125,15468.650390625
2023-08-21 00:00:00,15603.2802734375,15710.2099609375,15571.8203125
2023-08-22 00:00:00,15705.6201171875,15799.33984375,15677.4404296875
2023-08-23 00:00:00,15728.41015625,15820.9501953125,15672.4296875
2023-08-24 00:00:00,15621.490234375,15896.740234375,15618.6904296875
2023-08-25 00:00:00,15631.8203125,15739.7802734375,15578.9697265625
2023-08-28 00:00:00,15792.6103515625,15804.9501953125,15673.8896484375
2023-08-29 00:00:00,15930.8798828125,15942.1201171875,15805.419921875
2023-08-30 00:00:00,15891.9296875,15960.400390625,15823.330078125
2023-08-31 00:00:00,15947.080078125,16042.66015625,15914.4296875
2023-09-01 00:00:00,15840.33984375,15984.58984375,15840.25
2023-09-04 00:00:00,15824.849609375,15958.740234375,15795.9697265625
2023-09-05 00:00:00,15771.7099609375,15838.4404296875,15691.490234375
2023-09-06 00:00:00,15741.3701171875,15781.8896484375,15676.509765625
2023-09-07 00:00:00,15718.66015625,15794.7197265625,15661.3798828125
2023-09-08 00:00:00,15740.2998046875,15783.3798828125,15577.0400390625
2023-09-11 00:00:00,15800.990234375,15867.5703125,15771.0703125
2023-09-12 00:00:00,15715.5302734375,15808.3798828125,15686.33984375
2023-09-13 00:00:00,15654.0302734375,15726.599609375,15564.6396484375
2023-09-14 00:00:00,15805.2900390625,15824.0595703125,15588.1201171875
2023-09-15 00:00:00,15893.5302734375,15989.2998046875,15871.169921875
2023-09-18 00:00:00,15727.1201171875,15870.6201171875,15693.8701171875
2023-09-19 00:00:00,15664.48046875,15743.900390625,15630.9404296875
2023-09-20 00:00:00,15781.58984375,15810.3603515625,15699.33984375
2023-09-21 00:00:00,15571.8603515625,15696.66015625,15548.6904296875
2023-09-22 00:00:00,15557.2900390625,15592.26953125,15471.75
2023-09-25 00:00:00,15405.490234375,15572.1396484375,15329.400390625
2023-09-26 00:00:00,15255.8701171875,15360.4296875,15229.349609375
2023-09-27 00:00:00,15217.4501953125,15299.6796875,15194.6796875
2023-09-28 00:00:00,15323.5,15323.73046875,15138.66015625
2023-09-29 00:00:00,15386.580078125,15515.990234375,15382.5595703125
2023-10-02 00:00:00,15247.2099609375,15476.3798828125,15192.009765625
2023-10-03 00:00:00,15085.2099609375,15257.8603515625,15074.849609375
2023-10-04 00:00:00,15099.919921875,15174.6298828125,14948.080078125
2023-10-05 00:00:00,15070.2197265625,15157.7001953125,15048.419921875
2023-10-06 00:00:00,15229.76953125,15230.8896484375,15033.5498046875
2023-10-09 00:00:00,15128.1103515625,15201.0595703125,15077.66015625
2023-10-10 00:00:00,15423.51953125,15443.4501953125,15272.5703125
2023-10-11 00:00:00,15460.009765625,15486.1103515625,15361.740234375
2023-10-12 00:00:00,15425.0302734375,15575.2802734375,15413.2001953125
2023-10-13 00:00:00,15186.66015625,15409.8896484375,15178.0703125
2023-10-16 00:00:00,15237.990234375,15271.509765625,15103.1201171875
2023-10-17 00:00:00,15251.6904296875,15288.3203125,15117.240234375
2023-10-18 00:00:00,15094.91015625,15271.150390625,15081.6904296875
2023-10-19 00:00:00,15045.23046875,15104.3701171875,14984.58984375
2023-10-20 00:00:00,14798.4697265625,14936.490234375,14798.4697265625
2023-10-23 00:00:00,14800.7197265625,14838.009765625,14630.2099609375
2023-10-24 00:00:00,14879.9404296875,14916.599609375,14750.3203125
2023-10-25 00:00:00,14892.1796875,14933.6904296875,14789.6298828125
2023-10-26 00:00:00,14731.0498046875,14795.41015625,14655.080078125
2023-10-27 00:00:00,14687.41015625,14824.2900390625,14667.3701171875
2023-10-30 00:00:00,14716.5400390625,14798.0,14678.73046875
2023-10-31 00:00:00,14810.33984375,14829.6201171875,14722.3798828125
2023-11-01 00:00:00,14923.26953125,14949.580078125,14786.3203125
2023-11-02 00:00:00,15143.599609375,15202.4296875,15028.0302734375
2023-11-03 00:00:00,15189.25,15269.5,15149.7197265625
2023-11-06 00:00:00,15135.9697265625,15223.41015625,15110.83984375
2023-11-07 00:00:00,15152.6396484375,15194.5302734375,15068.25
2023-11-08 00:00:00,15229.599609375,15287.73046875,15086.41015625
2023-11-09 00:00:00,15352.5400390625,15364.490234375,15212.990234375
2023-11-10 00:00:00,15234.3896484375,15309.51953125,15171.580078125
2023-11-13 00:00:00,15345.0,15346.7900390625,15252.26953125
2023-11-14 00:00:00,15614.4296875,15632.4404296875,15337.599609375
2023-11-15 00:00:00,15748.169921875,15759.83984375,15628.1904296875
2023-11-16 00:00:00,15786.6103515625,15862.08984375,15783.509765625
2023-11-17 00:00:00,15919.16015625,15952.4501953125,15826.669921875
2023-11-20 00:00:00,15901.330078125,15929.9296875,15854.8203125
2023-11-21 00:00:00,15900.5302734375,15948.0703125,15891.3095703125
2023-11-22 00:00:00,15957.8203125,15998.41015625,15931.740234375
2023-11-23 00:00:00,15994.73046875,16005.4501953125,15958.0595703125
2023-11-24 00:00:00,16029.490234375,16041.169921875,15972.669921875
2023-11-27 00:00:00,15966.3701171875,16039.419921875,15957.9599609375
2023-11-28 00:00:00,15992.669921875,15993.419921875,15915.400390625
2023-11-29 00:00:00,16166.4501953125,16208.9697265625,16010.48046875
2023-11-30 00:00:00,16215.4296875,16262.9599609375,16169.1103515625
2023-12-01 00:00:00,16397.51953125,16399.060546875,16279.4501953125
2023-12-04 00:00:00,16404.759765625,16455.6796875,16386.80078125
2023-12-05 00:00:00,16533.109375,16551.33984375,16394.01953125
2023-12-06 00:00:00,16656.439453125,16727.0703125,16536.119140625
2023-12-07 00:00:00,16628.990234375,16655.30078125,16595.109375
2023-12-08 00:00:00,16759.220703125,16782.720703125,16630.1796875
2023-12-11 00:00:00,16794.4296875,16817.810546875,16734.26953125
2023-12-12 00:00:00,16791.740234375,16837.1796875,16753.810546875
2023-12-13 00:00:00,16766.05078125,16836.44921875,16760.119140625
2023-12-14 00:00:00,16752.23046875,17003.279296875,16670.349609375
2023-12-15 00:00:00,16751.439453125,16890.109375,16713.69921875
2023-12-18 00:00:00,16650.55078125,16744.26953125,16624.650390625
2023-12-19 00:00:00,16744.41015625,16750.509765625,16656.640625
2023-12-20 00:00:00,16733.05078125,16789.9609375,16694.560546875
2023-12-21 00:00:00,16687.419921875,16708.349609375,16624.16015625
2023-12-22 00:00:00,16706.1796875,16735.3203125,16651.779296875
2023-12-27 00:00:00,16742.0703125,16775.7109375,16697.580078125
2023-12-28 00:00:00,16701.55078125,16783.7890625,16688.51953125
2023-12-29 00:00:00,16751.640625,16758.529296875,16726.970703125
2024-01-02 00:00:00,16769.359375,16963.470703125,16648.80078125
2024-01-03 00:00:00,16538.390625,16784.0703125,16479.919921875
2024-01-04 00:00:00,16617.2890625,16626.83984375,16501.400390625
2024-01-05 00:00:00,16594.2109375,16645.890625,16448.7109375
2024-01-08 00:00:00,16716.470703125,16716.470703125,16517.490234375
2024-01-09 00:00:00,16688.359375,16743.26953125,16611.529296875
2024-01-10 00:00:00,16689.810546875,16753.689453125,16654.990234375
2024-01-11 00:00:00,16547.029296875,16839.490234375,16541.380859375
2024-01-12 00:00:00,16704.560546875,16752.240234375,16608.0
2024-01-15 00:00:00,16622.220703125,16736.16015625,16609.220703125
2024-01-16 00:00:00,16571.6796875,16581.9296875,16476.08984375
2024-01-17 00:00:00,16431.689453125,16435.6796875,16345.01953125
2024-01-18 00:00:00,16567.349609375,16579.119140625,16421.19921875
2024-01-19 00:00:00,16555.130859375,16647.849609375,16513.4609375
2024-01-22 00:00:00,16683.359375,16705.490234375,16607.720703125
2024-01-23 00:00:00,16627.08984375,16753.08984375,16626.58984375
2024-01-24 00:00:00,16889.919921875,16921.41015625,16760.919921875
2024-01-25 00:00:00,16906.919921875,16916.599609375,16785.689453125
2024-01-26 00:00:00,16961.390625,16967.720703125,16849.310546875
2024-01-29 00:00:00,16941.7109375,16941.7109375,16860.05078125
2024-01-30 00:00:00,16972.33984375,16999.580078125,16946.560546875
2024-01-31 00:00:00,16903.759765625,16991.83984375,16884.869140625
2024-02-01 00:00:00,16859.0390625,16915.919921875,16821.599609375
2024-02-02 00:00:00,16918.2109375,17004.55078125,16894.669921875
2024-02-05 00:00:00,16904.060546875,16972.619140625,16859.0
2024-02-06 00:00:00,17033.240234375,17049.51953125,16871.3203125
2024-02-07 00:00:00,16921.9609375,17021.55078125,16907.150390625
2024-02-08 00:00:00,16963.830078125,17029.5390625,16889.130859375
2024-02-09 00:00:00,16926.5,16993.119140625,16876.359375
2024-02-12 00:00:00,17037.349609375,17042.740234375,16958.80078125
2024-02-13 00:00:00,16880.830078125,16991.609375,16831.529296875
2024-02-14 00:00:00,16945.48046875,16957.779296875,16857.33984375
2024-02-15 00:00:00,17046.689453125,17089.119140625,17003.8203125
2024-02-16 00:00:00,17117.439453125,17198.44921875,17060.380859375
2024-02-19 00:00:00,17092.259765625,17098.609375,17049.220703125
2024-02-20 00:00:00,17068.4296875,17084.869140625,17019.150390625
2024-02-21 00:00:00,17118.119140625,17157.94921875,17063.25
2024-02-22 00:00:00,17370.44921875,17429.66015625,17279.73046875
2024-02-23 00:00:00,17419.330078125,17443.740234375,17354.759765625
2024-02-26 00:00:00,17423.23046875,17460.529296875,17396.400390625
2024-02-27 00:00:00,17556.490234375,17563.41015625,17428.169921875
2024-02-28 00:00:00,17601.220703125,17605.609375,17552.98046875
2024-02-29 00:00:00,17678.189453125,17742.48046875,17620.109375
2024-03-01 00:00:00,17735.0703125,17816.51953125,17690.890625
2024-03-04 00:00:00,17716.169921875,17756.390625,17684.73046875
2024-03-05 00:00:00,17698.400390625,17746.5703125,17643.109375
2024-03-06 00:00:00,17716.7109375,17745.16015625,17682.509765625
2024-03-07 00:00:00,17842.849609375,17879.109375,17619.400390625
2024-03-08 00:00:00,17814.509765625,17860.509765625,17795.130859375
2024-03-11 00:00:00,17746.26953125,17750.720703125,17662.55078125
2024-03-12 00:00:00,17965.109375,17973.220703125,17746.890625
2024-03-13 00:00:00,17961.380859375,18001.419921875,17939.560546875
2024-03-14 00:00:00,17942.0390625,18039.05078125,17899.9296875
2024-03-15 00:00:00,17936.650390625,18038.109375,17926.720703125
2024-03-18 00:00:00,17932.6796875,18015.490234375,17902.919921875
2024-03-19 00:00:00,17987.490234375,17998.0390625,17914.1796875
2024-03-20 00:00:00,18015.130859375,18044.490234375,17955.689453125
2024-03-21 00:00:00,18179.25,18179.810546875,18019.859375
2024-03-22 00:00:00,18205.939453125,18225.970703125,18140.990234375
2024-03-25 00:00:00,18261.310546875,18285.580078125,18176.849609375
2024-03-26 00:00:00,18384.349609375,18411.98046875,18256.810546875
2024-03-27 00:00:00,18477.08984375,18511.169921875,18385.169921875
2024-03-28 00:00:00,18492.490234375,18513.830078125,18468.869140625
2024-04-02 00:00:00,18283.130859375,18567.16015625,18275.939453125
2024-04-03 00:00:00,18367.720703125,18376.080078125,18281.8203125
2024-04-04 00:00:00,18403.130859375,18427.4296875,18340.240234375
2024-04-05 00:00:00,18175.0390625,18401.830078125,18088.029296875
2024-04-08 00:00:00,18318.970703125,18326.369140625,18163.390625
2024-04-09 00:00:00,18076.689453125,18318.509765625,18058.220703125
2024-04-10 00:00:00,18097.30078125,18239.5,17975.83984375
2024-04-11 00:00:00,17954.48046875,18101.310546875,17864.689453125
2024-04-12 00:00:00,17930.3203125,18162.560546875,17860.73046875
2024-04-15 00:00:00,18026.580078125,18191.94921875,17937.619140625
2024-04-16 00:00:00,17766.23046875,18022.689453125,17713.5
2024-04-17 00:00:00,17770.01953125,17907.580078125,17731.7890625
2024-04-18 00:00:00,17837.400390625,17863.3203125,17716.919921875
2024-04-19 00:00:00,17737.359375,17834.869140625,17626.900390625
2024-04-22 00:00:00,17860.80078125,17889.470703125,17738.0390625
2024-04-23 00:00:00,18137.650390625,18144.66015625,17861.19921875
2024-04-24 00:00:00,18088.69921875,18226.3203125,18060.259765625
2024-04-25 00:00:00,17917.279296875,18100.75,17795.9609375
2024-04-26 00:00:00,18161.009765625,18199.7109375,17920.73046875
2024-04-29 00:00:00,18118.3203125,18235.80078125,18103.4296875
2024-04-30 00:00:00,17932.169921875,18153.689453125,17920.720703125
2024-05-02 00:00:00,17896.5,17981.0390625,17875.98046875
2024-05-03 00:00:00,18001.599609375,18105.8203125,17900.01953125
2024-05-06 00:00:00,18175.2109375,18199.150390625,18001.130859375
2024-05-07 00:00:00,18430.05078125,18442.400390625,18175.2109375
2024-05-08 00:00:00,18498.380859375,18542.099609375,18427.259765625
2024-05-09 00:00:00,18686.599609375,18699.2890625,18488.0390625
2024-05-10 00:00:00,18772.849609375,18845.859375,18686.849609375
2024-05-13 00:00:00,18742.220703125,18799.76953125,18706.080078125
2024-05-14 00:00:00,18716.419921875,18748.759765625,18629.029296875
2024-05-15 00:00:00,18869.359375,18892.919921875,18719.810546875
2024-05-16 00:00:00,18738.810546875,18890.779296875,18716.330078125
2024-05-17 00:00:00,18704.419921875,18724.01953125,18627.91015625
2024-05-20 00:00:00,18768.9609375,18804.0,18710.130859375
2024-05-21 00:00:00,18726.759765625,18768.640625,18638.140625
2024-05-22 00:00:00,18680.19921875,18731.650390625,18642.19921875
2024-05-23 00:00:00,18691.3203125,18766.6796875,18639.169921875
2024-05-24 00:00:00,18693.369140625,18706.650390625,18515.83984375
2024-05-27 00:00:00,18774.7109375,18775.130859375,18680.810546875
2024-05-28 00:00:00,18677.869140625,18855.05078125,18635.0390625
2024-05-29 00:00:00,18473.2890625,18677.69921875,18438.009765625
2024-05-30 00:00:00,18496.7890625,18531.849609375,18394.4296875
2024-05-31 00:00:00,18497.939453125,18542.26953125,18426.720703125
2024-06-03 00:00:00,18608.16015625,18697.08984375,18503.7890625
2024-06-04 00:00:00,18405.640625,18608.30078125,18365.529296875
2024-06-05 00:00:00,18575.939453125,18624.359375,18406.060546875
2024-06-06 00:00:00,18652.669921875,18784.650390625,18576.580078125
2024-06-07 00:00:00,18557.26953125,18649.080078125,18424.599609375
2024-06-10 00:00:00,18494.890625,18550.330078125,18359.419921875
2024-06-11 00:00:00,18369.939453125,18543.0390625,18281.560546875
2024-06-12 00:00:00,18630.859375,18651.69921875,18368.51953125
2024-06-13 00:00:00,18265.6796875,18632.009765625,18253.419921875
2024-06-14 00:00:00,18002.01953125,18304.7890625,17951.169921875
2024-06-17 00:00:00,18068.2109375,18149.330078125,17969.5390625
2024-06-18 00:00:00,18131.970703125,18214.19921875,18073.240234375
2024-06-19 00:00:00,18067.91015625,18148.009765625,18055.630859375
2024-06-20 00:00:00,18254.1796875,18254.1796875,18068.580078125
2024-06-21 00:00:00,18163.51953125,18257.939453125,18090.0390625
2024-06-24 00:00:00,18325.580078125,18354.7109375,18165.5390625
2024-06-25 00:00:00,18177.619140625,18307.609375,18075.75
2024-06-26 00:00:00,18155.240234375,18363.390625,18045.5390625
2024-06-27 00:00:00,18210.55078125,18265.51953125,18141.279296875
2024-06-28 00:00:00,18235.44921875,18352.650390625,18198.099609375
2024-07-01 00:00:00,18290.66015625,18460.720703125,18236.26953125
2024-07-02 00:00:00,18164.060546875,18286.859375,18030.490234375
2024-07-03 00:00:00,18374.529296875,18395.599609375,18181.7109375
2024-07-04 00:00:00,18450.48046875,18468.16015625,18375.6796875
2024-07-05 00:00:00,18475.44921875,18650.359375,18420.5703125
2024-07-08 00:00:00,18472.05078125,18631.609375,18444.060546875
2024-07-09 00:00:00,18236.189453125,18473.0,18213.98046875
2024-07-10 00:00:00,18407.220703125,18420.130859375,18236.75
2024-07-11 00:00:00,18534.560546875,18578.44921875,18409.650390625
2024-07-12 00:00:00,18748.1796875,18779.400390625,18528.390625
2024-07-15 00:00:00,18590.890625,18743.6796875,18581.01953125
2024-07-16 00:00:00,18518.029296875,18586.419921875,18448.26953125
2024-07-17 00:00:00,18437.30078125,18532.66015625,18347.240234375
2024-07-18 00:00:00,18354.759765625,18536.259765625,18352.330078125
2024-07-19 00:00:00,18171.9296875,18341.8203125,18162.30078125
2024-07-22 00:00:00,18407.0703125,18468.599609375,18231.41015625
2024-07-23 00:00:00,18557.69921875,18647.099609375,18464.220703125
2024-07-24 00:00:00,18387.4609375,18456.390625,18348.990234375
2024-07-25 00:00:00,18298.720703125,18326.1796875,18096.689453125
2024-07-26 00:00:00,18417.55078125,18428.880859375,18218.5390625
2024-07-29 00:00:00,18320.669921875,18546.3203125,18309.26953125
2024-07-30 00:00:00,18411.1796875,18469.080078125,18341.419921875
2024-07-31 00:00:00,18508.650390625,18564.390625,18434.8203125
2024-08-01 00:00:00,18083.05078125,18440.919921875,18069.619140625
2024-08-02 00:00:00,17661.220703125,17918.01953125,17623.970703125
2024-08-05 00:00:00,17339.0,17525.58984375,17024.8203125
2024-08-06 00:00:00,17354.3203125,17505.23046875,17233.0703125
2024-08-07 00:00:00,17615.150390625,17666.8203125,17386.880859375
2024-08-08 00:00:00,17680.400390625,17696.669921875,17439.869140625
2024-08-09 00:00:00,17722.880859375,17788.720703125,17618.419921875
2024-08-12 00:00:00,17726.470703125,17829.099609375,17677.7890625
2024-08-13 00:00:00,17812.05078125,17817.0703125,17669.640625
2024-08-14 00:00:00,17885.599609375,17921.990234375,17827.080078125
2024-08-15 00:00:00,18183.240234375,18198.08984375,17909.740234375
2024-08-16 00:00:00,18322.400390625,18344.220703125,18226.599609375
2024-08-19 00:00:00,18421.689453125,18454.939453125,18284.859375
2024-08-20 00:00:00,18357.51953125,18495.279296875,18349.98046875
2024-08-21 00:00:00,18448.94921875,18476.630859375,18352.189453125
2024-08-22 00:00:00,18493.390625,18551.390625,18458.609375
2024-08-23 00:00:00,18633.099609375,18670.44921875,18519.2890625
2024-08-26 00:00:00,18617.01953125,18638.970703125,18554.509765625
2024-08-27 00:00:00,18681.810546875,18724.390625,18622.66015625
2024-08-28 00:00:00,18782.2890625,18856.58984375,18731.44921875
2024-08-29 00:00:00,18912.5703125,18936.0390625,18781.16015625
2024-08-30 00:00:00,18906.919921875,18970.7109375,18886.08984375
2024-09-02 00:00:00,18930.849609375,18937.98046875,18778.5390625
2024-09-03 00:00:00,18747.109375,18990.779296875,18728.4609375
2024-09-04 00:00:00,18591.849609375,18654.19921875,18531.98046875
2024-09-05 00:00:00,18576.5,18677.630859375,18536.560546875
2024-09-06 00:00:00,18301.900390625,18607.7890625,18274.98046875
2024-09-09 00:00:00,18443.560546875,18484.279296875,18353.25
2024-09-10 00:00:00,18265.919921875,18490.6796875,18233.859375
2024-09-11 00:00:00,18330.26953125,18434.619140625,18208.83984375
2024-09-12 00:00:00,18518.390625,18595.830078125,18382.259765625
2024-09-13 00:00:00,18699.400390625,18722.189453125,18542.23046875
2024-09-16 00:00:00,18633.109375,18672.23046875,18599.529296875
2024-09-17 00:00:00,18726.080078125,18805.08984375,18671.640625
2024-09-18 00:00:00,18711.490234375,18756.529296875,18695.369140625
2024-09-19 00:00:00,19002.380859375,19044.9609375,18806.16015625
2024-09-20 00:00:00,18720.009765625,18900.439453125,18710.33984375
2024-09-23 00:00:00,18846.7890625,18857.369140625,18684.33984375
2024-09-24 00:00:00,18996.630859375,19029.44921875,18903.48046875
2024-09-25 00:00:00,18918.5,18965.009765625,18840.130859375
2024-09-26 00:00:00,19238.359375,19253.0703125,19088.419921875
2024-09-27 00:00:00,19473.630859375,19491.9296875,19239.859375
2024-09-30 00:00:00,19324.9296875,19449.98046875,19314.33984375
2024-10-01 00:00:00,19213.140625,19448.94921875,19143.7890625
2024-10-02 00:00:00,19164.75,19250.890625,19059.599609375
2024-10-03 00:00:00,19015.41015625,19110.310546875,18964.310546875
2024-10-04 00:00:00,19120.9296875,19171.5390625,18952.439453125
2024-10-07 00:00:00,19104.099609375,19151.970703125,19011.939453125
2024-10-08 00:00:00,19066.470703125,19098.48046875,18911.720703125
2024-10-09 00:00:00,19254.9296875,19259.119140625,19007.849609375
2024-10-10 00:00:00,19210.900390625,19285.16015625,19145.419921875
2024-10-11 00:00:00,19373.830078125,19377.099609375,19175.779296875
2024-10-14 00:00:00,19508.2890625,19518.439453125,19392.640625
2024-10-15 00:00:00,19486.189453125,19633.91015625,19457.490234375
2024-10-16 00:00:00,19432.810546875,19510.259765625,19401.5390625
2024-10-17 00:00:00,19583.390625,19674.6796875,19499.4609375
2024-10-18 00:00:00,19657.369140625,19667.33984375,19540.19921875
2024-10-21 00:00:00,19461.189453125,19645.01953125,19451.720703125
2024-10-22 00:00:00,19421.91015625,19591.490234375,19368.689453125
2024-10-23 00:00:00,19377.619140625,19464.5390625,19330.109375
2024-10-24 00:00:00,19443.0,19555.44921875,19417.73046875
2024-10-25 00:00:00,19463.58984375,19516.240234375,19388.91015625
2024-10-28 00:00:00,19531.619140625,19570.919921875,19399.16015625
2024-10-29 00:00:00,19478.0703125,19643.119140625,19465.0
2024-10-30 00:00:00,19257.33984375,19420.939453125,19201.240234375
2024-10-31 00:00:00,19077.5390625,19184.310546875,19004.970703125
2024-11-01 00:00:00,19254.970703125,19297.640625,19082.099609375
2024-11-04 00:00:00,19147.849609375,19286.0390625,19147.759765625
2024-11-05 00:00:00,19256.26953125,19263.140625,19104.58984375
2024-11-06 00:00:00,19039.310546875,19563.970703125,19007.880859375
2024-11-07 00:00:00,19362.51953125,19437.880859375,19148.7890625
2024-11-08 00:00:00,19215.48046875,19411.599609375,19146.529296875
2024-11-11 00:00:00,19448.599609375,19546.900390625,19382.48046875
2024-11-12 00:00:00,19033.640625,19339.8203125,19019.669921875
2024-11-13 00:00:00,19003.109375,19125.689453125,18838.6796875
2024-11-14 00:00:00,19263.69921875,19307.5703125,19060.439453125
2024-11-15 00:00:00,19210.810546875,19288.890625,19121.140625
2024-11-18 00:00:00,19189.189453125,19279.16015625,19091.900390625
2024-11-19 00:00:00,19060.310546875,19211.80078125,18812.529296875
2024-11-20 00:00:00,19004.779296875,19198.740234375,18962.189453125
2024-11-21 00:00:00,19146.169921875,19152.609375,18900.01953125
2024-11-22 00:00:00,19322.58984375,19338.099609375,19036.41015625
2024-11-25 00:00:00,19405.19921875,19468.30078125,19329.880859375
2024-11-26 00:00:00,19295.98046875,19385.349609375,19239.369140625
2024-11-27 00:00:00,19261.75,19287.0390625,19145.009765625
2024-11-28 00:00:00,19425.73046875,19437.5703125,19346.58984375
2024-11-29 00:00:00,19626.44921875,19640.150390625,19380.2109375
2024-12-02 00:00:00,19933.619140625,19933.619140625,19568.5
2024-12-03 00:00:00,20016.75,20038.009765625,19926.259765625
2024-12-04 00:00:00,20232.140625,20260.609375,20085.310546875
2024-12-05 00:00:00,20358.80078125,20373.4296875,20216.330078125
2024-12-06 00:00:00,20384.609375,20425.859375,20331.240234375
2024-12-09 00:00:00,20345.9609375,20461.849609375,20318.259765625
2024-12-10 00:00:00,20329.16015625,20393.859375,20277.630859375
2024-12-11 00:00:00,20399.16015625,20415.41015625,20292.859375
2024-12-12 00:00:00,20426.26953125,20453.439453125,20388.029296875
2024-12-13 00:00:00,20405.919921875,20522.8203125,20367.119140625
2024-12-16 00:00:00,20313.810546875,20387.880859375,20304.779296875
2024-12-17 00:00:00,20246.369140625,20356.580078125,20241.5
2024-12-18 00:00:00,20242.5703125,20329.669921875,20241.98046875
2024-12-19 00:00:00,19969.859375,20105.099609375,19959.1796875
2024-12-20 00:00:00,19884.75,19924.69921875,19649.869140625
2024-12-23 00:00:00,19848.76953125,19901.3203125,19805.5703125
2024-12-27 00:00:00,19984.3203125,19984.3203125,19801.330078125
2024-12-30 00:00:00,19909.140625,19978.0,19882.669921875
2025-01-02 00:00:00,20024.66015625,20024.7890625,19833.8203125
2025-01-03 00:00:00,19906.080078125,20031.109375,19868.140625
2025-01-06 00:00:00,20216.189453125,20216.189453125,19921.119140625
2025-01-07 00:00:00,20340.5703125,20391.169921875,20152.69921875
2025-01-08 00:00:00,20329.939453125,20480.490234375,20242.560546875
2025-01-09 00:00:00,20317.099609375,20360.380859375,20245.9609375
2025-01-10 00:00:00,20214.7890625,20400.51953125,20187.970703125
2025-01-13 00:00:00,20132.849609375,20176.109375,20025.279296875
2025-01-14 00:00:00,20271.330078125,20362.58984375,20234.259765625
2025-01-15 00:00:00,20574.6796875,20629.76953125,20290.619140625
2025-01-16 00:00:00,20655.390625,20675.080078125,20580.08984375
2025-01-17 00:00:00,20903.390625,20924.5,20716.380859375
2025-01-20 00:00:00,20990.310546875,21054.599609375,20880.5703125
2025-01-21 00:00:00,21042.0,21045.669921875,20922.80078125
2025-01-22 00:00:00,21254.26953125,21330.869140625,21162.310546875
2025-01-23 00:00:00,21411.529296875,21423.01953125,21254.080078125
2025-01-24 00:00:00,21394.9296875,21520.5,21353.009765625
2025-01-27 00:00:00,21282.1796875,21344.98046875,21081.609375
2025-01-28 00:00:00,21430.580078125,21475.900390625,21296.330078125
2025-01-29 00:00:00,21637.529296875,21671.58984375,21475.640625
2025-01-30 00:00:00,21727.19921875,21732.05078125,21650.779296875
2025-01-31 00:00:00,21732.05078125,21800.51953125,21689.2890625
2025-02-03 00:00:00,21428.240234375,21462.7890625,21252.7109375
2025-02-04 00:00:00,21505.69921875,21518.5390625,21298.7109375
2025-02-05 00:00:00,21585.9296875,21585.9296875,21387.720703125
2025-02-06 00:00:00,21902.419921875,21921.01953125,21691.5703125
2025-02-07 00:00:00,21787.0,21945.310546875,21759.970703125
2025-02-10 00:00:00,21911.740234375,21945.5703125,21785.01953125
2025-02-11 00:00:00,22037.830078125,22046.41015625,21884.380859375
2025-02-12 00:00:00,22148.029296875,22193.650390625,21971.630859375
2025-02-13 00:00:00,22612.01953125,22624.5703125,22306.330078125
2025-02-14 00:00:00,22513.419921875,22609.970703125,22467.369140625
2025-02-17 00:00:00,22798.08984375,22804.19921875,22550.73046875
2025-02-18 00:00:00,22844.5,22882.76953125,22715.25
2025-02-19 00:00:00,22433.630859375,22935.060546875,22416.109375
2025-02-20 00:00:00,22314.650390625,22574.58984375,22280.23046875
2025-02-21 00:00:00,22287.560546875,22393.58984375,22226.33984375
2025-02-24 00:00:00,22425.9296875,22515.359375,22235.259765625
2025-02-25 00:00:00,22410.26953125,22576.119140625,22332.150390625
2025-02-26 00:00:00,22794.109375,22833.25,22554.369140625
2025-02-27 00:00:00,22550.890625,22686.41015625,22378.060546875
2025-02-28 00:00:00,22551.4296875,22551.4296875,22329.060546875
2025-03-03 00:00:00,23147.01953125,23307.970703125,22531.599609375
2025-03-04 00:00:00,22326.810546875,22869.919921875,22320.0703125
2025-03-05 00:00:00,23081.029296875,23176.390625,22790.890625
2025-03-06 00:00:00,23419.48046875,23475.880859375,23061.5703125
2025-03-07 00:00:00,23008.939453125,23234.279296875,22860.080078125
2025-03-10 00:00:00,22620.94921875,23164.240234375,22519.2109375
2025-03-11 00:00:00,22328.76953125,22835.099609375,22258.30078125
2025-03-12 00:00:00,22676.41015625,22813.83984375,22461.76953125
2025-03-13 00:00:00,22567.140625,22752.830078125,22417.51953125
2025-03-14 00:00:00,22986.8203125,23049.48046875,22465.119140625
2025-03-17 00:00:00,23154.5703125,23154.5703125,22933.5703125
2025-03-18 00:00:00,23380.69921875,23476.009765625,23240.560546875
2025-03-19 00:00:00,23288.060546875,23372.080078125,23136.5390625
2025-03-20 00:00:00,22999.150390625,23315.490234375,22819.759765625
2025-03-21 00:00:00,22891.6796875,22956.98046875,22723.189453125
2025-03-24 00:00:00,22852.66015625,23137.48046875,22813.109375
2025-03-25 00:00:00,23109.7890625,23182.779296875,22845.51953125
2025-03-26 00:00:00,22839.029296875,23204.58984375,22826.369140625
2025-03-27 00:00:00,22678.740234375,22740.470703125,22469.880859375
2025-03-28 00:00:00,22461.51953125,22614.9609375,22377.91015625
2025-03-31 00:00:00,22163.490234375,22320.01953125,21978.4609375
2025-04-01 00:00:00,22539.98046875,22573.7109375,22297.369140625
2025-04-02 00:00:00,22390.83984375,22485.41015625,22139.26953125
2025-04-03 00:00:00,21717.390625,22147.44921875,21670.9609375
2025-04-04 00:00:00,20641.720703125,21642.169921875,20437.369140625
2025-04-07 00:00:00,19789.619140625,20799.6796875,18489.91015625
2025-04-08 00:00:00,20280.259765625,20468.4296875,19884.48046875
2025-04-09 00:00:00,19670.880859375,20025.380859375,19384.390625
2025-04-10 00:00:00,20562.73046875,21300.310546875,20562.73046875
2025-04-11 00:00:00,20374.099609375,20796.44921875,20114.5390625
2025-04-14 00:00:00,20954.830078125,21048.330078125,20698.91015625
2025-04-15 00:00:00,21253.69921875,21288.119140625,21042.26953125
2025-04-16 00:00:00,21311.01953125,21315.9609375,20956.380859375
2025-04-17 00:00:00,21205.859375,21436.66015625,21142.259765625
2025-04-22 00:00:00,21293.529296875,21296.91015625,21044.609375
2025-04-23 00:00:00,21961.970703125,22043.75,21722.83984375
2025-04-24 00:00:00,22064.509765625,22081.51953125,21731.7890625
2025-04-25 00:00:00,22242.44921875,22318.359375,22078.33984375
2025-04-28 00:00:00,22271.669921875,22443.41015625,22255.330078125
2025-04-29 00:00:00,22425.830078125,22455.6796875,22319.279296875
2025-04-30 00:00:00,22496.98046875,22607.3203125,22235.740234375
2025-05-02 00:00:00,23086.650390625,23086.650390625,22764.509765625
2025-05-05 00:00:00,23344.5390625,23364.240234375,23064.259765625
2025-05-06 00:00:00,23249.650390625,23389.859375,22861.400390625
2025-05-07 00:00:00,23115.9609375,23300.880859375,23100.9296875
2025-05-08 00:00:00,23352.689453125,23408.5,23238.4609375
2025-05-09 00:00:00,23499.3203125,23543.26953125,23428.880859375
2025-05-12 00:00:00,23566.5390625,23911.98046875,23361.720703125
2025-05-13 00:00:00,23638.560546875,23649.880859375,23543.05078125
2025-05-14 00:00:00,23527.009765625,23702.19921875,23444.41015625
2025-05-15 00:00:00,23695.58984375,23696.6796875,23338.890625
2025-05-16 00:00:00,23767.4296875,23887.140625,23664.390625
2025-05-19 00:00:00,23934.98046875,23935.08984375,23676.349609375
2025-05-20 00:00:00,24036.109375,24082.48046875,23898.849609375
2025-05-21 00:00:00,24122.400390625,24152.240234375,23871.470703125
2025-05-22 00:00:00,23999.169921875,24040.2109375,23843.0703125
2025-05-23 00:00:00,23629.580078125,24149.080078125,23274.849609375
2025-05-26 00:00:00,24027.650390625,24050.599609375,23932.0390625
2025-05-27 00:00:00,24226.490234375,24300.970703125,24027.75
2025-05-28 00:00:00,24038.189453125,24325.970703125,24038.189453125
2025-05-29 00:00:00,23933.23046875,24255.009765625,23917.060546875
2025-05-30 00:00:00,23997.48046875,24181.529296875,23958.4296875
2025-06-02 00:00:00,23930.669921875,23993.220703125,23740.08984375
2025-06-03 00:00:00,24091.619140625,24101.55078125,23826.390625
2025-06-04 00:00:00,24276.48046875,24346.150390625,24129.3203125
2025-06-05 00:00:00,24323.580078125,24479.419921875,24220.7109375
2025-06-06 00:00:00,24304.4609375,24355.029296875,24214.529296875
2025-06-09 00:00:00,24174.3203125,24289.509765625,24097.08984375
2025-06-10 00:00:00,23987.560546875,24168.58984375,23964.76953125
2025-06-11 00:00:00,23948.900390625,24151.390625,23948.5703125
2025-06-12 00:00:00,23771.44921875,23885.060546875,23618.849609375
2025-06-13 00:00:00,23516.23046875,23557.7109375,23360.16015625
2025-06-16 00:00:00,23699.119140625,23711.73046875,23505.5390625
2025-06-17 00:00:00,23434.650390625,23550.990234375,23315.0703125
2025-06-18 00:00:00,23317.810546875,23502.94921875,23262.640625
2025-06-19 00:00:00,23057.380859375,23254.859375,23051.55078125
2025-06-20 00:00:00,23350.55078125,23481.970703125,23187.48046875
2025-06-23 00:00:00,23269.009765625,23385.599609375,23080.2890625
2025-06-24 00:00:00,23641.580078125,23812.7890625,23580.2109375
2025-06-25 00:00:00,23498.330078125,23713.240234375,23466.73046875
2025-06-26 00:00:00,23649.30078125,23710.580078125,23521.099609375
2025-06-27 00:00:00,24033.220703125,24040.55078125,23784.619140625
2025-06-30 00:00:00,23909.609375,24120.8203125,23854.310546875
2025-07-01 00:00:00,23673.2890625,23978.30078125,23671.26953125
2025-07-02 00:00:00,23790.109375,23824.5,23620.419921875
2025-07-03 00:00:00,23934.130859375,23944.099609375,23762.419921875
2025-07-04 00:00:00,23787.44921875,23868.9296875,23702.650390625
2025-07-07 00:00:00,24073.669921875,24073.669921875,23836.580078125
2025-07-08 00:00:00,24206.91015625,24244.08984375,24063.419921875
2025-07-09 00:00:00,24549.560546875,24609.150390625,24261.009765625
2025-07-10 00:00:00,24456.810546875,24639.099609375,24450.970703125
2025-07-11 00:00:00,24255.310546875,24369.05078125,24166.630859375
2025-07-14 00:00:00,24160.640625,24168.140625,23975.4609375
2025-07-15 00:00:00,24060.2890625,24266.810546875,24060.2890625
2025-07-16 00:00:00,24009.380859375,24207.810546875,23968.94921875
2025-07-17 00:00:00,24370.9296875,24374.5,24174.759765625
2025-07-18 00:00:00,24289.509765625,24494.880859375,24251.359375
2025-07-21 00:00:00,24307.80078125,24335.259765625,24191.630859375
2025-07-22 00:00:00,24041.900390625,24237.41015625,23921.830078125
2025-07-23 00:00:00,24240.8203125,24310.9609375,24122.189453125
2025-07-24 00:00:00,24295.9296875,24514.9296875,24235.439453125
2025-07-25 00:00:00,24217.5,24252.58984375,24065.189453125
2025-07-28 00:00:00,23970.359375,24444.470703125,23942.119140625
2025-07-29 00:00:00,24217.369140625,24310.0,24051.7109375
2025-07-30 00:00:00,24262.220703125,24302.76953125,24138.2109375
2025-07-31 00:00:00,24065.470703125,24433.400390625,24039.919921875
2025-08-01 00:00:00,23425.970703125,23802.73046875,23380.939453125
2025-08-04 00:00:00,23757.689453125,23783.7890625,23521.609375
2025-08-05 00:00:00,23846.0703125,23979.58984375,23785.080078125
2025-08-06 00:00:00,23924.359375,23996.890625,23806.919921875
2025-08-07 00:00:00,24192.5,24392.0390625,23899.4609375
2025-08-08 00:00:00,24162.859375,24268.8203125,24095.990234375
2025-08-11 00:00:00,24081.33984375,24219.08984375,24030.05078125
2025-08-12 00:00:00,24024.779296875,24156.25,23940.240234375
2025-08-13 00:00:00,24185.58984375,24247.390625,24138.7890625
2025-08-14 00:00:00,24377.5,24409.349609375,24205.369140625
2025-08-15 00:00:00,24359.30078125,24536.109375,24327.599609375
2025-08-18 00:00:00,24314.76953125,24336.740234375,24245.169921875
2025-08-19 00:00:00,24423.0703125,24441.0,24283.55078125
2025-08-20 00:00:00,24276.970703125,24369.869140625,24217.509765625
2025-08-21 00:00:00,24293.33984375,24306.060546875,24179.91015625
2025-08-22 00:00:00,24363.08984375,24444.41015625,24222.5390625
2025-08-25 00:00:00,24273.119140625,24377.380859375,24224.150390625
2025-08-26 00:00:00,24152.869140625,24263.109375,24036.880859375
2025-08-27 00:00:00,24046.2109375,24198.30078125,23977.990234375
2025-08-28 00:00:00,24039.919921875,24206.529296875,23972.5390625
2025-08-29 00:00:00,23902.2109375,24063.55078125,23881.98046875
2025-09-01 00:00:00,24037.330078125,24046.849609375,23969.359375
2025-09-02 00:00:00,23487.330078125,23990.810546875,23482.669921875
2025-09-03 00:00:00,23594.80078125,23705.94921875,23507.109375
2025-09-04 00:00:00,23770.330078125,23800.119140625,23610.44921875
2025-09-05 00:00:00,23596.98046875,23854.6796875,23546.69921875
2025-09-08 00:00:00,23807.130859375,23830.119140625,23655.470703125
2025-09-09 00:00:00,23718.44921875,23859.560546875,23633.94921875
2025-09-10 00:00:00,23632.94921875,23883.580078125,23600.470703125
2025-09-11 00:00:00,23703.650390625,23787.1796875,23563.369140625
2025-09-12 00:00:00,23698.150390625,23793.060546875,23604.359375
2025-09-15 00:00:00,23748.859375,23855.349609375,23664.109375
2025-09-16 00:00:00,23329.240234375,23717.669921875,23317.30078125
2025-09-17 00:00:00,23359.1796875,23476.7109375,23284.669921875
2025-09-18 00:00:00,23674.529296875,23690.470703125,23557.810546875
2025-09-19 00:00:00,23639.41015625,23785.240234375,23599.259765625
2025-09-22 00:00:00,23527.05078125,23589.25,23424.439453125
2025-09-23 00:00:00,23611.330078125,23723.19921875,23564.970703125
2025-09-24 00:00:00,23666.810546875,23736.599609375,23499.98046875
2025-09-25 00:00:00,23534.830078125,23629.369140625,23383.83984375
2025-09-26 00:00:00,23739.470703125,23756.0390625,23579.25
2025-09-29 00:00:00,23745.060546875,23835.609375,23666.810546875
2025-09-30 00:00:00,23880.720703125,23887.73046875,23676.359375
2025-10-01 00:00:00,24113.619140625,24162.23046875,23753.080078125
2025-10-02 00:00:00,24422.560546875,24502.330078125,24247.44921875
2025-10-03 00:00:00,24378.80078125,24524.109375,24343.2109375
2025-10-06 00:00:00,24378.2890625,24482.900390625,24269.939453125
2025-10-07 00:00:00,24385.779296875,24452.9296875,24308.0390625
2025-10-08 00:00:00,24597.130859375,24630.970703125,24360.650390625
2025-10-09 00:00:00,24611.25,24771.33984375,24602.119140625
2025-10-10 00:00:00,24241.4609375,24690.720703125,24241.4609375
2025-10-13 00:00:00,24387.9296875,24448.76953125,24260.76953125
2025-10-14 00:00:00,24236.939453125,24242.849609375,23986.9296875
2025-10-15 00:00:00,24181.369140625,24339.26953125,24179.990234375
2025-10-16 00:00:00,24272.189453125,24283.5703125,24051.849609375
2025-10-17 00:00:00,23830.990234375,23987.75,23684.369140625
2025-10-20 00:00:00,24258.80078125,24296.390625,24026.58984375
2025-10-21 00:00:00,24330.029296875,24384.240234375,24201.2890625
2025-10-22 00:00:00,24151.130859375,24342.1796875,24138.25
2025-10-23 00:00:00,24207.7890625,24222.83984375,24035.2109375
2025-10-24 00:00:00,24239.890625,24275.990234375,24145.259765625
2025-10-27 00:00:00,24308.779296875,24348.58984375,24185.83984375
2025-10-28 00:00:00,24278.630859375,24339.939453125,24188.369140625
2025-10-29 00:00:00,24124.2109375,24322.900390625,24090.580078125
2025-10-30 00:00:00,24118.890625,24215.30078125,24034.75
2025-10-31 00:00:00,23958.30078125,24119.66015625,23922.94921875
2025-11-03 00:00:00,24132.41015625,24248.669921875,23982.279296875
2025-11-04 00:00:00,23949.109375,23974.310546875,23674.650390625
2025-11-05 00:00:00,24049.740234375,24103.529296875,23732.380859375
2025-11-06 00:00:00,23734.01953125,24058.73046875,23721.990234375
2025-11-07 00:00:00,23569.9609375,23837.119140625,23452.890625
2025-11-10 00:00:00,23959.990234375,24022.689453125,23854.490234375
2025-11-11 00:00:00,24088.060546875,24108.4296875,23952.41015625
2025-11-12 00:00:00,24381.4609375,24441.279296875,24234.939453125
2025-11-13 00:00:00,24041.619140625,24416.330078125,24027.919921875
2025-11-14 00:00:00,23876.55078125,23992.119140625,23609.060546875
2025-11-17 00:00:00,23590.51953125,23928.48046875,23529.73046875
2025-11-18 00:00:00,23180.529296875,23358.75,23085.380859375
2025-11-19 00:00:00,23162.919921875,23379.359375,23105.55078125
2025-11-20 00:00:00,23278.849609375,23512.490234375,23277.08984375
2025-11-21 00:00:00,23091.869140625,23256.26953125,22943.060546875
2025-11-24 00:00:00,23239.1796875,23392.220703125,23149.69921875
2025-11-25 00:00:00,23464.630859375,23487.23046875,23139.26953125
2025-11-26 00:00:00,23726.220703125,23727.25,23445.279296875
2025-11-27 00:00:00,23767.9609375,23830.970703125,23708.419921875
2025-11-28 00:00:00,23836.7890625,23883.98046875,23720.560546875
2025-12-01 00:00:00,23589.439453125,23734.19921875,23433.48046875
2025-12-02 00:00:00,23710.859375,23792.05078125,23607.69921875
2025-12-03 00:00:00,23693.7109375,23838.05078125,23646.4296875
2025-12-04 00:00:00,23882.029296875,23930.51953125,23797.7109375
2025-12-05 00:00:00,24028.140625,24130.919921875,23929.259765625
2025-12-08 00:00:00,24046.009765625,24116.990234375,23985.279296875
2025-12-09 00:00:00,24162.650390625,24186.919921875,24092.5
2025-12-10 00:00:00,24130.140625,24168.720703125,24001.4296875
2025-12-11 00:00:00,24294.609375,24364.009765625,24007.98046875
2025-12-15 00:00:00,24229.91015625,24318.30078125,24170.44921875
