Price,Close,High,Low
Ticker,^TYX,^TYX,^TYX
Date,,,
1987-12-30 00:00:00,8.899999618530273,8.899999618530273,8.899999618530273
1987-12-31 00:00:00,8.949999809265137,8.949999809265137,8.949999809265137
1988-01-04 00:00:00,8.949999809265137,8.949999809265137,8.949999809265137
1988-01-05 00:00:00,8.880000114440918,8.880000114440918,8.880000114440918
1988-01-06 00:00:00,8.970000267028809,8.970000267028809,8.970000267028809
1988-01-07 00:00:00,8.970000267028809,8.970000267028809,8.970000267028809
1988-01-08 00:00:00,9.119999885559082,9.119999885559082,9.119999885559082
1988-01-11 00:00:00,9.100000381469727,9.100000381469727,9.100000381469727
1988-01-12 00:00:00,9.100000381469727,9.100000381469727,9.100000381469727
1988-01-13 00:00:00,9.050000190734863,9.050000190734863,9.050000190734863
1988-01-14 00:00:00,9.050000190734863,9.050000190734863,9.050000190734863
1988-01-15 00:00:00,8.760000228881836,8.760000228881836,8.760000228881836
1988-01-19 00:00:00,8.8100004196167,8.8100004196167,8.8100004196167
1988-01-20 00:00:00,8.779999732971191,8.779999732971191,8.779999732971191
1988-01-21 00:00:00,8.699999809265137,8.699999809265137,8.699999809265137
1988-01-22 00:00:00,8.670000076293945,8.670000076293945,8.670000076293945
1988-01-25 00:00:00,8.619999885559082,8.619999885559082,8.619999885559082
1988-01-26 00:00:00,8.710000038146973,8.710000038146973,8.710000038146973
1988-01-27 00:00:00,8.550000190734863,8.550000190734863,8.550000190734863
1988-01-28 00:00:00,8.489999771118164,8.489999771118164,8.489999771118164
1988-01-29 00:00:00,8.420000076293945,8.420000076293945,8.420000076293945
1988-02-01 00:00:00,8.420000076293945,8.420000076293945,8.420000076293945
1988-02-02 00:00:00,8.319999694824219,8.319999694824219,8.319999694824219
1988-02-03 00:00:00,8.390000343322754,8.390000343322754,8.390000343322754
1988-02-04 00:00:00,8.460000038146973,8.460000038146973,8.460000038146973
1988-02-05 00:00:00,8.359999656677246,8.359999656677246,8.359999656677246
1988-02-08 00:00:00,8.40999984741211,8.40999984741211,8.40999984741211
1988-02-09 00:00:00,8.399999618530273,8.399999618530273,8.399999618530273
1988-02-10 00:00:00,8.350000381469727,8.350000381469727,8.350000381469727
1988-02-11 00:00:00,8.399999618530273,8.399999618530273,8.399999618530273
1988-02-12 00:00:00,8.5,8.5,8.5
1988-02-16 00:00:00,8.529999732971191,8.529999732971191,8.529999732971191
1988-02-17 00:00:00,8.539999961853027,8.539999961853027,8.539999961853027
1988-02-18 00:00:00,8.510000228881836,8.510000228881836,8.510000228881836
1988-02-19 00:00:00,8.5,8.5,8.5
1988-02-22 00:00:00,8.479999542236328,8.479999542236328,8.479999542236328
1988-02-23 00:00:00,8.399999618530273,8.399999618530273,8.399999618530273
1988-02-24 00:00:00,8.40999984741211,8.40999984741211,8.40999984741211
1988-02-25 00:00:00,8.449999809265137,8.449999809265137,8.449999809265137
1988-02-26 00:00:00,8.420000076293945,8.420000076293945,8.420000076293945
1988-02-29 00:00:00,8.390000343322754,8.390000343322754,8.390000343322754
1988-03-01 00:00:00,8.399999618530273,8.399999618530273,8.399999618530273
1988-03-02 00:00:00,8.369999885559082,8.369999885559082,8.369999885559082
1988-03-03 00:00:00,8.359999656677246,8.359999656677246,8.359999656677246
1988-03-04 00:00:00,8.520000457763672,8.520000457763672,8.520000457763672
1988-03-07 00:00:00,8.539999961853027,8.539999961853027,8.539999961853027
1988-03-08 00:00:00,8.579999923706055,8.579999923706055,8.579999923706055
1988-03-09 00:00:00,8.579999923706055,8.579999923706055,8.579999923706055
1988-03-10 00:00:00,8.600000381469727,8.600000381469727,8.600000381469727
1988-03-11 00:00:00,8.550000190734863,8.550000190734863,8.550000190734863
1988-03-14 00:00:00,8.550000190734863,8.550000190734863,8.550000190734863
1988-03-15 00:00:00,8.5600004196167,8.5600004196167,8.5600004196167
1988-03-16 00:00:00,8.630000114440918,8.630000114440918,8.630000114440918
1988-03-17 00:00:00,8.569999694824219,8.569999694824219,8.569999694824219
1988-03-18 00:00:00,8.6899995803833,8.6899995803833,8.6899995803833
1988-03-21 00:00:00,8.739999771118164,8.739999771118164,8.739999771118164
1988-03-22 00:00:00,8.729999542236328,8.729999542236328,8.729999542236328
1988-03-23 00:00:00,8.760000228881836,8.760000228881836,8.760000228881836
1988-03-24 00:00:00,8.770000457763672,8.770000457763672,8.770000457763672
1988-03-25 00:00:00,8.720000267028809,8.720000267028809,8.720000267028809
1988-03-28 00:00:00,8.829999923706055,8.829999923706055,8.829999923706055
1988-03-29 00:00:00,8.8100004196167,8.8100004196167,8.8100004196167
1988-03-30 00:00:00,8.829999923706055,8.829999923706055,8.829999923706055
1988-03-31 00:00:00,8.819999694824219,8.819999694824219,8.819999694824219
1988-04-04 00:00:00,8.920000076293945,8.920000076293945,8.920000076293945
1988-04-05 00:00:00,8.899999618530273,8.899999618530273,8.899999618530273
1988-04-06 00:00:00,8.829999923706055,8.829999923706055,8.829999923706055
1988-04-07 00:00:00,8.819999694824219,8.819999694824219,8.819999694824219
1988-04-08 00:00:00,8.739999771118164,8.739999771118164,8.739999771118164
1988-04-11 00:00:00,8.819999694824219,8.819999694824219,8.819999694824219
1988-04-12 00:00:00,8.789999961853027,8.789999961853027,8.789999961853027
1988-04-13 00:00:00,8.770000457763672,8.770000457763672,8.770000457763672
1988-04-14 00:00:00,8.90999984741211,8.90999984741211,8.90999984741211
1988-04-15 00:00:00,8.970000267028809,8.970000267028809,8.970000267028809
1988-04-18 00:00:00,9.029999732971191,9.029999732971191,9.029999732971191
1988-04-19 00:00:00,9.0600004196167,9.0600004196167,9.0600004196167
1988-04-20 00:00:00,9.0600004196167,9.0600004196167,9.0600004196167
1988-04-21 00:00:00,9.0600004196167,9.0600004196167,9.0600004196167
1988-04-22 00:00:00,9.029999732971191,9.029999732971191,9.029999732971191
1988-04-25 00:00:00,9.029999732971191,9.029999732971191,9.029999732971191
1988-04-26 00:00:00,9.039999961853027,9.039999961853027,9.039999961853027
1988-04-27 00:00:00,9.050000190734863,9.050000190734863,9.050000190734863
1988-04-28 00:00:00,9.109999656677246,9.109999656677246,9.109999656677246
1988-04-29 00:00:00,9.109999656677246,9.109999656677246,9.109999656677246
1988-05-02 00:00:00,9.170000076293945,9.170000076293945,9.170000076293945
1988-05-03 00:00:00,9.119999885559082,9.119999885559082,9.119999885559082
1988-05-04 00:00:00,9.130000114440918,9.130000114440918,9.130000114440918
1988-05-05 00:00:00,9.119999885559082,9.119999885559082,9.119999885559082
1988-05-06 00:00:00,9.180000305175781,9.180000305175781,9.180000305175781
1988-05-09 00:00:00,9.180000305175781,9.180000305175781,9.180000305175781
1988-05-10 00:00:00,9.199999809265137,9.199999809265137,9.199999809265137
1988-05-11 00:00:00,9.220000267028809,9.220000267028809,9.220000267028809
1988-05-12 00:00:00,9.170000076293945,9.170000076293945,9.170000076293945
1988-05-13 00:00:00,9.109999656677246,9.109999656677246,9.109999656677246
1988-05-16 00:00:00,9.130000114440918,9.130000114440918,9.130000114440918
1988-05-17 00:00:00,9.220000267028809,9.220000267028809,9.220000267028809
1988-05-18 00:00:00,9.3100004196167,9.3100004196167,9.3100004196167
1988-05-19 00:00:00,9.300000190734863,9.300000190734863,9.300000190734863
1988-05-20 00:00:00,9.350000381469727,9.350000381469727,9.350000381469727
1988-05-23 00:00:00,9.359999656677246,9.359999656677246,9.359999656677246
1988-05-24 00:00:00,9.34000015258789,9.34000015258789,9.34000015258789
1988-05-25 00:00:00,9.3100004196167,9.3100004196167,9.3100004196167
1988-05-26 00:00:00,9.319999694824219,9.319999694824219,9.319999694824219
1988-05-27 00:00:00,9.329999923706055,9.329999923706055,9.329999923706055
1988-05-31 00:00:00,9.300000190734863,9.300000190734863,9.300000190734863
1988-06-01 00:00:00,9.119999885559082,9.119999885559082,9.119999885559082
1988-06-02 00:00:00,9.15999984741211,9.15999984741211,9.15999984741211
1988-06-03 00:00:00,9.069999694824219,9.069999694824219,9.069999694824219
1988-06-06 00:00:00,9.0600004196167,9.0600004196167,9.0600004196167
1988-06-07 00:00:00,9.119999885559082,9.119999885559082,9.119999885559082
1988-06-08 00:00:00,9.020000457763672,9.020000457763672,9.020000457763672
1988-06-09 00:00:00,9.0600004196167,9.0600004196167,9.0600004196167
1988-06-10 00:00:00,9.039999961853027,9.039999961853027,9.039999961853027
1988-06-13 00:00:00,9.020000457763672,9.020000457763672,9.020000457763672
1988-06-14 00:00:00,8.8100004196167,8.8100004196167,8.8100004196167
1988-06-15 00:00:00,8.829999923706055,8.829999923706055,8.829999923706055
1988-06-16 00:00:00,8.979999542236328,8.979999542236328,8.979999542236328
1988-06-17 00:00:00,9.119999885559082,9.119999885559082,9.119999885559082
1988-06-20 00:00:00,9.09000015258789,9.09000015258789,9.09000015258789
1988-06-21 00:00:00,9.100000381469727,9.100000381469727,9.100000381469727
1988-06-22 00:00:00,8.9399995803833,8.9399995803833,8.9399995803833
1988-06-23 00:00:00,8.899999618530273,8.899999618530273,8.899999618530273
1988-06-24 00:00:00,8.869999885559082,8.869999885559082,8.869999885559082
1988-06-27 00:00:00,8.960000038146973,8.960000038146973,8.960000038146973
1988-06-28 00:00:00,8.890000343322754,8.890000343322754,8.890000343322754
1988-06-29 00:00:00,8.920000076293945,8.920000076293945,8.920000076293945
1988-06-30 00:00:00,8.869999885559082,8.869999885559082,8.869999885559082
1988-07-01 00:00:00,8.84000015258789,8.84000015258789,8.84000015258789
1988-07-05 00:00:00,8.880000114440918,8.880000114440918,8.880000114440918
1988-07-06 00:00:00,8.979999542236328,8.979999542236328,8.979999542236328
1988-07-07 00:00:00,9.0,9.0,9.0
1988-07-08 00:00:00,9.100000381469727,9.100000381469727,9.100000381469727
1988-07-11 00:00:00,9.0600004196167,9.0600004196167,9.0600004196167
1988-07-12 00:00:00,9.109999656677246,9.109999656677246,9.109999656677246
1988-07-13 00:00:00,9.199999809265137,9.199999809265137,9.199999809265137
1988-07-14 00:00:00,9.1899995803833,9.1899995803833,9.1899995803833
1988-07-15 00:00:00,9.15999984741211,9.15999984741211,9.15999984741211
1988-07-18 00:00:00,9.239999771118164,9.239999771118164,9.239999771118164
1988-07-19 00:00:00,9.210000038146973,9.210000038146973,9.210000038146973
1988-07-20 00:00:00,9.239999771118164,9.239999771118164,9.239999771118164
1988-07-21 00:00:00,9.270000457763672,9.270000457763672,9.270000457763672
1988-07-22 00:00:00,9.210000038146973,9.210000038146973,9.210000038146973
1988-07-25 00:00:00,9.15999984741211,9.15999984741211,9.15999984741211
1988-07-26 00:00:00,9.1899995803833,9.1899995803833,9.1899995803833
1988-07-27 00:00:00,9.260000228881836,9.260000228881836,9.260000228881836
1988-07-28 00:00:00,9.270000457763672,9.270000457763672,9.270000457763672
1988-07-29 00:00:00,9.229999542236328,9.229999542236328,9.229999542236328
1988-08-01 00:00:00,9.170000076293945,9.170000076293945,9.170000076293945
1988-08-02 00:00:00,9.079999923706055,9.079999923706055,9.079999923706055
1988-08-03 00:00:00,9.100000381469727,9.100000381469727,9.100000381469727
1988-08-04 00:00:00,9.039999961853027,9.039999961853027,9.039999961853027
1988-08-05 00:00:00,9.140000343322754,9.140000343322754,9.140000343322754
1988-08-08 00:00:00,9.130000114440918,9.130000114440918,9.130000114440918
1988-08-09 00:00:00,9.210000038146973,9.210000038146973,9.210000038146973
1988-08-10 00:00:00,9.359999656677246,9.359999656677246,9.359999656677246
1988-08-11 00:00:00,9.399999618530273,9.399999618530273,9.399999618530273
1988-08-12 00:00:00,9.420000076293945,9.420000076293945,9.420000076293945
1988-08-15 00:00:00,9.4399995803833,9.4399995803833,9.4399995803833
1988-08-16 00:00:00,9.399999618530273,9.399999618530273,9.399999618530273
1988-08-17 00:00:00,9.430000305175781,9.430000305175781,9.430000305175781
1988-08-18 00:00:00,9.40999984741211,9.40999984741211,9.40999984741211
1988-08-19 00:00:00,9.40999984741211,9.40999984741211,9.40999984741211
1988-08-22 00:00:00,9.4399995803833,9.4399995803833,9.4399995803833
1988-08-23 00:00:00,9.390000343322754,9.390000343322754,9.390000343322754
1988-08-24 00:00:00,9.399999618530273,9.399999618530273,9.399999618530273
1988-08-25 00:00:00,9.460000038146973,9.460000038146973,9.460000038146973
1988-08-26 00:00:00,9.430000305175781,9.430000305175781,9.430000305175781
1988-08-29 00:00:00,9.359999656677246,9.359999656677246,9.359999656677246
1988-08-30 00:00:00,9.329999923706055,9.329999923706055,9.329999923706055
1988-08-31 00:00:00,9.3100004196167,9.3100004196167,9.3100004196167
1988-09-01 00:00:00,9.3100004196167,9.3100004196167,9.3100004196167
1988-09-02 00:00:00,9.050000190734863,9.050000190734863,9.050000190734863
1988-09-06 00:00:00,9.050000190734863,9.050000190734863,9.050000190734863
1988-09-07 00:00:00,9.039999961853027,9.039999961853027,9.039999961853027
1988-09-08 00:00:00,9.050000190734863,9.050000190734863,9.050000190734863
1988-09-09 00:00:00,8.989999771118164,8.989999771118164,8.989999771118164
1988-09-12 00:00:00,9.039999961853027,9.039999961853027,9.039999961853027
1988-09-13 00:00:00,9.010000228881836,9.010000228881836,9.010000228881836
1988-09-14 00:00:00,8.960000038146973,8.960000038146973,8.960000038146973
1988-09-15 00:00:00,9.0,9.0,9.0
1988-09-16 00:00:00,9.010000228881836,9.010000228881836,9.010000228881836
1988-09-19 00:00:00,9.069999694824219,9.069999694824219,9.069999694824219
1988-09-20 00:00:00,9.0600004196167,9.0600004196167,9.0600004196167
1988-09-21 00:00:00,9.020000457763672,9.020000457763672,9.020000457763672
1988-09-22 00:00:00,9.050000190734863,9.050000190734863,9.050000190734863
1988-09-23 00:00:00,9.050000190734863,9.050000190734863,9.050000190734863
1988-09-26 00:00:00,9.09000015258789,9.09000015258789,9.09000015258789
1988-09-27 00:00:00,9.109999656677246,9.109999656677246,9.109999656677246
1988-09-28 00:00:00,9.149999618530273,9.149999618530273,9.149999618530273
1988-09-29 00:00:00,9.079999923706055,9.079999923706055,9.079999923706055
1988-09-30 00:00:00,8.979999542236328,8.979999542236328,8.979999542236328
1988-10-03 00:00:00,8.960000038146973,8.960000038146973,8.960000038146973
1988-10-04 00:00:00,8.970000267028809,8.970000267028809,8.970000267028809
1988-10-05 00:00:00,8.979999542236328,8.979999542236328,8.979999542236328
1988-10-06 00:00:00,8.970000267028809,8.970000267028809,8.970000267028809
1988-10-07 00:00:00,8.8100004196167,8.8100004196167,8.8100004196167
1988-10-11 00:00:00,8.859999656677246,8.859999656677246,8.859999656677246
1988-10-12 00:00:00,8.9399995803833,8.9399995803833,8.9399995803833
1988-10-13 00:00:00,8.9399995803833,8.9399995803833,8.9399995803833
1988-10-14 00:00:00,8.899999618530273,8.899999618530273,8.899999618530273
1988-10-17 00:00:00,8.880000114440918,8.880000114440918,8.880000114440918
1988-10-18 00:00:00,8.869999885559082,8.869999885559082,8.869999885559082
1988-10-19 00:00:00,8.90999984741211,8.90999984741211,8.90999984741211
1988-10-20 00:00:00,8.850000381469727,8.850000381469727,8.850000381469727
1988-10-21 00:00:00,8.890000343322754,8.890000343322754,8.890000343322754
1988-10-24 00:00:00,8.930000305175781,8.930000305175781,8.930000305175781
1988-10-25 00:00:00,8.930000305175781,8.930000305175781,8.930000305175781
1988-10-26 00:00:00,8.920000076293945,8.920000076293945,8.920000076293945
1988-10-27 00:00:00,8.84000015258789,8.84000015258789,8.84000015258789
1988-10-28 00:00:00,8.800000190734863,8.800000190734863,8.800000190734863
1988-10-31 00:00:00,8.739999771118164,8.739999771118164,8.739999771118164
1988-11-01 00:00:00,8.760000228881836,8.760000228881836,8.760000228881836
1988-11-02 00:00:00,8.8100004196167,8.8100004196167,8.8100004196167
1988-11-03 00:00:00,8.760000228881836,8.760000228881836,8.760000228881836
1988-11-04 00:00:00,8.90999984741211,8.90999984741211,8.90999984741211
1988-11-07 00:00:00,8.960000038146973,8.960000038146973,8.960000038146973
1988-11-08 00:00:00,8.970000267028809,8.970000267028809,8.970000267028809
1988-11-09 00:00:00,9.010000228881836,9.010000228881836,9.010000228881836
1988-11-10 00:00:00,8.989999771118164,8.989999771118164,8.989999771118164
1988-11-14 00:00:00,9.010000228881836,9.010000228881836,9.010000228881836
1988-11-15 00:00:00,9.010000228881836,9.010000228881836,9.010000228881836
1988-11-16 00:00:00,9.100000381469727,9.100000381469727,9.100000381469727
1988-11-17 00:00:00,9.140000343322754,9.140000343322754,9.140000343322754
1988-11-18 00:00:00,9.119999885559082,9.119999885559082,9.119999885559082
1988-11-21 00:00:00,9.109999656677246,9.109999656677246,9.109999656677246
1988-11-22 00:00:00,9.119999885559082,9.119999885559082,9.119999885559082
1988-11-23 00:00:00,9.109999656677246,9.109999656677246,9.109999656677246
1988-11-25 00:00:00,9.180000305175781,9.180000305175781,9.180000305175781
1988-11-28 00:00:00,9.149999618530273,9.149999618530273,9.149999618530273
1988-11-29 00:00:00,9.130000114440918,9.130000114440918,9.130000114440918
1988-11-30 00:00:00,9.069999694824219,9.069999694824219,9.069999694824219
1988-12-01 00:00:00,9.020000457763672,9.020000457763672,9.020000457763672
1988-12-02 00:00:00,9.180000305175781,9.180000305175781,9.180000305175781
1988-12-05 00:00:00,9.130000114440918,9.130000114440918,9.130000114440918
1988-12-06 00:00:00,8.949999809265137,8.949999809265137,8.949999809265137
1988-12-07 00:00:00,8.979999542236328,8.979999542236328,8.979999542236328
1988-12-08 00:00:00,8.970000267028809,8.970000267028809,8.970000267028809
1988-12-09 00:00:00,8.970000267028809,8.970000267028809,8.970000267028809
1988-12-12 00:00:00,8.9399995803833,8.9399995803833,8.9399995803833
1988-12-13 00:00:00,8.979999542236328,8.979999542236328,8.979999542236328
1988-12-14 00:00:00,9.0600004196167,9.0600004196167,9.0600004196167
1988-12-15 00:00:00,9.069999694824219,9.069999694824219,9.069999694824219
1988-12-16 00:00:00,9.050000190734863,9.050000190734863,9.050000190734863
1988-12-19 00:00:00,9.050000190734863,9.050000190734863,9.050000190734863
1988-12-20 00:00:00,8.960000038146973,8.960000038146973,8.960000038146973
1988-12-21 00:00:00,8.960000038146973,8.960000038146973,8.960000038146973
1988-12-22 00:00:00,8.9399995803833,8.9399995803833,8.9399995803833
1988-12-23 00:00:00,8.920000076293945,8.920000076293945,8.920000076293945
1988-12-27 00:00:00,8.960000038146973,8.960000038146973,8.960000038146973
1988-12-28 00:00:00,9.010000228881836,9.010000228881836,9.010000228881836
1988-12-29 00:00:00,9.010000228881836,9.010000228881836,9.010000228881836
1988-12-30 00:00:00,9.0,9.0,9.0
1989-01-03 00:00:00,9.09000015258789,9.09000015258789,9.09000015258789
1989-01-04 00:00:00,9.079999923706055,9.079999923706055,9.079999923706055
1989-01-05 00:00:00,9.100000381469727,9.100000381469727,9.100000381469727
1989-01-06 00:00:00,9.0600004196167,9.0600004196167,9.0600004196167
1989-01-09 00:00:00,9.050000190734863,9.050000190734863,9.050000190734863
1989-01-10 00:00:00,9.050000190734863,9.050000190734863,9.050000190734863
1989-01-11 00:00:00,9.050000190734863,9.050000190734863,9.050000190734863
1989-01-12 00:00:00,8.979999542236328,8.979999542236328,8.979999542236328
1989-01-13 00:00:00,8.890000343322754,8.890000343322754,8.890000343322754
1989-01-17 00:00:00,8.890000343322754,8.890000343322754,8.890000343322754
1989-01-18 00:00:00,8.84000015258789,8.84000015258789,8.84000015258789
1989-01-19 00:00:00,8.859999656677246,8.859999656677246,8.859999656677246
1989-01-20 00:00:00,8.890000343322754,8.890000343322754,8.890000343322754
1989-01-23 00:00:00,8.869999885559082,8.869999885559082,8.869999885559082
1989-01-24 00:00:00,8.779999732971191,8.779999732971191,8.779999732971191
1989-01-25 00:00:00,8.819999694824219,8.819999694824219,8.819999694824219
1989-01-26 00:00:00,8.8100004196167,8.8100004196167,8.8100004196167
1989-01-27 00:00:00,8.760000228881836,8.760000228881836,8.760000228881836
1989-01-30 00:00:00,8.829999923706055,8.829999923706055,8.829999923706055
1989-01-31 00:00:00,8.84000015258789,8.84000015258789,8.84000015258789
1989-02-01 00:00:00,8.829999923706055,8.829999923706055,8.829999923706055
1989-02-02 00:00:00,8.819999694824219,8.819999694824219,8.819999694824219
1989-02-03 00:00:00,8.84000015258789,8.84000015258789,8.84000015258789
1989-02-06 00:00:00,8.850000381469727,8.850000381469727,8.850000381469727
1989-02-07 00:00:00,8.800000190734863,8.800000190734863,8.800000190734863
1989-02-08 00:00:00,8.819999694824219,8.819999694824219,8.819999694824219
1989-02-09 00:00:00,8.989999771118164,8.989999771118164,8.989999771118164
1989-02-10 00:00:00,9.050000190734863,9.050000190734863,9.050000190734863
1989-02-13 00:00:00,9.0600004196167,9.0600004196167,9.0600004196167
1989-02-14 00:00:00,9.100000381469727,9.100000381469727,9.100000381469727
1989-02-15 00:00:00,9.09000015258789,9.09000015258789,9.09000015258789
1989-02-16 00:00:00,9.0600004196167,9.0600004196167,9.0600004196167
1989-02-17 00:00:00,9.050000190734863,9.050000190734863,9.050000190734863
1989-02-21 00:00:00,9.050000190734863,9.050000190734863,9.050000190734863
1989-02-22 00:00:00,9.119999885559082,9.119999885559082,9.119999885559082
1989-02-23 00:00:00,9.170000076293945,9.170000076293945,9.170000076293945
1989-02-24 00:00:00,9.180000305175781,9.180000305175781,9.180000305175781
1989-02-27 00:00:00,9.170000076293945,9.170000076293945,9.170000076293945
1989-02-28 00:00:00,9.140000343322754,9.140000343322754,9.140000343322754
1989-03-01 00:00:00,9.180000305175781,9.180000305175781,9.180000305175781
1989-03-02 00:00:00,9.130000114440918,9.130000114440918,9.130000114440918
1989-03-03 00:00:00,9.130000114440918,9.130000114440918,9.130000114440918
1989-03-06 00:00:00,9.09000015258789,9.09000015258789,9.09000015258789
1989-03-07 00:00:00,9.09000015258789,9.09000015258789,9.09000015258789
1989-03-08 00:00:00,9.050000190734863,9.050000190734863,9.050000190734863
1989-03-09 00:00:00,9.069999694824219,9.069999694824219,9.069999694824219
1989-03-10 00:00:00,9.149999618530273,9.149999618530273,9.149999618530273
1989-03-13 00:00:00,9.149999618530273,9.149999618530273,9.149999618530273
1989-03-14 00:00:00,9.130000114440918,9.130000114440918,9.130000114440918
1989-03-15 00:00:00,9.130000114440918,9.130000114440918,9.130000114440918
1989-03-16 00:00:00,9.119999885559082,9.119999885559082,9.119999885559082
1989-03-17 00:00:00,9.300000190734863,9.300000190734863,9.300000190734863
1989-03-20 00:00:00,9.3100004196167,9.3100004196167,9.3100004196167
1989-03-21 00:00:00,9.300000190734863,9.300000190734863,9.300000190734863
1989-03-22 00:00:00,9.25,9.25,9.25
1989-03-23 00:00:00,9.229999542236328,9.229999542236328,9.229999542236328
1989-03-27 00:00:00,9.229999542236328,9.229999542236328,9.229999542236328
1989-03-28 00:00:00,9.199999809265137,9.199999809265137,9.199999809265137
1989-03-29 00:00:00,9.149999618530273,9.149999618530273,9.149999618530273
1989-03-30 00:00:00,9.140000343322754,9.140000343322754,9.140000343322754
1989-03-31 00:00:00,9.109999656677246,9.109999656677246,9.109999656677246
1989-04-03 00:00:00,9.069999694824219,9.069999694824219,9.069999694824219
1989-04-04 00:00:00,9.029999732971191,9.029999732971191,9.029999732971191
1989-04-05 00:00:00,9.020000457763672,9.020000457763672,9.020000457763672
1989-04-06 00:00:00,9.039999961853027,9.039999961853027,9.039999961853027
1989-04-07 00:00:00,9.109999656677246,9.109999656677246,9.109999656677246
1989-04-10 00:00:00,9.100000381469727,9.100000381469727,9.100000381469727
1989-04-11 00:00:00,9.100000381469727,9.100000381469727,9.100000381469727
1989-04-12 00:00:00,9.109999656677246,9.109999656677246,9.109999656677246
1989-04-13 00:00:00,9.149999618530273,9.149999618530273,9.149999618530273
1989-04-14 00:00:00,9.039999961853027,9.039999961853027,9.039999961853027
1989-04-17 00:00:00,9.0600004196167,9.0600004196167,9.0600004196167
1989-04-18 00:00:00,8.9399995803833,8.9399995803833,8.9399995803833
1989-04-19 00:00:00,8.960000038146973,8.960000038146973,8.960000038146973
1989-04-20 00:00:00,9.029999732971191,9.029999732971191,9.029999732971191
1989-04-21 00:00:00,8.989999771118164,8.989999771118164,8.989999771118164
1989-04-24 00:00:00,8.989999771118164,8.989999771118164,8.989999771118164
1989-04-25 00:00:00,8.970000267028809,8.970000267028809,8.970000267028809
1989-04-26 00:00:00,8.960000038146973,8.960000038146973,8.960000038146973
1989-04-27 00:00:00,8.920000076293945,8.920000076293945,8.920000076293945
1989-04-28 00:00:00,8.90999984741211,8.90999984741211,8.90999984741211
1989-05-01 00:00:00,9.0,9.0,9.0
1989-05-02 00:00:00,8.949999809265137,8.949999809265137,8.949999809265137
1989-05-03 00:00:00,8.949999809265137,8.949999809265137,8.949999809265137
1989-05-04 00:00:00,8.989999771118164,8.989999771118164,8.989999771118164
1989-05-05 00:00:00,8.949999809265137,8.949999809265137,8.949999809265137
1989-05-08 00:00:00,8.989999771118164,8.989999771118164,8.989999771118164
1989-05-09 00:00:00,9.079999923706055,9.079999923706055,9.079999923706055
1989-05-10 00:00:00,9.119999885559082,9.119999885559082,9.119999885559082
1989-05-11 00:00:00,9.069999694824219,9.069999694824219,9.069999694824219
1989-05-12 00:00:00,8.84000015258789,8.84000015258789,8.84000015258789
1989-05-15 00:00:00,8.850000381469727,8.850000381469727,8.850000381469727
1989-05-16 00:00:00,8.84000015258789,8.84000015258789,8.84000015258789
1989-05-17 00:00:00,8.8100004196167,8.8100004196167,8.8100004196167
1989-05-18 00:00:00,8.779999732971191,8.779999732971191,8.779999732971191
1989-05-19 00:00:00,8.720000267028809,8.720000267028809,8.720000267028809
1989-05-22 00:00:00,8.600000381469727,8.600000381469727,8.600000381469727
1989-05-23 00:00:00,8.619999885559082,8.619999885559082,8.619999885559082
1989-05-24 00:00:00,8.630000114440918,8.630000114440918,8.630000114440918
1989-05-25 00:00:00,8.65999984741211,8.65999984741211,8.65999984741211
1989-05-26 00:00:00,8.630000114440918,8.630000114440918,8.630000114440918
1989-05-30 00:00:00,8.630000114440918,8.630000114440918,8.630000114440918
1989-05-31 00:00:00,8.600000381469727,8.600000381469727,8.600000381469727
1989-06-01 00:00:00,8.609999656677246,8.609999656677246,8.609999656677246
1989-06-02 00:00:00,8.479999542236328,8.479999542236328,8.479999542236328
1989-06-05 00:00:00,8.4399995803833,8.4399995803833,8.4399995803833
1989-06-06 00:00:00,8.40999984741211,8.40999984741211,8.40999984741211
1989-06-07 00:00:00,8.34000015258789,8.34000015258789,8.34000015258789
1989-06-08 00:00:00,8.3100004196167,8.3100004196167,8.3100004196167
1989-06-09 00:00:00,8.149999618530273,8.149999618530273,8.149999618530273
1989-06-12 00:00:00,8.130000114440918,8.130000114440918,8.130000114440918
1989-06-13 00:00:00,8.210000038146973,8.210000038146973,8.210000038146973
1989-06-14 00:00:00,8.170000076293945,8.170000076293945,8.170000076293945
1989-06-15 00:00:00,8.300000190734863,8.300000190734863,8.300000190734863
1989-06-16 00:00:00,8.3100004196167,8.3100004196167,8.3100004196167
1989-06-19 00:00:00,8.34000015258789,8.34000015258789,8.34000015258789
1989-06-20 00:00:00,8.279999732971191,8.279999732971191,8.279999732971191
1989-06-21 00:00:00,8.329999923706055,8.329999923706055,8.329999923706055
1989-06-22 00:00:00,8.34000015258789,8.34000015258789,8.34000015258789
1989-06-23 00:00:00,8.199999809265137,8.199999809265137,8.199999809265137
1989-06-26 00:00:00,8.15999984741211,8.15999984741211,8.15999984741211
1989-06-27 00:00:00,8.079999923706055,8.079999923706055,8.079999923706055
1989-06-28 00:00:00,8.130000114440918,8.130000114440918,8.130000114440918
1989-06-29 00:00:00,8.09000015258789,8.09000015258789,8.09000015258789
1989-06-30 00:00:00,8.050000190734863,8.050000190734863,8.050000190734863
1989-07-03 00:00:00,8.069999694824219,8.069999694824219,8.069999694824219
1989-07-05 00:00:00,8.140000343322754,8.140000343322754,8.140000343322754
1989-07-06 00:00:00,8.100000381469727,8.100000381469727,8.100000381469727
1989-07-07 00:00:00,8.039999961853027,8.039999961853027,8.039999961853027
1989-07-10 00:00:00,8.020000457763672,8.020000457763672,8.020000457763672
1989-07-11 00:00:00,8.039999961853027,8.039999961853027,8.039999961853027
1989-07-12 00:00:00,8.039999961853027,8.039999961853027,8.039999961853027
1989-07-13 00:00:00,8.050000190734863,8.050000190734863,8.050000190734863
1989-07-14 00:00:00,8.09000015258789,8.09000015258789,8.09000015258789
1989-07-17 00:00:00,8.109999656677246,8.109999656677246,8.109999656677246
1989-07-18 00:00:00,8.170000076293945,8.170000076293945,8.170000076293945
1989-07-19 00:00:00,8.140000343322754,8.140000343322754,8.140000343322754
1989-07-20 00:00:00,8.100000381469727,8.100000381469727,8.100000381469727
1989-07-21 00:00:00,8.15999984741211,8.15999984741211,8.15999984741211
1989-07-24 00:00:00,8.140000343322754,8.140000343322754,8.140000343322754
1989-07-25 00:00:00,8.119999885559082,8.119999885559082,8.119999885559082
1989-07-26 00:00:00,8.109999656677246,8.109999656677246,8.109999656677246
1989-07-27 00:00:00,8.029999732971191,8.029999732971191,8.029999732971191
1989-07-28 00:00:00,7.989999771118164,7.989999771118164,7.989999771118164
1989-07-31 00:00:00,7.920000076293945,7.920000076293945,7.920000076293945
1989-08-01 00:00:00,7.829999923706055,7.829999923706055,7.829999923706055
1989-08-02 00:00:00,7.840000152587891,7.840000152587891,7.840000152587891
1989-08-03 00:00:00,7.900000095367432,7.900000095367432,7.900000095367432
1989-08-04 00:00:00,8.079999923706055,8.079999923706055,8.079999923706055
1989-08-07 00:00:00,8.079999923706055,8.079999923706055,8.079999923706055
1989-08-08 00:00:00,8.079999923706055,8.079999923706055,8.079999923706055
1989-08-09 00:00:00,8.119999885559082,8.119999885559082,8.119999885559082
1989-08-10 00:00:00,8.079999923706055,8.079999923706055,8.079999923706055
1989-08-11 00:00:00,8.130000114440918,8.130000114440918,8.130000114440918
1989-08-14 00:00:00,8.229999542236328,8.229999542236328,8.229999542236328
1989-08-15 00:00:00,8.1899995803833,8.1899995803833,8.1899995803833
1989-08-16 00:00:00,8.130000114440918,8.130000114440918,8.130000114440918
1989-08-17 00:00:00,8.15999984741211,8.15999984741211,8.15999984741211
1989-08-18 00:00:00,8.149999618530273,8.149999618530273,8.149999618530273
1989-08-21 00:00:00,8.180000305175781,8.180000305175781,8.180000305175781
1989-08-22 00:00:00,8.25,8.25,8.25
1989-08-23 00:00:00,8.1899995803833,8.1899995803833,8.1899995803833
1989-08-24 00:00:00,8.15999984741211,8.15999984741211,8.15999984741211
1989-08-25 00:00:00,8.180000305175781,8.180000305175781,8.180000305175781
1989-08-28 00:00:00,8.229999542236328,8.229999542236328,8.229999542236328
1989-08-29 00:00:00,8.210000038146973,8.210000038146973,8.210000038146973
1989-08-30 00:00:00,8.199999809265137,8.199999809265137,8.199999809265137
1989-08-31 00:00:00,8.210000038146973,8.210000038146973,8.210000038146973
1989-09-01 00:00:00,8.140000343322754,8.140000343322754,8.140000343322754
1989-09-05 00:00:00,8.140000343322754,8.140000343322754,8.140000343322754
1989-09-06 00:00:00,8.109999656677246,8.109999656677246,8.109999656677246
1989-09-07 00:00:00,8.109999656677246,8.109999656677246,8.109999656677246
1989-09-08 00:00:00,8.069999694824219,8.069999694824219,8.069999694824219
1989-09-11 00:00:00,8.069999694824219,8.069999694824219,8.069999694824219
1989-09-12 00:00:00,8.09000015258789,8.09000015258789,8.09000015258789
1989-09-13 00:00:00,8.149999618530273,8.149999618530273,8.149999618530273
1989-09-14 00:00:00,8.119999885559082,8.119999885559082,8.119999885559082
1989-09-15 00:00:00,8.079999923706055,8.079999923706055,8.079999923706055
1989-09-18 00:00:00,8.09000015258789,8.09000015258789,8.09000015258789
1989-09-19 00:00:00,8.09000015258789,8.09000015258789,8.09000015258789
1989-09-20 00:00:00,8.149999618530273,8.149999618530273,8.149999618530273
1989-09-21 00:00:00,8.1899995803833,8.1899995803833,8.1899995803833
1989-09-22 00:00:00,8.199999809265137,8.199999809265137,8.199999809265137
1989-09-25 00:00:00,8.300000190734863,8.300000190734863,8.300000190734863
1989-09-26 00:00:00,8.25,8.25,8.25
1989-09-27 00:00:00,8.25,8.25,8.25
1989-09-28 00:00:00,8.25,8.25,8.25
1989-09-29 00:00:00,8.239999771118164,8.239999771118164,8.239999771118164
1989-10-02 00:00:00,8.220000267028809,8.220000267028809,8.220000267028809
1989-10-03 00:00:00,8.1899995803833,8.1899995803833,8.1899995803833
1989-10-04 00:00:00,8.15999984741211,8.15999984741211,8.15999984741211
1989-10-05 00:00:00,8.09000015258789,8.09000015258789,8.09000015258789
1989-10-06 00:00:00,8.010000228881836,8.010000228881836,8.010000228881836
1989-10-10 00:00:00,8.010000228881836,8.010000228881836,8.010000228881836
1989-10-11 00:00:00,8.050000190734863,8.050000190734863,8.050000190734863
1989-10-12 00:00:00,8.020000457763672,8.020000457763672,8.020000457763672
1989-10-13 00:00:00,7.880000114440918,7.880000114440918,7.880000114440918
1989-10-16 00:00:00,7.980000019073486,7.980000019073486,7.980000019073486
1989-10-17 00:00:00,8.010000228881836,8.010000228881836,8.010000228881836
1989-10-18 00:00:00,8.029999732971191,8.029999732971191,8.029999732971191
1989-10-19 00:00:00,7.96999979019165,7.96999979019165,7.96999979019165
1989-10-20 00:00:00,7.980000019073486,7.980000019073486,7.980000019073486
1989-10-23 00:00:00,7.940000057220459,7.940000057220459,7.940000057220459
1989-10-24 00:00:00,7.869999885559082,7.869999885559082,7.869999885559082
1989-10-25 00:00:00,7.880000114440918,7.880000114440918,7.880000114440918
1989-10-26 00:00:00,7.889999866485596,7.889999866485596,7.889999866485596
1989-10-27 00:00:00,7.949999809265137,7.949999809265137,7.949999809265137
1989-10-30 00:00:00,7.929999828338623,7.929999828338623,7.929999828338623
1989-10-31 00:00:00,7.920000076293945,7.920000076293945,7.920000076293945
1989-11-01 00:00:00,7.889999866485596,7.889999866485596,7.889999866485596
1989-11-02 00:00:00,7.880000114440918,7.880000114440918,7.880000114440918
1989-11-03 00:00:00,7.920000076293945,7.920000076293945,7.920000076293945
1989-11-06 00:00:00,7.96999979019165,7.96999979019165,7.96999979019165
1989-11-07 00:00:00,7.880000114440918,7.880000114440918,7.880000114440918
1989-11-08 00:00:00,7.880000114440918,7.880000114440918,7.880000114440918
1989-11-09 00:00:00,7.909999847412109,7.909999847412109,7.909999847412109
1989-11-10 00:00:00,7.900000095367432,7.900000095367432,7.900000095367432
1989-11-13 00:00:00,7.889999866485596,7.889999866485596,7.889999866485596
1989-11-14 00:00:00,7.900000095367432,7.900000095367432,7.900000095367432
1989-11-15 00:00:00,7.869999885559082,7.869999885559082,7.869999885559082
1989-11-16 00:00:00,7.869999885559082,7.869999885559082,7.869999885559082
1989-11-17 00:00:00,7.940000057220459,7.940000057220459,7.940000057220459
1989-11-20 00:00:00,7.920000076293945,7.920000076293945,7.920000076293945
1989-11-21 00:00:00,7.909999847412109,7.909999847412109,7.909999847412109
1989-11-22 00:00:00,7.880000114440918,7.880000114440918,7.880000114440918
1989-11-24 00:00:00,7.880000114440918,7.880000114440918,7.880000114440918
1989-11-27 00:00:00,7.920000076293945,7.920000076293945,7.920000076293945
1989-11-28 00:00:00,7.909999847412109,7.909999847412109,7.909999847412109
1989-11-29 00:00:00,7.929999828338623,7.929999828338623,7.929999828338623
1989-11-30 00:00:00,7.900000095367432,7.900000095367432,7.900000095367432
1989-12-01 00:00:00,7.880000114440918,7.880000114440918,7.880000114440918
1989-12-04 00:00:00,7.880000114440918,7.880000114440918,7.880000114440918
1989-12-05 00:00:00,7.880000114440918,7.880000114440918,7.880000114440918
1989-12-06 00:00:00,7.909999847412109,7.909999847412109,7.909999847412109
1989-12-07 00:00:00,7.929999828338623,7.929999828338623,7.929999828338623
1989-12-08 00:00:00,7.880000114440918,7.880000114440918,7.880000114440918
1989-12-11 00:00:00,7.889999866485596,7.889999866485596,7.889999866485596
1989-12-12 00:00:00,7.900000095367432,7.900000095367432,7.900000095367432
1989-12-13 00:00:00,7.880000114440918,7.880000114440918,7.880000114440918
1989-12-14 00:00:00,7.849999904632568,7.849999904632568,7.849999904632568
1989-12-15 00:00:00,7.860000133514404,7.860000133514404,7.860000133514404
1989-12-18 00:00:00,7.829999923706055,7.829999923706055,7.829999923706055
1989-12-19 00:00:00,7.849999904632568,7.849999904632568,7.849999904632568
1989-12-20 00:00:00,7.840000152587891,7.840000152587891,7.840000152587891
1989-12-21 00:00:00,7.860000133514404,7.860000133514404,7.860000133514404
1989-12-22 00:00:00,7.880000114440918,7.880000114440918,7.880000114440918
1989-12-26 00:00:00,8.0,8.0,8.0
1989-12-27 00:00:00,7.980000019073486,7.980000019073486,7.980000019073486
1989-12-28 00:00:00,7.96999979019165,7.96999979019165,7.96999979019165
1989-12-29 00:00:00,7.980000019073486,7.980000019073486,7.980000019073486
1990-01-02 00:00:00,8.0,8.0,8.0
1990-01-03 00:00:00,8.039999961853027,8.039999961853027,8.039999961853027
1990-01-04 00:00:00,8.039999961853027,8.039999961853027,8.039999961853027
1990-01-05 00:00:00,8.0600004196167,8.0600004196167,8.0600004196167
1990-01-08 00:00:00,8.09000015258789,8.09000015258789,8.09000015258789
1990-01-09 00:00:00,8.100000381469727,8.100000381469727,8.100000381469727
1990-01-10 00:00:00,8.109999656677246,8.109999656677246,8.109999656677246
1990-01-11 00:00:00,8.109999656677246,8.109999656677246,8.109999656677246
1990-01-12 00:00:00,8.170000076293945,8.170000076293945,8.170000076293945
1990-01-16 00:00:00,8.25,8.25,8.25
1990-01-17 00:00:00,8.25,8.25,8.25
1990-01-18 00:00:00,8.350000381469727,8.350000381469727,8.350000381469727
1990-01-19 00:00:00,8.289999961853027,8.289999961853027,8.289999961853027
1990-01-22 00:00:00,8.3100004196167,8.3100004196167,8.3100004196167
1990-01-23 00:00:00,8.289999961853027,8.289999961853027,8.289999961853027
1990-01-24 00:00:00,8.40999984741211,8.40999984741211,8.40999984741211
1990-01-25 00:00:00,8.460000038146973,8.460000038146973,8.460000038146973
1990-01-26 00:00:00,8.550000190734863,8.550000190734863,8.550000190734863
1990-01-29 00:00:00,8.539999961853027,8.539999961853027,8.539999961853027
1990-01-30 00:00:00,8.550000190734863,8.550000190734863,8.550000190734863
1990-01-31 00:00:00,8.460000038146973,8.460000038146973,8.460000038146973
1990-02-01 00:00:00,8.4399995803833,8.4399995803833,8.4399995803833
1990-02-02 00:00:00,8.510000228881836,8.510000228881836,8.510000228881836
1990-02-05 00:00:00,8.529999732971191,8.529999732971191,8.529999732971191
1990-02-06 00:00:00,8.579999923706055,8.579999923706055,8.579999923706055
1990-02-07 00:00:00,8.569999694824219,8.569999694824219,8.569999694824219
1990-02-08 00:00:00,8.5,8.5,8.5
1990-02-09 00:00:00,8.359999656677246,8.359999656677246,8.359999656677246
1990-02-12 00:00:00,8.430000305175781,8.430000305175781,8.430000305175781
1990-02-13 00:00:00,8.390000343322754,8.390000343322754,8.390000343322754
1990-02-14 00:00:00,8.40999984741211,8.40999984741211,8.40999984741211
1990-02-15 00:00:00,8.470000267028809,8.470000267028809,8.470000267028809
1990-02-16 00:00:00,8.460000038146973,8.460000038146973,8.460000038146973
1990-02-20 00:00:00,8.65999984741211,8.65999984741211,8.65999984741211
1990-02-21 00:00:00,8.65999984741211,8.65999984741211,8.65999984741211
1990-02-22 00:00:00,8.5600004196167,8.5600004196167,8.5600004196167
1990-02-23 00:00:00,8.5600004196167,8.5600004196167,8.5600004196167
1990-02-26 00:00:00,8.489999771118164,8.489999771118164,8.489999771118164
1990-02-27 00:00:00,8.449999809265137,8.449999809265137,8.449999809265137
1990-02-28 00:00:00,8.539999961853027,8.539999961853027,8.539999961853027
1990-03-01 00:00:00,8.609999656677246,8.609999656677246,8.609999656677246
1990-03-02 00:00:00,8.550000190734863,8.550000190734863,8.550000190734863
1990-03-05 00:00:00,8.65999984741211,8.65999984741211,8.65999984741211
1990-03-06 00:00:00,8.59000015258789,8.59000015258789,8.59000015258789
1990-03-07 00:00:00,8.579999923706055,8.579999923706055,8.579999923706055
1990-03-08 00:00:00,8.5600004196167,8.5600004196167,8.5600004196167
1990-03-09 00:00:00,8.630000114440918,8.630000114440918,8.630000114440918
1990-03-12 00:00:00,8.619999885559082,8.619999885559082,8.619999885559082
1990-03-13 00:00:00,8.720000267028809,8.720000267028809,8.720000267028809
1990-03-14 00:00:00,8.609999656677246,8.609999656677246,8.609999656677246
1990-03-15 00:00:00,8.630000114440918,8.630000114440918,8.630000114440918
1990-03-16 00:00:00,8.550000190734863,8.550000190734863,8.550000190734863
1990-03-19 00:00:00,8.539999961853027,8.539999961853027,8.539999961853027
1990-03-20 00:00:00,8.470000267028809,8.470000267028809,8.470000267028809
1990-03-21 00:00:00,8.470000267028809,8.470000267028809,8.470000267028809
1990-03-22 00:00:00,8.489999771118164,8.489999771118164,8.489999771118164
1990-03-23 00:00:00,8.479999542236328,8.479999542236328,8.479999542236328
1990-03-26 00:00:00,8.470000267028809,8.470000267028809,8.470000267028809
1990-03-27 00:00:00,8.479999542236328,8.479999542236328,8.479999542236328
1990-03-28 00:00:00,8.470000267028809,8.470000267028809,8.470000267028809
1990-03-29 00:00:00,8.579999923706055,8.579999923706055,8.579999923706055
1990-03-30 00:00:00,8.630000114440918,8.630000114440918,8.630000114440918
1990-04-02 00:00:00,8.630000114440918,8.630000114440918,8.630000114440918
1990-04-03 00:00:00,8.609999656677246,8.609999656677246,8.609999656677246
1990-04-04 00:00:00,8.520000457763672,8.520000457763672,8.520000457763672
1990-04-05 00:00:00,8.520000457763672,8.520000457763672,8.520000457763672
1990-04-06 00:00:00,8.520000457763672,8.520000457763672,8.520000457763672
1990-04-09 00:00:00,8.550000190734863,8.550000190734863,8.550000190734863
1990-04-10 00:00:00,8.569999694824219,8.569999694824219,8.569999694824219
1990-04-11 00:00:00,8.579999923706055,8.579999923706055,8.579999923706055
1990-04-12 00:00:00,8.600000381469727,8.600000381469727,8.600000381469727
1990-04-16 00:00:00,8.640000343322754,8.640000343322754,8.640000343322754
1990-04-17 00:00:00,8.739999771118164,8.739999771118164,8.739999771118164
1990-04-18 00:00:00,8.850000381469727,8.850000381469727,8.850000381469727
1990-04-19 00:00:00,8.859999656677246,8.859999656677246,8.859999656677246
1990-04-20 00:00:00,8.930000305175781,8.930000305175781,8.930000305175781
1990-04-23 00:00:00,8.960000038146973,8.960000038146973,8.960000038146973
1990-04-24 00:00:00,8.979999542236328,8.979999542236328,8.979999542236328
1990-04-25 00:00:00,8.979999542236328,8.979999542236328,8.979999542236328
1990-04-26 00:00:00,9.039999961853027,9.039999961853027,9.039999961853027
1990-04-27 00:00:00,9.039999961853027,9.039999961853027,9.039999961853027
1990-04-30 00:00:00,9.0,9.0,9.0
1990-05-01 00:00:00,9.039999961853027,9.039999961853027,9.039999961853027
1990-05-02 00:00:00,9.050000190734863,9.050000190734863,9.050000190734863
1990-05-03 00:00:00,8.989999771118164,8.989999771118164,8.989999771118164
1990-05-04 00:00:00,8.829999923706055,8.829999923706055,8.829999923706055
1990-05-07 00:00:00,8.850000381469727,8.850000381469727,8.850000381469727
1990-05-08 00:00:00,8.8100004196167,8.8100004196167,8.8100004196167
1990-05-09 00:00:00,8.899999618530273,8.899999618530273,8.899999618530273
1990-05-10 00:00:00,8.8100004196167,8.8100004196167,8.8100004196167
1990-05-11 00:00:00,8.640000343322754,8.640000343322754,8.640000343322754
1990-05-14 00:00:00,8.579999923706055,8.579999923706055,8.579999923706055
1990-05-15 00:00:00,8.619999885559082,8.619999885559082,8.619999885559082
1990-05-16 00:00:00,8.640000343322754,8.640000343322754,8.640000343322754
1990-05-17 00:00:00,8.649999618530273,8.649999618530273,8.649999618530273
1990-05-18 00:00:00,8.699999809265137,8.699999809265137,8.699999809265137
1990-05-21 00:00:00,8.6899995803833,8.6899995803833,8.6899995803833
1990-05-22 00:00:00,8.609999656677246,8.609999656677246,8.609999656677246
1990-05-23 00:00:00,8.59000015258789,8.59000015258789,8.59000015258789
1990-05-24 00:00:00,8.600000381469727,8.600000381469727,8.600000381469727
1990-05-25 00:00:00,8.670000076293945,8.670000076293945,8.670000076293945
1990-05-29 00:00:00,8.640000343322754,8.640000343322754,8.640000343322754
1990-05-30 00:00:00,8.600000381469727,8.600000381469727,8.600000381469727
1990-05-31 00:00:00,8.579999923706055,8.579999923706055,8.579999923706055
1990-06-01 00:00:00,8.430000305175781,8.430000305175781,8.430000305175781
1990-06-04 00:00:00,8.430000305175781,8.430000305175781,8.430000305175781
1990-06-05 00:00:00,8.460000038146973,8.460000038146973,8.460000038146973
1990-06-06 00:00:00,8.4399995803833,8.4399995803833,8.4399995803833
1990-06-07 00:00:00,8.430000305175781,8.430000305175781,8.430000305175781
1990-06-08 00:00:00,8.4399995803833,8.4399995803833,8.4399995803833
1990-06-11 00:00:00,8.449999809265137,8.449999809265137,8.449999809265137
1990-06-12 00:00:00,8.449999809265137,8.449999809265137,8.449999809265137
1990-06-13 00:00:00,8.390000343322754,8.390000343322754,8.390000343322754
1990-06-14 00:00:00,8.359999656677246,8.359999656677246,8.359999656677246
1990-06-15 00:00:00,8.430000305175781,8.430000305175781,8.430000305175781
1990-06-18 00:00:00,8.470000267028809,8.470000267028809,8.470000267028809
1990-06-19 00:00:00,8.479999542236328,8.479999542236328,8.479999542236328
1990-06-20 00:00:00,8.520000457763672,8.520000457763672,8.520000457763672
1990-06-21 00:00:00,8.5,8.5,8.5
1990-06-22 00:00:00,8.489999771118164,8.489999771118164,8.489999771118164
1990-06-25 00:00:00,8.5600004196167,8.5600004196167,8.5600004196167
1990-06-26 00:00:00,8.529999732971191,8.529999732971191,8.529999732971191
1990-06-27 00:00:00,8.489999771118164,8.489999771118164,8.489999771118164
1990-06-28 00:00:00,8.449999809265137,8.449999809265137,8.449999809265137
1990-06-29 00:00:00,8.40999984741211,8.40999984741211,8.40999984741211
1990-07-02 00:00:00,8.40999984741211,8.40999984741211,8.40999984741211
1990-07-03 00:00:00,8.399999618530273,8.399999618530273,8.399999618530273
1990-07-05 00:00:00,8.420000076293945,8.420000076293945,8.420000076293945
1990-07-06 00:00:00,8.510000228881836,8.510000228881836,8.510000228881836
1990-07-09 00:00:00,8.550000190734863,8.550000190734863,8.550000190734863
1990-07-10 00:00:00,8.5600004196167,8.5600004196167,8.5600004196167
1990-07-11 00:00:00,8.5600004196167,8.5600004196167,8.5600004196167
1990-07-12 00:00:00,8.5,8.5,8.5
1990-07-13 00:00:00,8.460000038146973,8.460000038146973,8.460000038146973
1990-07-16 00:00:00,8.460000038146973,8.460000038146973,8.460000038146973
1990-07-17 00:00:00,8.460000038146973,8.460000038146973,8.460000038146973
1990-07-18 00:00:00,8.550000190734863,8.550000190734863,8.550000190734863
1990-07-19 00:00:00,8.5600004196167,8.5600004196167,8.5600004196167
1990-07-20 00:00:00,8.539999961853027,8.539999961853027,8.539999961853027
1990-07-23 00:00:00,8.539999961853027,8.539999961853027,8.539999961853027
1990-07-24 00:00:00,8.59000015258789,8.59000015258789,8.59000015258789
1990-07-25 00:00:00,8.550000190734863,8.550000190734863,8.550000190734863
1990-07-26 00:00:00,8.539999961853027,8.539999961853027,8.539999961853027
1990-07-27 00:00:00,8.479999542236328,8.479999542236328,8.479999542236328
1990-07-30 00:00:00,8.399999618530273,8.399999618530273,8.399999618530273
1990-07-31 00:00:00,8.420000076293945,8.420000076293945,8.420000076293945
1990-08-01 00:00:00,8.359999656677246,8.359999656677246,8.359999656677246
1990-08-02 00:00:00,8.460000038146973,8.460000038146973,8.460000038146973
1990-08-03 00:00:00,8.550000190734863,8.550000190734863,8.550000190734863
1990-08-06 00:00:00,8.819999694824219,8.819999694824219,8.819999694824219
1990-08-07 00:00:00,8.859999656677246,8.859999656677246,8.859999656677246
1990-08-08 00:00:00,8.869999885559082,8.869999885559082,8.869999885559082
1990-08-09 00:00:00,8.75,8.75,8.75
1990-08-10 00:00:00,8.789999961853027,8.789999961853027,8.789999961853027
1990-08-13 00:00:00,8.829999923706055,8.829999923706055,8.829999923706055
1990-08-14 00:00:00,8.779999732971191,8.779999732971191,8.779999732971191
1990-08-15 00:00:00,8.760000228881836,8.760000228881836,8.760000228881836
1990-08-16 00:00:00,8.90999984741211,8.90999984741211,8.90999984741211
1990-08-17 00:00:00,8.9399995803833,8.9399995803833,8.9399995803833
1990-08-20 00:00:00,8.920000076293945,8.920000076293945,8.920000076293945
1990-08-21 00:00:00,8.9399995803833,8.9399995803833,8.9399995803833
1990-08-22 00:00:00,9.029999732971191,9.029999732971191,9.029999732971191
1990-08-23 00:00:00,9.109999656677246,9.109999656677246,9.109999656677246
1990-08-24 00:00:00,9.170000076293945,9.170000076293945,9.170000076293945
1990-08-27 00:00:00,9.020000457763672,9.020000457763672,9.020000457763672
1990-08-28 00:00:00,9.069999694824219,9.069999694824219,9.069999694824219
1990-08-29 00:00:00,8.949999809265137,8.949999809265137,8.949999809265137
1990-08-30 00:00:00,8.979999542236328,8.979999542236328,8.979999542236328
1990-08-31 00:00:00,8.989999771118164,8.989999771118164,8.989999771118164
1990-09-04 00:00:00,9.029999732971191,9.029999732971191,9.029999732971191
1990-09-05 00:00:00,8.979999542236328,8.979999542236328,8.979999542236328
1990-09-06 00:00:00,8.960000038146973,8.960000038146973,8.960000038146973
1990-09-07 00:00:00,8.920000076293945,8.920000076293945,8.920000076293945
1990-09-10 00:00:00,8.979999542236328,8.979999542236328,8.979999542236328
1990-09-11 00:00:00,8.960000038146973,8.960000038146973,8.960000038146973
1990-09-12 00:00:00,8.960000038146973,8.960000038146973,8.960000038146973
1990-09-13 00:00:00,8.960000038146973,8.960000038146973,8.960000038146973
1990-09-14 00:00:00,9.010000228881836,9.010000228881836,9.010000228881836
1990-09-17 00:00:00,9.0600004196167,9.0600004196167,9.0600004196167
1990-09-18 00:00:00,9.050000190734863,9.050000190734863,9.050000190734863
1990-09-19 00:00:00,9.020000457763672,9.020000457763672,9.020000457763672
1990-09-20 00:00:00,9.050000190734863,9.050000190734863,9.050000190734863
1990-09-21 00:00:00,9.130000114440918,9.130000114440918,9.130000114440918
1990-09-24 00:00:00,9.180000305175781,9.180000305175781,9.180000305175781
1990-09-25 00:00:00,9.149999618530273,9.149999618530273,9.149999618530273
1990-09-26 00:00:00,9.140000343322754,9.140000343322754,9.140000343322754
1990-09-27 00:00:00,9.050000190734863,9.050000190734863,9.050000190734863
1990-09-28 00:00:00,8.960000038146973,8.960000038146973,8.960000038146973
1990-10-01 00:00:00,8.84000015258789,8.84000015258789,8.84000015258789
1990-10-02 00:00:00,8.84000015258789,8.84000015258789,8.84000015258789
1990-10-03 00:00:00,8.850000381469727,8.850000381469727,8.850000381469727
1990-10-04 00:00:00,8.8100004196167,8.8100004196167,8.8100004196167
1990-10-05 00:00:00,8.789999961853027,8.789999961853027,8.789999961853027
1990-10-09 00:00:00,8.979999542236328,8.979999542236328,8.979999542236328
1990-10-10 00:00:00,9.029999732971191,9.029999732971191,9.029999732971191
1990-10-11 00:00:00,9.079999923706055,9.079999923706055,9.079999923706055
1990-10-12 00:00:00,8.979999542236328,8.979999542236328,8.979999542236328
1990-10-15 00:00:00,8.949999809265137,8.949999809265137,8.949999809265137
1990-10-16 00:00:00,8.9399995803833,8.9399995803833,8.9399995803833
1990-10-17 00:00:00,8.890000343322754,8.890000343322754,8.890000343322754
1990-10-18 00:00:00,8.850000381469727,8.850000381469727,8.850000381469727
1990-10-19 00:00:00,8.75,8.75,8.75
1990-10-22 00:00:00,8.760000228881836,8.760000228881836,8.760000228881836
1990-10-23 00:00:00,8.789999961853027,8.789999961853027,8.789999961853027
1990-10-24 00:00:00,8.789999961853027,8.789999961853027,8.789999961853027
1990-10-25 00:00:00,8.739999771118164,8.739999771118164,8.739999771118164
1990-10-26 00:00:00,8.760000228881836,8.760000228881836,8.760000228881836
1990-10-29 00:00:00,8.84000015258789,8.84000015258789,8.84000015258789
1990-10-30 00:00:00,8.829999923706055,8.829999923706055,8.829999923706055
1990-10-31 00:00:00,8.779999732971191,8.779999732971191,8.779999732971191
1990-11-01 00:00:00,8.699999809265137,8.699999809265137,8.699999809265137
1990-11-02 00:00:00,8.699999809265137,8.699999809265137,8.699999809265137
1990-11-05 00:00:00,8.630000114440918,8.630000114440918,8.630000114440918
1990-11-06 00:00:00,8.640000343322754,8.640000343322754,8.640000343322754
1990-11-07 00:00:00,8.710000038146973,8.710000038146973,8.710000038146973
1990-11-08 00:00:00,8.729999542236328,8.729999542236328,8.729999542236328
1990-11-09 00:00:00,8.630000114440918,8.630000114440918,8.630000114440918
1990-11-13 00:00:00,8.520000457763672,8.520000457763672,8.520000457763672
1990-11-14 00:00:00,8.510000228881836,8.510000228881836,8.510000228881836
1990-11-15 00:00:00,8.529999732971191,8.529999732971191,8.529999732971191
1990-11-16 00:00:00,8.460000038146973,8.460000038146973,8.460000038146973
1990-11-19 00:00:00,8.510000228881836,8.510000228881836,8.510000228881836
1990-11-20 00:00:00,8.470000267028809,8.470000267028809,8.470000267028809
1990-11-21 00:00:00,8.4399995803833,8.4399995803833,8.4399995803833
1990-11-23 00:00:00,8.4399995803833,8.4399995803833,8.4399995803833
1990-11-26 00:00:00,8.420000076293945,8.420000076293945,8.420000076293945
1990-11-27 00:00:00,8.4399995803833,8.4399995803833,8.4399995803833
1990-11-28 00:00:00,8.460000038146973,8.460000038146973,8.460000038146973
1990-11-29 00:00:00,8.470000267028809,8.470000267028809,8.470000267028809
1990-11-30 00:00:00,8.399999618530273,8.399999618530273,8.399999618530273
1990-12-03 00:00:00,8.359999656677246,8.359999656677246,8.359999656677246
1990-12-04 00:00:00,8.369999885559082,8.369999885559082,8.369999885559082
1990-12-05 00:00:00,8.319999694824219,8.319999694824219,8.319999694824219
1990-12-06 00:00:00,8.350000381469727,8.350000381469727,8.350000381469727
1990-12-07 00:00:00,8.1899995803833,8.1899995803833,8.1899995803833
1990-12-10 00:00:00,8.140000343322754,8.140000343322754,8.140000343322754
1990-12-11 00:00:00,8.100000381469727,8.100000381469727,8.100000381469727
1990-12-12 00:00:00,8.069999694824219,8.069999694824219,8.069999694824219
1990-12-13 00:00:00,8.140000343322754,8.140000343322754,8.140000343322754
1990-12-14 00:00:00,8.199999809265137,8.199999809265137,8.199999809265137
1990-12-17 00:00:00,8.180000305175781,8.180000305175781,8.180000305175781
1990-12-18 00:00:00,8.149999618530273,8.149999618530273,8.149999618530273
1990-12-19 00:00:00,8.1899995803833,8.1899995803833,8.1899995803833
1990-12-20 00:00:00,8.220000267028809,8.220000267028809,8.220000267028809
1990-12-21 00:00:00,8.279999732971191,8.279999732971191,8.279999732971191
1990-12-24 00:00:00,8.359999656677246,8.359999656677246,8.359999656677246
1990-12-26 00:00:00,8.300000190734863,8.300000190734863,8.300000190734863
1990-12-27 00:00:00,8.25,8.25,8.25
1990-12-28 00:00:00,8.3100004196167,8.3100004196167,8.3100004196167
1990-12-31 00:00:00,8.260000228881836,8.260000228881836,8.260000228881836
1991-01-02 00:00:00,8.140000343322754,8.140000343322754,8.140000343322754
1991-01-03 00:00:00,8.109999656677246,8.109999656677246,8.109999656677246
1991-01-04 00:00:00,8.199999809265137,8.199999809265137,8.199999809265137
1991-01-07 00:00:00,8.319999694824219,8.319999694824219,8.319999694824219
1991-01-08 00:00:00,8.369999885559082,8.369999885559082,8.369999885559082
1991-01-09 00:00:00,8.460000038146973,8.460000038146973,8.460000038146973
1991-01-10 00:00:00,8.369999885559082,8.369999885559082,8.369999885559082
1991-01-11 00:00:00,8.390000343322754,8.390000343322754,8.390000343322754
1991-01-14 00:00:00,8.40999984741211,8.40999984741211,8.40999984741211
1991-01-15 00:00:00,8.40999984741211,8.40999984741211,8.40999984741211
1991-01-16 00:00:00,8.399999618530273,8.399999618530273,8.399999618530273
1991-01-17 00:00:00,8.180000305175781,8.180000305175781,8.180000305175781
1991-01-18 00:00:00,8.170000076293945,8.170000076293945,8.170000076293945
1991-01-22 00:00:00,8.229999542236328,8.229999542236328,8.229999542236328
1991-01-23 00:00:00,8.210000038146973,8.210000038146973,8.210000038146973
1991-01-24 00:00:00,8.180000305175781,8.180000305175781,8.180000305175781
1991-01-25 00:00:00,8.239999771118164,8.239999771118164,8.239999771118164
1991-01-28 00:00:00,8.229999542236328,8.229999542236328,8.229999542236328
1991-01-29 00:00:00,8.199999809265137,8.199999809265137,8.199999809265137
1991-01-30 00:00:00,8.229999542236328,8.229999542236328,8.229999542236328
1991-01-31 00:00:00,8.210000038146973,8.210000038146973,8.210000038146973
1991-02-01 00:00:00,8.09000015258789,8.09000015258789,8.09000015258789
1991-02-04 00:00:00,8.050000190734863,8.050000190734863,8.050000190734863
1991-02-05 00:00:00,8.020000457763672,8.020000457763672,8.020000457763672
1991-02-06 00:00:00,8.020000457763672,8.020000457763672,8.020000457763672
1991-02-07 00:00:00,8.010000228881836,8.010000228881836,8.010000228881836
1991-02-08 00:00:00,7.949999809265137,7.949999809265137,7.949999809265137
1991-02-11 00:00:00,7.96999979019165,7.96999979019165,7.96999979019165
1991-02-12 00:00:00,7.960000038146973,7.960000038146973,7.960000038146973
1991-02-13 00:00:00,7.96999979019165,7.96999979019165,7.96999979019165
1991-02-14 00:00:00,7.989999771118164,7.989999771118164,7.989999771118164
1991-02-15 00:00:00,7.96999979019165,7.96999979019165,7.96999979019165
1991-02-19 00:00:00,7.989999771118164,7.989999771118164,7.989999771118164
1991-02-20 00:00:00,8.020000457763672,8.020000457763672,8.020000457763672
1991-02-21 00:00:00,8.039999961853027,8.039999961853027,8.039999961853027
1991-02-22 00:00:00,8.069999694824219,8.069999694824219,8.069999694824219
1991-02-25 00:00:00,8.050000190734863,8.050000190734863,8.050000190734863
1991-02-26 00:00:00,8.140000343322754,8.140000343322754,8.140000343322754
1991-02-27 00:00:00,8.149999618530273,8.149999618530273,8.149999618530273
1991-02-28 00:00:00,8.1899995803833,8.1899995803833,8.1899995803833
1991-03-01 00:00:00,8.279999732971191,8.279999732971191,8.279999732971191
1991-03-04 00:00:00,8.289999961853027,8.289999961853027,8.289999961853027
1991-03-05 00:00:00,8.25,8.25,8.25
1991-03-06 00:00:00,8.289999961853027,8.289999961853027,8.289999961853027
1991-03-07 00:00:00,8.229999542236328,8.229999542236328,8.229999542236328
1991-03-08 00:00:00,8.300000190734863,8.300000190734863,8.300000190734863
1991-03-11 00:00:00,8.229999542236328,8.229999542236328,8.229999542236328
1991-03-12 00:00:00,8.260000228881836,8.260000228881836,8.260000228881836
1991-03-13 00:00:00,8.199999809265137,8.199999809265137,8.199999809265137
1991-03-14 00:00:00,8.199999809265137,8.199999809265137,8.199999809265137
1991-03-15 00:00:00,8.300000190734863,8.300000190734863,8.300000190734863
1991-03-18 00:00:00,8.34000015258789,8.34000015258789,8.34000015258789
1991-03-19 00:00:00,8.420000076293945,8.420000076293945,8.420000076293945
1991-03-20 00:00:00,8.369999885559082,8.369999885559082,8.369999885559082
1991-03-21 00:00:00,8.34000015258789,8.34000015258789,8.34000015258789
1991-03-22 00:00:00,8.329999923706055,8.329999923706055,8.329999923706055
1991-03-25 00:00:00,8.319999694824219,8.319999694824219,8.319999694824219
1991-03-26 00:00:00,8.3100004196167,8.3100004196167,8.3100004196167
1991-03-27 00:00:00,8.260000228881836,8.260000228881836,8.260000228881836
1991-03-28 00:00:00,8.239999771118164,8.239999771118164,8.239999771118164
1991-04-01 00:00:00,8.25,8.25,8.25
1991-04-02 00:00:00,8.220000267028809,8.220000267028809,8.220000267028809
1991-04-03 00:00:00,8.239999771118164,8.239999771118164,8.239999771118164
1991-04-04 00:00:00,8.1899995803833,8.1899995803833,8.1899995803833
1991-04-05 00:00:00,8.180000305175781,8.180000305175781,8.180000305175781
1991-04-08 00:00:00,8.15999984741211,8.15999984741211,8.15999984741211
1991-04-09 00:00:00,8.199999809265137,8.199999809265137,8.199999809265137
1991-04-10 00:00:00,8.270000457763672,8.270000457763672,8.270000457763672
1991-04-11 00:00:00,8.270000457763672,8.270000457763672,8.270000457763672
1991-04-12 00:00:00,8.15999984741211,8.15999984741211,8.15999984741211
1991-04-15 00:00:00,8.119999885559082,8.119999885559082,8.119999885559082
1991-04-16 00:00:00,8.130000114440918,8.130000114440918,8.130000114440918
1991-04-17 00:00:00,8.109999656677246,8.109999656677246,8.109999656677246
1991-04-18 00:00:00,8.180000305175781,8.180000305175781,8.180000305175781
1991-04-19 00:00:00,8.239999771118164,8.239999771118164,8.239999771118164
1991-04-22 00:00:00,8.300000190734863,8.300000190734863,8.300000190734863
1991-04-23 00:00:00,8.279999732971191,8.279999732971191,8.279999732971191
1991-04-24 00:00:00,8.220000267028809,8.220000267028809,8.220000267028809
1991-04-25 00:00:00,8.239999771118164,8.239999771118164,8.239999771118164
1991-04-26 00:00:00,8.220000267028809,8.220000267028809,8.220000267028809
1991-04-29 00:00:00,8.229999542236328,8.229999542236328,8.229999542236328
1991-04-30 00:00:00,8.199999809265137,8.199999809265137,8.199999809265137
1991-05-01 00:00:00,8.180000305175781,8.180000305175781,8.180000305175781
1991-05-02 00:00:00,8.140000343322754,8.140000343322754,8.140000343322754
1991-05-03 00:00:00,8.220000267028809,8.220000267028809,8.220000267028809
1991-05-06 00:00:00,8.229999542236328,8.229999542236328,8.229999542236328
1991-05-07 00:00:00,8.239999771118164,8.239999771118164,8.239999771118164
1991-05-08 00:00:00,8.239999771118164,8.239999771118164,8.239999771118164
1991-05-09 00:00:00,8.210000038146973,8.210000038146973,8.210000038146973
1991-05-10 00:00:00,8.329999923706055,8.329999923706055,8.329999923706055
1991-05-13 00:00:00,8.270000457763672,8.270000457763672,8.270000457763672
1991-05-14 00:00:00,8.359999656677246,8.359999656677246,8.359999656677246
1991-05-15 00:00:00,8.34000015258789,8.34000015258789,8.34000015258789
1991-05-16 00:00:00,8.329999923706055,8.329999923706055,8.329999923706055
1991-05-17 00:00:00,8.279999732971191,8.279999732971191,8.279999732971191
1991-05-20 00:00:00,8.300000190734863,8.300000190734863,8.300000190734863
1991-05-21 00:00:00,8.260000228881836,8.260000228881836,8.260000228881836
1991-05-22 00:00:00,8.279999732971191,8.279999732971191,8.279999732971191
1991-05-23 00:00:00,8.3100004196167,8.3100004196167,8.3100004196167
1991-05-24 00:00:00,8.3100004196167,8.3100004196167,8.3100004196167
1991-05-28 00:00:00,8.279999732971191,8.279999732971191,8.279999732971191
1991-05-29 00:00:00,8.289999961853027,8.289999961853027,8.289999961853027
1991-05-30 00:00:00,8.220000267028809,8.220000267028809,8.220000267028809
1991-05-31 00:00:00,8.260000228881836,8.260000228881836,8.260000228881836
1991-06-03 00:00:00,8.34000015258789,8.34000015258789,8.34000015258789
1991-06-04 00:00:00,8.34000015258789,8.34000015258789,8.34000015258789
1991-06-05 00:00:00,8.390000343322754,8.390000343322754,8.390000343322754
1991-06-06 00:00:00,8.420000076293945,8.420000076293945,8.420000076293945
1991-06-07 00:00:00,8.479999542236328,8.479999542236328,8.479999542236328
1991-06-10 00:00:00,8.479999542236328,8.479999542236328,8.479999542236328
1991-06-11 00:00:00,8.479999542236328,8.479999542236328,8.479999542236328
1991-06-12 00:00:00,8.550000190734863,8.550000190734863,8.550000190734863
1991-06-13 00:00:00,8.529999732971191,8.529999732971191,8.529999732971191
1991-06-14 00:00:00,8.470000267028809,8.470000267028809,8.470000267028809
1991-06-17 00:00:00,8.489999771118164,8.489999771118164,8.489999771118164
1991-06-18 00:00:00,8.520000457763672,8.520000457763672,8.520000457763672
1991-06-19 00:00:00,8.520000457763672,8.520000457763672,8.520000457763672
1991-06-20 00:00:00,8.479999542236328,8.479999542236328,8.479999542236328
1991-06-21 00:00:00,8.510000228881836,8.510000228881836,8.510000228881836
1991-06-24 00:00:00,8.510000228881836,8.510000228881836,8.510000228881836
1991-06-25 00:00:00,8.510000228881836,8.510000228881836,8.510000228881836
1991-06-26 00:00:00,8.510000228881836,8.510000228881836,8.510000228881836
1991-06-27 00:00:00,8.489999771118164,8.489999771118164,8.489999771118164
1991-06-28 00:00:00,8.420000076293945,8.420000076293945,8.420000076293945
1991-07-01 00:00:00,8.4399995803833,8.4399995803833,8.4399995803833
1991-07-02 00:00:00,8.4399995803833,8.4399995803833,8.4399995803833
1991-07-03 00:00:00,8.420000076293945,8.420000076293945,8.420000076293945
1991-07-05 00:00:00,8.489999771118164,8.489999771118164,8.489999771118164
1991-07-08 00:00:00,8.510000228881836,8.510000228881836,8.510000228881836
1991-07-09 00:00:00,8.529999732971191,8.529999732971191,8.529999732971191
1991-07-10 00:00:00,8.529999732971191,8.529999732971191,8.529999732971191
1991-07-11 00:00:00,8.470000267028809,8.470000267028809,8.470000267028809
1991-07-12 00:00:00,8.4399995803833,8.4399995803833,8.4399995803833
1991-07-15 00:00:00,8.4399995803833,8.4399995803833,8.4399995803833
1991-07-16 00:00:00,8.460000038146973,8.460000038146973,8.460000038146973
1991-07-17 00:00:00,8.489999771118164,8.489999771118164,8.489999771118164
1991-07-18 00:00:00,8.5,8.5,8.5
1991-07-19 00:00:00,8.479999542236328,8.479999542236328,8.479999542236328
1991-07-22 00:00:00,8.479999542236328,8.479999542236328,8.479999542236328
1991-07-23 00:00:00,8.5,8.5,8.5
1991-07-24 00:00:00,8.420000076293945,8.420000076293945,8.420000076293945
1991-07-25 00:00:00,8.380000114440918,8.380000114440918,8.380000114440918
1991-07-26 00:00:00,8.390000343322754,8.390000343322754,8.390000343322754
1991-07-29 00:00:00,8.390000343322754,8.390000343322754,8.390000343322754
1991-07-30 00:00:00,8.390000343322754,8.390000343322754,8.390000343322754
1991-07-31 00:00:00,8.359999656677246,8.359999656677246,8.359999656677246
1991-08-01 00:00:00,8.380000114440918,8.380000114440918,8.380000114440918
1991-08-02 00:00:00,8.25,8.25,8.25
1991-08-05 00:00:00,8.239999771118164,8.239999771118164,8.239999771118164
1991-08-06 00:00:00,8.180000305175781,8.180000305175781,8.180000305175781
1991-08-07 00:00:00,8.170000076293945,8.170000076293945,8.170000076293945
1991-08-08 00:00:00,8.220000267028809,8.220000267028809,8.220000267028809
1991-08-09 00:00:00,8.229999542236328,8.229999542236328,8.229999542236328
1991-08-12 00:00:00,8.210000038146973,8.210000038146973,8.210000038146973
1991-08-13 00:00:00,8.170000076293945,8.170000076293945,8.170000076293945
1991-08-14 00:00:00,8.079999923706055,8.079999923706055,8.079999923706055
1991-08-15 00:00:00,8.09000015258789,8.09000015258789,8.09000015258789
1991-08-16 00:00:00,8.09000015258789,8.09000015258789,8.09000015258789
1991-08-19 00:00:00,8.109999656677246,8.109999656677246,8.109999656677246
1991-08-20 00:00:00,8.09000015258789,8.09000015258789,8.09000015258789
1991-08-21 00:00:00,8.069999694824219,8.069999694824219,8.069999694824219
1991-08-22 00:00:00,8.050000190734863,8.050000190734863,8.050000190734863
1991-08-23 00:00:00,8.130000114440918,8.130000114440918,8.130000114440918
1991-08-26 00:00:00,8.149999618530273,8.149999618530273,8.149999618530273
1991-08-27 00:00:00,8.140000343322754,8.140000343322754,8.140000343322754
1991-08-28 00:00:00,8.0600004196167,8.0600004196167,8.0600004196167
1991-08-29 00:00:00,7.989999771118164,7.989999771118164,7.989999771118164
1991-08-30 00:00:00,8.0600004196167,8.0600004196167,8.0600004196167
1991-09-03 00:00:00,8.050000190734863,8.050000190734863,8.050000190734863
1991-09-04 00:00:00,8.0600004196167,8.0600004196167,8.0600004196167
1991-09-05 00:00:00,8.09000015258789,8.09000015258789,8.09000015258789
1991-09-06 00:00:00,8.020000457763672,8.020000457763672,8.020000457763672
1991-09-09 00:00:00,8.0,8.0,8.0
1991-09-10 00:00:00,8.010000228881836,8.010000228881836,8.010000228881836
1991-09-11 00:00:00,8.020000457763672,8.020000457763672,8.020000457763672
1991-09-12 00:00:00,7.960000038146973,7.960000038146973,7.960000038146973
1991-09-13 00:00:00,7.949999809265137,7.949999809265137,7.949999809265137
1991-09-16 00:00:00,7.929999828338623,7.929999828338623,7.929999828338623
1991-09-17 00:00:00,7.920000076293945,7.920000076293945,7.920000076293945
1991-09-18 00:00:00,7.920000076293945,7.920000076293945,7.920000076293945
1991-09-19 00:00:00,7.920000076293945,7.920000076293945,7.920000076293945
1991-09-20 00:00:00,7.889999866485596,7.889999866485596,7.889999866485596
1991-09-23 00:00:00,7.880000114440918,7.880000114440918,7.880000114440918
1991-09-24 00:00:00,7.889999866485596,7.889999866485596,7.889999866485596
1991-09-25 00:00:00,7.909999847412109,7.909999847412109,7.909999847412109
1991-09-26 00:00:00,7.889999866485596,7.889999866485596,7.889999866485596
1991-09-27 00:00:00,7.829999923706055,7.829999923706055,7.829999923706055
1991-09-30 00:00:00,7.820000171661377,7.820000171661377,7.820000171661377
1991-10-01 00:00:00,7.809999942779541,7.809999942779541,7.809999942779541
1991-10-02 00:00:00,7.829999923706055,7.829999923706055,7.829999923706055
1991-10-03 00:00:00,7.840000152587891,7.840000152587891,7.840000152587891
1991-10-04 00:00:00,7.789999961853027,7.789999961853027,7.789999961853027
1991-10-07 00:00:00,7.789999961853027,7.789999961853027,7.789999961853027
1991-10-08 00:00:00,7.820000171661377,7.820000171661377,7.820000171661377
1991-10-09 00:00:00,7.909999847412109,7.909999847412109,7.909999847412109
1991-10-10 00:00:00,7.980000019073486,7.980000019073486,7.980000019073486
1991-10-11 00:00:00,7.900000095367432,7.900000095367432,7.900000095367432
1991-10-15 00:00:00,7.869999885559082,7.869999885559082,7.869999885559082
1991-10-16 00:00:00,7.880000114440918,7.880000114440918,7.880000114440918
1991-10-17 00:00:00,8.0,8.0,8.0
1991-10-18 00:00:00,7.96999979019165,7.96999979019165,7.96999979019165
1991-10-21 00:00:00,8.0600004196167,8.0600004196167,8.0600004196167
1991-10-22 00:00:00,8.100000381469727,8.100000381469727,8.100000381469727
1991-10-23 00:00:00,8.09000015258789,8.09000015258789,8.09000015258789
1991-10-24 00:00:00,8.029999732971191,8.029999732971191,8.029999732971191
1991-10-25 00:00:00,8.050000190734863,8.050000190734863,8.050000190734863
1991-10-28 00:00:00,8.029999732971191,8.029999732971191,8.029999732971191
1991-10-29 00:00:00,7.909999847412109,7.909999847412109,7.909999847412109
1991-10-30 00:00:00,7.900000095367432,7.900000095367432,7.900000095367432
1991-10-31 00:00:00,7.909999847412109,7.909999847412109,7.909999847412109
1991-11-01 00:00:00,7.929999828338623,7.929999828338623,7.929999828338623
1991-11-04 00:00:00,7.949999809265137,7.949999809265137,7.949999809265137
1991-11-05 00:00:00,8.020000457763672,8.020000457763672,8.020000457763672
1991-11-06 00:00:00,8.010000228881836,8.010000228881836,8.010000228881836
1991-11-07 00:00:00,7.920000076293945,7.920000076293945,7.920000076293945
1991-11-08 00:00:00,7.880000114440918,7.880000114440918,7.880000114440918
1991-11-12 00:00:00,7.800000190734863,7.800000190734863,7.800000190734863
1991-11-13 00:00:00,7.880000114440918,7.880000114440918,7.880000114440918
1991-11-14 00:00:00,7.820000171661377,7.820000171661377,7.820000171661377
1991-11-15 00:00:00,7.840000152587891,7.840000152587891,7.840000152587891
1991-11-18 00:00:00,7.840000152587891,7.840000152587891,7.840000152587891
1991-11-19 00:00:00,7.900000095367432,7.900000095367432,7.900000095367432
1991-11-20 00:00:00,7.920000076293945,7.920000076293945,7.920000076293945
1991-11-21 00:00:00,7.960000038146973,7.960000038146973,7.960000038146973
1991-11-22 00:00:00,7.989999771118164,7.989999771118164,7.989999771118164
1991-11-25 00:00:00,7.989999771118164,7.989999771118164,7.989999771118164
1991-11-26 00:00:00,7.949999809265137,7.949999809265137,7.949999809265137
1991-11-27 00:00:00,7.96999979019165,7.96999979019165,7.96999979019165
1991-11-29 00:00:00,7.940000057220459,7.940000057220459,7.940000057220459
1991-12-02 00:00:00,7.920000076293945,7.920000076293945,7.920000076293945
1991-12-03 00:00:00,7.900000095367432,7.900000095367432,7.900000095367432
1991-12-04 00:00:00,7.840000152587891,7.840000152587891,7.840000152587891
1991-12-05 00:00:00,7.860000133514404,7.860000133514404,7.860000133514404
1991-12-06 00:00:00,7.78000020980835,7.78000020980835,7.78000020980835
1991-12-09 00:00:00,7.78000020980835,7.78000020980835,7.78000020980835
1991-12-10 00:00:00,7.789999961853027,7.789999961853027,7.789999961853027
1991-12-11 00:00:00,7.809999942779541,7.809999942779541,7.809999942779541
1991-12-12 00:00:00,7.769999980926514,7.769999980926514,7.769999980926514
1991-12-13 00:00:00,7.789999961853027,7.789999961853027,7.789999961853027
1991-12-16 00:00:00,7.769999980926514,7.769999980926514,7.769999980926514
1991-12-17 00:00:00,7.75,7.75,7.75
1991-12-18 00:00:00,7.760000228881836,7.760000228881836,7.760000228881836
1991-12-19 00:00:00,7.679999828338623,7.679999828338623,7.679999828338623
1991-12-20 00:00:00,7.590000152587891,7.590000152587891,7.590000152587891
1991-12-23 00:00:00,7.53000020980835,7.53000020980835,7.53000020980835
1991-12-24 00:00:00,7.53000020980835,7.53000020980835,7.53000020980835
1991-12-26 00:00:00,7.510000228881836,7.510000228881836,7.510000228881836
1991-12-27 00:00:00,7.519999980926514,7.519999980926514,7.519999980926514
1991-12-30 00:00:00,7.449999809265137,7.449999809265137,7.449999809265137
1991-12-31 00:00:00,7.409999847412109,7.409999847412109,7.409999847412109
1992-01-02 00:00:00,7.460000038146973,7.460000038146973,7.460000038146973
1992-01-03 00:00:00,7.480000019073486,7.480000019073486,7.480000019073486
1992-01-06 00:00:00,7.440000057220459,7.440000057220459,7.440000057220459
1992-01-07 00:00:00,7.389999866485596,7.389999866485596,7.389999866485596
1992-01-08 00:00:00,7.409999847412109,7.409999847412109,7.409999847412109
1992-01-09 00:00:00,7.420000076293945,7.420000076293945,7.420000076293945
1992-01-10 00:00:00,7.46999979019165,7.46999979019165,7.46999979019165
1992-01-13 00:00:00,7.489999771118164,7.489999771118164,7.489999771118164
1992-01-14 00:00:00,7.539999961853027,7.539999961853027,7.539999961853027
1992-01-15 00:00:00,7.570000171661377,7.570000171661377,7.570000171661377
1992-01-16 00:00:00,7.650000095367432,7.650000095367432,7.650000095367432
1992-01-17 00:00:00,7.610000133514404,7.610000133514404,7.610000133514404
1992-01-21 00:00:00,7.570000171661377,7.570000171661377,7.570000171661377
1992-01-22 00:00:00,7.619999885559082,7.619999885559082,7.619999885559082
1992-01-23 00:00:00,7.710000038146973,7.710000038146973,7.710000038146973
1992-01-24 00:00:00,7.710000038146973,7.710000038146973,7.710000038146973
1992-01-27 00:00:00,7.710000038146973,7.710000038146973,7.710000038146973
1992-01-28 00:00:00,7.659999847412109,7.659999847412109,7.659999847412109
1992-01-29 00:00:00,7.75,7.75,7.75
1992-01-30 00:00:00,7.789999961853027,7.789999961853027,7.789999961853027
1992-01-31 00:00:00,7.769999980926514,7.769999980926514,7.769999980926514
1992-02-03 00:00:00,7.820000171661377,7.820000171661377,7.820000171661377
1992-02-04 00:00:00,7.760000228881836,7.760000228881836,7.760000228881836
1992-02-05 00:00:00,7.739999771118164,7.739999771118164,7.739999771118164
1992-02-06 00:00:00,7.75,7.75,7.75
1992-02-07 00:00:00,7.769999980926514,7.769999980926514,7.769999980926514
1992-02-10 00:00:00,7.789999961853027,7.789999961853027,7.789999961853027
1992-02-11 00:00:00,7.789999961853027,7.789999961853027,7.789999961853027
1992-02-12 00:00:00,7.809999942779541,7.809999942779541,7.809999942779541
1992-02-13 00:00:00,7.920000076293945,7.920000076293945,7.920000076293945
1992-02-14 00:00:00,7.909999847412109,7.909999847412109,7.909999847412109
1992-02-18 00:00:00,7.96999979019165,7.96999979019165,7.96999979019165
1992-02-19 00:00:00,7.929999828338623,7.929999828338623,7.929999828338623
1992-02-20 00:00:00,7.909999847412109,7.909999847412109,7.909999847412109
1992-02-21 00:00:00,7.949999809265137,7.949999809265137,7.949999809265137
1992-02-24 00:00:00,7.96999979019165,7.96999979019165,7.96999979019165
1992-02-25 00:00:00,7.940000057220459,7.940000057220459,7.940000057220459
1992-02-26 00:00:00,7.849999904632568,7.849999904632568,7.849999904632568
1992-02-27 00:00:00,7.860000133514404,7.860000133514404,7.860000133514404
1992-02-28 00:00:00,7.800000190734863,7.800000190734863,7.800000190734863
1992-03-02 00:00:00,7.900000095367432,7.900000095367432,7.900000095367432
1992-03-03 00:00:00,7.929999828338623,7.929999828338623,7.929999828338623
1992-03-04 00:00:00,7.900000095367432,7.900000095367432,7.900000095367432
1992-03-05 00:00:00,7.949999809265137,7.949999809265137,7.949999809265137
1992-03-06 00:00:00,7.929999828338623,7.929999828338623,7.929999828338623
1992-03-09 00:00:00,7.880000114440918,7.880000114440918,7.880000114440918
1992-03-10 00:00:00,7.889999866485596,7.889999866485596,7.889999866485596
1992-03-11 00:00:00,7.960000038146973,7.960000038146973,7.960000038146973
1992-03-12 00:00:00,8.039999961853027,8.039999961853027,8.039999961853027
1992-03-13 00:00:00,8.0600004196167,8.0600004196167,8.0600004196167
1992-03-16 00:00:00,8.069999694824219,8.069999694824219,8.069999694824219
1992-03-17 00:00:00,8.020000457763672,8.020000457763672,8.020000457763672
1992-03-18 00:00:00,8.010000228881836,8.010000228881836,8.010000228881836
1992-03-19 00:00:00,7.980000019073486,7.980000019073486,7.980000019073486
1992-03-20 00:00:00,8.050000190734863,8.050000190734863,8.050000190734863
1992-03-23 00:00:00,8.039999961853027,8.039999961853027,8.039999961853027
1992-03-24 00:00:00,7.940000057220459,7.940000057220459,7.940000057220459
1992-03-25 00:00:00,7.940000057220459,7.940000057220459,7.940000057220459
1992-03-26 00:00:00,7.989999771118164,7.989999771118164,7.989999771118164
1992-03-27 00:00:00,7.940000057220459,7.940000057220459,7.940000057220459
1992-03-30 00:00:00,7.949999809265137,7.949999809265137,7.949999809265137
1992-03-31 00:00:00,7.960000038146973,7.960000038146973,7.960000038146973
1992-04-01 00:00:00,7.900000095367432,7.900000095367432,7.900000095367432
1992-04-02 00:00:00,7.920000076293945,7.920000076293945,7.920000076293945
1992-04-03 00:00:00,7.880000114440918,7.880000114440918,7.880000114440918
1992-04-06 00:00:00,7.880000114440918,7.880000114440918,7.880000114440918
1992-04-07 00:00:00,7.900000095367432,7.900000095367432,7.900000095367432
1992-04-08 00:00:00,7.940000057220459,7.940000057220459,7.940000057220459
1992-04-09 00:00:00,7.849999904632568,7.849999904632568,7.849999904632568
1992-04-10 00:00:00,7.889999866485596,7.889999866485596,7.889999866485596
1992-04-13 00:00:00,7.860000133514404,7.860000133514404,7.860000133514404
1992-04-14 00:00:00,7.880000114440918,7.880000114440918,7.880000114440918
1992-04-15 00:00:00,7.869999885559082,7.869999885559082,7.869999885559082
1992-04-16 00:00:00,7.929999828338623,7.929999828338623,7.929999828338623
1992-04-20 00:00:00,8.020000457763672,8.020000457763672,8.020000457763672
1992-04-21 00:00:00,8.029999732971191,8.029999732971191,8.029999732971191
1992-04-22 00:00:00,8.039999961853027,8.039999961853027,8.039999961853027
1992-04-23 00:00:00,8.0600004196167,8.0600004196167,8.0600004196167
1992-04-24 00:00:00,8.0600004196167,8.0600004196167,8.0600004196167
1992-04-27 00:00:00,8.100000381469727,8.100000381469727,8.100000381469727
1992-04-28 00:00:00,8.0600004196167,8.0600004196167,8.0600004196167
1992-04-29 00:00:00,8.079999923706055,8.079999923706055,8.079999923706055
1992-04-30 00:00:00,8.0600004196167,8.0600004196167,8.0600004196167
1992-05-01 00:00:00,8.010000228881836,8.010000228881836,8.010000228881836
1992-05-04 00:00:00,8.029999732971191,8.029999732971191,8.029999732971191
1992-05-05 00:00:00,8.010000228881836,8.010000228881836,8.010000228881836
1992-05-06 00:00:00,7.96999979019165,7.96999979019165,7.96999979019165
1992-05-07 00:00:00,8.0,8.0,8.0
1992-05-08 00:00:00,7.900000095367432,7.900000095367432,7.900000095367432
1992-05-11 00:00:00,7.900000095367432,7.900000095367432,7.900000095367432
1992-05-12 00:00:00,7.860000133514404,7.860000133514404,7.860000133514404
1992-05-13 00:00:00,7.849999904632568,7.849999904632568,7.849999904632568
1992-05-14 00:00:00,7.869999885559082,7.869999885559082,7.869999885559082
1992-05-15 00:00:00,7.809999942779541,7.809999942779541,7.809999942779541
1992-05-18 00:00:00,7.820000171661377,7.820000171661377,7.820000171661377
1992-05-19 00:00:00,7.769999980926514,7.769999980926514,7.769999980926514
1992-05-20 00:00:00,7.789999961853027,7.789999961853027,7.789999961853027
1992-05-21 00:00:00,7.860000133514404,7.860000133514404,7.860000133514404
1992-05-22 00:00:00,7.829999923706055,7.829999923706055,7.829999923706055
1992-05-26 00:00:00,7.920000076293945,7.920000076293945,7.920000076293945
1992-05-27 00:00:00,7.909999847412109,7.909999847412109,7.909999847412109
1992-05-28 00:00:00,7.869999885559082,7.869999885559082,7.869999885559082
1992-05-29 00:00:00,7.840000152587891,7.840000152587891,7.840000152587891
1992-06-01 00:00:00,7.900000095367432,7.900000095367432,7.900000095367432
1992-06-02 00:00:00,7.869999885559082,7.869999885559082,7.869999885559082
1992-06-03 00:00:00,7.880000114440918,7.880000114440918,7.880000114440918
1992-06-04 00:00:00,7.880000114440918,7.880000114440918,7.880000114440918
1992-06-05 00:00:00,7.840000152587891,7.840000152587891,7.840000152587891
1992-06-08 00:00:00,7.840000152587891,7.840000152587891,7.840000152587891
1992-06-09 00:00:00,7.880000114440918,7.880000114440918,7.880000114440918
1992-06-10 00:00:00,7.900000095367432,7.900000095367432,7.900000095367432
1992-06-11 00:00:00,7.880000114440918,7.880000114440918,7.880000114440918
1992-06-12 00:00:00,7.849999904632568,7.849999904632568,7.849999904632568
1992-06-15 00:00:00,7.849999904632568,7.849999904632568,7.849999904632568
1992-06-16 00:00:00,7.840000152587891,7.840000152587891,7.840000152587891
1992-06-17 00:00:00,7.820000171661377,7.820000171661377,7.820000171661377
1992-06-18 00:00:00,7.800000190734863,7.800000190734863,7.800000190734863
1992-06-19 00:00:00,7.829999923706055,7.829999923706055,7.829999923706055
1992-06-22 00:00:00,7.840000152587891,7.840000152587891,7.840000152587891
1992-06-23 00:00:00,7.849999904632568,7.849999904632568,7.849999904632568
1992-06-24 00:00:00,7.829999923706055,7.829999923706055,7.829999923706055
1992-06-25 00:00:00,7.78000020980835,7.78000020980835,7.78000020980835
1992-06-26 00:00:00,7.789999961853027,7.789999961853027,7.789999961853027
1992-06-29 00:00:00,7.78000020980835,7.78000020980835,7.78000020980835
1992-06-30 00:00:00,7.789999961853027,7.789999961853027,7.789999961853027
1992-07-01 00:00:00,7.760000228881836,7.760000228881836,7.760000228881836
1992-07-02 00:00:00,7.630000114440918,7.630000114440918,7.630000114440918
1992-07-06 00:00:00,7.619999885559082,7.619999885559082,7.619999885559082
1992-07-07 00:00:00,7.610000133514404,7.610000133514404,7.610000133514404
1992-07-08 00:00:00,7.610000133514404,7.610000133514404,7.610000133514404
1992-07-09 00:00:00,7.610000133514404,7.610000133514404,7.610000133514404
1992-07-10 00:00:00,7.639999866485596,7.639999866485596,7.639999866485596
1992-07-13 00:00:00,7.670000076293945,7.670000076293945,7.670000076293945
1992-07-14 00:00:00,7.690000057220459,7.690000057220459,7.690000057220459
1992-07-15 00:00:00,7.639999866485596,7.639999866485596,7.639999866485596
1992-07-16 00:00:00,7.619999885559082,7.619999885559082,7.619999885559082
1992-07-17 00:00:00,7.679999828338623,7.679999828338623,7.679999828338623
1992-07-20 00:00:00,7.659999847412109,7.659999847412109,7.659999847412109
1992-07-21 00:00:00,7.670000076293945,7.670000076293945,7.670000076293945
1992-07-22 00:00:00,7.619999885559082,7.619999885559082,7.619999885559082
1992-07-23 00:00:00,7.539999961853027,7.539999961853027,7.539999961853027
1992-07-24 00:00:00,7.570000171661377,7.570000171661377,7.570000171661377
1992-07-27 00:00:00,7.53000020980835,7.53000020980835,7.53000020980835
1992-07-28 00:00:00,7.440000057220459,7.440000057220459,7.440000057220459
1992-07-29 00:00:00,7.429999828338623,7.429999828338623,7.429999828338623
1992-07-30 00:00:00,7.460000038146973,7.460000038146973,7.460000038146973
1992-07-31 00:00:00,7.460000038146973,7.460000038146973,7.460000038146973
1992-08-03 00:00:00,7.460000038146973,7.460000038146973,7.460000038146973
1992-08-04 00:00:00,7.429999828338623,7.429999828338623,7.429999828338623
1992-08-05 00:00:00,7.429999828338623,7.429999828338623,7.429999828338623
1992-08-06 00:00:00,7.449999809265137,7.449999809265137,7.449999809265137
1992-08-07 00:00:00,7.400000095367432,7.400000095367432,7.400000095367432
1992-08-10 00:00:00,7.369999885559082,7.369999885559082,7.369999885559082
1992-08-11 00:00:00,7.329999923706055,7.329999923706055,7.329999923706055
1992-08-12 00:00:00,7.329999923706055,7.329999923706055,7.329999923706055
1992-08-13 00:00:00,7.360000133514404,7.360000133514404,7.360000133514404
1992-08-14 00:00:00,7.329999923706055,7.329999923706055,7.329999923706055
1992-08-17 00:00:00,7.369999885559082,7.369999885559082,7.369999885559082
1992-08-18 00:00:00,7.329999923706055,7.329999923706055,7.329999923706055
1992-08-19 00:00:00,7.329999923706055,7.329999923706055,7.329999923706055
1992-08-20 00:00:00,7.320000171661377,7.320000171661377,7.320000171661377
1992-08-21 00:00:00,7.360000133514404,7.360000133514404,7.360000133514404
1992-08-24 00:00:00,7.440000057220459,7.440000057220459,7.440000057220459
1992-08-25 00:00:00,7.46999979019165,7.46999979019165,7.46999979019165
1992-08-26 00:00:00,7.429999828338623,7.429999828338623,7.429999828338623
1992-08-27 00:00:00,7.420000076293945,7.420000076293945,7.420000076293945
1992-08-28 00:00:00,7.420000076293945,7.420000076293945,7.420000076293945
1992-08-31 00:00:00,7.420000076293945,7.420000076293945,7.420000076293945
1992-09-01 00:00:00,7.380000114440918,7.380000114440918,7.380000114440918
1992-09-02 00:00:00,7.369999885559082,7.369999885559082,7.369999885559082
1992-09-03 00:00:00,7.369999885559082,7.369999885559082,7.369999885559082
1992-09-04 00:00:00,7.289999961853027,7.289999961853027,7.289999961853027
1992-09-08 00:00:00,7.230000019073486,7.230000019073486,7.230000019073486
1992-09-09 00:00:00,7.25,7.25,7.25
1992-09-10 00:00:00,7.239999771118164,7.239999771118164,7.239999771118164
1992-09-11 00:00:00,7.300000190734863,7.300000190734863,7.300000190734863
1992-09-14 00:00:00,7.260000228881836,7.260000228881836,7.260000228881836
1992-09-15 00:00:00,7.329999923706055,7.329999923706055,7.329999923706055
1992-09-16 00:00:00,7.349999904632568,7.349999904632568,7.349999904632568
1992-09-17 00:00:00,7.340000152587891,7.340000152587891,7.340000152587891
1992-09-18 00:00:00,7.320000171661377,7.320000171661377,7.320000171661377
1992-09-21 00:00:00,7.349999904632568,7.349999904632568,7.349999904632568
1992-09-22 00:00:00,7.449999809265137,7.449999809265137,7.449999809265137
1992-09-23 00:00:00,7.480000019073486,7.480000019073486,7.480000019073486
1992-09-24 00:00:00,7.420000076293945,7.420000076293945,7.420000076293945
1992-09-25 00:00:00,7.349999904632568,7.349999904632568,7.349999904632568
1992-09-28 00:00:00,7.340000152587891,7.340000152587891,7.340000152587891
1992-09-29 00:00:00,7.360000133514404,7.360000133514404,7.360000133514404
1992-09-30 00:00:00,7.380000114440918,7.380000114440918,7.380000114440918
1992-10-01 00:00:00,7.300000190734863,7.300000190734863,7.300000190734863
1992-10-02 00:00:00,7.329999923706055,7.329999923706055,7.329999923706055
1992-10-05 00:00:00,7.340000152587891,7.340000152587891,7.340000152587891
1992-10-06 00:00:00,7.409999847412109,7.409999847412109,7.409999847412109
1992-10-07 00:00:00,7.480000019073486,7.480000019073486,7.480000019073486
1992-10-08 00:00:00,7.449999809265137,7.449999809265137,7.449999809265137
1992-10-09 00:00:00,7.519999980926514,7.519999980926514,7.519999980926514
1992-10-13 00:00:00,7.53000020980835,7.53000020980835,7.53000020980835
1992-10-14 00:00:00,7.5,7.5,7.5
1992-10-15 00:00:00,7.510000228881836,7.510000228881836,7.510000228881836
1992-10-16 00:00:00,7.539999961853027,7.539999961853027,7.539999961853027
1992-10-19 00:00:00,7.570000171661377,7.570000171661377,7.570000171661377
1992-10-20 00:00:00,7.650000095367432,7.650000095367432,7.650000095367432
1992-10-21 00:00:00,7.630000114440918,7.630000114440918,7.630000114440918
1992-10-22 00:00:00,7.610000133514404,7.610000133514404,7.610000133514404
1992-10-23 00:00:00,7.650000095367432,7.650000095367432,7.650000095367432
1992-10-26 00:00:00,7.659999847412109,7.659999847412109,7.659999847412109
1992-10-27 00:00:00,7.619999885559082,7.619999885559082,7.619999885559082
1992-10-28 00:00:00,7.639999866485596,7.639999866485596,7.639999866485596
1992-10-29 00:00:00,7.599999904632568,7.599999904632568,7.599999904632568
1992-10-30 00:00:00,7.630000114440918,7.630000114440918,7.630000114440918
1992-11-02 00:00:00,7.659999847412109,7.659999847412109,7.659999847412109
1992-11-03 00:00:00,7.650000095367432,7.650000095367432,7.650000095367432
1992-11-04 00:00:00,7.690000057220459,7.690000057220459,7.690000057220459
1992-11-05 00:00:00,7.690000057220459,7.690000057220459,7.690000057220459
1992-11-06 00:00:00,7.760000228881836,7.760000228881836,7.760000228881836
1992-11-09 00:00:00,7.75,7.75,7.75
1992-11-10 00:00:00,7.679999828338623,7.679999828338623,7.679999828338623
1992-11-12 00:00:00,7.570000171661377,7.570000171661377,7.570000171661377
1992-11-13 00:00:00,7.570000171661377,7.570000171661377,7.570000171661377
1992-11-16 00:00:00,7.559999942779541,7.559999942779541,7.559999942779541
1992-11-17 00:00:00,7.550000190734863,7.550000190734863,7.550000190734863
1992-11-18 00:00:00,7.510000228881836,7.510000228881836,7.510000228881836
1992-11-19 00:00:00,7.539999961853027,7.539999961853027,7.539999961853027
1992-11-20 00:00:00,7.539999961853027,7.539999961853027,7.539999961853027
1992-11-23 00:00:00,7.559999942779541,7.559999942779541,7.559999942779541
1992-11-24 00:00:00,7.53000020980835,7.53000020980835,7.53000020980835
1992-11-25 00:00:00,7.539999961853027,7.539999961853027,7.539999961853027
1992-11-27 00:00:00,7.590000152587891,7.590000152587891,7.590000152587891
1992-11-30 00:00:00,7.590000152587891,7.590000152587891,7.590000152587891
1992-12-01 00:00:00,7.570000171661377,7.570000171661377,7.570000171661377
1992-12-02 00:00:00,7.570000171661377,7.570000171661377,7.570000171661377
1992-12-03 00:00:00,7.570000171661377,7.570000171661377,7.570000171661377
1992-12-04 00:00:00,7.5,7.5,7.5
1992-12-07 00:00:00,7.449999809265137,7.449999809265137,7.449999809265137
1992-12-08 00:00:00,7.440000057220459,7.440000057220459,7.440000057220459
1992-12-09 00:00:00,7.440000057220459,7.440000057220459,7.440000057220459
1992-12-10 00:00:00,7.420000076293945,7.420000076293945,7.420000076293945
1992-12-11 00:00:00,7.440000057220459,7.440000057220459,7.440000057220459
1992-12-14 00:00:00,7.449999809265137,7.449999809265137,7.449999809265137
1992-12-15 00:00:00,7.449999809265137,7.449999809265137,7.449999809265137
1992-12-16 00:00:00,7.440000057220459,7.440000057220459,7.440000057220459
1992-12-17 00:00:00,7.429999828338623,7.429999828338623,7.429999828338623
1992-12-18 00:00:00,7.429999828338623,7.429999828338623,7.429999828338623
1992-12-21 00:00:00,7.380000114440918,7.380000114440918,7.380000114440918
1992-12-22 00:00:00,7.340000152587891,7.340000152587891,7.340000152587891
1992-12-23 00:00:00,7.360000133514404,7.360000133514404,7.360000133514404
1992-12-24 00:00:00,7.360000133514404,7.360000133514404,7.360000133514404
1992-12-28 00:00:00,7.400000095367432,7.400000095367432,7.400000095367432
1992-12-29 00:00:00,7.369999885559082,7.369999885559082,7.369999885559082
1992-12-30 00:00:00,7.389999866485596,7.389999866485596,7.389999866485596
1992-12-31 00:00:00,7.400000095367432,7.400000095367432,7.400000095367432
1993-01-04 00:00:00,7.329999923706055,7.329999923706055,7.329999923706055
1993-01-05 00:00:00,7.329999923706055,7.329999923706055,7.329999923706055
1993-01-06 00:00:00,7.340000152587891,7.340000152587891,7.340000152587891
1993-01-07 00:00:00,7.449999809265137,7.449999809265137,7.449999809265137
1993-01-08 00:00:00,7.46999979019165,7.46999979019165,7.46999979019165
1993-01-11 00:00:00,7.46999979019165,7.46999979019165,7.46999979019165
1993-01-12 00:00:00,7.480000019073486,7.480000019073486,7.480000019073486
1993-01-13 00:00:00,7.449999809265137,7.449999809265137,7.449999809265137
1993-01-14 00:00:00,7.409999847412109,7.409999847412109,7.409999847412109
1993-01-15 00:00:00,7.349999904632568,7.349999904632568,7.349999904632568
1993-01-19 00:00:00,7.309999942779541,7.309999942779541,7.309999942779541
1993-01-20 00:00:00,7.320000171661377,7.320000171661377,7.320000171661377
1993-01-21 00:00:00,7.309999942779541,7.309999942779541,7.309999942779541
1993-01-22 00:00:00,7.300000190734863,7.300000190734863,7.300000190734863
1993-01-25 00:00:00,7.21999979019165,7.21999979019165,7.21999979019165
1993-01-26 00:00:00,7.260000228881836,7.260000228881836,7.260000228881836
1993-01-27 00:00:00,7.25,7.25,7.25
1993-01-28 00:00:00,7.230000019073486,7.230000019073486,7.230000019073486
1993-01-29 00:00:00,7.210000038146973,7.210000038146973,7.210000038146973
1993-02-01 00:00:00,7.210000038146973,7.210000038146973,7.210000038146973
1993-02-02 00:00:00,7.25,7.25,7.25
1993-02-03 00:00:00,7.230000019073486,7.230000019073486,7.230000019073486
1993-02-04 00:00:00,7.190000057220459,7.190000057220459,7.190000057220459
1993-02-05 00:00:00,7.170000076293945,7.170000076293945,7.170000076293945
1993-02-08 00:00:00,7.179999828338623,7.179999828338623,7.179999828338623
1993-02-09 00:00:00,7.199999809265137,7.199999809265137,7.199999809265137
1993-02-10 00:00:00,7.260000228881836,7.260000228881836,7.260000228881836
1993-02-11 00:00:00,7.150000095367432,7.150000095367432,7.150000095367432
1993-02-12 00:00:00,7.130000114440918,7.130000114440918,7.130000114440918
1993-02-16 00:00:00,7.139999866485596,7.139999866485596,7.139999866485596
1993-02-17 00:00:00,7.110000133514404,7.110000133514404,7.110000133514404
1993-02-18 00:00:00,7.019999980926514,7.019999980926514,7.019999980926514
1993-02-19 00:00:00,7.010000228881836,7.010000228881836,7.010000228881836
1993-02-22 00:00:00,6.949999809265137,6.949999809265137,6.949999809265137
1993-02-23 00:00:00,6.829999923706055,6.829999923706055,6.829999923706055
1993-02-24 00:00:00,6.880000114440918,6.880000114440918,6.880000114440918
1993-02-25 00:00:00,6.889999866485596,6.889999866485596,6.889999866485596
1993-02-26 00:00:00,6.900000095367432,6.900000095367432,6.900000095367432
1993-03-01 00:00:00,6.829999923706055,6.829999923706055,6.829999923706055
1993-03-02 00:00:00,6.840000152587891,6.840000152587891,6.840000152587891
1993-03-03 00:00:00,6.78000020980835,6.78000020980835,6.78000020980835
1993-03-04 00:00:00,6.730000019073486,6.730000019073486,6.730000019073486
1993-03-05 00:00:00,6.760000228881836,6.760000228881836,6.760000228881836
1993-03-08 00:00:00,6.71999979019165,6.71999979019165,6.71999979019165
1993-03-09 00:00:00,6.730000019073486,6.730000019073486,6.730000019073486
1993-03-10 00:00:00,6.75,6.75,6.75
1993-03-11 00:00:00,6.75,6.75,6.75
1993-03-12 00:00:00,6.860000133514404,6.860000133514404,6.860000133514404
1993-03-15 00:00:00,6.909999847412109,6.909999847412109,6.909999847412109
1993-03-16 00:00:00,6.869999885559082,6.869999885559082,6.869999885559082
1993-03-17 00:00:00,6.860000133514404,6.860000133514404,6.860000133514404
1993-03-18 00:00:00,6.800000190734863,6.800000190734863,6.800000190734863
1993-03-19 00:00:00,6.809999942779541,6.809999942779541,6.809999942779541
1993-03-22 00:00:00,6.809999942779541,6.809999942779541,6.809999942779541
1993-03-23 00:00:00,6.769999980926514,6.769999980926514,6.769999980926514
1993-03-24 00:00:00,6.809999942779541,6.809999942779541,6.809999942779541
1993-03-25 00:00:00,6.829999923706055,6.829999923706055,6.829999923706055
1993-03-26 00:00:00,6.940000057220459,6.940000057220459,6.940000057220459
1993-03-29 00:00:00,6.900000095367432,6.900000095367432,6.900000095367432
1993-03-30 00:00:00,6.909999847412109,6.909999847412109,6.909999847412109
1993-03-31 00:00:00,6.929999828338623,6.929999828338623,6.929999828338623
1993-04-01 00:00:00,6.96999979019165,6.96999979019165,6.96999979019165
1993-04-02 00:00:00,7.059999942779541,7.059999942779541,7.059999942779541
1993-04-05 00:00:00,7.039999961853027,7.039999961853027,7.039999961853027
1993-04-06 00:00:00,6.96999979019165,6.96999979019165,6.96999979019165
1993-04-07 00:00:00,6.960000038146973,6.960000038146973,6.960000038146973
1993-04-08 00:00:00,6.849999904632568,6.849999904632568,6.849999904632568
1993-04-12 00:00:00,6.789999961853027,6.789999961853027,6.789999961853027
1993-04-13 00:00:00,6.800000190734863,6.800000190734863,6.800000190734863
1993-04-14 00:00:00,6.760000228881836,6.760000228881836,6.760000228881836
1993-04-15 00:00:00,6.730000019073486,6.730000019073486,6.730000019073486
1993-04-16 00:00:00,6.760000228881836,6.760000228881836,6.760000228881836
1993-04-19 00:00:00,6.730000019073486,6.730000019073486,6.730000019073486
1993-04-20 00:00:00,6.760000228881836,6.760000228881836,6.760000228881836
1993-04-21 00:00:00,6.75,6.75,6.75
1993-04-22 00:00:00,6.75,6.75,6.75
1993-04-23 00:00:00,6.789999961853027,6.789999961853027,6.789999961853027
1993-04-26 00:00:00,6.829999923706055,6.829999923706055,6.829999923706055
1993-04-27 00:00:00,6.900000095367432,6.900000095367432,6.900000095367432
1993-04-28 00:00:00,6.909999847412109,6.909999847412109,6.909999847412109
1993-04-29 00:00:00,6.880000114440918,6.880000114440918,6.880000114440918
1993-04-30 00:00:00,6.949999809265137,6.949999809265137,6.949999809265137
1993-05-03 00:00:00,6.860000133514404,6.860000133514404,6.860000133514404
1993-05-04 00:00:00,6.809999942779541,6.809999942779541,6.809999942779541
1993-05-05 00:00:00,6.820000171661377,6.820000171661377,6.820000171661377
1993-05-06 00:00:00,6.800000190734863,6.800000190734863,6.800000190734863
1993-05-07 00:00:00,6.849999904632568,6.849999904632568,6.849999904632568
1993-05-10 00:00:00,6.809999942779541,6.809999942779541,6.809999942779541
1993-05-11 00:00:00,6.820000171661377,6.820000171661377,6.820000171661377
1993-05-12 00:00:00,6.860000133514404,6.860000133514404,6.860000133514404
1993-05-13 00:00:00,6.960000038146973,6.960000038146973,6.960000038146973
1993-05-14 00:00:00,6.949999809265137,6.949999809265137,6.949999809265137
1993-05-17 00:00:00,6.96999979019165,6.96999979019165,6.96999979019165
1993-05-18 00:00:00,7.019999980926514,7.019999980926514,7.019999980926514
1993-05-19 00:00:00,6.980000019073486,6.980000019073486,6.980000019073486
1993-05-20 00:00:00,6.989999771118164,6.989999771118164,6.989999771118164
1993-05-21 00:00:00,7.03000020980835,7.03000020980835,7.03000020980835
1993-05-24 00:00:00,6.989999771118164,6.989999771118164,6.989999771118164
1993-05-25 00:00:00,7.010000228881836,7.010000228881836,7.010000228881836
1993-05-26 00:00:00,6.940000057220459,6.940000057220459,6.940000057220459
1993-05-27 00:00:00,6.929999828338623,6.929999828338623,6.929999828338623
1993-05-28 00:00:00,6.980000019073486,6.980000019073486,6.980000019073486
1993-06-01 00:00:00,6.880000114440918,6.880000114440918,6.880000114440918
1993-06-02 00:00:00,6.880000114440918,6.880000114440918,6.880000114440918
1993-06-03 00:00:00,6.860000133514404,6.860000133514404,6.860000133514404
1993-06-04 00:00:00,6.909999847412109,6.909999847412109,6.909999847412109
1993-06-07 00:00:00,6.880000114440918,6.880000114440918,6.880000114440918
1993-06-08 00:00:00,6.909999847412109,6.909999847412109,6.909999847412109
1993-06-09 00:00:00,6.869999885559082,6.869999885559082,6.869999885559082
1993-06-10 00:00:00,6.880000114440918,6.880000114440918,6.880000114440918
1993-06-11 00:00:00,6.800000190734863,6.800000190734863,6.800000190734863
1993-06-14 00:00:00,6.809999942779541,6.809999942779541,6.809999942779541
1993-06-15 00:00:00,6.829999923706055,6.829999923706055,6.829999923706055
1993-06-16 00:00:00,6.820000171661377,6.820000171661377,6.820000171661377
1993-06-17 00:00:00,6.809999942779541,6.809999942779541,6.809999942779541
1993-06-18 00:00:00,6.820000171661377,6.820000171661377,6.820000171661377
1993-06-21 00:00:00,6.78000020980835,6.78000020980835,6.78000020980835
1993-06-22 00:00:00,6.78000020980835,6.78000020980835,6.78000020980835
1993-06-23 00:00:00,6.769999980926514,6.769999980926514,6.769999980926514
1993-06-24 00:00:00,6.739999771118164,6.739999771118164,6.739999771118164
1993-06-25 00:00:00,6.710000038146973,6.710000038146973,6.710000038146973
1993-06-28 00:00:00,6.670000076293945,6.670000076293945,6.670000076293945
1993-06-29 00:00:00,6.670000076293945,6.670000076293945,6.670000076293945
1993-06-30 00:00:00,6.679999828338623,6.679999828338623,6.679999828338623
1993-07-01 00:00:00,6.690000057220459,6.690000057220459,6.690000057220459
1993-07-02 00:00:00,6.670000076293945,6.670000076293945,6.670000076293945
1993-07-06 00:00:00,6.679999828338623,6.679999828338623,6.679999828338623
1993-07-07 00:00:00,6.679999828338623,6.679999828338623,6.679999828338623
1993-07-08 00:00:00,6.659999847412109,6.659999847412109,6.659999847412109
1993-07-09 00:00:00,6.639999866485596,6.639999866485596,6.639999866485596
1993-07-12 00:00:00,6.619999885559082,6.619999885559082,6.619999885559082
1993-07-13 00:00:00,6.619999885559082,6.619999885559082,6.619999885559082
1993-07-14 00:00:00,6.559999942779541,6.559999942779541,6.559999942779541
1993-07-15 00:00:00,6.550000190734863,6.550000190734863,6.550000190734863
1993-07-16 00:00:00,6.539999961853027,6.539999961853027,6.539999961853027
1993-07-19 00:00:00,6.539999961853027,6.539999961853027,6.539999961853027
1993-07-20 00:00:00,6.550000190734863,6.550000190734863,6.550000190734863
1993-07-21 00:00:00,6.619999885559082,6.619999885559082,6.619999885559082
1993-07-22 00:00:00,6.650000095367432,6.650000095367432,6.650000095367432
1993-07-23 00:00:00,6.710000038146973,6.710000038146973,6.710000038146973
1993-07-26 00:00:00,6.679999828338623,6.679999828338623,6.679999828338623
1993-07-27 00:00:00,6.679999828338623,6.679999828338623,6.679999828338623
1993-07-28 00:00:00,6.659999847412109,6.659999847412109,6.659999847412109
1993-07-29 00:00:00,6.570000171661377,6.570000171661377,6.570000171661377
1993-07-30 00:00:00,6.570000171661377,6.570000171661377,6.570000171661377
1993-08-02 00:00:00,6.559999942779541,6.559999942779541,6.559999942779541
1993-08-03 00:00:00,6.53000020980835,6.53000020980835,6.53000020980835
1993-08-04 00:00:00,6.539999961853027,6.539999961853027,6.539999961853027
1993-08-05 00:00:00,6.53000020980835,6.53000020980835,6.53000020980835
1993-08-06 00:00:00,6.53000020980835,6.53000020980835,6.53000020980835
1993-08-09 00:00:00,6.46999979019165,6.46999979019165,6.46999979019165
1993-08-10 00:00:00,6.449999809265137,6.449999809265137,6.449999809265137
1993-08-11 00:00:00,6.440000057220459,6.440000057220459,6.440000057220459
1993-08-12 00:00:00,6.369999885559082,6.369999885559082,6.369999885559082
1993-08-13 00:00:00,6.349999904632568,6.349999904632568,6.349999904632568
1993-08-16 00:00:00,6.309999942779541,6.309999942779541,6.309999942779541
1993-08-17 00:00:00,6.309999942779541,6.309999942779541,6.309999942779541
1993-08-18 00:00:00,6.260000228881836,6.260000228881836,6.260000228881836
1993-08-19 00:00:00,6.210000038146973,6.210000038146973,6.210000038146973
1993-08-20 00:00:00,6.21999979019165,6.21999979019165,6.21999979019165
1993-08-23 00:00:00,6.21999979019165,6.21999979019165,6.21999979019165
1993-08-24 00:00:00,6.199999809265137,6.199999809265137,6.199999809265137
1993-08-25 00:00:00,6.179999828338623,6.179999828338623,6.179999828338623
1993-08-26 00:00:00,6.090000152587891,6.090000152587891,6.090000152587891
1993-08-27 00:00:00,6.130000114440918,6.130000114440918,6.130000114440918
1993-08-30 00:00:00,6.119999885559082,6.119999885559082,6.119999885559082
1993-08-31 00:00:00,6.090000152587891,6.090000152587891,6.090000152587891
1993-09-01 00:00:00,6.090000152587891,6.090000152587891,6.090000152587891
1993-09-02 00:00:00,6.039999961853027,6.039999961853027,6.039999961853027
1993-09-03 00:00:00,5.949999809265137,5.949999809265137,5.949999809265137
1993-09-07 00:00:00,5.880000114440918,5.880000114440918,5.880000114440918
1993-09-08 00:00:00,5.860000133514404,5.860000133514404,5.860000133514404
1993-09-09 00:00:00,5.960000038146973,5.960000038146973,5.960000038146973
1993-09-10 00:00:00,5.889999866485596,5.889999866485596,5.889999866485596
1993-09-13 00:00:00,5.860000133514404,5.860000133514404,5.860000133514404
1993-09-14 00:00:00,5.96999979019165,5.96999979019165,5.96999979019165
1993-09-15 00:00:00,6.0,6.0,6.0
1993-09-16 00:00:00,6.010000228881836,6.010000228881836,6.010000228881836
1993-09-17 00:00:00,6.039999961853027,6.039999961853027,6.039999961853027
1993-09-20 00:00:00,6.079999923706055,6.079999923706055,6.079999923706055
1993-09-21 00:00:00,6.139999866485596,6.139999866485596,6.139999866485596
1993-09-22 00:00:00,6.099999904632568,6.099999904632568,6.099999904632568
1993-09-23 00:00:00,6.059999942779541,6.059999942779541,6.059999942779541
1993-09-24 00:00:00,6.059999942779541,6.059999942779541,6.059999942779541
1993-09-27 00:00:00,5.96999979019165,5.96999979019165,5.96999979019165
1993-09-28 00:00:00,5.940000057220459,5.940000057220459,5.940000057220459
1993-09-29 00:00:00,6.0,6.0,6.0
1993-09-30 00:00:00,6.039999961853027,6.039999961853027,6.039999961853027
1993-10-01 00:00:00,5.980000019073486,5.980000019073486,5.980000019073486
1993-10-04 00:00:00,5.989999771118164,5.989999771118164,5.989999771118164
1993-10-05 00:00:00,6.010000228881836,6.010000228881836,6.010000228881836
1993-10-06 00:00:00,6.010000228881836,6.010000228881836,6.010000228881836
1993-10-07 00:00:00,6.010000228881836,6.010000228881836,6.010000228881836
1993-10-08 00:00:00,5.920000076293945,5.920000076293945,5.920000076293945
1993-10-12 00:00:00,5.920000076293945,5.920000076293945,5.920000076293945
1993-10-13 00:00:00,5.920000076293945,5.920000076293945,5.920000076293945
1993-10-14 00:00:00,5.860000133514404,5.860000133514404,5.860000133514404
1993-10-15 00:00:00,5.78000020980835,5.78000020980835,5.78000020980835
1993-10-18 00:00:00,5.849999904632568,5.849999904632568,5.849999904632568
1993-10-19 00:00:00,5.849999904632568,5.849999904632568,5.849999904632568
1993-10-20 00:00:00,5.829999923706055,5.829999923706055,5.829999923706055
1993-10-21 00:00:00,5.920000076293945,5.920000076293945,5.920000076293945
1993-10-22 00:00:00,5.980000019073486,5.980000019073486,5.980000019073486
1993-10-25 00:00:00,6.019999980926514,6.019999980926514,6.019999980926514
1993-10-26 00:00:00,6.0,6.0,6.0
1993-10-27 00:00:00,6.0,6.0,6.0
1993-10-28 00:00:00,5.96999979019165,5.96999979019165,5.96999979019165
1993-10-29 00:00:00,5.965000152587891,5.9670000076293945,5.942999839782715
1993-11-01 00:00:00,6.019999980926514,6.019999980926514,6.019999980926514
1993-11-02 00:00:00,6.058000087738037,6.123000144958496,6.035999774932861
1993-11-03 00:00:00,6.093999862670898,6.116000175476074,6.044000148773193
1993-11-04 00:00:00,6.179999828338623,6.179999828338623,6.089000225067139
1993-11-05 00:00:00,6.2170000076293945,6.247000217437744,6.1620001792907715
1993-11-08 00:00:00,6.218999862670898,6.242000102996826,6.210000038146973
1993-11-09 00:00:00,6.1479997634887695,6.182000160217285,6.099999904632568
1993-11-10 00:00:00,6.197999954223633,6.206999778747559,6.125
1993-11-12 00:00:00,6.150000095367432,6.26800012588501,6.150000095367432
1993-11-15 00:00:00,6.165999889373779,6.239999771118164,6.133999824523926
1993-11-16 00:00:00,6.1620001792907715,6.236999988555908,6.130000114440918
1993-11-17 00:00:00,6.177999973297119,6.239999771118164,6.120999813079834
1993-11-18 00:00:00,6.228000164031982,6.242000102996826,6.172999858856201
1993-11-19 00:00:00,6.334000110626221,6.355000019073486,6.269999980926514
1993-11-22 00:00:00,6.35699987411499,6.361999988555908,6.315000057220459
1993-11-23 00:00:00,6.290999889373779,6.367000102996826,6.285999774932861
1993-11-24 00:00:00,6.315000057220459,6.323999881744385,6.263000011444092
1993-11-26 00:00:00,6.25600004196167,6.271999835968018,6.23799991607666
1993-11-29 00:00:00,6.22599983215332,6.228000164031982,6.175000190734863
1993-11-30 00:00:00,6.285999774932861,6.318999767303467,6.254000186920166
1993-12-01 00:00:00,6.26800012588501,6.302999973297119,6.261000156402588
1993-12-02 00:00:00,6.263000011444092,6.2870001792907715,6.247000217437744
1993-12-03 00:00:00,6.257999897003174,6.302999973297119,6.24399995803833
1993-12-06 00:00:00,6.165999889373779,6.2210001945495605,6.164000034332275
1993-12-07 00:00:00,6.1620001792907715,6.197999954223633,6.1479997634887695
1993-12-08 00:00:00,6.1620001792907715,6.182000160217285,6.150000095367432
1993-12-09 00:00:00,6.136000156402588,6.186999797821045,6.125
1993-12-10 00:00:00,6.179999828338623,6.182000160217285,6.120999813079834
1993-12-13 00:00:00,6.228000164031982,6.247000217437744,6.2170000076293945
1993-12-14 00:00:00,6.28000020980835,6.28000020980835,6.210000038146973
1993-12-15 00:00:00,6.283999919891357,6.296000003814697,6.263000011444092
1993-12-16 00:00:00,6.294000148773193,6.304999828338623,6.265999794006348
1993-12-17 00:00:00,6.2820000648498535,6.301000118255615,6.263000011444092
1993-12-20 00:00:00,6.290999889373779,6.294000148773193,6.2769999504089355
1993-12-21 00:00:00,6.315000057220459,6.3480000495910645,6.301000118255615
1993-12-22 00:00:00,6.22599983215332,6.308000087738037,6.2210001945495605
1993-12-23 00:00:00,6.211999893188477,6.242000102996826,6.208000183105469
1993-12-27 00:00:00,6.223999977111816,6.232999801635742,6.208000183105469
1993-12-28 00:00:00,6.23799991607666,6.263000011444092,6.230999946594238
1993-12-29 00:00:00,6.247000217437744,6.249000072479248,6.230999946594238
1993-12-30 00:00:00,6.341000080108643,6.3429999351501465,6.25600004196167
1993-12-31 00:00:00,6.339000225067139,6.357999801635742,6.322000026702881
1994-01-03 00:00:00,6.401000022888184,6.414999961853027,6.3460001945495605
1994-01-04 00:00:00,6.372000217437744,6.414999961853027,6.369999885559082
1994-01-05 00:00:00,6.3979997634887695,6.4029998779296875,6.320000171661377
1994-01-06 00:00:00,6.35099983215332,6.383999824523926,6.335999965667725
1994-01-07 00:00:00,6.232999801635742,6.381999969482422,6.229000091552734
1994-01-10 00:00:00,6.232999801635742,6.275000095367432,6.22599983215332
1994-01-11 00:00:00,6.236000061035156,6.315000057220459,6.2220001220703125
1994-01-12 00:00:00,6.164000034332275,6.223999977111816,6.1479997634887695
1994-01-13 00:00:00,6.251999855041504,6.258999824523926,6.179999828338623
1994-01-14 00:00:00,6.294000148773193,6.313000202178955,6.243000030517578
1994-01-18 00:00:00,6.2729997634887695,6.302999973297119,6.263999938964844
1994-01-19 00:00:00,6.2870001792907715,6.296000003814697,6.263999938964844
1994-01-20 00:00:00,6.263999938964844,6.315000057220459,6.256999969482422
1994-01-21 00:00:00,6.2779998779296875,6.291999816894531,6.25
1994-01-24 00:00:00,6.294000148773193,6.303999900817871,6.261000156402588
1994-01-25 00:00:00,6.331999778747559,6.334000110626221,6.243000030517578
1994-01-26 00:00:00,6.324999809265137,6.355999946594238,6.322000026702881
1994-01-27 00:00:00,6.265999794006348,6.313000202178955,6.265999794006348
1994-01-28 00:00:00,6.208000183105469,6.265999794006348,6.172999858856201
1994-01-31 00:00:00,6.223999977111816,6.229000091552734,6.190000057220459
1994-02-01 00:00:00,6.298999786376953,6.301000118255615,6.230999946594238
1994-02-02 00:00:00,6.289999961853027,6.306000232696533,6.2779998779296875
1994-02-03 00:00:00,6.303999900817871,6.392000198364258,6.2829999923706055
1994-02-04 00:00:00,6.357999801635742,6.361000061035156,6.230999946594238
1994-02-07 00:00:00,6.376999855041504,6.414000034332275,6.3420000076293945
1994-02-08 00:00:00,6.426000118255615,6.429999828338623,6.389999866485596
1994-02-09 00:00:00,6.418000221252441,6.452000141143799,6.415999889373779
1994-02-10 00:00:00,6.431000232696533,6.433000087738037,6.385000228881836
1994-02-11 00:00:00,6.406000137329102,6.46999979019165,6.4019999504089355
1994-02-14 00:00:00,6.434999942779541,6.445000171661377,6.394000053405762
1994-02-15 00:00:00,6.447999954223633,6.465000152587891,6.431000232696533
1994-02-16 00:00:00,6.447999954223633,6.454999923706055,6.427999973297119
1994-02-17 00:00:00,6.531000137329102,6.531000137329102,6.385000228881836
1994-02-18 00:00:00,6.623000144958496,6.658999919891357,6.5229997634887695
1994-02-22 00:00:00,6.5980000495910645,6.651000022888184,6.591000080108643
1994-02-23 00:00:00,6.64900016784668,6.658999919891357,6.585999965667725
1994-02-24 00:00:00,6.735000133514404,6.741000175476074,6.64900016784668
1994-02-25 00:00:00,6.715000152587891,6.732999801635742,6.682000160217285
1994-02-28 00:00:00,6.671000003814697,6.711999893188477,6.665999889373779
1994-03-01 00:00:00,6.7820000648498535,6.800000190734863,6.665999889373779
1994-03-02 00:00:00,6.7870001792907715,6.863999843597412,6.715000152587891
1994-03-03 00:00:00,6.836999893188477,6.863999843597412,6.769000053405762
1994-03-04 00:00:00,6.840000152587891,6.9029998779296875,6.810999870300293
1994-03-07 00:00:00,6.789999961853027,6.810999870300293,6.761000156402588
1994-03-08 00:00:00,6.8420000076293945,6.8420000076293945,6.75600004196167
1994-03-09 00:00:00,6.8420000076293945,6.8979997634887695,6.795000076293945
1994-03-10 00:00:00,6.938000202178955,6.965000152587891,6.821000099182129
1994-03-11 00:00:00,6.906000137329102,6.992000102996826,6.901000022888184
1994-03-14 00:00:00,6.920000076293945,6.940999984741211,6.88700008392334
1994-03-15 00:00:00,6.8979997634887695,6.943999767303467,6.711999893188477
1994-03-16 00:00:00,6.813000202178955,6.879000186920166,6.810999870300293
1994-03-17 00:00:00,6.818999767303467,6.828999996185303,6.7870001792907715
1994-03-18 00:00:00,6.894999980926514,6.916999816894531,6.866000175476074
1994-03-21 00:00:00,6.935999870300293,6.9679999351501465,6.921999931335449
1994-03-22 00:00:00,6.8480000495910645,6.948999881744385,6.8480000495910645
1994-03-23 00:00:00,6.84499979019165,6.853000164031982,6.815999984741211
1994-03-24 00:00:00,6.9710001945495605,6.98199987411499,6.908999919891357
1994-03-25 00:00:00,6.984000205993652,6.986999988555908,6.940999984741211
1994-03-28 00:00:00,6.9710001945495605,7.000999927520752,6.946000099182129
1994-03-29 00:00:00,7.046999931335449,7.058000087738037,6.965000152587891
1994-03-30 00:00:00,7.0970001220703125,7.099999904632568,7.017000198364258
1994-03-31 00:00:00,7.125,7.186999797821045,7.074999809265137
1994-04-04 00:00:00,7.418000221252441,7.427000045776367,7.241000175476074
1994-04-05 00:00:00,7.267000198364258,7.382999897003174,7.251999855041504
1994-04-06 00:00:00,7.249000072479248,7.324999809265137,7.206999778747559
1994-04-07 00:00:00,7.201000213623047,7.269999980926514,7.197999954223633
1994-04-08 00:00:00,7.263999938964844,7.322000026702881,7.2210001945495605
1994-04-11 00:00:00,7.235000133514404,7.293000221252441,7.23199987411499
1994-04-12 00:00:00,7.184000015258789,7.230000019073486,7.184000015258789
1994-04-13 00:00:00,7.255000114440918,7.269999980926514,7.1529998779296875
1994-04-14 00:00:00,7.2870001792907715,7.309999942779541,7.255000114440918
1994-04-15 00:00:00,7.2870001792907715,7.322000026702881,7.2729997634887695
1994-04-18 00:00:00,7.4070000648498535,7.425000190734863,7.283999919891357
1994-04-19 00:00:00,7.36299991607666,7.440000057220459,7.35099983215332
1994-04-20 00:00:00,7.328000068664551,7.388999938964844,7.328000068664551
1994-04-21 00:00:00,7.206999778747559,7.315999984741211,7.196000099182129
1994-04-22 00:00:00,7.210000038146973,7.24399995803833,7.1620001792907715
1994-04-25 00:00:00,7.136000156402588,7.247000217437744,7.136000156402588
1994-04-26 00:00:00,7.111000061035156,7.178999900817871,7.09499979019165
1994-04-28 00:00:00,7.276000022888184,7.298999786376953,7.070000171661377
1994-04-29 00:00:00,7.302000045776367,7.3460001945495605,7.258999824523926
1994-05-02 00:00:00,7.330999851226807,7.375,7.310999870300293
1994-05-03 00:00:00,7.3460001945495605,7.377999782562256,7.302000045776367
1994-05-04 00:00:00,7.3460001945495605,7.401000022888184,7.304999828338623
1994-05-05 00:00:00,7.318999767303467,7.334000110626221,7.308000087738037
1994-05-06 00:00:00,7.52400016784668,7.535999774932861,7.334000110626221
1994-05-09 00:00:00,7.622000217437744,7.63100004196167,7.5329999923706055
1994-05-10 00:00:00,7.479000091552734,7.576000213623047,7.460999965667725
1994-05-11 00:00:00,7.585000038146973,7.650000095367432,7.4730000495910645
1994-05-12 00:00:00,7.554999828338623,7.635000228881836,7.4670000076293945
1994-05-13 00:00:00,7.497000217437744,7.5920000076293945,7.458000183105469
1994-05-16 00:00:00,7.458000183105469,7.497000217437744,7.428999900817871
1994-05-17 00:00:00,7.308000087738037,7.46999979019165,7.302000045776367
1994-05-18 00:00:00,7.264999866485596,7.308000087738037,7.236000061035156
1994-05-19 00:00:00,7.230000019073486,7.310999870300293,7.218999862670898
1994-05-20 00:00:00,7.296999931335449,7.326000213623047,7.258999824523926
1994-05-23 00:00:00,7.432000160217285,7.438000202178955,7.331999778747559
1994-05-24 00:00:00,7.38100004196167,7.440999984741211,7.340000152587891
1994-05-25 00:00:00,7.361000061035156,7.455999851226807,7.335000038146973
1994-05-26 00:00:00,7.357999801635742,7.363999843597412,7.320000171661377
1994-05-27 00:00:00,7.390999794006348,7.447000026702881,7.341000080108643
1994-05-31 00:00:00,7.434999942779541,7.4679999351501465,7.410999774932861
1994-06-01 00:00:00,7.381999969482422,7.510000228881836,7.381999969482422
1994-06-02 00:00:00,7.349999904632568,7.373000144958496,7.3379998207092285
1994-06-03 00:00:00,7.256999969482422,7.4029998779296875,7.244999885559082
1994-06-06 00:00:00,7.199999809265137,7.2230000495910645,7.179999828338623
1994-06-07 00:00:00,7.254000186920166,7.27400016784668,7.2170000076293945
1994-06-08 00:00:00,7.26800012588501,7.270999908447266,7.197000026702881
1994-06-09 00:00:00,7.270999908447266,7.306000232696533,7.269000053405762
1994-06-10 00:00:00,7.309000015258789,7.323999881744385,7.245999813079834
1994-06-13 00:00:00,7.341000080108643,7.364999771118164,7.317999839782715
1994-06-14 00:00:00,7.295000076293945,7.355999946594238,7.269000053405762
1994-06-15 00:00:00,7.388000011444092,7.388000011444092,7.271999835968018
1994-06-16 00:00:00,7.370999813079834,7.447999954223633,7.364999771118164
1994-06-17 00:00:00,7.441999912261963,7.4629998207092285,7.327000141143799
1994-06-20 00:00:00,7.4629998207092285,7.495999813079834,7.421000003814697
1994-06-21 00:00:00,7.499000072479248,7.5229997634887695,7.447999954223633
1994-06-22 00:00:00,7.4029998779296875,7.484000205993652,7.380000114440918
1994-06-23 00:00:00,7.394999980926514,7.427000045776367,7.368000030517578
1994-06-24 00:00:00,7.501999855041504,7.526000022888184,7.414999961853027
1994-06-27 00:00:00,7.439000129699707,7.572000026702881,7.433000087738037
1994-06-28 00:00:00,7.519999980926514,7.547999858856201,7.447999954223633
1994-06-29 00:00:00,7.505000114440918,7.553999900817871,7.484000205993652
1994-06-30 00:00:00,7.611999988555908,7.614999771118164,7.493000030517578
1994-07-01 00:00:00,7.616000175476074,7.63100004196167,7.585000038146973
1994-07-05 00:00:00,7.593999862670898,7.64300012588501,7.585000038146973
1994-07-06 00:00:00,7.599999904632568,7.63700008392334,7.5879998207092285
1994-07-07 00:00:00,7.5879998207092285,7.5970001220703125,7.557000160217285
1994-07-08 00:00:00,7.684000015258789,7.699999809265137,7.5970001220703125
1994-07-11 00:00:00,7.7220001220703125,7.741000175476074,7.684000015258789
1994-07-12 00:00:00,7.675000190734863,7.735000133514404,7.644000053405762
1994-07-13 00:00:00,7.669000148773193,7.703000068664551,7.650000095367432
1994-07-14 00:00:00,7.5269999504089355,7.684999942779541,7.51800012588501
1994-07-15 00:00:00,7.539999961853027,7.5879998207092285,7.46999979019165
1994-07-18 00:00:00,7.497000217437744,7.546000003814697,7.48199987411499
1994-07-19 00:00:00,7.454999923706055,7.525000095367432,7.452000141143799
1994-07-20 00:00:00,7.543000221252441,7.554999828338623,7.448999881744385
1994-07-21 00:00:00,7.548999786376953,7.573999881744385,7.525000095367432
1994-07-22 00:00:00,7.548999786376953,7.573999881744385,7.521999835968018
1994-07-25 00:00:00,7.525000095367432,7.571000099182129,7.515999794006348
1994-07-26 00:00:00,7.5370001792907715,7.561999797821045,7.521999835968018
1994-07-27 00:00:00,7.59499979019165,7.607999801635742,7.556000232696533
1994-07-28 00:00:00,7.539999961853027,7.632999897003174,7.533999919891357
1994-07-29 00:00:00,7.379000186920166,7.561999797821045,7.373000144958496
1994-08-01 00:00:00,7.4029998779296875,7.440999984741211,7.400000095367432
1994-08-02 00:00:00,7.394000053405762,7.394000053405762,7.335000038146973
1994-08-03 00:00:00,7.381999969482422,7.426000118255615,7.381999969482422
1994-08-04 00:00:00,7.394000053405762,7.414999961853027,7.373000144958496
1994-08-05 00:00:00,7.534999847412109,7.624000072479248,7.370999813079834
1994-08-08 00:00:00,7.519999980926514,7.544000148773193,7.501999855041504
1994-08-09 00:00:00,7.568999767303467,7.590000152587891,7.546999931335449
1994-08-10 00:00:00,7.574999809265137,7.605999946594238,7.565999984741211
1994-08-11 00:00:00,7.639999866485596,7.683000087738037,7.5229997634887695
1994-08-12 00:00:00,7.485000133514404,7.572000026702881,7.465000152587891
1994-08-15 00:00:00,7.493000030517578,7.508999824523926,7.480000019073486
1994-08-16 00:00:00,7.383999824523926,7.50600004196167,7.383999824523926
1994-08-17 00:00:00,7.370999813079834,7.370999813079834,7.3429999351501465
1994-08-18 00:00:00,7.485000133514404,7.485000133514404,7.4019999504089355
1994-08-19 00:00:00,7.493000030517578,7.5279998779296875,7.4720001220703125
1994-08-22 00:00:00,7.546000003814697,7.548999786376953,7.513999938964844
1994-08-23 00:00:00,7.534999847412109,7.534999847412109,7.499000072479248
1994-08-24 00:00:00,7.465000152587891,7.5329999923706055,7.459000110626221
1994-08-25 00:00:00,7.540999889373779,7.546000003814697,7.456999778747559
1994-08-26 00:00:00,7.48799991607666,7.538000106811523,7.433000087738037
1994-08-29 00:00:00,7.500999927520752,7.508999824523926,7.446000099182129
1994-08-30 00:00:00,7.459000110626221,7.491000175476074,7.456999778747559
1994-08-31 00:00:00,7.440999984741211,7.499000072479248,7.440999984741211
1994-09-01 00:00:00,7.448999881744385,7.478000164031982,7.443999767303467
1994-09-02 00:00:00,7.491000175476074,7.491000175476074,7.363999843597412
1994-09-06 00:00:00,7.540999889373779,7.557000160217285,7.51200008392334
1994-09-07 00:00:00,7.570000171661377,7.580999851226807,7.5279998779296875
1994-09-08 00:00:00,7.566999912261963,7.578000068664551,7.5329999923706055
1994-09-09 00:00:00,7.702000141143799,7.716000080108643,7.548999786376953
1994-09-12 00:00:00,7.708000183105469,7.710999965667725,7.683000087738037
1994-09-13 00:00:00,7.693999767303467,7.732999801635742,7.6620001792907715
1994-09-14 00:00:00,7.670000076293945,7.702000141143799,7.658999919891357
1994-09-15 00:00:00,7.63700008392334,7.671999931335449,7.629000186920166
1994-09-16 00:00:00,7.7769999504089355,7.796000003814697,7.644999980926514
1994-09-19 00:00:00,7.74399995803833,7.765999794006348,7.74399995803833
1994-09-20 00:00:00,7.77400016784668,7.821000099182129,7.77400016784668
1994-09-21 00:00:00,7.796000003814697,7.815999984741211,7.74399995803833
1994-09-22 00:00:00,7.78000020980835,7.804999828338623,7.760000228881836
1994-09-23 00:00:00,7.790999889373779,7.809999942779541,7.749000072479248
1994-09-26 00:00:00,7.790999889373779,7.798999786376953,7.765999794006348
1994-09-27 00:00:00,7.8379998207092285,7.8470001220703125,7.794000148773193
1994-09-28 00:00:00,7.802000045776367,7.8470001220703125,7.771999835968018
1994-09-29 00:00:00,7.843999862670898,7.872000217437744,7.788000106811523
1994-09-30 00:00:00,7.818999767303467,7.861000061035156,7.798999786376953
1994-10-03 00:00:00,7.853000164031982,7.863999843597412,7.798999786376953
1994-10-04 00:00:00,7.877999782562256,7.88100004196167,7.839000225067139
1994-10-05 00:00:00,7.938000202178955,7.960999965667725,7.883999824523926
1994-10-06 00:00:00,7.940999984741211,7.948999881744385,7.923999786376953
1994-10-07 00:00:00,7.909999847412109,8.003999710083008,7.894999980926514
1994-10-11 00:00:00,7.8470001220703125,7.883999824523926,7.824999809265137
1994-10-12 00:00:00,7.88100004196167,7.88700008392334,7.867000102996826
1994-10-13 00:00:00,7.833000183105469,7.89300012588501,7.794000148773193
1994-10-14 00:00:00,7.822000026702881,7.883999824523926,7.804999828338623
1994-10-17 00:00:00,7.830999851226807,7.863999843597412,7.828000068664551
1994-10-18 00:00:00,7.853000164031982,7.853000164031982,7.802999973297119
1994-10-19 00:00:00,7.88100004196167,7.8979997634887695,7.873000144958496
1994-10-20 00:00:00,7.989999771118164,7.989999771118164,7.88100004196167
1994-10-21 00:00:00,7.985000133514404,8.022000312805176,7.9730000495910645
1994-10-24 00:00:00,8.031000137329102,8.039999961853027,7.979000091552734
1994-10-25 00:00:00,8.052000045776367,8.071999549865723,8.022000312805176
1994-10-26 00:00:00,8.052000045776367,8.071999549865723,8.024999618530273
1994-10-27 00:00:00,8.039999961853027,8.0600004196167,8.034000396728516
1994-10-28 00:00:00,7.955999851226807,8.065999984741211,7.949999809265137
1994-10-31 00:00:00,7.961999893188477,7.991000175476074,7.959000110626221
1994-11-01 00:00:00,8.055000305175781,8.060999870300293,7.99399995803833
1994-11-02 00:00:00,8.081000328063965,8.107999801635742,8.045999526977539
1994-11-03 00:00:00,8.09000015258789,8.111000061035156,8.069999694824219
1994-11-04 00:00:00,8.149999618530273,8.149999618530273,8.055000305175781
1994-11-07 00:00:00,8.159000396728516,8.173999786376953,8.144000053405762
1994-11-08 00:00:00,8.119999885559082,8.164999961853027,8.119999885559082
1994-11-09 00:00:00,8.109999656677246,8.109999656677246,8.064000129699707
1994-11-10 00:00:00,8.149999618530273,8.149999618530273,8.02299976348877
1994-11-11 00:00:00,8.147000312805176,8.147000312805176,8.147000312805176
1994-11-14 00:00:00,8.069999694824219,8.159000396728516,8.069999694824219
1994-11-15 00:00:00,8.031999588012695,8.104999542236328,7.99399995803833
1994-11-16 00:00:00,8.093999862670898,8.100000381469727,7.98799991607666
1994-11-17 00:00:00,8.135000228881836,8.170999526977539,8.085000038146973
1994-11-18 00:00:00,8.128999710083008,8.161999702453613,8.11400032043457
1994-11-21 00:00:00,8.137999534606934,8.149999618530273,8.11400032043457
1994-11-22 00:00:00,8.020000457763672,8.140999794006348,8.020000457763672
1994-11-23 00:00:00,7.953999996185303,8.026000022888184,7.931000232696533
1994-11-25 00:00:00,7.935999870300293,7.979000091552734,7.927999973297119
1994-11-28 00:00:00,7.98199987411499,8.005999565124512,7.945000171661377
1994-11-29 00:00:00,8.039999961853027,8.057999610900879,8.0
1994-11-30 00:00:00,7.9770002365112305,8.055000305175781,7.9770002365112305
1994-12-01 00:00:00,8.038000106811523,8.038000106811523,7.99399995803833
1994-12-02 00:00:00,7.9079999923706055,8.060999870300293,7.9019999504089355
1994-12-05 00:00:00,7.933000087738037,7.941999912261963,7.885000228881836
1994-12-06 00:00:00,7.849999904632568,7.921999931335449,7.834000110626221
1994-12-07 00:00:00,7.889999866485596,7.933000087738037,7.85099983215332
1994-12-08 00:00:00,7.885000228881836,7.926000118255615,7.879000186920166
1994-12-09 00:00:00,7.85099983215332,7.879000186920166,7.828000068664551
1994-12-12 00:00:00,7.929999828338623,7.929999828338623,7.895999908447266
1994-12-13 00:00:00,7.85099983215332,7.947999954223633,7.84499979019165
1994-12-14 00:00:00,7.860000133514404,7.873000144958496,7.752999782562256
1994-12-15 00:00:00,7.855999946594238,7.879000186920166,7.834000110626221
1994-12-16 00:00:00,7.853000164031982,7.869999885559082,7.830999851226807
1994-12-19 00:00:00,7.830999851226807,7.855999946594238,7.828000068664551
1994-12-20 00:00:00,7.8480000495910645,7.853000164031982,7.820000171661377
1994-12-21 00:00:00,7.840000152587891,7.927000045776367,7.822999954223633
1994-12-22 00:00:00,7.849999904632568,7.879000186920166,7.830999851226807
1994-12-23 00:00:00,7.849999904632568,7.85099983215332,7.824999809265137
1994-12-27 00:00:00,7.78000020980835,7.806000232696533,7.75
1994-12-28 00:00:00,7.829999923706055,7.830999851226807,7.742000102996826
1994-12-29 00:00:00,7.84499979019165,7.853000164031982,7.800000190734863
1994-12-30 00:00:00,7.869999885559082,7.89900016784668,7.830999851226807
1995-01-03 00:00:00,7.909999847412109,7.929999828338623,7.881999969482422
1995-01-04 00:00:00,7.849999904632568,7.913000106811523,7.8420000076293945
1995-01-05 00:00:00,7.880000114440918,7.909999847412109,7.864999771118164
1995-01-06 00:00:00,7.853000164031982,7.941999912261963,7.8420000076293945
1995-01-09 00:00:00,7.889999866485596,7.9070000648498535,7.864999771118164
1995-01-10 00:00:00,7.861999988555908,7.89900016784668,7.839000225067139
1995-01-11 00:00:00,7.839000225067139,7.867000102996826,7.810999870300293
1995-01-12 00:00:00,7.881999969482422,7.88700008392334,7.810999870300293
1995-01-13 00:00:00,7.860000133514404,7.869999885559082,7.769000053405762
1995-01-16 00:00:00,7.794000148773193,7.794000148773193,7.794000148773193
1995-01-17 00:00:00,7.789999961853027,7.824999809265137,7.775000095367432
1995-01-18 00:00:00,7.78000020980835,7.794000148773193,7.752999782562256
1995-01-19 00:00:00,7.820000171661377,7.820000171661377,7.763999938964844
1995-01-20 00:00:00,7.880000114440918,7.895999908447266,7.816999912261963
1995-01-23 00:00:00,7.909999847412109,7.923999786376953,7.88700008392334
1995-01-24 00:00:00,7.921000003814697,7.927000045776367,7.9070000648498535
1995-01-25 00:00:00,7.873000144958496,7.955999851226807,7.873000144958496
1995-01-26 00:00:00,7.839000225067139,7.89300012588501,7.835999965667725
1995-01-27 00:00:00,7.71999979019165,7.802999973297119,7.71999979019165
1995-01-30 00:00:00,7.760000228881836,7.765999794006348,7.7220001220703125
1995-01-31 00:00:00,7.690000057220459,7.771999835968018,7.690000057220459
1995-02-01 00:00:00,7.736000061035156,7.736000061035156,7.672999858856201
1995-02-02 00:00:00,7.730000019073486,7.765999794006348,7.730000019073486
1995-02-03 00:00:00,7.619999885559082,7.747000217437744,7.584000110626221
1995-02-06 00:00:00,7.645999908447266,7.645999908447266,7.620999813079834
1995-02-07 00:00:00,7.638000011444092,7.639999866485596,7.599999904632568
1995-02-08 00:00:00,7.650000095367432,7.666999816894531,7.638000011444092
1995-02-09 00:00:00,7.686999797821045,7.691999912261963,7.645999908447266
1995-02-10 00:00:00,7.639999866485596,7.695000171661377,7.539999961853027
1995-02-13 00:00:00,7.664999961853027,7.691999912261963,7.664999961853027
1995-02-14 00:00:00,7.590000152587891,7.659999847412109,7.590000152587891
1995-02-15 00:00:00,7.572000026702881,7.625,7.521999835968018
1995-02-16 00:00:00,7.566999912261963,7.60099983215332,7.525000095367432
1995-02-17 00:00:00,7.581999778747559,7.60099983215332,7.573999881744385
1995-02-21 00:00:00,7.579999923706055,7.609000205993652,7.577000141143799
1995-02-22 00:00:00,7.534999847412109,7.611000061035156,7.53000020980835
1995-02-23 00:00:00,7.539999961853027,7.556000232696533,7.480000019073486
1995-02-24 00:00:00,7.519999980926514,7.573999881744385,7.519000053405762
1995-02-27 00:00:00,7.5,7.519000053405762,7.4770002365112305
1995-02-28 00:00:00,7.445000171661377,7.5289998054504395,7.445000171661377
1995-03-01 00:00:00,7.449999809265137,7.4770002365112305,7.415999889373779
1995-03-02 00:00:00,7.495999813079834,7.508999824523926,7.443999767303467
1995-03-03 00:00:00,7.53000020980835,7.573999881744385,7.498000144958496
1995-03-06 00:00:00,7.585000038146973,7.624000072479248,7.585000038146973
1995-03-07 00:00:00,7.619999885559082,7.658999919891357,7.577000141143799
1995-03-08 00:00:00,7.547999858856201,7.603000164031982,7.547999858856201
1995-03-09 00:00:00,7.520999908447266,7.571000099182129,7.520999908447266
1995-03-10 00:00:00,7.460000038146973,7.568999767303467,7.438000202178955
1995-03-13 00:00:00,7.448999881744385,7.4770002365112305,7.433000087738037
1995-03-14 00:00:00,7.360000133514404,7.431000232696533,7.330999851226807
1995-03-15 00:00:00,7.360000133514404,7.4019999504089355,7.3520002365112305
1995-03-16 00:00:00,7.360000133514404,7.38700008392334,7.276000022888184
1995-03-17 00:00:00,7.36899995803833,7.394999980926514,7.354000091552734
1995-03-20 00:00:00,7.394999980926514,7.394999980926514,7.348999977111816
1995-03-21 00:00:00,7.449999809265137,7.449999809265137,7.363999843597412
1995-03-22 00:00:00,7.447999954223633,7.48199987411499,7.442999839782715
1995-03-23 00:00:00,7.443999767303467,7.473999977111816,7.425000190734863
1995-03-24 00:00:00,7.366000175476074,7.425000190734863,7.355999946594238
1995-03-27 00:00:00,7.321000099182129,7.372000217437744,7.321000099182129
1995-03-28 00:00:00,7.310999870300293,7.4070000648498535,7.310999870300293
1995-03-29 00:00:00,7.388999938964844,7.433000087738037,7.335999965667725
1995-03-30 00:00:00,7.409999847412109,7.434999942779541,7.322999954223633
1995-03-31 00:00:00,7.429999828338623,7.492000102996826,7.427999973297119
1995-04-03 00:00:00,7.400000095367432,7.442999839782715,7.379000186920166
1995-04-04 00:00:00,7.36899995803833,7.375999927520752,7.3460001945495605
1995-04-05 00:00:00,7.374000072479248,7.394000053405762,7.35099983215332
1995-04-06 00:00:00,7.354000091552734,7.363999843597412,7.341000080108643
1995-04-07 00:00:00,7.389999866485596,7.396999835968018,7.296000003814697
1995-04-10 00:00:00,7.400000095367432,7.416999816894531,7.38100004196167
1995-04-11 00:00:00,7.363999843597412,7.4070000648498535,7.3429999351501465
1995-04-12 00:00:00,7.353000164031982,7.394000053405762,7.3480000495910645
1995-04-13 00:00:00,7.329999923706055,7.353000164031982,7.306000232696533
1995-04-17 00:00:00,7.379000186920166,7.379000186920166,7.28000020980835
1995-04-18 00:00:00,7.400000095367432,7.400000095367432,7.335999965667725
1995-04-19 00:00:00,7.369999885559082,7.4120001792907715,7.361000061035156
1995-04-20 00:00:00,7.3460001945495605,7.366000175476074,7.322999954223633
1995-04-21 00:00:00,7.330999851226807,7.3480000495910645,7.330999851226807
1995-04-24 00:00:00,7.309999942779541,7.35099983215332,7.308000087738037
1995-04-25 00:00:00,7.324999809265137,7.35099983215332,7.308000087738037
1995-04-26 00:00:00,7.320000171661377,7.341000080108643,7.309999942779541
1995-04-27 00:00:00,7.329999923706055,7.3480000495910645,7.320000171661377
1995-04-28 00:00:00,7.333000183105469,7.375999927520752,7.297999858856201
1995-05-01 00:00:00,7.3429999351501465,7.35099983215332,7.329999923706055
1995-05-02 00:00:00,7.317999839782715,7.341000080108643,7.313000202178955
1995-05-03 00:00:00,7.239999771118164,7.304999828338623,7.239999771118164
1995-05-04 00:00:00,7.159999847412109,7.235000133514404,7.104000091552734
1995-05-05 00:00:00,7.007999897003174,7.158999919891357,7.002999782562256
1995-05-08 00:00:00,7.03000020980835,7.046000003814697,7.002999782562256
1995-05-09 00:00:00,6.949999809265137,7.013000011444092,6.90500020980835
1995-05-10 00:00:00,6.96999979019165,6.988999843597412,6.830999851226807
1995-05-11 00:00:00,6.988999843597412,7.0289998054504395,6.9120001792907715
1995-05-12 00:00:00,6.988999843597412,7.046000003814697,6.979000091552734
1995-05-15 00:00:00,6.947000026702881,6.965000152587891,6.940000057220459
1995-05-16 00:00:00,6.864999771118164,6.9120001792907715,6.8520002365112305
1995-05-17 00:00:00,6.854000091552734,6.86299991607666,6.816999912261963
1995-05-18 00:00:00,6.9019999504089355,6.915999889373779,6.86299991607666
1995-05-19 00:00:00,6.919000148773193,6.919000148773193,6.872000217437744
1995-05-22 00:00:00,6.920000076293945,6.926000118255615,6.90500020980835
1995-05-23 00:00:00,6.86299991607666,6.9019999504089355,6.857999801635742
1995-05-24 00:00:00,6.739999771118164,6.840000152587891,6.739999771118164
1995-05-25 00:00:00,6.71999979019165,6.767000198364258,6.664000034332275
1995-05-26 00:00:00,6.742000102996826,6.757999897003174,6.730999946594238
1995-05-30 00:00:00,6.664000034332275,6.703999996185303,6.664000034332275
1995-05-31 00:00:00,6.644000053405762,6.684000015258789,6.644000053405762
1995-06-01 00:00:00,6.60099983215332,6.682000160217285,6.593999862670898
1995-06-02 00:00:00,6.515999794006348,6.611000061035156,6.427000045776367
1995-06-05 00:00:00,6.510000228881836,6.515999794006348,6.446000099182129
1995-06-06 00:00:00,6.502999782562256,6.5289998054504395,6.478000164031982
1995-06-07 00:00:00,6.550000190734863,6.557000160217285,6.465000152587891
1995-06-08 00:00:00,6.560999870300293,6.572000026702881,6.531000137329102
1995-06-09 00:00:00,6.71999979019165,6.7220001220703125,6.5960001945495605
1995-06-12 00:00:00,6.699999809265137,6.74399995803833,6.675000190734863
1995-06-13 00:00:00,6.539999961853027,6.684000015258789,6.539999961853027
1995-06-14 00:00:00,6.570000171661377,6.580999851226807,6.544000148773193
1995-06-15 00:00:00,6.599999904632568,6.605000019073486,6.5289998054504395
1995-06-16 00:00:00,6.610000133514404,6.671000003814697,6.605000019073486
1995-06-19 00:00:00,6.570000171661377,6.593999862670898,6.544000148773193
1995-06-20 00:00:00,6.576000213623047,6.576000213623047,6.5329999923706055
1995-06-21 00:00:00,6.53000020980835,6.565000057220459,6.521999835968018
1995-06-22 00:00:00,6.46999979019165,6.51800012588501,6.447000026702881
1995-06-23 00:00:00,6.498000144958496,6.519999980926514,6.453999996185303
1995-06-26 00:00:00,6.550000190734863,6.550000190734863,6.515999794006348
1995-06-27 00:00:00,6.552000045776367,6.560999870300293,6.506999969482422
1995-06-28 00:00:00,6.513000011444092,6.559000015258789,6.511000156402588
1995-06-29 00:00:00,6.645999908447266,6.6570000648498535,6.513000011444092
1995-06-30 00:00:00,6.624000072479248,6.65500020980835,6.604000091552734
1995-07-03 00:00:00,6.63100004196167,6.635000228881836,6.609000205993652
1995-07-05 00:00:00,6.6020002365112305,6.617000102996826,6.5980000495910645
1995-07-06 00:00:00,6.489999771118164,6.638999938964844,6.489999771118164
1995-07-07 00:00:00,6.519999980926514,6.568999767303467,6.448999881744385
1995-07-10 00:00:00,6.501999855041504,6.52400016784668,6.495999813079834
1995-07-11 00:00:00,6.590000152587891,6.590000152587891,6.526000022888184
1995-07-12 00:00:00,6.539999961853027,6.581999778747559,6.539999961853027
1995-07-13 00:00:00,6.547999858856201,6.571000099182129,6.526000022888184
1995-07-14 00:00:00,6.591000080108643,6.625999927520752,6.565000057220459
1995-07-17 00:00:00,6.664000034332275,6.664000034332275,6.599999904632568
1995-07-18 00:00:00,6.728000164031982,6.728000164031982,6.611000061035156
1995-07-19 00:00:00,6.879000186920166,6.910999774932861,6.7170000076293945
1995-07-20 00:00:00,6.861999988555908,6.934000015258789,6.833000183105469
1995-07-21 00:00:00,6.947999954223633,6.965000152587891,6.843999862670898
1995-07-24 00:00:00,6.889999866485596,6.9720001220703125,6.889999866485596
1995-07-25 00:00:00,6.835000038146973,6.946000099182129,6.818999767303467
1995-07-26 00:00:00,6.882999897003174,6.888000011444092,6.828000068664551
1995-07-27 00:00:00,6.835000038146973,6.874000072479248,6.828000068664551
1995-07-28 00:00:00,6.9019999504089355,6.910999774932861,6.815999984741211
1995-07-31 00:00:00,6.855000019073486,6.9019999504089355,6.853000164031982
1995-08-01 00:00:00,6.918000221252441,6.939000129699707,6.85099983215332
1995-08-02 00:00:00,6.855000019073486,6.88100004196167,6.821000099182129
1995-08-03 00:00:00,6.922999858856201,6.954999923706055,6.879000186920166
1995-08-04 00:00:00,6.894999980926514,6.991000175476074,6.882999897003174
1995-08-07 00:00:00,6.886000156402588,6.910999774932861,6.88100004196167
1995-08-08 00:00:00,6.882999897003174,6.896999835968018,6.8420000076293945
1995-08-09 00:00:00,6.918000221252441,6.932000160217285,6.896999835968018
1995-08-10 00:00:00,6.949999809265137,6.984000205993652,6.896999835968018
1995-08-11 00:00:00,6.965000152587891,6.98799991607666,6.86299991607666
1995-08-14 00:00:00,6.954999923706055,6.982999801635742,6.945000171661377
1995-08-15 00:00:00,6.916999816894531,7.005000114440918,6.916999816894531
1995-08-16 00:00:00,6.88700008392334,6.927000045776367,6.872000217437744
1995-08-17 00:00:00,6.900000095367432,6.920000076293945,6.875
1995-08-18 00:00:00,6.9019999504089355,6.909999847412109,6.892000198364258
1995-08-21 00:00:00,6.867000102996826,6.881999969482422,6.8429999351501465
1995-08-22 00:00:00,6.889999866485596,6.896999835968018,6.860000133514404
1995-08-23 00:00:00,6.914999961853027,6.916999816894531,6.88700008392334
1995-08-24 00:00:00,6.835000038146973,6.909999847412109,6.826000213623047
1995-08-25 00:00:00,6.732999801635742,6.867000102996826,6.730999946594238
1995-08-28 00:00:00,6.695000171661377,6.723999977111816,6.672999858856201
1995-08-29 00:00:00,6.7210001945495605,6.730999946594238,6.695000171661377
1995-08-30 00:00:00,6.695000171661377,6.716000080108643,6.690000057220459
1995-08-31 00:00:00,6.644999980926514,6.723999977111816,6.627999782562256
1995-09-01 00:00:00,6.599999904632568,6.714000225067139,6.578999996185303
1995-09-05 00:00:00,6.563000202178955,6.627999782562256,6.558000087738037
1995-09-06 00:00:00,6.577000141143799,6.5980000495910645,6.558000087738037
1995-09-07 00:00:00,6.591000080108643,6.59499979019165,6.546999931335449
1995-09-08 00:00:00,6.59499979019165,6.613999843597412,6.53000020980835
1995-09-11 00:00:00,6.585999965667725,6.5980000495910645,6.570000171661377
1995-09-12 00:00:00,6.502999782562256,6.577000141143799,6.5
1995-09-13 00:00:00,6.513999938964844,6.5229997634887695,6.4679999351501465
1995-09-14 00:00:00,6.440999984741211,6.505000114440918,6.429999828338623
1995-09-15 00:00:00,6.464000225067139,6.484000205993652,6.442999839782715
1995-09-18 00:00:00,6.53000020980835,6.534999847412109,6.486000061035156
1995-09-19 00:00:00,6.484000205993652,6.5320000648498535,6.474999904632568
1995-09-20 00:00:00,6.453999996185303,6.520999908447266,6.452000141143799
1995-09-21 00:00:00,6.554999828338623,6.5929999351501465,6.459000110626221
1995-09-22 00:00:00,6.578999996185303,6.618000030517578,6.551000118255615
1995-09-25 00:00:00,6.576000213623047,6.616000175476074,6.566999912261963
1995-09-26 00:00:00,6.576000213623047,6.5879998207092285,6.525000095367432
1995-09-27 00:00:00,6.585999965667725,6.646999835968018,6.585999965667725
1995-09-28 00:00:00,6.583000183105469,6.609000205993652,6.561999797821045
1995-09-29 00:00:00,6.48199987411499,6.604000091552734,6.474999904632568
1995-10-02 00:00:00,6.479000091552734,6.498000144958496,6.435999870300293
1995-10-03 00:00:00,6.452000141143799,6.48799991607666,6.432000160217285
1995-10-04 00:00:00,6.435999870300293,6.4679999351501465,6.434000015258789
1995-10-05 00:00:00,6.420000076293945,6.435999870300293,6.394999980926514
1995-10-06 00:00:00,6.425000190734863,6.48799991607666,6.388999938964844
1995-10-10 00:00:00,6.425000190734863,6.484000205993652,6.400000095367432
1995-10-11 00:00:00,6.431000232696533,6.445000171661377,6.428999900817871
1995-10-12 00:00:00,6.400000095367432,6.453999996185303,6.396999835968018
1995-10-13 00:00:00,6.285999774932861,6.383999824523926,6.28000020980835
1995-10-16 00:00:00,6.315000057220459,6.326000213623047,6.298999786376953
1995-10-17 00:00:00,6.296999931335449,6.355000019073486,6.263999938964844
1995-10-18 00:00:00,6.316999912261963,6.329999923706055,6.28000020980835
1995-10-19 00:00:00,6.298999786376953,6.3460001945495605,6.290999889373779
1995-10-20 00:00:00,6.336999893188477,6.366000175476074,6.315000057220459
1995-10-23 00:00:00,6.375,6.388000011444092,6.363999843597412
1995-10-24 00:00:00,6.318999767303467,6.394999980926514,6.313000202178955
1995-10-25 00:00:00,6.316999912261963,6.321000099182129,6.289999961853027
1995-10-26 00:00:00,6.383999824523926,6.386000156402588,6.309999942779541
1995-10-27 00:00:00,6.3429999351501465,6.458000183105469,6.339000225067139
1995-10-30 00:00:00,6.3460001945495605,6.361000061035156,6.328000068664551
1995-10-31 00:00:00,6.316999912261963,6.368000030517578,6.308000087738037
1995-11-01 00:00:00,6.285999774932861,6.3460001945495605,6.256999969482422
1995-11-02 00:00:00,6.255000114440918,6.285999774932861,6.23799991607666
1995-11-03 00:00:00,6.263999938964844,6.2789998054504395,6.2270002365112305
1995-11-06 00:00:00,6.288000106811523,6.288000106811523,6.269999980926514
1995-11-07 00:00:00,6.308000087738037,6.311999797821045,6.281000137329102
1995-11-08 00:00:00,6.236000061035156,6.285999774932861,6.236000061035156
1995-11-09 00:00:00,6.283999919891357,6.296999931335449,6.2220001220703125
1995-11-10 00:00:00,6.322999954223633,6.339000225067139,6.306000232696533
1995-11-13 00:00:00,6.275000095367432,6.368000030517578,6.258999824523926
1995-11-14 00:00:00,6.294000148773193,6.296999931335449,6.23799991607666
1995-11-15 00:00:00,6.298999786376953,6.311999797821045,6.26200008392334
1995-11-16 00:00:00,6.232999801635742,6.252999782562256,6.190000057220459
1995-11-17 00:00:00,6.229000091552734,6.250999927520752,6.2179999351501465
1995-11-20 00:00:00,6.242000102996826,6.248000144958496,6.2220001220703125
1995-11-21 00:00:00,6.263999938964844,6.275000095367432,6.239999771118164
1995-11-22 00:00:00,6.271999835968018,6.288000106811523,6.256999969482422
1995-11-24 00:00:00,6.242000102996826,6.261000156402588,6.239999771118164
1995-11-27 00:00:00,6.21999979019165,6.236999988555908,6.2129998207092285
1995-11-28 00:00:00,6.22599983215332,6.25,6.21999979019165
1995-11-29 00:00:00,6.209000110626221,6.22599983215332,6.199999809265137
1995-11-30 00:00:00,6.131999969482422,6.177000045776367,6.117000102996826
1995-12-01 00:00:00,6.0960001945495605,6.133999824523926,6.091000080108643
1995-12-04 00:00:00,6.007999897003174,6.083000183105469,5.994999885559082
1995-12-05 00:00:00,6.02400016784668,6.046999931335449,5.994999885559082
1995-12-06 00:00:00,6.03000020980835,6.045000076293945,5.953999996185303
1995-12-07 00:00:00,6.064000129699707,6.072000026702881,6.013999938964844
1995-12-08 00:00:00,6.054999828338623,6.09499979019165,5.994999885559082
1995-12-11 00:00:00,6.0370001792907715,6.048999786376953,6.0279998779296875
1995-12-12 00:00:00,6.045000076293945,6.078999996185303,6.026000022888184
1995-12-13 00:00:00,6.061999797821045,6.070000171661377,6.02400016784668
1995-12-14 00:00:00,6.073999881744385,6.073999881744385,6.040999889373779
1995-12-15 00:00:00,6.086999893188477,6.09499979019165,6.052999973297119
1995-12-18 00:00:00,6.186999797821045,6.186999797821045,6.120999813079834
1995-12-19 00:00:00,6.110000133514404,6.241000175476074,6.104000091552734
1995-12-20 00:00:00,6.104000091552734,6.116000175476074,6.065999984741211
1995-12-21 00:00:00,6.105999946594238,6.132999897003174,6.098999977111816
1995-12-22 00:00:00,6.046999931335449,6.078000068664551,6.0320000648498535
1995-12-26 00:00:00,6.035999774932861,6.060999870300293,6.0320000648498535
1995-12-27 00:00:00,6.005000114440918,6.026000022888184,5.993000030517578
1995-12-28 00:00:00,5.980000019073486,6.002999782562256,5.980000019073486
1995-12-29 00:00:00,5.948999881744385,5.997000217437744,5.948999881744385
1996-01-02 00:00:00,5.966000080108643,5.997000217437744,5.951000213623047
1996-01-03 00:00:00,5.956999778747559,5.96999979019165,5.927000045776367
1996-01-04 00:00:00,6.011000156402588,6.021999835968018,5.918000221252441
1996-01-05 00:00:00,6.039999961853027,6.091000080108643,6.014999866485596
1996-01-08 00:00:00,6.038000106811523,6.048999786376953,6.0279998779296875
1996-01-09 00:00:00,6.046999931335449,6.076000213623047,6.002999782562256
1996-01-10 00:00:00,6.1570000648498535,6.171999931335449,6.079999923706055
1996-01-11 00:00:00,6.1519999504089355,6.179999828338623,6.139999866485596
1996-01-12 00:00:00,6.163000106811523,6.179999828338623,6.113999843597412
1996-01-16 00:00:00,6.084000110626221,6.13100004196167,6.084000110626221
1996-01-17 00:00:00,5.998000144958496,6.065000057220459,5.998000144958496
1996-01-18 00:00:00,5.98199987411499,6.008999824523926,5.9629998207092285
1996-01-19 00:00:00,5.9670000076293945,6.020999908447266,5.945000171661377
1996-01-22 00:00:00,6.0320000648498535,6.038000106811523,5.98199987411499
1996-01-23 00:00:00,6.081999778747559,6.0879998207092285,6.047999858856201
1996-01-24 00:00:00,6.019000053405762,6.073999881744385,6.013000011444092
1996-01-25 00:00:00,6.105000019073486,6.107999801635742,6.001999855041504
1996-01-26 00:00:00,6.039999961853027,6.184999942779541,6.039999961853027
1996-01-29 00:00:00,6.084000110626221,6.105000019073486,6.038000106811523
1996-01-30 00:00:00,6.033999919891357,6.065000057220459,6.019000053405762
1996-01-31 00:00:00,6.0229997634887695,6.052999973297119,6.006999969482422
1996-02-01 00:00:00,6.079999923706055,6.084000110626221,6.0229997634887695
1996-02-02 00:00:00,6.145999908447266,6.145999908447266,6.059000015258789
1996-02-05 00:00:00,6.150000095367432,6.192999839782715,6.1479997634887695
1996-02-06 00:00:00,6.13100004196167,6.142000198364258,6.110000133514404
1996-02-07 00:00:00,6.145999908447266,6.163000106811523,6.10699987411499
1996-02-08 00:00:00,6.1539998054504395,6.184999942779541,6.132999897003174
1996-02-09 00:00:00,6.091000080108643,6.14900016784668,6.039000034332275
1996-02-12 00:00:00,6.035999774932861,6.103000164031982,6.035999774932861
1996-02-13 00:00:00,6.0229997634887695,6.043000221252441,6.005000114440918
1996-02-14 00:00:00,6.072999954223633,6.072999954223633,6.033999919891357
1996-02-15 00:00:00,6.1579999923706055,6.163000106811523,6.071000099182129
1996-02-16 00:00:00,6.2220001220703125,6.229000091552734,6.1579999923706055
1996-02-20 00:00:00,6.386000156402588,6.386000156402588,6.293000221252441
1996-02-21 00:00:00,6.38100004196167,6.3979997634887695,6.322000026702881
1996-02-22 00:00:00,6.3520002365112305,6.366000175476074,6.329999923706055
1996-02-23 00:00:00,6.413000106811523,6.440000057220459,6.290999889373779
1996-02-26 00:00:00,6.436999797821045,6.489999771118164,6.420000076293945
1996-02-27 00:00:00,6.4670000076293945,6.4720001220703125,6.40500020980835
1996-02-28 00:00:00,6.474999904632568,6.486999988555908,6.414999961853027
1996-02-29 00:00:00,6.492000102996826,6.543000221252441,6.465000152587891
1996-03-01 00:00:00,6.377999782562256,6.447000026702881,6.370999813079834
1996-03-04 00:00:00,6.336999893188477,6.386000156402588,6.329999923706055
1996-03-05 00:00:00,6.386000156402588,6.400000095367432,6.359000205993652
1996-03-06 00:00:00,6.441999912261963,6.445000171661377,6.395999908447266
1996-03-07 00:00:00,6.452000141143799,6.480000019073486,6.445000171661377
1996-03-08 00:00:00,6.729000091552734,6.729000091552734,6.456999778747559
1996-03-11 00:00:00,6.611999988555908,6.809000015258789,6.611999988555908
1996-03-12 00:00:00,6.6479997634887695,6.734000205993652,6.6479997634887695
1996-03-13 00:00:00,6.673999786376953,6.691999912261963,6.611999988555908
1996-03-14 00:00:00,6.678999900817871,6.678999900817871,6.626999855041504
1996-03-15 00:00:00,6.744999885559082,6.755000114440918,6.684000015258789
1996-03-18 00:00:00,6.708000183105469,6.738999843597412,6.686999797821045
1996-03-19 00:00:00,6.703000068664551,6.710999965667725,6.449999809265137
1996-03-20 00:00:00,6.651000022888184,6.736999988555908,6.447000026702881
1996-03-21 00:00:00,6.617000102996826,6.651000022888184,6.589000225067139
1996-03-22 00:00:00,6.644999980926514,6.651000022888184,6.6020002365112305
1996-03-25 00:00:00,6.571000099182129,6.630000114440918,6.560999870300293
1996-03-26 00:00:00,6.580999851226807,6.619999885559082,6.572999954223633
1996-03-27 00:00:00,6.673999786376953,6.673999786376953,6.550000190734863
1996-03-28 00:00:00,6.723999977111816,6.744999885559082,6.665999889373779
1996-03-29 00:00:00,6.678999900817871,6.7129998207092285,6.669000148773193
1996-04-01 00:00:00,6.664000034332275,6.678999900817871,6.64300012588501
1996-04-02 00:00:00,6.611999988555908,6.635000228881836,6.609000205993652
1996-04-03 00:00:00,6.626999855041504,6.6529998779296875,6.619999885559082
1996-04-04 00:00:00,6.656000137329102,6.669000148773193,6.626999855041504
1996-04-08 00:00:00,6.879000186920166,6.931000232696533,6.860000133514404
1996-04-09 00:00:00,6.839000225067139,6.874000072479248,6.833000183105469
1996-04-10 00:00:00,6.9039998054504395,6.9120001792907715,6.839000225067139
1996-04-11 00:00:00,6.947999954223633,6.992000102996826,6.885000228881836
1996-04-12 00:00:00,6.801000118255615,6.926000118255615,6.793000221252441
1996-04-15 00:00:00,6.784999847412109,6.820000171661377,6.7820000648498535
1996-04-16 00:00:00,6.77400016784668,6.820000171661377,6.757999897003174
1996-04-17 00:00:00,6.801000118255615,6.824999809265137,6.7769999504089355
1996-04-18 00:00:00,6.828000068664551,6.8520002365112305,6.765999794006348
1996-04-19 00:00:00,6.788000106811523,6.816999912261963,6.78000020980835
1996-04-22 00:00:00,6.736999988555908,6.765999794006348,6.708000183105469
1996-04-23 00:00:00,6.765999794006348,6.78000020980835,6.750999927520752
1996-04-24 00:00:00,6.803999900817871,6.803999900817871,6.752999782562256
1996-04-25 00:00:00,6.807000160217285,6.860000133514404,6.807000160217285
1996-04-26 00:00:00,6.788000106811523,6.793000221252441,6.767000198364258
1996-04-29 00:00:00,6.822999954223633,6.843999862670898,6.801000118255615
1996-04-30 00:00:00,6.876999855041504,6.9039998054504395,6.834000110626221
1996-05-01 00:00:00,6.89900016784668,6.926000118255615,6.857999801635742
1996-05-02 00:00:00,7.0370001792907715,7.057000160217285,6.890999794006348
1996-05-03 00:00:00,7.107999801635742,7.117000102996826,6.9730000495910645
1996-05-06 00:00:00,7.063000202178955,7.103000164031982,7.057000160217285
1996-05-07 00:00:00,7.071000099182129,7.091000080108643,7.043000221252441
1996-05-08 00:00:00,7.014999866485596,7.099999904632568,7.014999866485596
1996-05-09 00:00:00,7.01200008392334,7.01200008392334,6.961999893188477
1996-05-10 00:00:00,6.921000003814697,7.026000022888184,6.890999794006348
1996-05-13 00:00:00,6.895999908447266,6.932000160217285,6.890999794006348
1996-05-14 00:00:00,6.84499979019165,6.888000011444092,6.834000110626221
1996-05-15 00:00:00,6.839000225067139,6.853000164031982,6.817999839782715
1996-05-16 00:00:00,6.890999794006348,6.90500020980835,6.861000061035156
1996-05-17 00:00:00,6.834000110626221,6.909999847412109,6.763999938964844
1996-05-20 00:00:00,6.815000057220459,6.815000057220459,6.790999889373779
1996-05-21 00:00:00,6.84499979019165,6.84499979019165,6.796000003814697
1996-05-22 00:00:00,6.807000160217285,6.872000217437744,6.807000160217285
1996-05-23 00:00:00,6.863999843597412,6.867000102996826,6.785999774932861
1996-05-24 00:00:00,6.831999778747559,6.867000102996826,6.821000099182129
1996-05-28 00:00:00,6.8480000495910645,6.85099983215332,6.802000045776367
1996-05-29 00:00:00,6.929999828338623,6.929999828338623,6.8420000076293945
1996-05-30 00:00:00,6.9079999923706055,6.980000019073486,6.90500020980835
1996-05-31 00:00:00,6.991000175476074,7.015999794006348,6.913000106811523
1996-06-03 00:00:00,7.010000228881836,7.02400016784668,6.9710001945495605
1996-06-04 00:00:00,6.99399995803833,7.005000114440918,6.966000080108643
1996-06-05 00:00:00,6.958000183105469,7.013000011444092,6.958000183105469
1996-06-06 00:00:00,6.9029998779296875,6.938000202178955,6.873000144958496
1996-06-07 00:00:00,7.044000148773193,7.10699987411499,6.883999824523926
1996-06-10 00:00:00,7.086999893188477,7.10099983215332,7.035999774932861
1996-06-11 00:00:00,7.120999813079834,7.135000228881836,7.074999809265137
1996-06-12 00:00:00,7.172999858856201,7.172999858856201,7.11299991607666
1996-06-13 00:00:00,7.150000095367432,7.208000183105469,7.138000011444092
1996-06-14 00:00:00,7.090000152587891,7.172999858856201,7.072999954223633
1996-06-17 00:00:00,7.059000015258789,7.090000152587891,7.046999931335449
1996-06-18 00:00:00,7.080999851226807,7.0929999351501465,7.0329999923706055
1996-06-19 00:00:00,7.10699987411499,7.120999813079834,7.070000171661377
1996-06-20 00:00:00,7.116000175476074,7.138999938964844,7.10099983215332
1996-06-21 00:00:00,7.0960001945495605,7.10699987411499,7.070000171661377
1996-06-24 00:00:00,7.085000038146973,7.104000091552734,7.076000213623047
1996-06-25 00:00:00,7.052999973297119,7.081999778747559,7.041999816894531
1996-06-26 00:00:00,7.039000034332275,7.086999893188477,7.025000095367432
1996-06-27 00:00:00,6.982999801635742,7.053999900817871,6.980999946594238
1996-06-28 00:00:00,6.8979997634887695,6.984000205993652,6.879000186920166
1996-07-01 00:00:00,6.901000022888184,6.939000129699707,6.8979997634887695
1996-07-02 00:00:00,6.939000129699707,6.945000171661377,6.8979997634887695
1996-07-03 00:00:00,6.922999858856201,6.955999851226807,6.914999961853027
1996-07-05 00:00:00,7.183000087738037,7.191999912261963,6.931000232696533
1996-07-08 00:00:00,7.185999870300293,7.23199987411499,7.1570000648498535
1996-07-09 00:00:00,7.139999866485596,7.183000087738037,7.125
1996-07-10 00:00:00,7.093999862670898,7.127999782562256,7.0879998207092285
1996-07-11 00:00:00,7.063000202178955,7.13700008392334,7.019999980926514
1996-07-12 00:00:00,7.008999824523926,7.083000183105469,6.980999946594238
1996-07-15 00:00:00,7.057000160217285,7.068999767303467,7.01800012588501
1996-07-16 00:00:00,7.004000186920166,7.099999904632568,6.993000030517578
1996-07-17 00:00:00,7.01200008392334,7.0289998054504395,6.993000030517578
1996-07-18 00:00:00,6.9039998054504395,7.0320000648498535,6.901000022888184
1996-07-19 00:00:00,6.9679999351501465,6.9679999351501465,6.928999900817871
1996-07-22 00:00:00,7.004000186920166,7.004000186920166,6.951000213623047
1996-07-23 00:00:00,6.961999893188477,7.014999866485596,6.960000038146973
1996-07-24 00:00:00,7.034999847412109,7.048999786376953,6.913000106811523
1996-07-25 00:00:00,7.01800012588501,7.052000045776367,6.979000091552734
1996-07-26 00:00:00,7.006999969482422,7.034999847412109,6.993000030517578
1996-07-29 00:00:00,7.083000183105469,7.085999965667725,7.038000106811523
1996-07-30 00:00:00,7.034999847412109,7.089000225067139,7.019000053405762
1996-07-31 00:00:00,6.966000080108643,7.038000106811523,6.960000038146973
1996-08-01 00:00:00,6.826000213623047,6.973999977111816,6.813000202178955
1996-08-02 00:00:00,6.732999801635742,6.807000160217285,6.701000213623047
1996-08-05 00:00:00,6.743000030517578,6.754000186920166,6.730000019073486
1996-08-06 00:00:00,6.756999969482422,6.7729997634887695,6.741000175476074
1996-08-07 00:00:00,6.7729997634887695,6.7829999923706055,6.718999862670898
1996-08-08 00:00:00,6.794000148773193,6.807000160217285,6.764999866485596
1996-08-09 00:00:00,6.693999767303467,6.732999801635742,6.684000015258789
1996-08-12 00:00:00,6.691999912261963,6.709000110626221,6.677000045776367
1996-08-13 00:00:00,6.7820000648498535,6.783999919891357,6.668000221252441
1996-08-14 00:00:00,6.7820000648498535,6.803999900817871,6.769999980926514
1996-08-15 00:00:00,6.809000015258789,6.818999767303467,6.783999919891357
1996-08-16 00:00:00,6.767000198364258,6.7870001792907715,6.76200008392334
1996-08-19 00:00:00,6.794000148773193,6.801000118255615,6.76200008392334
1996-08-20 00:00:00,6.801000118255615,6.809000015258789,6.7789998054504395
1996-08-21 00:00:00,6.828999996185303,6.835999965667725,6.809000015258789
1996-08-22 00:00:00,6.835999965667725,6.854000091552734,6.809000015258789
1996-08-23 00:00:00,6.921000003814697,6.934000015258789,6.835999965667725
1996-08-26 00:00:00,6.993000030517578,6.994999885559082,6.935999870300293
1996-08-27 00:00:00,6.964000225067139,6.985000133514404,6.952000141143799
1996-08-28 00:00:00,6.980000019073486,6.993000030517578,6.948999881744385
1996-08-29 00:00:00,7.039000034332275,7.046999931335449,6.959000110626221
1996-08-30 00:00:00,7.10699987411499,7.132999897003174,7.033999919891357
1996-09-03 00:00:00,7.057000160217285,7.177999973297119,7.054999828338623
1996-09-04 00:00:00,7.0960001945495605,7.114999771118164,7.048999786376953
1996-09-05 00:00:00,7.144000053405762,7.14900016784668,7.1020002365112305
1996-09-06 00:00:00,7.109000205993652,7.216000080108643,7.072999954223633
1996-09-09 00:00:00,7.070000171661377,7.119999885559082,7.070000171661377
1996-09-10 00:00:00,7.119999885559082,7.127999782562256,7.053999900817871
1996-09-11 00:00:00,7.10699987411499,7.144000053405762,7.098999977111816
1996-09-12 00:00:00,7.066999912261963,7.111999988555908,7.048999786376953
1996-09-13 00:00:00,6.943999767303467,7.083000183105469,6.926000118255615
1996-09-16 00:00:00,6.939000129699707,6.959000110626221,6.939000129699707
1996-09-17 00:00:00,6.998000144958496,7.0,6.939000129699707
1996-09-18 00:00:00,7.013000011444092,7.033999919891357,7.002999782562256
1996-09-19 00:00:00,7.046999931335449,7.061999797821045,6.994999885559082
1996-09-20 00:00:00,7.033999919891357,7.040999889373779,7.0229997634887695
1996-09-23 00:00:00,7.01800012588501,7.065000057220459,7.010000228881836
1996-09-24 00:00:00,6.985000133514404,7.031000137329102,6.953999996185303
1996-09-25 00:00:00,6.928999900817871,7.0,6.922999858856201
1996-09-26 00:00:00,6.873000144958496,6.931000232696533,6.868000030517578
1996-09-27 00:00:00,6.9029998779296875,6.9029998779296875,6.835999965667725
1996-09-30 00:00:00,6.922999858856201,6.927999973297119,6.869999885559082
1996-10-01 00:00:00,6.868000030517578,6.926000118255615,6.855000019073486
1996-10-02 00:00:00,6.833000183105469,6.86299991607666,6.828000068664551
1996-10-03 00:00:00,6.840000152587891,6.853000164031982,6.802999973297119
1996-10-04 00:00:00,6.734000205993652,6.806000232696533,6.71999979019165
1996-10-07 00:00:00,6.7789998054504395,6.781000137329102,6.749000072479248
1996-10-08 00:00:00,6.785999774932861,6.788000106811523,6.761000156402588
1996-10-09 00:00:00,6.828000068664551,6.833000183105469,6.75600004196167
1996-10-10 00:00:00,6.877999782562256,6.89300012588501,6.833000183105469
1996-10-11 00:00:00,6.840000152587891,6.888000011444092,6.817999839782715
1996-10-15 00:00:00,6.840000152587891,6.849999904632568,6.813000202178955
1996-10-16 00:00:00,6.860000133514404,6.8979997634887695,6.817999839782715
1996-10-17 00:00:00,6.796000003814697,6.8480000495910645,6.796000003814697
1996-10-18 00:00:00,6.781000137329102,6.785999774932861,6.754000186920166
1996-10-21 00:00:00,6.801000118255615,6.802999973297119,6.776000022888184
1996-10-22 00:00:00,6.840000152587891,6.840000152587891,6.806000232696533
1996-10-23 00:00:00,6.828000068664551,6.864999771118164,6.828000068664551
1996-10-24 00:00:00,6.849999904632568,6.864999771118164,6.828000068664551
1996-10-25 00:00:00,6.810999870300293,6.8979997634887695,6.796000003814697
1996-10-28 00:00:00,6.824999809265137,6.833000183105469,6.802999973297119
1996-10-29 00:00:00,6.688000202178955,6.8379998207092285,6.683000087738037
1996-10-30 00:00:00,6.683000087738037,6.704999923706055,6.625999927520752
1996-10-31 00:00:00,6.650000095367432,6.688000202178955,6.644999980926514
1996-11-01 00:00:00,6.671000003814697,6.673999786376953,6.580999851226807
1996-11-04 00:00:00,6.658999919891357,6.695000171661377,6.6519999504089355
1996-11-05 00:00:00,6.5920000076293945,6.627999782562256,6.576000213623047
1996-11-06 00:00:00,6.60699987411499,6.611000061035156,6.568999767303467
1996-11-07 00:00:00,6.550000190734863,6.669000148773193,6.550000190734863
1996-11-08 00:00:00,6.506999969482422,6.538000106811523,6.4720001220703125
1996-11-12 00:00:00,6.434000015258789,6.486000061035156,6.431000232696533
1996-11-13 00:00:00,6.449999809265137,6.480999946594238,6.420000076293945
1996-11-14 00:00:00,6.420000076293945,6.482999801635742,6.414999961853027
1996-11-15 00:00:00,6.449999809265137,6.461999893188477,6.409999847412109
1996-11-18 00:00:00,6.460000038146973,6.473999977111816,6.435999870300293
1996-11-19 00:00:00,6.431000232696533,6.454999923706055,6.421999931335449
1996-11-20 00:00:00,6.395999908447266,6.4670000076293945,6.394000053405762
1996-11-21 00:00:00,6.409999847412109,6.409999847412109,6.380000114440918
1996-11-22 00:00:00,6.431000232696533,6.434000015258789,6.4079999923706055
1996-11-25 00:00:00,6.409999847412109,6.442999839782715,6.390999794006348
1996-11-26 00:00:00,6.423999786376953,6.428999900817871,6.361000061035156
1996-11-27 00:00:00,6.433000087738037,6.442999839782715,6.380000114440918
1996-11-29 00:00:00,6.3520002365112305,6.419000148773193,6.3520002365112305
1996-12-02 00:00:00,6.35699987411499,6.390999794006348,6.354000091552734
1996-12-03 00:00:00,6.349999904632568,6.369999885559082,6.308000087738037
1996-12-04 00:00:00,6.395999908447266,6.4079999923706055,6.34499979019165
1996-12-05 00:00:00,6.492000102996826,6.508999824523926,6.395999908447266
1996-12-06 00:00:00,6.511000156402588,6.605999946594238,6.497000217437744
1996-12-09 00:00:00,6.47599983215332,6.489999771118164,6.464000225067139
1996-12-10 00:00:00,6.47599983215332,6.489999771118164,6.4710001945495605
1996-12-11 00:00:00,6.5929999351501465,6.605000019073486,6.506999969482422
1996-12-12 00:00:00,6.61299991607666,6.63700008392334,6.545000076293945
1996-12-13 00:00:00,6.573999881744385,6.64900016784668,6.564000129699707
1996-12-16 00:00:00,6.619999885559082,6.630000114440918,6.564000129699707
1996-12-17 00:00:00,6.644999980926514,6.690999984741211,6.631999969482422
1996-12-18 00:00:00,6.681000232696533,6.685999870300293,6.625
1996-12-19 00:00:00,6.5980000495910645,6.693999767303467,6.5980000495910645
1996-12-20 00:00:00,6.585999965667725,6.603000164031982,6.553999900817871
1996-12-23 00:00:00,6.573999881744385,6.599999904632568,6.561999797821045
1996-12-24 00:00:00,6.576000213623047,6.580999851226807,6.573999881744385
1996-12-26 00:00:00,6.580999851226807,6.583000183105469,6.565999984741211
1996-12-27 00:00:00,6.5329999923706055,6.571000099182129,6.5279998779296875
1996-12-30 00:00:00,6.5329999923706055,6.538000106811523,6.513999938964844
1996-12-31 00:00:00,6.635000228881836,6.635000228881836,6.534999847412109
1997-01-02 00:00:00,6.745999813079834,6.75600004196167,6.61299991607666
1997-01-03 00:00:00,6.729000091552734,6.734000205993652,6.689000129699707
1997-01-06 00:00:00,6.763999938964844,6.763999938964844,6.730999946594238
1997-01-07 00:00:00,6.802000045776367,6.816999912261963,6.745999813079834
1997-01-08 00:00:00,6.822000026702881,6.827000141143799,6.763999938964844
1997-01-09 00:00:00,6.769000053405762,6.860000133514404,6.758999824523926
1997-01-10 00:00:00,6.849999904632568,6.894000053405762,6.741000175476074
1997-01-13 00:00:00,6.8420000076293945,6.86299991607666,6.822000026702881
1997-01-14 00:00:00,6.769000053405762,6.860000133514404,6.763999938964844
1997-01-15 00:00:00,6.785999774932861,6.814000129699707,6.745999813079834
1997-01-16 00:00:00,6.835000038146973,6.849999904632568,6.74399995803833
1997-01-17 00:00:00,6.822000026702881,6.8480000495910645,6.802000045776367
1997-01-21 00:00:00,6.77400016784668,6.886000156402588,6.769000053405762
1997-01-22 00:00:00,6.814000129699707,6.814000129699707,6.75600004196167
1997-01-23 00:00:00,6.836999893188477,6.8480000495910645,6.802000045776367
1997-01-24 00:00:00,6.886000156402588,6.914999961853027,6.849999904632568
1997-01-27 00:00:00,6.933000087738037,6.940999984741211,6.883999824523926
1997-01-28 00:00:00,6.9070000648498535,6.929999828338623,6.827000141143799
1997-01-29 00:00:00,6.89900016784668,6.961999893188477,6.868000030517578
1997-01-30 00:00:00,6.873000144958496,6.9019999504089355,6.855000019073486
1997-01-31 00:00:00,6.796999931335449,6.875999927520752,6.781000137329102
1997-02-03 00:00:00,6.736000061035156,6.803999900817871,6.72599983215332
1997-02-04 00:00:00,6.716000080108643,6.75600004196167,6.714000225067139
1997-02-05 00:00:00,6.736000061035156,6.741000175476074,6.673999786376953
1997-02-06 00:00:00,6.75600004196167,6.770999908447266,6.738999843597412
1997-02-07 00:00:00,6.705999851226807,6.741000175476074,6.658999919891357
1997-02-10 00:00:00,6.703999996185303,6.7210001945495605,6.689000129699707
1997-02-11 00:00:00,6.703999996185303,6.716000080108643,6.689000129699707
1997-02-12 00:00:00,6.714000225067139,6.730999946594238,6.681000232696533
1997-02-13 00:00:00,6.630000114440918,6.703999996185303,6.630000114440918
1997-02-14 00:00:00,6.533999919891357,6.552999973297119,6.507999897003174
1997-02-18 00:00:00,6.539000034332275,6.551000118255615,6.499000072479248
1997-02-19 00:00:00,6.565000057220459,6.572000026702881,6.514999866485596
1997-02-20 00:00:00,6.618000030517578,6.619999885559082,6.578999996185303
1997-02-21 00:00:00,6.626999855041504,6.638999938964844,6.619999885559082
1997-02-24 00:00:00,6.6519999504089355,6.669000148773193,6.644000053405762
1997-02-25 00:00:00,6.656000137329102,6.660999774932861,6.630000114440918
1997-02-26 00:00:00,6.796999931335449,6.802000045776367,6.644000053405762
1997-02-27 00:00:00,6.811999797821045,6.831999778747559,6.769000053405762
1997-02-28 00:00:00,6.7870001792907715,6.822000026702881,6.783999919891357
1997-03-03 00:00:00,6.827000141143799,6.848999977111816,6.814000129699707
1997-03-04 00:00:00,6.854000091552734,6.85699987411499,6.803999900817871
1997-03-05 00:00:00,6.839000225067139,6.881999969482422,6.823999881744385
1997-03-06 00:00:00,6.872000217437744,6.880000114440918,6.811999797821045
1997-03-07 00:00:00,6.823999881744385,6.939000129699707,6.798999786376953
1997-03-10 00:00:00,6.822000026702881,6.831999778747559,6.802000045776367
1997-03-11 00:00:00,6.836999893188477,6.861999988555908,6.811999797821045
1997-03-12 00:00:00,6.863999843597412,6.875,6.836999893188477
1997-03-13 00:00:00,6.9720001220703125,6.974999904632568,6.880000114440918
1997-03-14 00:00:00,6.940999984741211,6.956999778747559,6.90500020980835
1997-03-17 00:00:00,6.948999881744385,6.993000030517578,6.948999881744385
1997-03-18 00:00:00,6.959000110626221,6.989999771118164,6.935999870300293
1997-03-19 00:00:00,6.9770002365112305,6.993000030517578,6.921000003814697
1997-03-20 00:00:00,6.959000110626221,7.021999835968018,6.953999996185303
1997-03-21 00:00:00,6.951000213623047,6.9670000076293945,6.931000232696533
1997-03-24 00:00:00,6.931000232696533,6.951000213623047,6.931000232696533
1997-03-25 00:00:00,6.959000110626221,6.964000225067139,6.86899995803833
1997-03-26 00:00:00,6.985000133514404,7.013999938964844,6.948999881744385
1997-03-27 00:00:00,7.077000141143799,7.085000038146973,6.9720001220703125
1997-03-31 00:00:00,7.10099983215332,7.10099983215332,7.065999984741211
1997-04-01 00:00:00,7.081999778747559,7.138000011444092,7.065999984741211
1997-04-02 00:00:00,7.073999881744385,7.09499979019165,7.065999984741211
1997-04-03 00:00:00,7.071000099182129,7.090000152587891,7.060999870300293
1997-04-04 00:00:00,7.130000114440918,7.14900016784668,7.058000087738037
1997-04-07 00:00:00,7.077000141143799,7.103000164031982,7.068999767303467
1997-04-08 00:00:00,7.10099983215332,7.117000102996826,7.019000053405762
1997-04-09 00:00:00,7.103000164031982,7.105999946594238,7.060999870300293
1997-04-10 00:00:00,7.103000164031982,7.126999855041504,7.103000164031982
1997-04-11 00:00:00,7.164999961853027,7.184000015258789,7.086999893188477
1997-04-14 00:00:00,7.164999961853027,7.176000118255615,7.159999847412109
1997-04-15 00:00:00,7.086999893188477,7.14900016784668,7.064000129699707
1997-04-16 00:00:00,7.0980000495910645,7.151000022888184,7.081999778747559
1997-04-17 00:00:00,7.064000129699707,7.090000152587891,7.034999847412109
1997-04-18 00:00:00,7.052999973297119,7.072000026702881,7.039999961853027
1997-04-21 00:00:00,7.085000038146973,7.085000038146973,7.039999961853027
1997-04-22 00:00:00,7.045000076293945,7.0980000495910645,7.045000076293945
1997-04-23 00:00:00,7.077000141143799,7.090000152587891,7.0320000648498535
1997-04-24 00:00:00,7.11899995803833,7.122000217437744,7.065999984741211
1997-04-25 00:00:00,7.132999897003174,7.145999908447266,7.122000217437744
1997-04-28 00:00:00,7.109000205993652,7.1539998054504395,7.109000205993652
1997-04-29 00:00:00,6.9770002365112305,7.181000232696533,6.9770002365112305
1997-04-30 00:00:00,6.951000213623047,7.0370001792907715,6.914999961853027
1997-05-01 00:00:00,6.920000076293945,6.968999862670898,6.914999961853027
1997-05-02 00:00:00,6.896999835968018,6.933000087738037,6.86899995803833
1997-05-05 00:00:00,6.885000228881836,6.909999847412109,6.881999969482422
1997-05-06 00:00:00,6.880000114440918,6.913000106811523,6.874000072479248
1997-05-07 00:00:00,6.938000202178955,6.948999881744385,6.900000095367432
1997-05-08 00:00:00,6.913000106811523,6.985000133514404,6.9019999504089355
1997-05-09 00:00:00,6.880000114440918,6.935999870300293,6.861999988555908
1997-05-12 00:00:00,6.863999843597412,6.900000095367432,6.85699987411499
1997-05-13 00:00:00,6.914999961853027,6.920000076293945,6.848999977111816
1997-05-14 00:00:00,6.885000228881836,6.913000106811523,6.8520002365112305
1997-05-15 00:00:00,6.867000102996826,6.940999984741211,6.861999988555908
1997-05-16 00:00:00,6.9029998779296875,6.9079999923706055,6.859000205993652
1997-05-19 00:00:00,6.909999847412109,6.922999858856201,6.892000198364258
1997-05-20 00:00:00,6.918000221252441,6.946000099182129,6.876999855041504
1997-05-21 00:00:00,6.961999893188477,6.980000019073486,6.885000228881836
1997-05-22 00:00:00,6.982999801635742,6.995999813079834,6.959000110626221
1997-05-23 00:00:00,6.980000019073486,6.985000133514404,6.961999893188477
1997-05-27 00:00:00,7.02400016784668,7.034999847412109,6.980000019073486
1997-05-28 00:00:00,7.021999835968018,7.064000129699707,6.98799991607666
1997-05-29 00:00:00,6.980000019073486,7.019000053405762,6.9770002365112305
1997-05-30 00:00:00,6.913000106811523,6.974999904632568,6.854000091552734
1997-06-02 00:00:00,6.894999980926514,6.931000232696533,6.875
1997-06-03 00:00:00,6.867000102996826,6.90500020980835,6.867000102996826
1997-06-04 00:00:00,6.875,6.8979997634887695,6.861999988555908
1997-06-05 00:00:00,6.876999855041504,6.8979997634887695,6.869999885559082
1997-06-06 00:00:00,6.77400016784668,6.915999889373779,6.770999908447266
1997-06-09 00:00:00,6.823999881744385,6.827000141143799,6.776000022888184
1997-06-10 00:00:00,6.831999778747559,6.8420000076293945,6.794000148773193
1997-06-11 00:00:00,6.818999767303467,6.834000110626221,6.814000129699707
1997-06-12 00:00:00,6.761000156402588,6.816999912261963,6.749000072479248
1997-06-13 00:00:00,6.7170000076293945,6.76200008392334,6.702000141143799
1997-06-16 00:00:00,6.690000057220459,6.711999893188477,6.683000087738037
1997-06-17 00:00:00,6.706999778747559,6.734000205993652,6.672999858856201
1997-06-18 00:00:00,6.683000087738037,6.73199987411499,6.675000190734863
1997-06-19 00:00:00,6.675000190734863,6.706999778747559,6.660999774932861
1997-06-20 00:00:00,6.645999908447266,6.688000202178955,6.629000186920166
1997-06-23 00:00:00,6.683000087738037,6.684999942779541,6.656000137329102
1997-06-24 00:00:00,6.688000202178955,6.702000141143799,6.675000190734863
1997-06-25 00:00:00,6.723999977111816,6.736999988555908,6.683000087738037
1997-06-26 00:00:00,6.771999835968018,6.7820000648498535,6.73199987411499
1997-06-27 00:00:00,6.742000102996826,6.771999835968018,6.734000205993652
1997-06-30 00:00:00,6.794000148773193,6.814000129699707,6.74399995803833
1997-07-01 00:00:00,6.736999988555908,6.798999786376953,6.7220001220703125
1997-07-02 00:00:00,6.704999923706055,6.734000205993652,6.699999809265137
1997-07-03 00:00:00,6.614999771118164,6.695000171661377,6.5929999351501465
1997-07-07 00:00:00,6.576000213623047,6.614999771118164,6.550000190734863
1997-07-08 00:00:00,6.578999996185303,6.59499979019165,6.557000160217285
1997-07-09 00:00:00,6.550000190734863,6.571000099182129,6.5329999923706055
1997-07-10 00:00:00,6.557000160217285,6.580999851226807,6.546999931335449
1997-07-11 00:00:00,6.526000022888184,6.566999912261963,6.506999969482422
1997-07-14 00:00:00,6.539999961853027,6.547999858856201,6.5279998779296875
1997-07-15 00:00:00,6.543000221252441,6.585999965667725,6.538000106811523
1997-07-16 00:00:00,6.473999977111816,6.531000137329102,6.465000152587891
1997-07-17 00:00:00,6.479000091552734,6.486000061035156,6.439000129699707
1997-07-18 00:00:00,6.519000053405762,6.526000022888184,6.491000175476074
1997-07-21 00:00:00,6.538000106811523,6.547999858856201,6.52400016784668
1997-07-22 00:00:00,6.429999828338623,6.52400016784668,6.429999828338623
1997-07-23 00:00:00,6.410999774932861,6.427999973297119,6.386000156402588
1997-07-24 00:00:00,6.421000003814697,6.443999767303467,6.396999835968018
1997-07-25 00:00:00,6.443999767303467,6.458000183105469,6.408999919891357
1997-07-28 00:00:00,6.414000034332275,6.446000099182129,6.4070000648498535
1997-07-29 00:00:00,6.374000072479248,6.425000190734863,6.369999885559082
1997-07-30 00:00:00,6.328999996185303,6.361000061035156,6.315000057220459
1997-07-31 00:00:00,6.294000148773193,6.34499979019165,6.284999847412109
1997-08-01 00:00:00,6.453000068664551,6.458000183105469,6.27400016784668
1997-08-04 00:00:00,6.473999977111816,6.495999813079834,6.443999767303467
1997-08-05 00:00:00,6.484000205993652,6.506999969482422,6.473999977111816
1997-08-06 00:00:00,6.473999977111816,6.495999813079834,6.4629998207092285
1997-08-07 00:00:00,6.519000053405762,6.521999835968018,6.443999767303467
1997-08-08 00:00:00,6.632999897003174,6.665999889373779,6.5279998779296875
1997-08-11 00:00:00,6.63100004196167,6.683000087738037,6.5960001945495605
1997-08-12 00:00:00,6.656000137329102,6.656000137329102,6.584000110626221
1997-08-13 00:00:00,6.627999782562256,6.703000068664551,6.566999912261963
1997-08-14 00:00:00,6.557000160217285,6.604000091552734,6.546999931335449
1997-08-15 00:00:00,6.557000160217285,6.620999813079834,6.552000045776367
1997-08-18 00:00:00,6.519999980926514,6.559000015258789,6.504000186920166
1997-08-19 00:00:00,6.511000156402588,6.539999961853027,6.491000175476074
1997-08-20 00:00:00,6.5329999923706055,6.545000076293945,6.507999897003174
1997-08-21 00:00:00,6.591000080108643,6.5960001945495605,6.5279998779296875
1997-08-22 00:00:00,6.664999961853027,6.758999824523926,6.63100004196167
1997-08-25 00:00:00,6.664999961853027,6.670000076293945,6.645999908447266
1997-08-26 00:00:00,6.650000095367432,6.7129998207092285,6.64300012588501
1997-08-27 00:00:00,6.6479997634887695,6.684999942779541,6.620999813079834
1997-08-28 00:00:00,6.571000099182129,6.65500020980835,6.571000099182129
1997-08-29 00:00:00,6.60099983215332,6.636000156402588,6.553999900817871
1997-09-02 00:00:00,6.571000099182129,6.6479997634887695,6.561999797821045
1997-09-03 00:00:00,6.585999965667725,6.589000225067139,6.553999900817871
1997-09-04 00:00:00,6.5960001945495605,6.607999801635742,6.580999851226807
1997-09-05 00:00:00,6.638000011444092,6.6579999923706055,6.548999786376953
1997-09-08 00:00:00,6.605999946594238,6.635000228881836,6.603000164031982
1997-09-09 00:00:00,6.616000175476074,6.639999866485596,6.61299991607666
1997-09-10 00:00:00,6.64300012588501,6.659999847412109,6.632999897003174
1997-09-11 00:00:00,6.672999858856201,6.690000057220459,6.65500020980835
1997-09-12 00:00:00,6.585999965667725,6.679999828338623,6.578999996185303
1997-09-15 00:00:00,6.565999984741211,6.5960001945495605,6.560999870300293
1997-09-16 00:00:00,6.4029998779296875,6.557000160217285,6.3979997634887695
1997-09-17 00:00:00,6.383999824523926,6.4070000648498535,6.357999801635742
1997-09-18 00:00:00,6.383999824523926,6.388999938964844,6.339000225067139
1997-09-19 00:00:00,6.372000217437744,6.40500020980835,6.360000133514404
1997-09-22 00:00:00,6.343999862670898,6.357999801635742,6.339000225067139
1997-09-23 00:00:00,6.379000186920166,6.379000186920166,6.35099983215332
1997-09-24 00:00:00,6.321000099182129,6.388000011444092,6.307000160217285
1997-09-25 00:00:00,6.395999908447266,6.3979997634887695,6.324999809265137
1997-09-26 00:00:00,6.364999771118164,6.386000156402588,6.343999862670898
1997-09-29 00:00:00,6.376999855041504,6.395999908447266,6.374000072479248
1997-09-30 00:00:00,6.4070000648498535,6.414000034332275,6.360000133514404
1997-10-01 00:00:00,6.317999839782715,6.38100004196167,6.293000221252441
1997-10-02 00:00:00,6.300000190734863,6.331999778747559,6.281000137329102
1997-10-03 00:00:00,6.303999900817871,6.364999771118164,6.1539998054504395
1997-10-06 00:00:00,6.260000228881836,6.271999835968018,6.232999801635742
1997-10-07 00:00:00,6.236999988555908,6.276000022888184,6.228000164031982
1997-10-08 00:00:00,6.364999771118164,6.374000072479248,6.211999893188477
1997-10-09 00:00:00,6.369999885559082,6.456999778747559,6.364999771118164
1997-10-10 00:00:00,6.421000003814697,6.4720001220703125,6.36899995803833
1997-10-14 00:00:00,6.353000164031982,6.3979997634887695,6.353000164031982
1997-10-15 00:00:00,6.386000156402588,6.4120001792907715,6.343999862670898
1997-10-16 00:00:00,6.383999824523926,6.4120001792907715,6.322999954223633
1997-10-17 00:00:00,6.433000087738037,6.464000225067139,6.39300012588501
1997-10-20 00:00:00,6.416999816894531,6.438000202178955,6.414000034332275
1997-10-21 00:00:00,6.414000034332275,6.431000232696533,6.409999847412109
1997-10-22 00:00:00,6.4070000648498535,6.438000202178955,6.40500020980835
1997-10-23 00:00:00,6.320000171661377,6.4070000648498535,6.2789998054504395
1997-10-24 00:00:00,6.291999816894531,6.355000019073486,6.264999866485596
1997-10-27 00:00:00,6.236999988555908,6.295000076293945,6.2230000495910645
1997-10-28 00:00:00,6.281000137329102,6.2829999923706055,6.0929999351501465
1997-10-29 00:00:00,6.2210001945495605,6.267000198364258,6.189000129699707
1997-10-30 00:00:00,6.164000034332275,6.186999797821045,6.135000228881836
1997-10-31 00:00:00,6.144000053405762,6.201000213623047,6.142000198364258
1997-11-03 00:00:00,6.203000068664551,6.2170000076293945,6.184999942779541
1997-11-04 00:00:00,6.242000102996826,6.242000102996826,6.184999942779541
1997-11-05 00:00:00,6.238999843597412,6.257999897003174,6.211999893188477
1997-11-06 00:00:00,6.186999797821045,6.245999813079834,6.179999828338623
1997-11-07 00:00:00,6.150000095367432,6.171000003814697,6.078999996185303
1997-11-10 00:00:00,6.145999908447266,6.179999828338623,6.145999908447266
1997-11-12 00:00:00,6.125,6.158999919891357,6.104000091552734
1997-11-13 00:00:00,6.104000091552734,6.138999938964844,6.059000015258789
1997-11-14 00:00:00,6.084000110626221,6.09499979019165,6.043000221252441
1997-11-17 00:00:00,6.070000171661377,6.133999824523926,6.067999839782715
1997-11-18 00:00:00,6.067999839782715,6.084000110626221,6.039000034332275
1997-11-19 00:00:00,6.0229997634887695,6.060999870300293,6.013999938964844
1997-11-20 00:00:00,6.047999858856201,6.052000045776367,6.006999969482422
1997-11-21 00:00:00,6.03000020980835,6.09499979019165,6.025000095367432
1997-11-24 00:00:00,6.077000141143799,6.077000141143799,6.043000221252441
1997-11-25 00:00:00,6.057000160217285,6.081999778747559,6.039000034332275
1997-11-26 00:00:00,6.052000045776367,6.085999965667725,6.039000034332275
1997-11-28 00:00:00,6.035999774932861,6.052000045776367,6.0320000648498535
1997-12-01 00:00:00,6.03000020980835,6.043000221252441,6.013999938964844
1997-12-02 00:00:00,6.03000020980835,6.047999858856201,6.025000095367432
1997-12-03 00:00:00,6.015999794006348,6.0269999504089355,6.005000114440918
1997-12-04 00:00:00,6.035999774932861,6.035999774932861,5.988999843597412
1997-12-05 00:00:00,6.077000141143799,6.1570000648498535,6.040999889373779
1997-12-08 00:00:00,6.133999824523926,6.133999824523926,6.070000171661377
1997-12-09 00:00:00,6.131999969482422,6.1479997634887695,6.11299991607666
1997-12-10 00:00:00,6.0929999351501465,6.119999885559082,6.085999965667725
1997-12-11 00:00:00,6.01800012588501,6.043000221252441,5.985000133514404
1997-12-12 00:00:00,5.934000015258789,5.991000175476074,5.934000015258789
1997-12-15 00:00:00,5.9710001945495605,5.9710001945495605,5.922999858856201
1997-12-16 00:00:00,5.953999996185303,5.97599983215332,5.932000160217285
1997-12-17 00:00:00,5.985000133514404,6.005000114440918,5.9670000076293945
1997-12-18 00:00:00,5.940000057220459,5.98199987411499,5.918000221252441
1997-12-19 00:00:00,5.89900016784668,5.921000003814697,5.861999988555908
1997-12-22 00:00:00,5.888000011444092,5.9070000648498535,5.886000156402588
1997-12-23 00:00:00,5.892000198364258,5.9029998779296875,5.85099983215332
1997-12-24 00:00:00,5.89900016784668,5.90500020980835,5.889999866485596
1997-12-26 00:00:00,5.901000022888184,5.920000076293945,5.892000198364258
1997-12-29 00:00:00,5.918000221252441,5.918000221252441,5.895999908447266
1997-12-30 00:00:00,5.9710001945495605,5.986999988555908,5.934000015258789
1997-12-31 00:00:00,5.925000190734863,5.960000038146973,5.922999858856201
1998-01-02 00:00:00,5.8480000495910645,5.921999931335449,5.8379998207092285
1998-01-05 00:00:00,5.729000091552734,5.789999961853027,5.724999904632568
1998-01-06 00:00:00,5.7179999351501465,5.770999908447266,5.714000225067139
1998-01-07 00:00:00,5.793000221252441,5.801000118255615,5.7270002365112305
1998-01-08 00:00:00,5.745999813079834,5.757999897003174,5.711999893188477
1998-01-09 00:00:00,5.703999996185303,5.791999816894531,5.698999881744385
1998-01-12 00:00:00,5.695000171661377,5.7220001220703125,5.6620001792907715
1998-01-13 00:00:00,5.703999996185303,5.71999979019165,5.690999984741211
1998-01-14 00:00:00,5.730999946594238,5.754000186920166,5.695000171661377
1998-01-15 00:00:00,5.738999843597412,5.738999843597412,5.710000038146973
1998-01-16 00:00:00,5.794000148773193,5.798999786376953,5.767000198364258
1998-01-20 00:00:00,5.822000026702881,5.823999881744385,5.770999908447266
1998-01-21 00:00:00,5.801000118255615,5.8460001945495605,5.794000148773193
1998-01-22 00:00:00,5.843999862670898,5.86299991607666,5.802999973297119
1998-01-23 00:00:00,5.9710001945495605,5.9770002365112305,5.88100004196167
1998-01-26 00:00:00,5.88700008392334,5.961999893188477,5.882999897003174
1998-01-27 00:00:00,5.938000202178955,5.956999778747559,5.894000053405762
1998-01-28 00:00:00,5.934999942779541,5.968999862670898,5.90500020980835
1998-01-29 00:00:00,5.839000225067139,5.941999912261963,5.833000183105469
1998-01-30 00:00:00,5.804999828338623,5.8480000495910645,5.801000118255615
1998-02-02 00:00:00,5.861000061035156,5.872000217437744,5.815999984741211
1998-02-03 00:00:00,5.861000061035156,5.882999897003174,5.843999862670898
1998-02-04 00:00:00,5.861000061035156,5.88700008392334,5.8480000495910645
1998-02-05 00:00:00,5.915999889373779,5.923999786376953,5.864999771118164
1998-02-06 00:00:00,5.9070000648498535,5.946000099182129,5.88700008392334
1998-02-09 00:00:00,5.941999912261963,5.960000038146973,5.910999774932861
1998-02-10 00:00:00,5.921999931335449,5.934999942779541,5.918000221252441
1998-02-11 00:00:00,5.849999904632568,5.888999938964844,5.8480000495910645
1998-02-12 00:00:00,5.875999927520752,5.875999927520752,5.802999973297119
1998-02-13 00:00:00,5.843999862670898,5.861000061035156,5.833000183105469
1998-02-17 00:00:00,5.796000003814697,5.809000015258789,5.788000106811523
1998-02-18 00:00:00,5.835000038146973,5.839000225067139,5.7769999504089355
1998-02-19 00:00:00,5.8460001945495605,5.859000205993652,5.826000213623047
1998-02-20 00:00:00,5.861000061035156,5.882999897003174,5.849999904632568
1998-02-23 00:00:00,5.9039998054504395,5.9070000648498535,5.826000213623047
1998-02-24 00:00:00,5.9679999351501465,5.98199987411499,5.872000217437744
1998-02-25 00:00:00,5.918000221252441,5.951000213623047,5.910999774932861
1998-02-26 00:00:00,5.941999912261963,5.954999923706055,5.918000221252441
1998-02-27 00:00:00,5.918000221252441,6.011000156402588,5.918000221252441
1998-03-02 00:00:00,6.02400016784668,6.02400016784668,5.934999942779541
1998-03-03 00:00:00,6.058000087738037,6.076000213623047,6.001999855041504
1998-03-04 00:00:00,6.041999816894531,6.073999881744385,6.021999835968018
1998-03-05 00:00:00,6.063000202178955,6.076000213623047,6.004000186920166
1998-03-06 00:00:00,6.017000198364258,6.090000152587891,6.001999855041504
1998-03-09 00:00:00,5.964000225067139,6.021999835968018,5.959000110626221
1998-03-10 00:00:00,5.959000110626221,5.9770002365112305,5.947999954223633
1998-03-11 00:00:00,5.926000118255615,5.953000068664551,5.926000118255615
1998-03-12 00:00:00,5.867000102996826,5.941999912261963,5.859000205993652
1998-03-13 00:00:00,5.885000228881836,5.910999774932861,5.86299991607666
1998-03-16 00:00:00,5.8480000495910645,5.86899995803833,5.839000225067139
1998-03-17 00:00:00,5.880000114440918,5.885000228881836,5.828000068664551
1998-03-18 00:00:00,5.900000095367432,5.908999919891357,5.874000072479248
1998-03-19 00:00:00,5.9019999504089355,5.940000057220459,5.890999794006348
1998-03-20 00:00:00,5.881999969482422,5.8979997634887695,5.874000072479248
1998-03-23 00:00:00,5.875999927520752,5.916999816894531,5.86899995803833
1998-03-24 00:00:00,5.875999927520752,5.88700008392334,5.857999801635742
1998-03-25 00:00:00,5.931000232696533,5.933000087738037,5.8429999351501465
1998-03-26 00:00:00,5.947999954223633,5.951000213623047,5.921999931335449
1998-03-27 00:00:00,5.951000213623047,5.9730000495910645,5.926000118255615
1998-03-30 00:00:00,5.974999904632568,5.98799991607666,5.943999767303467
1998-03-31 00:00:00,5.936999797821045,5.9770002365112305,5.931000232696533
1998-04-01 00:00:00,5.8979997634887695,5.947999954223633,5.8979997634887695
1998-04-02 00:00:00,5.8429999351501465,5.888999938964844,5.8429999351501465
1998-04-03 00:00:00,5.7789998054504395,5.807000160217285,5.73199987411499
1998-04-06 00:00:00,5.820000171661377,5.822000026702881,5.7769999504089355
1998-04-07 00:00:00,5.835000038146973,5.836999893188477,5.803999900817871
1998-04-08 00:00:00,5.895999908447266,5.9019999504089355,5.822000026702881
1998-04-09 00:00:00,5.875999927520752,5.926000118255615,5.8520002365112305
1998-04-13 00:00:00,5.931000232696533,5.951000213623047,5.877999782562256
1998-04-14 00:00:00,5.9019999504089355,5.923999786376953,5.888999938964844
1998-04-15 00:00:00,5.880000114440918,5.918000221252441,5.880000114440918
1998-04-16 00:00:00,5.867000102996826,5.880000114440918,5.849999904632568
1998-04-17 00:00:00,5.86899995803833,5.880000114440918,5.8480000495910645
1998-04-20 00:00:00,5.914999961853027,5.928999900817871,5.880000114440918
1998-04-21 00:00:00,5.951000213623047,5.951000213623047,5.918000221252441
1998-04-22 00:00:00,5.956999778747559,5.9710001945495605,5.928999900817871
1998-04-23 00:00:00,5.966000080108643,5.988999843597412,5.956999778747559
1998-04-24 00:00:00,5.941999912261963,5.986000061035156,5.940000057220459
1998-04-27 00:00:00,6.063000202178955,6.080999851226807,5.984000205993652
1998-04-28 00:00:00,6.065000057220459,6.065000057220459,6.031000137329102
1998-04-29 00:00:00,6.070000171661377,6.0879998207092285,6.056000232696533
1998-04-30 00:00:00,5.946000099182129,6.090000152587891,5.943999767303467
1998-05-01 00:00:00,5.934999942779541,5.941999912261963,5.900000095367432
1998-05-04 00:00:00,5.934999942779541,5.948999881744385,5.923999786376953
1998-05-05 00:00:00,5.966000080108643,5.974999904632568,5.941999912261963
1998-05-06 00:00:00,5.940000057220459,5.978000164031982,5.933000087738037
1998-05-07 00:00:00,5.941999912261963,5.960000038146973,5.931000232696533
1998-05-08 00:00:00,5.968999862670898,5.993000030517578,5.938000202178955
1998-05-11 00:00:00,6.038000106811523,6.040999889373779,5.984000205993652
1998-05-12 00:00:00,5.954999923706055,6.035999774932861,5.953000068664551
1998-05-13 00:00:00,5.941999912261963,5.9710001945495605,5.915999889373779
1998-05-14 00:00:00,5.9710001945495605,5.9730000495910645,5.940000057220459
1998-05-15 00:00:00,5.966000080108643,5.9730000495910645,5.958000183105469
1998-05-18 00:00:00,5.914999961853027,5.960000038146973,5.914999961853027
1998-05-19 00:00:00,5.928999900817871,5.940000057220459,5.914999961853027
1998-05-20 00:00:00,5.885000228881836,5.921999931335449,5.874000072479248
1998-05-21 00:00:00,5.920000076293945,5.926000118255615,5.864999771118164
1998-05-22 00:00:00,5.895999908447266,5.921999931335449,5.89300012588501
1998-05-26 00:00:00,5.84499979019165,5.875999927520752,5.831999778747559
1998-05-27 00:00:00,5.823999881744385,5.828000068664551,5.806000232696533
1998-05-28 00:00:00,5.831999778747559,5.84499979019165,5.816999912261963
1998-05-29 00:00:00,5.800000190734863,5.816999912261963,5.78000020980835
1998-06-01 00:00:00,5.776000022888184,5.789000034332275,5.758999824523926
1998-06-02 00:00:00,5.795000076293945,5.802000045776367,5.7870001792907715
1998-06-03 00:00:00,5.790999889373779,5.813000202178955,5.790999889373779
1998-06-04 00:00:00,5.809999942779541,5.818999767303467,5.795000076293945
1998-06-05 00:00:00,5.784999847412109,5.8429999351501465,5.761000156402588
1998-06-08 00:00:00,5.7870001792907715,5.803999900817871,5.78000020980835
1998-06-09 00:00:00,5.784999847412109,5.803999900817871,5.78000020980835
1998-06-10 00:00:00,5.697000026702881,5.74399995803833,5.695000171661377
1998-06-11 00:00:00,5.646999835968018,5.710000038146973,5.640999794006348
1998-06-12 00:00:00,5.651000022888184,5.671999931335449,5.635000228881836
1998-06-15 00:00:00,5.60099983215332,5.630000114440918,5.59499979019165
1998-06-16 00:00:00,5.644999980926514,5.646999835968018,5.613999843597412
1998-06-17 00:00:00,5.736999988555908,5.751999855041504,5.686999797821045
1998-06-18 00:00:00,5.692999839782715,5.724999904632568,5.689000129699707
1998-06-19 00:00:00,5.668000221252441,5.736999988555908,5.668000221252441
1998-06-22 00:00:00,5.6570000648498535,5.658999919891357,5.636000156402588
1998-06-23 00:00:00,5.636000156402588,5.6529998779296875,5.636000156402588
1998-06-24 00:00:00,5.6529998779296875,5.65500020980835,5.622000217437744
1998-06-25 00:00:00,5.64900016784668,5.689000129699707,5.636000156402588
1998-06-26 00:00:00,5.631999969482422,5.676000118255615,5.618000030517578
1998-06-29 00:00:00,5.644999980926514,5.646999835968018,5.631999969482422
1998-06-30 00:00:00,5.618000030517578,5.670000076293945,5.616000175476074
1998-07-01 00:00:00,5.627999782562256,5.639999866485596,5.598999977111816
1998-07-02 00:00:00,5.59499979019165,5.598999977111816,5.567999839782715
1998-07-06 00:00:00,5.567999839782715,5.581999778747559,5.565999984741211
1998-07-07 00:00:00,5.591000080108643,5.603000164031982,5.576000213623047
1998-07-08 00:00:00,5.61899995803833,5.61899995803833,5.579999923706055
1998-07-09 00:00:00,5.598999977111816,5.625999927520752,5.5929999351501465
1998-07-10 00:00:00,5.61899995803833,5.624000072479248,5.60099983215332
1998-07-13 00:00:00,5.673999786376953,5.701000213623047,5.61299991607666
1998-07-14 00:00:00,5.710999965667725,5.728000164031982,5.65500020980835
1998-07-15 00:00:00,5.697000026702881,5.710999965667725,5.682000160217285
1998-07-16 00:00:00,5.7179999351501465,5.723999977111816,5.677999973297119
1998-07-17 00:00:00,5.741000175476074,5.747000217437744,5.709000110626221
1998-07-20 00:00:00,5.709000110626221,5.73199987411499,5.693999767303467
1998-07-21 00:00:00,5.666999816894531,5.7129998207092285,5.658999919891357
1998-07-22 00:00:00,5.677999973297119,5.679999828338623,5.663000106811523
1998-07-23 00:00:00,5.65500020980835,5.679999828338623,5.6479997634887695
1998-07-24 00:00:00,5.677000045776367,5.679999828338623,5.645999908447266
1998-07-27 00:00:00,5.696000099182129,5.696000099182129,5.660999774932861
1998-07-28 00:00:00,5.73199987411499,5.734000205993652,5.696000099182129
1998-07-29 00:00:00,5.757999897003174,5.757999897003174,5.728000164031982
1998-07-30 00:00:00,5.723999977111816,5.781000137329102,5.7129998207092285
1998-07-31 00:00:00,5.7170000076293945,5.736999988555908,5.7129998207092285
1998-08-03 00:00:00,5.6579999923706055,5.704999923706055,5.6539998054504395
1998-08-04 00:00:00,5.6479997634887695,5.677000045776367,5.620999813079834
1998-08-05 00:00:00,5.650000095367432,5.672999858856201,5.635000228881836
1998-08-06 00:00:00,5.669000148773193,5.677000045776367,5.6519999504089355
1998-08-07 00:00:00,5.620999813079834,5.6579999923706055,5.620999813079834
1998-08-10 00:00:00,5.61899995803833,5.639999866485596,5.605999946594238
1998-08-11 00:00:00,5.590000152587891,5.5960001945495605,5.557000160217285
1998-08-12 00:00:00,5.610000133514404,5.632999897003174,5.6020002365112305
1998-08-13 00:00:00,5.639999866485596,5.644000053405762,5.6020002365112305
1998-08-14 00:00:00,5.5370001792907715,5.607999801635742,5.533999919891357
1998-08-17 00:00:00,5.552000045776367,5.552000045776367,5.519000053405762
1998-08-18 00:00:00,5.553999900817871,5.572999954223633,5.546999931335449
1998-08-19 00:00:00,5.558000087738037,5.584000110626221,5.556000232696533
1998-08-20 00:00:00,5.511000156402588,5.578000068664551,5.508999824523926
1998-08-21 00:00:00,5.459000110626221,5.4679999351501465,5.373000144958496
1998-08-24 00:00:00,5.4720001220703125,5.479000091552734,5.426000118255615
1998-08-25 00:00:00,5.427999973297119,5.46999979019165,5.427999973297119
1998-08-26 00:00:00,5.421000003814697,5.441999912261963,5.408999919891357
1998-08-27 00:00:00,5.375,5.392000198364258,5.340000152587891
1998-08-28 00:00:00,5.359000205993652,5.394000053405762,5.334000110626221
1998-08-31 00:00:00,5.290999889373779,5.367000102996826,5.289000034332275
1998-09-01 00:00:00,5.329999923706055,5.349999904632568,5.263999938964844
1998-09-02 00:00:00,5.3379998207092285,5.364999771118164,5.335999965667725
1998-09-03 00:00:00,5.298999786376953,5.321000099182129,5.295000076293945
1998-09-04 00:00:00,5.269999980926514,5.331999778747559,5.26200008392334
1998-09-08 00:00:00,5.340000152587891,5.343999862670898,5.316999912261963
1998-09-09 00:00:00,5.269999980926514,5.315000057220459,5.26800012588501
1998-09-10 00:00:00,5.176000118255615,5.27400016784668,5.165999889373779
1998-09-11 00:00:00,5.22599983215332,5.242000102996826,5.138000011444092
1998-09-14 00:00:00,5.22599983215332,5.265999794006348,5.2220001220703125
1998-09-15 00:00:00,5.25600004196167,5.25600004196167,5.192999839782715
1998-09-16 00:00:00,5.209000110626221,5.26200008392334,5.209000110626221
1998-09-17 00:00:00,5.178999900817871,5.192999839782715,5.1519999504089355
1998-09-18 00:00:00,5.139999866485596,5.183000087738037,5.138000011444092
1998-09-21 00:00:00,5.119999885559082,5.125999927520752,5.044000148773193
1998-09-22 00:00:00,5.1529998779296875,5.169000148773193,5.138000011444092
1998-09-23 00:00:00,5.15500020980835,5.189000129699707,5.145999908447266
1998-09-24 00:00:00,5.144000053405762,5.192999839782715,5.144000053405762
1998-09-25 00:00:00,5.122000217437744,5.1529998779296875,5.083000183105469
1998-09-28 00:00:00,5.14300012588501,5.144999980926514,5.0980000495910645
1998-09-29 00:00:00,5.0960001945495605,5.146999835968018,5.0920000076293945
1998-09-30 00:00:00,4.97599983215332,5.063000202178955,4.973999977111816
1998-10-01 00:00:00,4.890999794006348,4.934999942779541,4.880000114440918
1998-10-02 00:00:00,4.8470001220703125,4.9039998054504395,4.816999912261963
1998-10-05 00:00:00,4.708000183105469,4.829999923706055,4.690000057220459
1998-10-06 00:00:00,4.74399995803833,4.798999786376953,4.736999988555908
1998-10-07 00:00:00,4.826000213623047,4.86899995803833,4.742000102996826
1998-10-08 00:00:00,4.98799991607666,5.013999938964844,4.861000061035156
1998-10-09 00:00:00,5.105999946594238,5.14900016784668,5.046999931335449
1998-10-13 00:00:00,5.105999946594238,5.105999946594238,4.978000164031982
1998-10-14 00:00:00,4.991000175476074,5.099999904632568,4.980000019073486
1998-10-15 00:00:00,5.015999794006348,5.045000076293945,4.97599983215332
1998-10-16 00:00:00,4.959000110626221,5.0320000648498535,4.921000003814697
1998-10-19 00:00:00,4.97599983215332,4.986999988555908,4.951000213623047
1998-10-20 00:00:00,5.043000221252441,5.093999862670898,4.954999923706055
1998-10-21 00:00:00,5.057000160217285,5.079999923706055,5.0329999923706055
1998-10-22 00:00:00,5.117000102996826,5.135000228881836,5.081999778747559
1998-10-23 00:00:00,5.160999774932861,5.192999839782715,5.135000228881836
1998-10-26 00:00:00,5.13100004196167,5.224999904632568,5.111000061035156
1998-10-27 00:00:00,5.076000213623047,5.135000228881836,5.059000015258789
1998-10-28 00:00:00,5.126999855041504,5.13100004196167,5.073999881744385
1998-10-29 00:00:00,5.0920000076293945,5.126999855041504,5.081999778747559
1998-10-30 00:00:00,5.14300012588501,5.183000087738037,5.10099983215332
1998-11-02 00:00:00,5.224999904632568,5.232999801635742,5.1570000648498535
1998-11-03 00:00:00,5.218999862670898,5.232999801635742,5.189000129699707
1998-11-04 00:00:00,5.321000099182129,5.328999996185303,5.232999801635742
1998-11-05 00:00:00,5.34499979019165,5.366000175476074,5.247000217437744
1998-11-06 00:00:00,5.361999988555908,5.416999816894531,5.269000053405762
1998-11-09 00:00:00,5.2789998054504395,5.4039998054504395,5.275000095367432
1998-11-10 00:00:00,5.269000053405762,5.289999961853027,5.232999801635742
1998-11-12 00:00:00,5.23799991607666,5.275000095367432,5.218999862670898
1998-11-13 00:00:00,5.25,5.297999858856201,5.239999771118164
1998-11-16 00:00:00,5.275000095367432,5.2829999923706055,5.24399995803833
1998-11-17 00:00:00,5.289999961853027,5.313000202178955,5.24399995803833
1998-11-18 00:00:00,5.24399995803833,5.291999816894531,5.191999912261963
1998-11-19 00:00:00,5.245999813079834,5.267000198364258,5.2230000495910645
1998-11-20 00:00:00,5.2129998207092285,5.224999904632568,5.190000057220459
1998-11-23 00:00:00,5.24399995803833,5.251999855041504,5.176000118255615
1998-11-24 00:00:00,5.2210001945495605,5.245999813079834,5.191999912261963
1998-11-25 00:00:00,5.177999973297119,5.202000141143799,5.177999973297119
1998-11-27 00:00:00,5.160999774932861,5.164999961853027,5.151000022888184
1998-11-30 00:00:00,5.070000171661377,5.14300012588501,5.067999839782715
1998-12-01 00:00:00,5.052000045776367,5.073999881744385,5.019000053405762
1998-12-02 00:00:00,5.019000053405762,5.044000148773193,4.997000217437744
1998-12-03 00:00:00,5.008999824523926,5.0289998054504395,4.993000030517578
1998-12-04 00:00:00,5.038000106811523,5.061999797821045,5.002999782562256
1998-12-07 00:00:00,5.038000106811523,5.041999816894531,5.000999927520752
1998-12-08 00:00:00,4.988999843597412,5.0320000648498535,4.988999843597412
1998-12-09 00:00:00,4.961999893188477,4.985000133514404,4.952000141143799
1998-12-10 00:00:00,4.955999851226807,4.985000133514404,4.927000045776367
1998-12-11 00:00:00,5.011000156402588,5.035999774932861,4.925000190734863
1998-12-14 00:00:00,4.986999988555908,5.000999927520752,4.965000152587891
1998-12-15 00:00:00,5.035999774932861,5.035999774932861,4.991000175476074
1998-12-16 00:00:00,5.006999969482422,5.053999900817871,4.997000217437744
1998-12-17 00:00:00,5.000999927520752,5.03000020980835,5.000999927520752
1998-12-18 00:00:00,5.007999897003174,5.0320000648498535,5.005000114440918
1998-12-21 00:00:00,5.061999797821045,5.079999923706055,5.02400016784668
1998-12-22 00:00:00,5.127999782562256,5.130000114440918,5.0920000076293945
1998-12-23 00:00:00,5.199999809265137,5.203999996185303,5.138999938964844
1998-12-24 00:00:00,5.214000225067139,5.229000091552734,5.172999858856201
1998-12-28 00:00:00,5.160999774932861,5.199999809265137,5.144999980926514
1998-12-29 00:00:00,5.118000030517578,5.183000087738037,5.111999988555908
1998-12-30 00:00:00,5.085999965667725,5.119999885559082,5.078000068664551
1998-12-31 00:00:00,5.084000110626221,5.138000011444092,5.065999984741211
1999-01-04 00:00:00,5.146999835968018,5.177000045776367,5.065999984741211
1999-01-05 00:00:00,5.202000141143799,5.2179999351501465,5.160999774932861
1999-01-06 00:00:00,5.166999816894531,5.2270002365112305,5.164999961853027
1999-01-07 00:00:00,5.21999979019165,5.251999855041504,5.158999919891357
1999-01-08 00:00:00,5.25600004196167,5.2829999923706055,5.2179999351501465
1999-01-11 00:00:00,5.269999980926514,5.353000164031982,5.26800012588501
1999-01-12 00:00:00,5.2220001220703125,5.2789998054504395,5.197999954223633
1999-01-13 00:00:00,5.145999908447266,5.186999797821045,5.061999797821045
1999-01-14 00:00:00,5.059999942779541,5.163000106811523,5.059999942779541
1999-01-15 00:00:00,5.110000133514404,5.142000198364258,5.090000152587891
1999-01-19 00:00:00,5.133999824523926,5.166999816894531,5.099999904632568
1999-01-20 00:00:00,5.169000148773193,5.211999893188477,5.163000106811523
1999-01-21 00:00:00,5.144000053405762,5.1570000648498535,5.116000175476074
1999-01-22 00:00:00,5.081999778747559,5.110000133514404,5.078000068664551
1999-01-25 00:00:00,5.111999988555908,5.118000030517578,5.079999923706055
1999-01-26 00:00:00,5.119999885559082,5.127999782562256,5.0920000076293945
1999-01-27 00:00:00,5.131999969482422,5.15500020980835,5.127999782562256
1999-01-28 00:00:00,5.107999801635742,5.15500020980835,5.0920000076293945
1999-01-29 00:00:00,5.085999965667725,5.138000011444092,5.085999965667725
1999-02-01 00:00:00,5.181000232696533,5.192999839782715,5.1020002365112305
1999-02-02 00:00:00,5.236999988555908,5.249000072479248,5.199999809265137
1999-02-03 00:00:00,5.254000186920166,5.271999835968018,5.2179999351501465
1999-02-04 00:00:00,5.302000045776367,5.3379998207092285,5.26800012588501
1999-02-05 00:00:00,5.3379998207092285,5.355000019073486,5.289000034332275
1999-02-08 00:00:00,5.348999977111816,5.355000019073486,5.309999942779541
1999-02-09 00:00:00,5.321000099182129,5.328999996185303,5.293000221252441
1999-02-10 00:00:00,5.3420000076293945,5.348999977111816,5.290999889373779
1999-02-11 00:00:00,5.343999862670898,5.375999927520752,5.335999965667725
1999-02-12 00:00:00,5.423999786376953,5.440999984741211,5.3470001220703125
1999-02-16 00:00:00,5.35099983215332,5.4070000648498535,5.329999923706055
1999-02-17 00:00:00,5.310999870300293,5.368000030517578,5.307000160217285
1999-02-18 00:00:00,5.359000205993652,5.366000175476074,5.294000148773193
1999-02-19 00:00:00,5.376999855041504,5.400000095367432,5.34499979019165
1999-02-22 00:00:00,5.348999977111816,5.3979997634887695,5.348999977111816
1999-02-23 00:00:00,5.413000106811523,5.427999973297119,5.355000019073486
1999-02-24 00:00:00,5.498000144958496,5.5,5.4039998054504395
1999-02-25 00:00:00,5.603000164031982,5.6570000648498535,5.478000164031982
1999-02-26 00:00:00,5.552999973297119,5.609000205993652,5.5329999923706055
1999-03-01 00:00:00,5.6570000648498535,5.682000160217285,5.589000225067139
1999-03-02 00:00:00,5.623000144958496,5.668000221252441,5.609000205993652
1999-03-03 00:00:00,5.677999973297119,5.679999828338623,5.599999904632568
1999-03-04 00:00:00,5.684000015258789,5.718999862670898,5.672999858856201
1999-03-05 00:00:00,5.605000019073486,5.679999828338623,5.5329999923706055
1999-03-08 00:00:00,5.591000080108643,5.5960001945495605,5.559999942779541
1999-03-09 00:00:00,5.5329999923706055,5.633999824523926,5.51800012588501
1999-03-10 00:00:00,5.552999973297119,5.576000213623047,5.51800012588501
1999-03-11 00:00:00,5.561999797821045,5.591000080108643,5.52400016784668
1999-03-12 00:00:00,5.5329999923706055,5.556000232696533,5.519999980926514
1999-03-15 00:00:00,5.505000114440918,5.548999786376953,5.49399995803833
1999-03-16 00:00:00,5.4670000076293945,5.515999794006348,5.460999965667725
1999-03-17 00:00:00,5.501999855041504,5.505000114440918,5.439000129699707
1999-03-18 00:00:00,5.485000133514404,5.5,5.4629998207092285
1999-03-19 00:00:00,5.5329999923706055,5.535999774932861,5.4629998207092285
1999-03-22 00:00:00,5.559999942779541,5.568999767303467,5.51800012588501
1999-03-23 00:00:00,5.558000087738037,5.579999923706055,5.546999931335449
1999-03-24 00:00:00,5.5329999923706055,5.535999774932861,5.511000156402588
1999-03-25 00:00:00,5.579999923706055,5.585000038146973,5.51800012588501
1999-03-26 00:00:00,5.5960001945495605,5.599999904632568,5.521999835968018
1999-03-29 00:00:00,5.640999794006348,5.650000095367432,5.591000080108643
1999-03-30 00:00:00,5.585000038146973,5.63700008392334,5.581999778747559
1999-03-31 00:00:00,5.620999813079834,5.6620001792907715,5.579999923706055
1999-04-01 00:00:00,5.672999858856201,5.686999797821045,5.611999988555908
1999-04-05 00:00:00,5.589000225067139,5.611999988555908,5.566999912261963
1999-04-06 00:00:00,5.51800012588501,5.568999767303467,5.508999824523926
1999-04-07 00:00:00,5.508999824523926,5.5329999923706055,5.495999813079834
1999-04-08 00:00:00,5.427999973297119,5.51800012588501,5.421999931335449
1999-04-09 00:00:00,5.452000141143799,5.4670000076293945,5.406000137329102
1999-04-12 00:00:00,5.445000171661377,5.445000171661377,5.421999931335449
1999-04-13 00:00:00,5.49399995803833,5.5,5.434999942779541
1999-04-14 00:00:00,5.5,5.506999969482422,5.47599983215332
1999-04-15 00:00:00,5.519999980926514,5.5329999923706055,5.5
1999-04-16 00:00:00,5.565000057220459,5.576000213623047,5.5289998054504395
1999-04-19 00:00:00,5.539999961853027,5.578000068664551,5.5269999504089355
1999-04-20 00:00:00,5.508999824523926,5.5329999923706055,5.498000144958496
1999-04-21 00:00:00,5.49399995803833,5.511000156402588,5.4720001220703125
1999-04-22 00:00:00,5.5980000495910645,5.60099983215332,5.505000114440918
1999-04-23 00:00:00,5.589000225067139,5.60099983215332,5.571000099182129
1999-04-26 00:00:00,5.565000057220459,5.6479997634887695,5.561999797821045
1999-04-27 00:00:00,5.541999816894531,5.576000213623047,5.539999961853027
1999-04-28 00:00:00,5.573999881744385,5.589000225067139,5.559999942779541
1999-04-29 00:00:00,5.515999794006348,5.578000068664551,5.502999782562256
1999-04-30 00:00:00,5.672999858856201,5.676000118255615,5.492000102996826
1999-05-03 00:00:00,5.659999847412109,5.691999912261963,5.645999908447266
1999-05-04 00:00:00,5.7170000076293945,5.729000091552734,5.645999908447266
1999-05-05 00:00:00,5.698999881744385,5.732999801635742,5.686999797821045
1999-05-06 00:00:00,5.789999961853027,5.801000118255615,5.698999881744385
1999-05-07 00:00:00,5.813000202178955,5.815999984741211,5.7170000076293945
1999-05-10 00:00:00,5.78000020980835,5.8420000076293945,5.769000053405762
1999-05-11 00:00:00,5.836999893188477,5.854000091552734,5.765999794006348
1999-05-12 00:00:00,5.822999954223633,5.876999855041504,5.796999931335449
1999-05-13 00:00:00,5.73799991607666,5.803999900817871,5.736000061035156
1999-05-14 00:00:00,5.910999774932861,5.940000057220459,5.744999885559082
1999-05-17 00:00:00,5.9019999504089355,5.933000087738037,5.885000228881836
1999-05-18 00:00:00,5.88700008392334,5.914000034332275,5.839000225067139
1999-05-19 00:00:00,5.798999786376953,5.873000144958496,5.795000076293945
1999-05-20 00:00:00,5.815999984741211,5.824999809265137,5.7870001792907715
1999-05-21 00:00:00,5.770999908447266,5.810999870300293,5.75
1999-05-24 00:00:00,5.763999938964844,5.789999961853027,5.736000061035156
1999-05-25 00:00:00,5.755000114440918,5.784999847412109,5.748000144958496
1999-05-26 00:00:00,5.795000076293945,5.817999839782715,5.744999885559082
1999-05-27 00:00:00,5.836999893188477,5.861999988555908,5.784999847412109
1999-05-28 00:00:00,5.822999954223633,5.866000175476074,5.809000015258789
1999-06-01 00:00:00,5.935999870300293,5.947999954223633,5.8420000076293945
1999-06-02 00:00:00,5.934000015258789,5.9679999351501465,5.9120001792907715
1999-06-03 00:00:00,5.946000099182129,5.954999923706055,5.9070000648498535
1999-06-04 00:00:00,5.960000038146973,5.974999904632568,5.916999816894531
1999-06-07 00:00:00,5.965000152587891,5.965000152587891,5.926000118255615
1999-06-08 00:00:00,5.986999988555908,5.986999988555908,5.939000129699707
1999-06-09 00:00:00,6.010000228881836,6.0289998054504395,5.978000164031982
1999-06-10 00:00:00,6.048999786376953,6.077000141143799,6.033999919891357
1999-06-11 00:00:00,6.135000228881836,6.135000228881836,6.017000198364258
1999-06-14 00:00:00,6.1020002365112305,6.126999855041504,6.086999893188477
1999-06-15 00:00:00,6.099999904632568,6.099999904632568,6.053999900817871
1999-06-16 00:00:00,6.073999881744385,6.085000038146973,6.019999980926514
1999-06-17 00:00:00,5.951000213623047,6.072000026702881,5.946000099182129
1999-06-18 00:00:00,5.9710001945495605,5.9710001945495605,5.948999881744385
1999-06-21 00:00:00,6.0269999504089355,6.050000190734863,5.9679999351501465
1999-06-22 00:00:00,6.059999942779541,6.070000171661377,6.03000020980835
1999-06-23 00:00:00,6.127999782562256,6.138000011444092,5.992000102996826
1999-06-24 00:00:00,6.160999774932861,6.190999984741211,6.120999813079834
1999-06-25 00:00:00,6.151000022888184,6.1579999923706055,6.11299991607666
1999-06-28 00:00:00,6.09499979019165,6.156000137329102,6.09499979019165
1999-06-29 00:00:00,6.065000057220459,6.107999801635742,6.057000160217285
1999-06-30 00:00:00,5.98799991607666,6.107999801635742,5.955999851226807
1999-07-01 00:00:00,6.013000011444092,6.079999923706055,5.993000030517578
1999-07-02 00:00:00,6.000999927520752,6.0279998779296875,5.986000061035156
1999-07-06 00:00:00,6.043000221252441,6.072999954223633,6.03000020980835
1999-07-07 00:00:00,6.058000087738037,6.083000183105469,6.052999973297119
1999-07-08 00:00:00,5.998000144958496,6.0929999351501465,5.998000144958496
1999-07-09 00:00:00,5.998000144958496,6.026000022888184,5.953999996185303
1999-07-12 00:00:00,5.906000137329102,6.00600004196167,5.886000156402588
1999-07-13 00:00:00,5.890999794006348,5.910999774932861,5.85099983215332
1999-07-14 00:00:00,5.9079999923706055,5.927999973297119,5.881999969482422
1999-07-15 00:00:00,5.906000137329102,5.929999828338623,5.867000102996826
1999-07-16 00:00:00,5.894000053405762,5.910999774932861,5.872000217437744
1999-07-19 00:00:00,5.894000053405762,5.894000053405762,5.855000019073486
1999-07-20 00:00:00,5.881999969482422,5.934999942779541,5.881999969482422
1999-07-21 00:00:00,5.89900016784668,5.9079999923706055,5.881999969482422
1999-07-22 00:00:00,5.9670000076293945,5.984000205993652,5.883999824523926
1999-07-23 00:00:00,6.004000186920166,6.026000022888184,5.979000091552734
1999-07-26 00:00:00,6.033999919891357,6.065999984741211,6.02400016784668
1999-07-27 00:00:00,6.00600004196167,6.0289998054504395,6.001999855041504
1999-07-28 00:00:00,6.001999855041504,6.026000022888184,5.997000217437744
1999-07-29 00:00:00,6.060999870300293,6.111000061035156,6.020999908447266
1999-07-30 00:00:00,6.104000091552734,6.122000217437744,6.085999965667725
1999-08-02 00:00:00,6.11899995803833,6.175000190734863,6.091000080108643
1999-08-03 00:00:00,6.15500020980835,6.15500020980835,6.113999843597412
1999-08-04 00:00:00,6.111999988555908,6.163000106811523,6.077000141143799
1999-08-05 00:00:00,6.046999931335449,6.117000102996826,6.021999835968018
1999-08-06 00:00:00,6.146999835968018,6.150000095367432,6.021999835968018
1999-08-09 00:00:00,6.224999904632568,6.2270002365112305,6.177999973297119
1999-08-10 00:00:00,6.248000144958496,6.257999897003174,6.201000213623047
1999-08-11 00:00:00,6.214000225067139,6.271999835968018,6.209000110626221
1999-08-12 00:00:00,6.261000156402588,6.265999794006348,6.202000141143799
1999-08-13 00:00:00,6.104000091552734,6.196000099182129,6.1020002365112305
1999-08-16 00:00:00,6.084000110626221,6.109000205993652,6.072000026702881
1999-08-17 00:00:00,6.01200008392334,6.089000225067139,6.0
1999-08-18 00:00:00,5.995999813079834,6.046999931335449,5.995999813079834
1999-08-19 00:00:00,6.013999938964844,6.0279998779296875,5.986999988555908
1999-08-20 00:00:00,5.989999771118164,6.0279998779296875,5.982999801635742
1999-08-23 00:00:00,5.973999977111816,6.054999828338623,5.9670000076293945
1999-08-24 00:00:00,5.939000129699707,5.99399995803833,5.932000160217285
1999-08-25 00:00:00,5.860000133514404,5.927999973297119,5.854000091552734
1999-08-26 00:00:00,5.875,5.895999908447266,5.854000091552734
1999-08-27 00:00:00,5.960999965667725,5.960999965667725,5.9029998779296875
1999-08-30 00:00:00,6.054999828338623,6.0980000495910645,5.959000110626221
1999-08-31 00:00:00,6.065999984741211,6.099999904632568,6.019000053405762
1999-09-01 00:00:00,6.081999778747559,6.084000110626221,5.998000144958496
1999-09-02 00:00:00,6.140999794006348,6.144999980926514,6.077000141143799
1999-09-03 00:00:00,6.020999908447266,6.118000030517578,6.01200008392334
1999-09-07 00:00:00,6.066999912261963,6.067999839782715,6.0279998779296875
1999-09-08 00:00:00,6.060999870300293,6.09499979019165,6.0320000648498535
1999-09-09 00:00:00,6.0929999351501465,6.107999801635742,6.071000099182129
1999-09-10 00:00:00,6.033999919891357,6.070000171661377,6.013999938964844
1999-09-13 00:00:00,6.054999828338623,6.060999870300293,6.046000003814697
1999-09-14 00:00:00,6.109000205993652,6.129000186920166,6.043000221252441
1999-09-15 00:00:00,6.105999946594238,6.122000217437744,6.064000129699707
1999-09-16 00:00:00,6.072000026702881,6.111000061035156,6.072000026702881
1999-09-17 00:00:00,6.043000221252441,6.119999885559082,6.031000137329102
1999-09-20 00:00:00,6.072000026702881,6.073999881744385,6.0269999504089355
1999-09-21 00:00:00,6.0929999351501465,6.107999801635742,6.083000183105469
1999-09-22 00:00:00,6.0879998207092285,6.104000091552734,6.077000141143799
1999-09-23 00:00:00,6.035999774932861,6.0879998207092285,6.0269999504089355
1999-09-24 00:00:00,5.947000026702881,6.0,5.940000057220459
1999-09-27 00:00:00,6.015999794006348,6.01800012588501,5.98199987411499
1999-09-28 00:00:00,6.058000087738037,6.066999912261963,5.991000175476074
1999-09-29 00:00:00,6.117000102996826,6.124000072479248,6.066999912261963
1999-09-30 00:00:00,6.056000232696533,6.129000186920166,6.048999786376953
1999-10-01 00:00:00,6.144999980926514,6.158999919891357,6.085999965667725
1999-10-04 00:00:00,6.098999977111816,6.136000156402588,6.0970001220703125
1999-10-05 00:00:00,6.168000221252441,6.177000045776367,6.085999965667725
1999-10-06 00:00:00,6.170000076293945,6.172999858856201,6.138000011444092
1999-10-07 00:00:00,6.179999828338623,6.2170000076293945,6.156000137329102
1999-10-08 00:00:00,6.189000129699707,6.190999984741211,6.129000186920166
1999-10-12 00:00:00,6.22599983215332,6.23799991607666,6.208000183105469
1999-10-13 00:00:00,6.288000106811523,6.288000106811523,6.208000183105469
1999-10-14 00:00:00,6.315999984741211,6.333000183105469,6.2729997634887695
1999-10-15 00:00:00,6.261000156402588,6.366000175476074,6.261000156402588
1999-10-18 00:00:00,6.296999931335449,6.302000045776367,6.258999824523926
1999-10-19 00:00:00,6.3420000076293945,6.3420000076293945,6.276000022888184
1999-10-20 00:00:00,6.3379998207092285,6.363999843597412,6.328000068664551
1999-10-21 00:00:00,6.3520002365112305,6.35699987411499,6.291999816894531
1999-10-22 00:00:00,6.349999904632568,6.35699987411499,6.328000068664551
1999-10-25 00:00:00,6.349999904632568,6.3979997634887695,6.34499979019165
1999-10-26 00:00:00,6.370999813079834,6.379000186920166,6.335000038146973
1999-10-27 00:00:00,6.322999954223633,6.3470001220703125,6.315999984741211
1999-10-28 00:00:00,6.243000030517578,6.296999931335449,6.243000030517578
1999-10-29 00:00:00,6.14900016784668,6.218999862670898,6.14900016784668
1999-11-01 00:00:00,6.182000160217285,6.199999809265137,6.160999774932861
1999-11-02 00:00:00,6.136000156402588,6.186999797821045,6.125999927520752
1999-11-03 00:00:00,6.13100004196167,6.158999919891357,6.107999801635742
1999-11-04 00:00:00,6.0879998207092285,6.122000217437744,6.085000038146973
1999-11-05 00:00:00,6.039999961853027,6.10099983215332,6.008999824523926
1999-11-08 00:00:00,6.058000087738037,6.063000202178955,6.046999931335449
1999-11-09 00:00:00,6.063000202178955,6.083000183105469,6.048999786376953
1999-11-10 00:00:00,6.090000152587891,6.114999771118164,6.041999816894531
1999-11-12 00:00:00,6.02400016784668,6.051000118255615,6.021999835968018
1999-11-15 00:00:00,6.0289998054504395,6.045000076293945,6.026000022888184
1999-11-16 00:00:00,6.056000232696533,6.063000202178955,5.986000061035156
1999-11-17 00:00:00,6.13100004196167,6.13100004196167,6.080999851226807
1999-11-18 00:00:00,6.165999889373779,6.182000160217285,6.129000186920166
1999-11-19 00:00:00,6.160999774932861,6.179999828338623,6.139999866485596
1999-11-22 00:00:00,6.189000129699707,6.210000038146973,6.189000129699707
1999-11-23 00:00:00,6.189000129699707,6.201000213623047,6.170000076293945
1999-11-24 00:00:00,6.203000068664551,6.223999977111816,6.201000213623047
1999-11-26 00:00:00,6.22599983215332,6.230999946594238,6.211999893188477
1999-11-29 00:00:00,6.300000190734863,6.303999900817871,6.2220001220703125
1999-11-30 00:00:00,6.281000137329102,6.314000129699707,6.263999938964844
1999-12-01 00:00:00,6.289999961853027,6.335000038146973,6.276000022888184
1999-12-02 00:00:00,6.315999984741211,6.318999767303467,6.284999847412109
1999-12-03 00:00:00,6.256999969482422,6.314000129699707,6.239999771118164
1999-12-06 00:00:00,6.244999885559082,6.251999855041504,6.230999946594238
1999-12-07 00:00:00,6.203000068664551,6.236000061035156,6.197999954223633
1999-12-08 00:00:00,6.223999977111816,6.236000061035156,6.203000068664551
1999-12-09 00:00:00,6.215000152587891,6.218999862670898,6.203000068664551
1999-12-10 00:00:00,6.160999774932861,6.215000152587891,6.156000137329102
1999-12-13 00:00:00,6.190999984741211,6.190999984741211,6.168000221252441
1999-12-14 00:00:00,6.300000190734863,6.300000190734863,6.204999923706055
1999-12-15 00:00:00,6.328000068664551,6.333000183105469,6.288000106811523
1999-12-16 00:00:00,6.383999824523926,6.386000156402588,6.335999965667725
1999-12-17 00:00:00,6.376999855041504,6.395999908447266,6.35699987411499
1999-12-20 00:00:00,6.427999973297119,6.433000087738037,6.361999988555908
1999-12-21 00:00:00,6.449999809265137,6.452000141143799,6.379000186920166
1999-12-22 00:00:00,6.460000038146973,6.4720001220703125,6.427999973297119
1999-12-23 00:00:00,6.4770002365112305,6.485000133514404,6.421000003814697
1999-12-27 00:00:00,6.454999923706055,6.486999988555908,6.447999954223633
1999-12-28 00:00:00,6.474999904632568,6.4770002365112305,6.456999778747559
1999-12-29 00:00:00,6.440000057220459,6.4670000076293945,6.427999973297119
1999-12-30 00:00:00,6.426000118255615,6.454999923706055,6.421000003814697
1999-12-31 00:00:00,6.4770002365112305,6.48199987411499,6.427999973297119
2000-01-03 00:00:00,6.5980000495910645,6.5980000495910645,6.5370001792907715
2000-01-04 00:00:00,6.5320000648498535,6.577000141143799,6.53000020980835
2000-01-05 00:00:00,6.63100004196167,6.632999897003174,6.421000003814697
2000-01-06 00:00:00,6.572000026702881,6.607999801635742,6.572000026702881
2000-01-07 00:00:00,6.5370001792907715,6.607999801635742,6.5370001792907715
2000-01-10 00:00:00,6.590000152587891,6.603000164031982,6.570000171661377
2000-01-11 00:00:00,6.677000045776367,6.679999828338623,6.620999813079834
2000-01-12 00:00:00,6.701000213623047,6.710999965667725,6.658999919891357
2000-01-13 00:00:00,6.638999938964844,6.710999965667725,6.638999938964844
2000-01-14 00:00:00,6.688000202178955,6.703000068664551,6.605999946594238
2000-01-18 00:00:00,6.742000102996826,6.752999782562256,6.701000213623047
2000-01-19 00:00:00,6.716000080108643,6.739999771118164,6.701000213623047
2000-01-20 00:00:00,6.7270002365112305,6.752999782562256,6.675000190734863
2000-01-21 00:00:00,6.709000110626221,6.744999885559082,6.696000099182129
2000-01-24 00:00:00,6.646999835968018,6.709000110626221,6.646999835968018
2000-01-25 00:00:00,6.633999824523926,6.646999835968018,6.60099983215332
2000-01-26 00:00:00,6.585999965667725,6.63100004196167,6.583000183105469
2000-01-27 00:00:00,6.525000095367432,6.583000183105469,6.5229997634887695
2000-01-28 00:00:00,6.431000232696533,6.609000205993652,6.369999885559082
2000-01-31 00:00:00,6.491000175476074,6.493000030517578,6.431000232696533
2000-02-01 00:00:00,6.421000003814697,6.48799991607666,6.419000148773193
2000-02-02 00:00:00,6.315000057220459,6.434000015258789,6.27400016784668
2000-02-03 00:00:00,6.164000034332275,6.183000087738037,6.053999900817871
2000-02-04 00:00:00,6.224999904632568,6.285999774932861,6.084000110626221
2000-02-07 00:00:00,6.334000110626221,6.334000110626221,6.2789998054504395
2000-02-08 00:00:00,6.21999979019165,6.316999912261963,6.109000205993652
2000-02-09 00:00:00,6.301000118255615,6.329999923706055,6.159999847412109
2000-02-10 00:00:00,6.435999870300293,6.453999996185303,6.271999835968018
2000-02-11 00:00:00,6.293000221252441,6.304999828338623,6.250999927520752
2000-02-14 00:00:00,6.2170000076293945,6.2820000648498535,6.2170000076293945
2000-02-15 00:00:00,6.24399995803833,6.26800012588501,6.230999946594238
2000-02-16 00:00:00,6.264999866485596,6.2769999504089355,6.250999927520752
2000-02-17 00:00:00,6.211999893188477,6.264999866485596,6.183000087738037
2000-02-18 00:00:00,6.1479997634887695,6.193999767303467,6.052000045776367
2000-02-22 00:00:00,6.067999839782715,6.11899995803833,6.063000202178955
2000-02-23 00:00:00,6.135000228881836,6.135000228881836,6.0970001220703125
2000-02-24 00:00:00,6.125999927520752,6.127999782562256,6.059000015258789
2000-02-25 00:00:00,6.1529998779296875,6.177999973297119,6.117000102996826
2000-02-28 00:00:00,6.189000129699707,6.196000099182129,6.13700008392334
2000-02-29 00:00:00,6.132999897003174,6.186999797821045,6.130000114440918
2000-03-01 00:00:00,6.151000022888184,6.164000034332275,6.10099983215332
2000-03-02 00:00:00,6.144000053405762,6.176000118255615,6.124000072479248
2000-03-03 00:00:00,6.117000102996826,6.1579999923706055,6.103000164031982
2000-03-06 00:00:00,6.144000053405762,6.159999847412109,6.138999938964844
2000-03-07 00:00:00,6.1479997634887695,6.183000087738037,6.132999897003174
2000-03-08 00:00:00,6.159999847412109,6.164000034332275,6.135000228881836
2000-03-09 00:00:00,6.1479997634887695,6.1479997634887695,6.098999977111816
2000-03-10 00:00:00,6.189000129699707,6.191999912261963,6.1579999923706055
2000-03-13 00:00:00,6.1620001792907715,6.166999816894531,6.105999946594238
2000-03-14 00:00:00,6.105999946594238,6.196000099182129,6.098999977111816
2000-03-15 00:00:00,6.072000026702881,6.120999813079834,6.043000221252441
2000-03-16 00:00:00,6.039000034332275,6.060999870300293,6.0279998779296875
2000-03-17 00:00:00,6.000999927520752,6.03000020980835,5.98799991607666
2000-03-20 00:00:00,5.98799991607666,6.013999938964844,5.974999904632568
2000-03-21 00:00:00,5.966000080108643,5.993000030517578,5.958000183105469
2000-03-22 00:00:00,5.9679999351501465,5.9770002365112305,5.958000183105469
2000-03-23 00:00:00,5.9039998054504395,5.934000015258789,5.859000205993652
2000-03-24 00:00:00,5.984000205993652,5.984000205993652,5.914000034332275
2000-03-27 00:00:00,5.986000061035156,6.020999908447266,5.98199987411499
2000-03-28 00:00:00,5.98799991607666,6.019000053405762,5.958000183105469
2000-03-29 00:00:00,5.961999893188477,5.989999771118164,5.958000183105469
2000-03-30 00:00:00,5.873000144958496,5.940000057220459,5.873000144958496
2000-03-31 00:00:00,5.8460001945495605,5.89300012588501,5.828999996185303
2000-04-03 00:00:00,5.824999809265137,5.855999946594238,5.822000026702881
2000-04-04 00:00:00,5.736999988555908,5.835000038146973,5.6519999504089355
2000-04-05 00:00:00,5.795000076293945,5.820000171661377,5.711999893188477
2000-04-06 00:00:00,5.790999889373779,5.830999851226807,5.708000183105469
2000-04-07 00:00:00,5.708000183105469,5.808000087738037,5.681000232696533
2000-04-10 00:00:00,5.683000087738037,5.711999893188477,5.677000045776367
2000-04-11 00:00:00,5.771999835968018,5.795000076293945,5.624000072479248
2000-04-12 00:00:00,5.841000080108643,5.880000114440918,5.77400016784668
2000-04-13 00:00:00,5.802999973297119,5.86899995803833,5.802999973297119
2000-04-14 00:00:00,5.7820000648498535,5.8460001945495605,5.776000022888184
2000-04-17 00:00:00,5.9079999923706055,5.9079999923706055,5.783999919891357
2000-04-18 00:00:00,5.9120001792907715,5.954999923706055,5.86299991607666
2000-04-19 00:00:00,5.843999862670898,5.9029998779296875,5.843999862670898
2000-04-20 00:00:00,5.824999809265137,5.849999904632568,5.801000118255615
2000-04-24 00:00:00,5.855999946594238,5.857999801635742,5.793000221252441
2000-04-25 00:00:00,5.934000015258789,5.934000015258789,5.86299991607666
2000-04-26 00:00:00,5.941999912261963,5.941999912261963,5.89300012588501
2000-04-27 00:00:00,5.993000030517578,6.004000186920166,5.9120001792907715
2000-04-28 00:00:00,5.961999893188477,6.019000053405762,5.934000015258789
2000-05-01 00:00:00,5.97599983215332,5.97599983215332,5.945000171661377
2000-05-02 00:00:00,6.019000053405762,6.0279998779296875,5.98199987411499
2000-05-03 00:00:00,6.110000133514404,6.11299991607666,6.01200008392334
2000-05-04 00:00:00,6.173999786376953,6.173999786376953,6.11299991607666
2000-05-05 00:00:00,6.191999912261963,6.241000175476074,6.13100004196167
2000-05-08 00:00:00,6.25,6.25,6.1579999923706055
2000-05-09 00:00:00,6.208000183105469,6.248000144958496,6.184999942779541
2000-05-10 00:00:00,6.164999961853027,6.208000183105469,6.146999835968018
2000-05-11 00:00:00,6.146999835968018,6.205999851226807,6.125999927520752
2000-05-12 00:00:00,6.198999881744385,6.2129998207092285,6.0970001220703125
2000-05-15 00:00:00,6.164999961853027,6.198999881744385,6.142000198364258
2000-05-16 00:00:00,6.105999946594238,6.146999835968018,6.085999965667725
2000-05-17 00:00:00,6.173999786376953,6.191999912261963,6.138000011444092
2000-05-18 00:00:00,6.230999946594238,6.244999885559082,6.1529998779296875
2000-05-19 00:00:00,6.2270002365112305,6.25,6.210999965667725
2000-05-22 00:00:00,6.169000148773193,6.223999977111816,6.139999866485596
2000-05-23 00:00:00,6.171999931335449,6.215000152587891,6.169000148773193
2000-05-24 00:00:00,6.184999942779541,6.198999881744385,6.151000022888184
2000-05-25 00:00:00,6.0970001220703125,6.2129998207092285,6.0970001220703125
2000-05-26 00:00:00,6.052000045776367,6.127999782562256,6.043000221252441
2000-05-30 00:00:00,6.085999965667725,6.0970001220703125,6.047999858856201
2000-05-31 00:00:00,6.017000198364258,6.072000026702881,6.000999927520752
2000-06-01 00:00:00,5.948999881744385,6.01200008392334,5.914000034332275
2000-06-02 00:00:00,5.934999942779541,5.953000068664551,5.807000160217285
2000-06-05 00:00:00,5.90500020980835,5.940000057220459,5.90500020980835
2000-06-06 00:00:00,5.908999919891357,5.961999893188477,5.9070000648498535
2000-06-07 00:00:00,5.883999824523926,5.954999923706055,5.875
2000-06-08 00:00:00,5.875,5.946000099182129,5.875
2000-06-09 00:00:00,5.889999866485596,5.9070000648498535,5.855999946594238
2000-06-12 00:00:00,5.875,5.895999908447266,5.866000175476074
2000-06-13 00:00:00,5.936999797821045,5.949999809265137,5.853000164031982
2000-06-14 00:00:00,5.910999774932861,5.999000072479248,5.888000011444092
2000-06-15 00:00:00,5.918000221252441,5.947999954223633,5.888000011444092
2000-06-16 00:00:00,5.875,5.915999889373779,5.863999843597412
2000-06-19 00:00:00,5.885000228881836,5.8979997634887695,5.868000030517578
2000-06-20 00:00:00,5.895999908447266,5.900000095367432,5.84499979019165
2000-06-21 00:00:00,5.959000110626221,5.960999965667725,5.9029998779296875
2000-06-22 00:00:00,5.980999946594238,5.992000102996826,5.946000099182129
2000-06-23 00:00:00,6.0320000648498535,6.035999774932861,5.966000080108643
2000-06-26 00:00:00,5.982999801635742,6.038000106811523,5.982999801635742
2000-06-27 00:00:00,5.940999984741211,5.985000133514404,5.921999931335449
2000-06-28 00:00:00,5.9629998207092285,5.989999771118164,5.913000106811523
2000-06-29 00:00:00,5.876999855041504,5.940999984741211,5.876999855041504
2000-06-30 00:00:00,5.88100004196167,5.888999938964844,5.853000164031982
2000-07-03 00:00:00,5.861999988555908,5.921999931335449,5.859000205993652
2000-07-05 00:00:00,5.85699987411499,5.863999843597412,5.822999954223633
2000-07-06 00:00:00,5.900000095367432,5.9039998054504395,5.868000030517578
2000-07-07 00:00:00,5.859000205993652,5.900000095367432,5.8379998207092285
2000-07-10 00:00:00,5.875999927520752,5.8979997634887695,5.872000217437744
2000-07-11 00:00:00,5.882999897003174,5.890999794006348,5.863999843597412
2000-07-12 00:00:00,5.882999897003174,5.9019999504089355,5.869999885559082
2000-07-13 00:00:00,5.809999942779541,5.866000175476074,5.806000232696533
2000-07-14 00:00:00,5.872000217437744,5.877999782562256,5.784999847412109
2000-07-17 00:00:00,5.913000106811523,5.929999828338623,5.853000164031982
2000-07-18 00:00:00,5.908999919891357,5.927999973297119,5.885000228881836
2000-07-19 00:00:00,5.913000106811523,5.939000129699707,5.895999908447266
2000-07-20 00:00:00,5.814000129699707,5.910999774932861,5.806000232696533
2000-07-21 00:00:00,5.795000076293945,5.815999984741211,5.760000228881836
2000-07-24 00:00:00,5.802000045776367,5.821000099182129,5.7870001792907715
2000-07-25 00:00:00,5.802000045776367,5.809999942779541,5.781000137329102
2000-07-26 00:00:00,5.809999942779541,5.814000129699707,5.789000034332275
2000-07-27 00:00:00,5.76800012588501,5.835999965667725,5.747000217437744
2000-07-28 00:00:00,5.776000022888184,5.811999797821045,5.76200008392334
2000-07-31 00:00:00,5.78000020980835,5.803999900817871,5.7779998779296875
2000-08-01 00:00:00,5.736000061035156,5.77400016784668,5.734000205993652
2000-08-02 00:00:00,5.763999938964844,5.798999786376953,5.632999897003174
2000-08-03 00:00:00,5.73199987411499,5.761000156402588,5.728000164031982
2000-08-04 00:00:00,5.710999965667725,5.758999824523926,5.701000213623047
2000-08-07 00:00:00,5.750999927520752,5.752999782562256,5.706999778747559
2000-08-08 00:00:00,5.73199987411499,5.761000156402588,5.723999977111816
2000-08-09 00:00:00,5.72599983215332,5.771999835968018,5.7179999351501465
2000-08-10 00:00:00,5.673999786376953,5.736000061035156,5.668000221252441
2000-08-11 00:00:00,5.706999778747559,5.7170000076293945,5.646999835968018
2000-08-14 00:00:00,5.698999881744385,5.736000061035156,5.695000171661377
2000-08-15 00:00:00,5.7129998207092285,5.72599983215332,5.701000213623047
2000-08-16 00:00:00,5.728000164031982,5.73799991607666,5.701000213623047
2000-08-17 00:00:00,5.706999778747559,5.73199987411499,5.706999778747559
2000-08-18 00:00:00,5.685999870300293,5.7129998207092285,5.665999889373779
2000-08-21 00:00:00,5.703000068664551,5.7129998207092285,5.691999912261963
2000-08-22 00:00:00,5.695000171661377,5.715000152587891,5.695000171661377
2000-08-23 00:00:00,5.676000118255615,5.693999767303467,5.665999889373779
2000-08-24 00:00:00,5.658999919891357,5.671999931335449,5.65500020980835
2000-08-25 00:00:00,5.668000221252441,5.684000015258789,5.646999835968018
2000-08-28 00:00:00,5.715000152587891,5.734000205993652,5.658999919891357
2000-08-29 00:00:00,5.750999927520752,5.755000114440918,5.715000152587891
2000-08-30 00:00:00,5.736000061035156,5.769000053405762,5.734000205993652
2000-08-31 00:00:00,5.673999786376953,5.739999771118164,5.668000221252441
2000-09-01 00:00:00,5.65500020980835,5.673999786376953,5.63100004196167
2000-09-05 00:00:00,5.663000106811523,5.703000068664551,5.65500020980835
2000-09-06 00:00:00,5.699999809265137,5.709000110626221,5.670000076293945
2000-09-07 00:00:00,5.7129998207092285,5.724999904632568,5.679999828338623
2000-09-08 00:00:00,5.691999912261963,5.709000110626221,5.685999870300293
2000-09-11 00:00:00,5.7210001945495605,5.736000061035156,5.696000099182129
2000-09-12 00:00:00,5.75,5.764999866485596,5.706999778747559
2000-09-13 00:00:00,5.73199987411499,5.748000144958496,5.724999904632568
2000-09-14 00:00:00,5.804999828338623,5.836999893188477,5.7129998207092285
2000-09-15 00:00:00,5.894999980926514,5.919000148773193,5.810999870300293
2000-09-18 00:00:00,5.955999851226807,5.9710001945495605,5.919000148773193
2000-09-19 00:00:00,5.914000034332275,5.942999839782715,5.906000137329102
2000-09-20 00:00:00,5.961999893188477,5.9670000076293945,5.906000137329102
2000-09-21 00:00:00,5.927000045776367,5.97599983215332,5.914000034332275
2000-09-22 00:00:00,5.9039998054504395,5.925000190734863,5.888000011444092
2000-09-25 00:00:00,5.890999794006348,5.921000003814697,5.873000144958496
2000-09-26 00:00:00,5.8520002365112305,5.906000137329102,5.8520002365112305
2000-09-27 00:00:00,5.89900016784668,5.919000148773193,5.870999813079834
2000-09-28 00:00:00,5.883999824523926,5.89900016784668,5.870999813079834
2000-09-29 00:00:00,5.86899995803833,5.881999969482422,5.8480000495910645
2000-10-02 00:00:00,5.925000190734863,5.938000202178955,5.86899995803833
2000-10-03 00:00:00,5.945000171661377,5.947000026702881,5.914000034332275
2000-10-04 00:00:00,5.947000026702881,5.947000026702881,5.9039998054504395
2000-10-05 00:00:00,5.89900016784668,5.932000160217285,5.89900016784668
2000-10-06 00:00:00,5.84499979019165,5.9120001792907715,5.839000225067139
2000-10-09 00:00:00,5.84499979019165,5.84499979019165,5.84499979019165
2000-10-10 00:00:00,5.828000068664551,5.86299991607666,5.828000068664551
2000-10-11 00:00:00,5.826000213623047,5.84499979019165,5.809000015258789
2000-10-12 00:00:00,5.809000015258789,5.849999904632568,5.794000148773193
2000-10-13 00:00:00,5.798999786376953,5.8480000495910645,5.798999786376953
2000-10-16 00:00:00,5.813000202178955,5.822000026702881,5.802999973297119
2000-10-17 00:00:00,5.761000156402588,5.815999984741211,5.754000186920166
2000-10-18 00:00:00,5.769000053405762,5.7729997634887695,5.711999893188477
2000-10-19 00:00:00,5.751999855041504,5.7820000648498535,5.729000091552734
2000-10-20 00:00:00,5.724999904632568,5.751999855041504,5.724999904632568
2000-10-23 00:00:00,5.678999900817871,5.7270002365112305,5.678999900817871
2000-10-24 00:00:00,5.705999851226807,5.724999904632568,5.678999900817871
2000-10-25 00:00:00,5.751999855041504,5.754000186920166,5.688000202178955
2000-10-26 00:00:00,5.729000091552734,5.754000186920166,5.678999900817871
2000-10-27 00:00:00,5.739999771118164,5.75,5.708000183105469
2000-10-30 00:00:00,5.745999813079834,5.754000186920166,5.729000091552734
2000-10-31 00:00:00,5.783999919891357,5.789999961853027,5.730999946594238
2000-11-01 00:00:00,5.783999919891357,5.815999984741211,5.764999866485596
2000-11-02 00:00:00,5.785999774932861,5.789999961853027,5.770999908447266
2000-11-03 00:00:00,5.84499979019165,5.8480000495910645,5.767000198364258
2000-11-06 00:00:00,5.888000011444092,5.9039998054504395,5.854000091552734
2000-11-07 00:00:00,5.890999794006348,5.919000148773193,5.875
2000-11-08 00:00:00,5.877999782562256,5.922999858856201,5.864999771118164
2000-11-09 00:00:00,5.854000091552734,5.854000091552734,5.817999839782715
2000-11-10 00:00:00,5.870999813079834,5.880000114440918,5.839000225067139
2000-11-13 00:00:00,5.835000038146973,5.860000133514404,5.822000026702881
2000-11-14 00:00:00,5.807000160217285,5.870999813079834,5.807000160217285
2000-11-15 00:00:00,5.763000011444092,5.815999984741211,5.757999897003174
2000-11-16 00:00:00,5.738999843597412,5.767000198364258,5.736999988555908
2000-11-17 00:00:00,5.7729997634887695,5.781000137329102,5.735000133514404
2000-11-20 00:00:00,5.754000186920166,5.76200008392334,5.741000175476074
2000-11-21 00:00:00,5.732999801635742,5.769000053405762,5.732999801635742
2000-11-22 00:00:00,5.645999908447266,5.703999996185303,5.645999908447266
2000-11-24 00:00:00,5.665999889373779,5.684999942779541,5.665999889373779
2000-11-27 00:00:00,5.702000141143799,5.710000038146973,5.664000034332275
2000-11-28 00:00:00,5.671999931335449,5.7179999351501465,5.668000221252441
2000-11-29 00:00:00,5.6539998054504395,5.698999881744385,5.6539998054504395
2000-11-30 00:00:00,5.585999965667725,5.650000095367432,5.572000026702881
2000-12-01 00:00:00,5.640999794006348,5.6519999504089355,5.609000205993652
2000-12-04 00:00:00,5.664000034332275,5.671999931335449,5.60699987411499
2000-12-05 00:00:00,5.590000152587891,5.673999786376953,5.5879998207092285
2000-12-06 00:00:00,5.521999835968018,5.60699987411499,5.519999980926514
2000-12-07 00:00:00,5.5,5.576000213623047,5.489999771118164
2000-12-08 00:00:00,5.547999858856201,5.572000026702881,5.492000102996826
2000-12-11 00:00:00,5.538000106811523,5.556000232696533,5.526000022888184
2000-12-12 00:00:00,5.5279998779296875,5.567999839782715,5.526000022888184
2000-12-13 00:00:00,5.478000164031982,5.5229997634887695,5.478000164031982
2000-12-14 00:00:00,5.446000099182129,5.466000080108643,5.40500020980835
2000-12-15 00:00:00,5.415999889373779,5.453999996185303,5.4120001792907715
2000-12-18 00:00:00,5.434000015258789,5.434000015258789,5.390999794006348
2000-12-19 00:00:00,5.4679999351501465,5.485000133514404,5.447999954223633
2000-12-20 00:00:00,5.421999931335449,5.449999809265137,5.4029998779296875
2000-12-21 00:00:00,5.40500020980835,5.4670000076293945,5.396999835968018
2000-12-22 00:00:00,5.388999938964844,5.438000202178955,5.38100004196167
2000-12-26 00:00:00,5.4039998054504395,5.427999973297119,5.379000186920166
2000-12-27 00:00:00,5.441999912261963,5.456999778747559,5.427999973297119
2000-12-28 00:00:00,5.435999870300293,5.459000110626221,5.421999931335449
2000-12-29 00:00:00,5.459000110626221,5.459000110626221,5.4019999504089355
2001-01-02 00:00:00,5.349999904632568,5.433000087738037,5.3420000076293945
2001-01-03 00:00:00,5.4629998207092285,5.4770002365112305,5.307000160217285
2001-01-04 00:00:00,5.434999942779541,5.513000011444092,5.431000232696533
2001-01-05 00:00:00,5.414000034332275,5.4710001945495605,5.414000034332275
2001-01-08 00:00:00,5.4079999923706055,5.427000045776367,5.392000198364258
2001-01-09 00:00:00,5.419000148773193,5.4629998207092285,5.4120001792907715
2001-01-10 00:00:00,5.479000091552734,5.485000133514404,5.422999858856201
2001-01-11 00:00:00,5.543000221252441,5.554999828338623,5.4629998207092285
2001-01-12 00:00:00,5.618000030517578,5.627999782562256,5.566999912261963
2001-01-16 00:00:00,5.5970001220703125,5.630000114440918,5.583000183105469
2001-01-17 00:00:00,5.515999794006348,5.60099983215332,5.493000030517578
2001-01-18 00:00:00,5.4679999351501465,5.538000106811523,5.464000225067139
2001-01-19 00:00:00,5.551000118255615,5.556000232696533,5.486000061035156
2001-01-22 00:00:00,5.605000019073486,5.614999771118164,5.565999984741211
2001-01-23 00:00:00,5.6479997634887695,5.6479997634887695,5.567999839782715
2001-01-24 00:00:00,5.664999961853027,5.677000045776367,5.61899995803833
2001-01-25 00:00:00,5.623000144958496,5.689000129699707,5.5929999351501465
2001-01-26 00:00:00,5.636000156402588,5.659999847412109,5.583000183105469
2001-01-29 00:00:00,5.686999797821045,5.686999797821045,5.625
2001-01-30 00:00:00,5.583000183105469,5.683000087738037,5.573999881744385
2001-01-31 00:00:00,5.535999774932861,5.585000038146973,5.519999980926514
2001-02-01 00:00:00,5.447999954223633,5.486000061035156,5.422999858856201
2001-02-02 00:00:00,5.504000186920166,5.50600004196167,5.427999973297119
2001-02-05 00:00:00,5.47599983215332,5.50600004196167,5.443999767303467
2001-02-06 00:00:00,5.510000228881836,5.52400016784668,5.486000061035156
2001-02-07 00:00:00,5.513999938964844,5.519999980926514,5.421999931335449
2001-02-08 00:00:00,5.5279998779296875,5.572000026702881,5.51800012588501
2001-02-09 00:00:00,5.36899995803833,5.416999816894531,5.36899995803833
2001-02-12 00:00:00,5.419000148773193,5.419000148773193,5.376999855041504
2001-02-13 00:00:00,5.427999973297119,5.439000129699707,5.370999813079834
2001-02-14 00:00:00,5.436999797821045,5.436999797821045,5.3979997634887695
2001-02-15 00:00:00,5.486000061035156,5.507999897003174,5.442999839782715
2001-02-16 00:00:00,5.452000141143799,5.545000076293945,5.452000141143799
2001-02-20 00:00:00,5.452000141143799,5.492000102996826,5.452000141143799
2001-02-21 00:00:00,5.48799991607666,5.515999794006348,5.453999996185303
2001-02-22 00:00:00,5.525000095367432,5.538000106811523,5.4670000076293945
2001-02-23 00:00:00,5.4730000495910645,5.5229997634887695,5.4670000076293945
2001-02-26 00:00:00,5.439000129699707,5.505000114440918,5.439000129699707
2001-02-27 00:00:00,5.3429999351501465,5.429999828338623,5.335000038146973
2001-02-28 00:00:00,5.336999893188477,5.375,5.328999996185303
2001-03-01 00:00:00,5.2789998054504395,5.314000129699707,5.26800012588501
2001-03-02 00:00:00,5.361999988555908,5.361999988555908,5.257999897003174
2001-03-05 00:00:00,5.361999988555908,5.38100004196167,5.3470001220703125
2001-03-06 00:00:00,5.373000144958496,5.385000228881836,5.326000213623047
2001-03-07 00:00:00,5.314000129699707,5.439000129699707,5.308000087738037
2001-03-08 00:00:00,5.298999786376953,5.309999942779541,5.2769999504089355
2001-03-09 00:00:00,5.317999839782715,5.355999946594238,5.281000137329102
2001-03-12 00:00:00,5.311999797821045,5.328000068664551,5.290999889373779
2001-03-13 00:00:00,5.335000038146973,5.339000225067139,5.306000232696533
2001-03-14 00:00:00,5.2829999923706055,5.298999786376953,5.239999771118164
2001-03-15 00:00:00,5.290999889373779,5.296999931335449,5.263999938964844
2001-03-16 00:00:00,5.26200008392334,5.289000034332275,5.245999813079834
2001-03-19 00:00:00,5.293000221252441,5.302999973297119,5.27400016784668
2001-03-20 00:00:00,5.284999847412109,5.311999797821045,5.276000022888184
2001-03-21 00:00:00,5.2829999923706055,5.290999889373779,5.254000186920166
2001-03-22 00:00:00,5.241000175476074,5.276000022888184,5.2170000076293945
2001-03-23 00:00:00,5.296999931335449,5.304999828338623,5.281000137329102
2001-03-26 00:00:00,5.35099983215332,5.360000133514404,5.317999839782715
2001-03-27 00:00:00,5.445000171661377,5.448999881744385,5.333000183105469
2001-03-28 00:00:00,5.464000225067139,5.484000205993652,5.427999973297119
2001-03-29 00:00:00,5.4730000495910645,5.486000061035156,5.442999839782715
2001-03-30 00:00:00,5.453000068664551,5.502999782562256,5.432000160217285
2001-04-02 00:00:00,5.4770002365112305,5.49399995803833,5.432000160217285
2001-04-03 00:00:00,5.4770002365112305,5.506999969482422,5.466000080108643
2001-04-04 00:00:00,5.49399995803833,5.510000228881836,5.464000225067139
2001-04-05 00:00:00,5.520999908447266,5.520999908447266,5.479000091552734
2001-04-06 00:00:00,5.455999851226807,5.561999797821045,5.442999839782715
2001-04-09 00:00:00,5.480999946594238,5.486000061035156,5.451000213623047
2001-04-10 00:00:00,5.622000217437744,5.642000198364258,5.5289998054504395
2001-04-11 00:00:00,5.6020002365112305,5.644000053405762,5.584000110626221
2001-04-12 00:00:00,5.599999904632568,5.611000061035156,5.564000129699707
2001-04-16 00:00:00,5.696000099182129,5.696000099182129,5.589000225067139
2001-04-17 00:00:00,5.639999866485596,5.683000087738037,5.639999866485596
2001-04-18 00:00:00,5.644000053405762,5.732999801635742,5.644000053405762
2001-04-19 00:00:00,5.760000228881836,5.760000228881836,5.664999961853027
2001-04-20 00:00:00,5.7769999504089355,5.817999839782715,5.736999988555908
2001-04-23 00:00:00,5.72599983215332,5.781000137329102,5.7210001945495605
2001-04-24 00:00:00,5.730999946594238,5.767000198364258,5.728000164031982
2001-04-25 00:00:00,5.7769999504089355,5.7769999504089355,5.710000038146973
2001-04-26 00:00:00,5.710000038146973,5.775000095367432,5.691999912261963
2001-04-27 00:00:00,5.789999961853027,5.802000045776367,5.703000068664551
2001-04-30 00:00:00,5.771999835968018,5.803999900817871,5.771999835968018
2001-05-01 00:00:00,5.739999771118164,5.783999919891357,5.718999862670898
2001-05-02 00:00:00,5.701000213623047,5.75600004196167,5.690000057220459
2001-05-03 00:00:00,5.632999897003174,5.696000099182129,5.624000072479248
2001-05-04 00:00:00,5.646999835968018,5.676000118255615,5.564000129699707
2001-05-07 00:00:00,5.683000087738037,5.690000057220459,5.656000137329102
2001-05-08 00:00:00,5.711999893188477,5.7220001220703125,5.666999816894531
2001-05-09 00:00:00,5.669000148773193,5.739999771118164,5.659999847412109
2001-05-10 00:00:00,5.747000217437744,5.75600004196167,5.693999767303467
2001-05-11 00:00:00,5.881999969482422,5.888999938964844,5.747000217437744
2001-05-14 00:00:00,5.843999862670898,5.866000175476074,5.843999862670898
2001-05-15 00:00:00,5.894000053405762,5.901000022888184,5.829999923706055
2001-05-16 00:00:00,5.866000175476074,5.881999969482422,5.814000129699707
2001-05-17 00:00:00,5.826000213623047,5.835000038146973,5.795000076293945
2001-05-18 00:00:00,5.751999855041504,5.7769999504089355,5.73799991607666
2001-05-21 00:00:00,5.754000186920166,5.809000015258789,5.735000133514404
2001-05-22 00:00:00,5.76800012588501,5.76800012588501,5.747000217437744
2001-05-23 00:00:00,5.789000034332275,5.809000015258789,5.749000072479248
2001-05-24 00:00:00,5.855999946594238,5.855999946594238,5.758999824523926
2001-05-25 00:00:00,5.835000038146973,5.8520002365112305,5.818999767303467
2001-05-29 00:00:00,5.848999977111816,5.861000061035156,5.809999942779541
2001-05-30 00:00:00,5.8420000076293945,5.854000091552734,5.833000183105469
2001-05-31 00:00:00,5.7789998054504395,5.826000213623047,5.7769999504089355
2001-06-01 00:00:00,5.710999965667725,5.7729997634887695,5.681000232696533
2001-06-04 00:00:00,5.681000232696533,5.697000026702881,5.660999774932861
2001-06-05 00:00:00,5.64900016784668,5.695000171661377,5.64300012588501
2001-06-06 00:00:00,5.663000106811523,5.678999900817871,5.644999980926514
2001-06-07 00:00:00,5.715000152587891,5.7170000076293945,5.626999855041504
2001-06-08 00:00:00,5.729000091552734,5.730999946594238,5.697000026702881
2001-06-11 00:00:00,5.683000087738037,5.723999977111816,5.670000076293945
2001-06-12 00:00:00,5.644999980926514,5.690000057220459,5.638000011444092
2001-06-13 00:00:00,5.6539998054504395,5.683000087738037,5.644999980926514
2001-06-14 00:00:00,5.636000156402588,5.6519999504089355,5.616000175476074
2001-06-15 00:00:00,5.664999961853027,5.677000045776367,5.605000019073486
2001-06-18 00:00:00,5.692999839782715,5.703999996185303,5.670000076293945
2001-06-19 00:00:00,5.684000015258789,5.724999904632568,5.684000015258789
2001-06-20 00:00:00,5.664999961853027,5.685999870300293,5.636000156402588
2001-06-21 00:00:00,5.631999969482422,5.658999919891357,5.603000164031982
2001-06-22 00:00:00,5.579999923706055,5.618000030517578,5.579999923706055
2001-06-25 00:00:00,5.586999893188477,5.5920000076293945,5.566999912261963
2001-06-26 00:00:00,5.650000095367432,5.6539998054504395,5.579999923706055
2001-06-27 00:00:00,5.609000205993652,5.64300012588501,5.589000225067139
2001-06-28 00:00:00,5.675000190734863,5.678999900817871,5.573999881744385
2001-06-29 00:00:00,5.736000061035156,5.738999843597412,5.688000202178955
2001-07-02 00:00:00,5.688000202178955,5.75,5.688000202178955
2001-07-03 00:00:00,5.7179999351501465,5.7230000495910645,5.692999839782715
2001-07-05 00:00:00,5.751999855041504,5.769000053405762,5.697000026702881
2001-07-06 00:00:00,5.748000144958496,5.770999908447266,5.716000080108643
2001-07-09 00:00:00,5.697999954223633,5.736000061035156,5.697999954223633
2001-07-10 00:00:00,5.664000034332275,5.7230000495910645,5.658999919891357
2001-07-11 00:00:00,5.692999839782715,5.692999839782715,5.64300012588501
2001-07-12 00:00:00,5.645999908447266,5.699999809265137,5.631999969482422
2001-07-13 00:00:00,5.627999782562256,5.660999774932861,5.620999813079834
2001-07-16 00:00:00,5.586999893188477,5.627999782562256,5.580999851226807
2001-07-17 00:00:00,5.573999881744385,5.611999988555908,5.573999881744385
2001-07-18 00:00:00,5.517000198364258,5.5960001945495605,5.517000198364258
2001-07-19 00:00:00,5.5229997634887695,5.540999889373779,5.519000053405762
2001-07-20 00:00:00,5.5320000648498535,5.547999858856201,5.504000186920166
2001-07-23 00:00:00,5.526000022888184,5.559000015258789,5.52400016784668
2001-07-24 00:00:00,5.513000011444092,5.534999847412109,5.510000228881836
2001-07-25 00:00:00,5.526000022888184,5.559000015258789,5.52400016784668
2001-07-26 00:00:00,5.590000152587891,5.5920000076293945,5.572000026702881
2001-07-27 00:00:00,5.540999889373779,5.572000026702881,5.507999897003174
2001-07-30 00:00:00,5.5279998779296875,5.543000221252441,5.5279998779296875
2001-07-31 00:00:00,5.501999855041504,5.5279998779296875,5.501999855041504
2001-08-01 00:00:00,5.5279998779296875,5.546000003814697,5.513000011444092
2001-08-02 00:00:00,5.560999870300293,5.567999839782715,5.544000148773193
2001-08-03 00:00:00,5.583000183105469,5.607999801635742,5.567999839782715
2001-08-06 00:00:00,5.5920000076293945,5.617000102996826,5.585999965667725
2001-08-07 00:00:00,5.598999977111816,5.607999801635742,5.567999839782715
2001-08-08 00:00:00,5.517000198364258,5.598999977111816,5.517000198364258
2001-08-09 00:00:00,5.5279998779296875,5.534999847412109,5.48199987411499
2001-08-10 00:00:00,5.526000022888184,5.526000022888184,5.498000144958496
2001-08-13 00:00:00,5.50600004196167,5.511000156402588,5.473999977111816
2001-08-14 00:00:00,5.508999824523926,5.5370001792907715,5.504000186920166
2001-08-15 00:00:00,5.513000011444092,5.5370001792907715,5.48199987411499
2001-08-16 00:00:00,5.480000019073486,5.508999824523926,5.473999977111816
2001-08-17 00:00:00,5.421999931335449,5.460999965667725,5.421999931335449
2001-08-20 00:00:00,5.455999851226807,5.465000152587891,5.433000087738037
2001-08-21 00:00:00,5.442999839782715,5.4670000076293945,5.440999984741211
2001-08-22 00:00:00,5.439000129699707,5.473999977111816,5.433000087738037
2001-08-23 00:00:00,5.4029998779296875,5.433000087738037,5.3979997634887695
2001-08-24 00:00:00,5.442999839782715,5.468999862670898,5.414999961853027
2001-08-27 00:00:00,5.4670000076293945,5.468999862670898,5.442999839782715
2001-08-28 00:00:00,5.410999774932861,5.453999996185303,5.4029998779296875
2001-08-29 00:00:00,5.361999988555908,5.408999919891357,5.361999988555908
2001-08-30 00:00:00,5.370999813079834,5.389999866485596,5.339000225067139
2001-08-31 00:00:00,5.368000030517578,5.400000095367432,5.366000175476074
2001-09-04 00:00:00,5.493000030517578,5.494999885559082,5.373000144958496
2001-09-05 00:00:00,5.478000164031982,5.48199987411499,5.460999965667725
2001-09-06 00:00:00,5.4070000648498535,5.468999862670898,5.400000095367432
2001-09-07 00:00:00,5.389999866485596,5.4019999504089355,5.3470001220703125
2001-09-10 00:00:00,5.436999797821045,5.440999984741211,5.353000164031982
2001-09-17 00:00:00,5.4070000648498535,5.410999774932861,5.385000228881836
2001-09-18 00:00:00,5.511000156402588,5.517000198364258,5.442999839782715
2001-09-19 00:00:00,5.552000045776367,5.5879998207092285,5.519000053405762
2001-09-20 00:00:00,5.625999927520752,5.625999927520752,5.550000190734863
2001-09-21 00:00:00,5.585999965667725,5.632999897003174,5.578999996185303
2001-09-24 00:00:00,5.563000202178955,5.605999946594238,5.563000202178955
2001-09-25 00:00:00,5.572000026702881,5.572000026702881,5.5370001792907715
2001-09-26 00:00:00,5.5,5.565999984741211,5.5
2001-09-27 00:00:00,5.455999851226807,5.486999988555908,5.447000026702881
2001-09-28 00:00:00,5.414999961853027,5.434000015258789,5.376999855041504
2001-10-01 00:00:00,5.372000217437744,5.447000026702881,5.372000217437744
2001-10-02 00:00:00,5.328000068664551,5.379000186920166,5.316999912261963
2001-10-03 00:00:00,5.307000160217285,5.316999912261963,5.27400016784668
2001-10-04 00:00:00,5.302999973297119,5.315000057220459,5.2779998779296875
2001-10-05 00:00:00,5.315000057220459,5.315000057220459,5.288000106811523
2001-10-08 00:00:00,5.315000057220459,5.315000057220459,5.315000057220459
2001-10-09 00:00:00,5.368000030517578,5.368000030517578,5.318999767303467
2001-10-10 00:00:00,5.353000164031982,5.408999919891357,5.35099983215332
2001-10-11 00:00:00,5.3979997634887695,5.413000106811523,5.35099983215332
2001-10-12 00:00:00,5.421999931335449,5.426000118255615,5.3979997634887695
2001-10-15 00:00:00,5.379000186920166,5.427999973297119,5.374000072479248
2001-10-16 00:00:00,5.3470001220703125,5.416999816894531,5.3429999351501465
2001-10-17 00:00:00,5.322000026702881,5.360000133514404,5.304999828338623
2001-10-18 00:00:00,5.310999870300293,5.335999965667725,5.294000148773193
2001-10-19 00:00:00,5.35699987411499,5.366000175476074,5.285999774932861
2001-10-22 00:00:00,5.353000164031982,5.35699987411499,5.334000110626221
2001-10-23 00:00:00,5.38100004196167,5.400000095367432,5.376999855041504
2001-10-24 00:00:00,5.316999912261963,5.368000030517578,5.307000160217285
2001-10-25 00:00:00,5.288000106811523,5.316999912261963,5.269000053405762
2001-10-26 00:00:00,5.269000053405762,5.323999881744385,5.267000198364258
2001-10-29 00:00:00,5.242000102996826,5.258999824523926,5.23799991607666
2001-10-30 00:00:00,5.210999965667725,5.256999969482422,5.209000110626221
2001-10-31 00:00:00,4.873000144958496,5.230000019073486,4.833000183105469
2001-11-01 00:00:00,4.796999931335449,4.814000129699707,4.6620001792907715
2001-11-02 00:00:00,4.953999996185303,4.956999778747559,4.808000087738037
2001-11-05 00:00:00,4.861000061035156,4.934000015258789,4.857999801635742
2001-11-06 00:00:00,4.861000061035156,4.870999813079834,4.804999828338623
2001-11-07 00:00:00,4.801000118255615,4.839000225067139,4.7820000648498535
2001-11-08 00:00:00,4.873000144958496,4.873000144958496,4.76200008392334
2001-11-09 00:00:00,4.875,4.875,4.828999996185303
2001-11-12 00:00:00,4.877999782562256,4.877999782562256,4.877999782562256
2001-11-13 00:00:00,4.908999919891357,4.935999870300293,4.894000053405762
2001-11-14 00:00:00,5.021999835968018,5.021999835968018,4.938000202178955
2001-11-15 00:00:00,5.198999881744385,5.201000213623047,5.056000232696533
2001-11-16 00:00:00,5.300000190734863,5.300000190734863,5.1539998054504395
2001-11-19 00:00:00,5.203000068664551,5.313000202178955,5.203000068664551
2001-11-20 00:00:00,5.313000202178955,5.313000202178955,5.198999881744385
2001-11-21 00:00:00,5.35099983215332,5.4039998054504395,5.288000106811523
2001-11-23 00:00:00,5.366000175476074,5.390999794006348,5.297999858856201
2001-11-26 00:00:00,5.372000217437744,5.376999855041504,5.297999858856201
2001-11-27 00:00:00,5.361999988555908,5.38700008392334,5.334000110626221
2001-11-28 00:00:00,5.361999988555908,5.368000030517578,5.309000015258789
2001-11-29 00:00:00,5.234000205993652,5.329999923706055,5.234000205993652
2001-11-30 00:00:00,5.264999866485596,5.291999816894531,5.201000213623047
2001-12-03 00:00:00,5.254000186920166,5.296000003814697,5.25
2001-12-04 00:00:00,5.210999965667725,5.2789998054504395,5.197000026702881
2001-12-05 00:00:00,5.361999988555908,5.416999816894531,5.2230000495910645
2001-12-06 00:00:00,5.460999965667725,5.4629998207092285,5.366000175476074
2001-12-07 00:00:00,5.5970001220703125,5.64900016784668,5.432000160217285
2001-12-10 00:00:00,5.581999778747559,5.614999771118164,5.534999847412109
2001-12-11 00:00:00,5.546000003814697,5.552999973297119,5.47599983215332
2001-12-12 00:00:00,5.452000141143799,5.52400016784668,5.449999809265137
2001-12-13 00:00:00,5.531000137329102,5.567999839782715,5.4070000648498535
2001-12-14 00:00:00,5.567999839782715,5.567999839782715,5.488999843597412
2001-12-17 00:00:00,5.656000137329102,5.715000152587891,5.611000061035156
2001-12-18 00:00:00,5.526000022888184,5.577000141143799,5.52400016784668
2001-12-19 00:00:00,5.440999984741211,5.513000011444092,5.440999984741211
2001-12-20 00:00:00,5.440999984741211,5.485000133514404,5.3979997634887695
2001-12-21 00:00:00,5.455999851226807,5.455999851226807,5.413000106811523
2001-12-24 00:00:00,5.488999843597412,5.501999855041504,5.453999996185303
2001-12-26 00:00:00,5.514999866485596,5.526000022888184,5.488999843597412
2001-12-27 00:00:00,5.486999988555908,5.546000003814697,5.486999988555908
2001-12-28 00:00:00,5.541999816894531,5.571000099182129,5.482999801635742
2001-12-31 00:00:00,5.478000164031982,5.552999973297119,5.468999862670898
2002-01-02 00:00:00,5.564000129699707,5.584000110626221,5.447999954223633
2002-01-03 00:00:00,5.544000148773193,5.564000129699707,5.5269999504089355
2002-01-04 00:00:00,5.565999984741211,5.629000186920166,5.505000114440918
2002-01-07 00:00:00,5.488999843597412,5.552999973297119,5.488999843597412
2002-01-08 00:00:00,5.5,5.52400016784668,5.473999977111816
2002-01-09 00:00:00,5.5,5.554999828338623,5.5
2002-01-10 00:00:00,5.413000106811523,5.505000114440918,5.394000053405762
2002-01-11 00:00:00,5.360000133514404,5.418000221252441,5.341000080108643
2002-01-14 00:00:00,5.376999855041504,5.376999855041504,5.334000110626221
2002-01-15 00:00:00,5.335999965667725,5.392000198364258,5.315000057220459
2002-01-16 00:00:00,5.34499979019165,5.38100004196167,5.313000202178955
2002-01-17 00:00:00,5.40500020980835,5.420000076293945,5.363999843597412
2002-01-18 00:00:00,5.366000175476074,5.431000232696533,5.366000175476074
2002-01-22 00:00:00,5.368000030517578,5.395999908447266,5.360000133514404
2002-01-23 00:00:00,5.460999965667725,5.478000164031982,5.38100004196167
2002-01-24 00:00:00,5.460999965667725,5.480999946594238,5.433000087738037
2002-01-25 00:00:00,5.47599983215332,5.533999919891357,5.465000152587891
2002-01-28 00:00:00,5.46999979019165,5.5,5.441999912261963
2002-01-29 00:00:00,5.3979997634887695,5.511000156402588,5.3979997634887695
2002-01-30 00:00:00,5.4070000648498535,5.428999900817871,5.370999813079834
2002-01-31 00:00:00,5.426000118255615,5.439000129699707,5.382999897003174
2002-02-01 00:00:00,5.3979997634887695,5.449999809265137,5.38100004196167
2002-02-04 00:00:00,5.348999977111816,5.382999897003174,5.3429999351501465
2002-02-05 00:00:00,5.370999813079834,5.40500020980835,5.320000171661377
2002-02-06 00:00:00,5.373000144958496,5.38100004196167,5.334000110626221
2002-02-07 00:00:00,5.418000221252441,5.433000087738037,5.382999897003174
2002-02-08 00:00:00,5.379000186920166,5.440000057220459,5.348999977111816
2002-02-11 00:00:00,5.401000022888184,5.414000034332275,5.386000156402588
2002-02-12 00:00:00,5.454999923706055,5.454999923706055,5.383999824523926
2002-02-13 00:00:00,5.460999965667725,5.506999969482422,5.456999778747559
2002-02-14 00:00:00,5.423999786376953,5.4770002365112305,5.40500020980835
2002-02-15 00:00:00,5.366000175476074,5.4070000648498535,5.355999946594238
2002-02-19 00:00:00,5.394000053405762,5.40500020980835,5.357999801635742
2002-02-20 00:00:00,5.394000053405762,5.4029998779296875,5.354000091552734
2002-02-21 00:00:00,5.376999855041504,5.415999889373779,5.366000175476074
2002-02-22 00:00:00,5.341000080108643,5.354000091552734,5.316999912261963
2002-02-25 00:00:00,5.368000030517578,5.382999897003174,5.3470001220703125
2002-02-26 00:00:00,5.418000221252441,5.426000118255615,5.357999801635742
2002-02-27 00:00:00,5.38100004196167,5.459000110626221,5.366000175476074
2002-02-28 00:00:00,5.408999919891357,5.423999786376953,5.366000175476074
2002-03-01 00:00:00,5.498000144958496,5.506999969482422,5.423999786376953
2002-03-04 00:00:00,5.505000114440918,5.539999961853027,5.505000114440918
2002-03-05 00:00:00,5.486999988555908,5.5289998054504395,5.479000091552734
2002-03-06 00:00:00,5.5269999504089355,5.533999919891357,5.489999771118164
2002-03-07 00:00:00,5.6529998779296875,5.6529998779296875,5.543000221252441
2002-03-08 00:00:00,5.7210001945495605,5.739999771118164,5.6570000648498535
2002-03-11 00:00:00,5.723999977111816,5.728000164031982,5.675000190734863
2002-03-12 00:00:00,5.718999862670898,5.730999946594238,5.672999858856201
2002-03-13 00:00:00,5.718999862670898,5.747000217437744,5.701000213623047
2002-03-14 00:00:00,5.822000026702881,5.822000026702881,5.728000164031982
2002-03-15 00:00:00,5.7789998054504395,5.8379998207092285,5.754000186920166
2002-03-18 00:00:00,5.735000133514404,5.775000095367432,5.723999977111816
2002-03-19 00:00:00,5.775000095367432,5.775000095367432,5.696000099182129
2002-03-20 00:00:00,5.828999996185303,5.835999965667725,5.715000152587891
2002-03-21 00:00:00,5.797999858856201,5.860000133514404,5.789000034332275
2002-03-22 00:00:00,5.804999828338623,5.834000110626221,5.783999919891357
2002-03-25 00:00:00,5.796000003814697,5.8480000495910645,5.796000003814697
2002-03-26 00:00:00,5.749000072479248,5.802999973297119,5.728000164031982
2002-03-27 00:00:00,5.749000072479248,5.763000011444092,5.728000164031982
2002-03-28 00:00:00,5.815000057220459,5.849999904632568,5.751999855041504
2002-04-01 00:00:00,5.818999767303467,5.8429999351501465,5.78000020980835
2002-04-02 00:00:00,5.761000156402588,5.85699987411499,5.758999824523926
2002-04-03 00:00:00,5.728000164031982,5.794000148773193,5.728000164031982
2002-04-04 00:00:00,5.710000038146973,5.72599983215332,5.686999797821045
2002-04-05 00:00:00,5.665999889373779,5.7220001220703125,5.645999908447266
2002-04-08 00:00:00,5.697999954223633,5.708000183105469,5.650000095367432
2002-04-09 00:00:00,5.676000118255615,5.718999862670898,5.672999858856201
2002-04-10 00:00:00,5.689000129699707,5.711999893188477,5.65500020980835
2002-04-11 00:00:00,5.669000148773193,5.703000068664551,5.650000095367432
2002-04-12 00:00:00,5.6479997634887695,5.708000183105469,5.635000228881836
2002-04-15 00:00:00,5.620999813079834,5.665999889373779,5.613999843597412
2002-04-16 00:00:00,5.6529998779296875,5.691999912261963,5.640999794006348
2002-04-17 00:00:00,5.718999862670898,5.72599983215332,5.664000034332275
2002-04-18 00:00:00,5.715000152587891,5.747000217437744,5.676000118255615
2002-04-19 00:00:00,5.686999797821045,5.729000091552734,5.679999828338623
2002-04-22 00:00:00,5.669000148773193,5.693999767303467,5.669000148773193
2002-04-23 00:00:00,5.6620001792907715,5.672999858856201,5.645999908447266
2002-04-24 00:00:00,5.605000019073486,5.664000034332275,5.605000019073486
2002-04-25 00:00:00,5.620999813079834,5.623000144958496,5.576000213623047
2002-04-26 00:00:00,5.585000038146973,5.63700008392334,5.585000038146973
2002-04-29 00:00:00,5.61899995803833,5.627999782562256,5.586999893188477
2002-04-30 00:00:00,5.593999862670898,5.630000114440918,5.590000152587891
2002-05-01 00:00:00,5.565000057220459,5.5920000076293945,5.533999919891357
2002-05-02 00:00:00,5.590000152587891,5.605000019073486,5.573999881744385
2002-05-03 00:00:00,5.543000221252441,5.593999862670898,5.5229997634887695
2002-05-06 00:00:00,5.547999858856201,5.563000202178955,5.540999889373779
2002-05-07 00:00:00,5.548999786376953,5.565999984741211,5.5320000648498535
2002-05-08 00:00:00,5.664000034332275,5.668000221252441,5.585000038146973
2002-05-09 00:00:00,5.638999938964844,5.692999839782715,5.633999824523926
2002-05-10 00:00:00,5.605000019073486,5.670000076293945,5.604000091552734
2002-05-13 00:00:00,5.683000087738037,5.696000099182129,5.613999843597412
2002-05-14 00:00:00,5.754000186920166,5.775000095367432,5.690000057220459
2002-05-15 00:00:00,5.742000102996826,5.775000095367432,5.7179999351501465
2002-05-16 00:00:00,5.696000099182129,5.743000030517578,5.681000232696533
2002-05-17 00:00:00,5.742000102996826,5.769000053405762,5.711999893188477
2002-05-20 00:00:00,5.693999767303467,5.7270002365112305,5.692999839782715
2002-05-21 00:00:00,5.665999889373779,5.7220001220703125,5.6579999923706055
2002-05-22 00:00:00,5.627999782562256,5.651000022888184,5.61899995803833
2002-05-23 00:00:00,5.668000221252441,5.675000190734863,5.568999767303467
2002-05-24 00:00:00,5.669000148773193,5.683000087738037,5.635000228881836
2002-05-28 00:00:00,5.669000148773193,5.704999923706055,5.6479997634887695
2002-05-29 00:00:00,5.627999782562256,5.678999900817871,5.625
2002-05-30 00:00:00,5.605999946594238,5.644000053405762,5.599999904632568
2002-05-31 00:00:00,5.611999988555908,5.6579999923706055,5.583000183105469
2002-06-03 00:00:00,5.623000144958496,5.669000148773193,5.611999988555908
2002-06-04 00:00:00,5.613999843597412,5.625999927520752,5.565000057220459
2002-06-05 00:00:00,5.6519999504089355,5.660999774932861,5.618000030517578
2002-06-06 00:00:00,5.624000072479248,5.677000045776367,5.605999946594238
2002-06-07 00:00:00,5.6529998779296875,5.669000148773193,5.589000225067139
2002-06-10 00:00:00,5.614999771118164,5.668000221252441,5.605999946594238
2002-06-11 00:00:00,5.556000232696533,5.64300012588501,5.554999828338623
2002-06-12 00:00:00,5.531000137329102,5.568999767303467,5.52400016784668
2002-06-13 00:00:00,5.504000186920166,5.544000148773193,5.478000164031982
2002-06-14 00:00:00,5.4120001792907715,5.4629998207092285,5.390999794006348
2002-06-17 00:00:00,5.473999977111816,5.480999946594238,5.422999858856201
2002-06-18 00:00:00,5.466000080108643,5.482999801635742,5.426000118255615
2002-06-19 00:00:00,5.39300012588501,5.446000099182129,5.390999794006348
2002-06-20 00:00:00,5.458000183105469,5.460999965667725,5.383999824523926
2002-06-21 00:00:00,5.395999908447266,5.451000213623047,5.39300012588501
2002-06-24 00:00:00,5.461999893188477,5.468999862670898,5.35699987411499
2002-06-25 00:00:00,5.465000152587891,5.505000114440918,5.447000026702881
2002-06-26 00:00:00,5.410999774932861,5.434999942779541,5.320000171661377
2002-06-27 00:00:00,5.513000011444092,5.5320000648498535,5.425000190734863
2002-06-28 00:00:00,5.517000198364258,5.543000221252441,5.49399995803833
2002-07-01 00:00:00,5.504000186920166,5.558000087738037,5.500999927520752
2002-07-02 00:00:00,5.453000068664551,5.495999813079834,5.443999767303467
2002-07-03 00:00:00,5.443999767303467,5.4730000495910645,5.426000118255615
2002-07-05 00:00:00,5.53000020980835,5.531000137329102,5.4629998207092285
2002-07-08 00:00:00,5.494999885559082,5.52400016784668,5.49399995803833
2002-07-09 00:00:00,5.428999900817871,5.513999938964844,5.423999786376953
2002-07-10 00:00:00,5.36299991607666,5.445000171661377,5.3480000495910645
2002-07-11 00:00:00,5.3520002365112305,5.369999885559082,5.289000034332275
2002-07-12 00:00:00,5.343999862670898,5.392000198364258,5.318999767303467
2002-07-15 00:00:00,5.376999855041504,5.376999855041504,5.313000202178955
2002-07-16 00:00:00,5.456999778747559,5.46999979019165,5.374000072479248
2002-07-17 00:00:00,5.422999858856201,5.491000175476074,5.418000221252441
2002-07-18 00:00:00,5.406000137329102,5.460000038146973,5.40500020980835
2002-07-19 00:00:00,5.3520002365112305,5.4039998054504395,5.3460001945495605
2002-07-22 00:00:00,5.291999816894531,5.340000152587891,5.275000095367432
2002-07-23 00:00:00,5.281000137329102,5.327000141143799,5.27400016784668
2002-07-24 00:00:00,5.300000190734863,5.308000087738037,5.177999973297119
2002-07-25 00:00:00,5.294000148773193,5.355000019073486,5.28000020980835
2002-07-26 00:00:00,5.304999828338623,5.335999965667725,5.281000137329102
2002-07-29 00:00:00,5.4029998779296875,5.409999847412109,5.328000068664551
2002-07-30 00:00:00,5.394999980926514,5.421999931335449,5.360000133514404
2002-07-31 00:00:00,5.304999828338623,5.4019999504089355,5.289000034332275
2002-08-01 00:00:00,5.294000148773193,5.329999923706055,5.28000020980835
2002-08-02 00:00:00,5.203999996185303,5.288000106811523,5.197000026702881
2002-08-05 00:00:00,5.184000015258789,5.211999893188477,5.1519999504089355
2002-08-06 00:00:00,5.251999855041504,5.257999897003174,5.202000141143799
2002-08-07 00:00:00,5.209000110626221,5.254000186920166,5.184999942779541
2002-08-08 00:00:00,5.238999843597412,5.25600004196167,5.209000110626221
2002-08-09 00:00:00,5.125,5.203000068664551,5.114999771118164
2002-08-12 00:00:00,5.066999912261963,5.10699987411499,5.046999931335449
2002-08-13 00:00:00,4.997000217437744,5.070000171661377,4.995999813079834
2002-08-14 00:00:00,4.882999897003174,4.943999767303467,4.827000141143799
2002-08-15 00:00:00,4.97599983215332,4.984000205993652,4.936999797821045
2002-08-16 00:00:00,5.0929999351501465,5.10099983215332,4.953000068664551
2002-08-19 00:00:00,5.053999900817871,5.1020002365112305,5.052999973297119
2002-08-20 00:00:00,4.978000164031982,5.041999816894531,4.973999977111816
2002-08-21 00:00:00,5.0,5.033999919891357,4.988999843597412
2002-08-22 00:00:00,5.083000183105469,5.086999893188477,5.03000020980835
2002-08-23 00:00:00,5.0269999504089355,5.079999923706055,5.015999794006348
2002-08-26 00:00:00,5.00600004196167,5.059999942779541,4.99399995803833
2002-08-27 00:00:00,5.066999912261963,5.079999923706055,5.002999782562256
2002-08-28 00:00:00,5.008999824523926,5.0279998779296875,4.995999813079834
2002-08-29 00:00:00,4.9710001945495605,4.989999771118164,4.945000171661377
2002-08-30 00:00:00,4.936999797821045,4.9679999351501465,4.927000045776367
2002-09-03 00:00:00,4.815000057220459,4.89900016784668,4.809000015258789
2002-09-04 00:00:00,4.783999919891357,4.828000068664551,4.7769999504089355
2002-09-05 00:00:00,4.771999835968018,4.821000099182129,4.756999969482422
2002-09-06 00:00:00,4.870999813079834,4.879000186920166,4.699999809265137
2002-09-09 00:00:00,4.861000061035156,4.868000030517578,4.820000171661377
2002-09-10 00:00:00,4.829999923706055,4.910999774932861,4.811999797821045
2002-09-11 00:00:00,4.876999855041504,4.920000076293945,4.876999855041504
2002-09-12 00:00:00,4.815999984741211,4.873000144958496,4.813000202178955
2002-09-13 00:00:00,4.764999866485596,4.811999797821045,4.749000072479248
2002-09-16 00:00:00,4.738999843597412,4.791999816894531,4.7270002365112305
2002-09-17 00:00:00,4.73799991607666,4.815000057220459,4.734000205993652
2002-09-18 00:00:00,4.744999885559082,4.760000228881836,4.705999851226807
2002-09-19 00:00:00,4.710999965667725,4.748000144958496,4.702000141143799
2002-09-20 00:00:00,4.738999843597412,4.764999866485596,4.724999904632568
2002-09-23 00:00:00,4.677999973297119,4.714000225067139,4.677000045776367
2002-09-24 00:00:00,4.635000228881836,4.678999900817871,4.605999946594238
2002-09-25 00:00:00,4.724999904632568,4.73799991607666,4.65500020980835
2002-09-26 00:00:00,4.728000164031982,4.785999774932861,4.705999851226807
2002-09-27 00:00:00,4.690999984741211,4.730000019073486,4.684000015258789
2002-09-30 00:00:00,4.6620001792907715,4.668000221252441,4.618000030517578
2002-10-01 00:00:00,4.739999771118164,4.764999866485596,4.705999851226807
2002-10-02 00:00:00,4.72599983215332,4.761000156402588,4.706999778747559
2002-10-03 00:00:00,4.742000102996826,4.760000228881836,4.706999778747559
2002-10-04 00:00:00,4.734000205993652,4.815999984741211,4.698999881744385
2002-10-07 00:00:00,4.711999893188477,4.728000164031982,4.678999900817871
2002-10-08 00:00:00,4.7129998207092285,4.728000164031982,4.63100004196167
2002-10-09 00:00:00,4.664999961853027,4.679999828338623,4.63700008392334
2002-10-10 00:00:00,4.709000110626221,4.732999801635742,4.665999889373779
2002-10-11 00:00:00,4.821000099182129,4.824999809265137,4.71999979019165
2002-10-14 00:00:00,4.826000213623047,4.826000213623047,4.826000213623047
2002-10-15 00:00:00,4.9629998207092285,4.9670000076293945,4.880000114440918
2002-10-16 00:00:00,5.004000186920166,5.014999866485596,4.953000068664551
2002-10-17 00:00:00,5.084000110626221,5.104000091552734,5.044000148773193
2002-10-18 00:00:00,5.079999923706055,5.170000076293945,5.059999942779541
2002-10-21 00:00:00,5.125999927520752,5.142000198364258,5.041999816894531
2002-10-22 00:00:00,5.1529998779296875,5.1620001792907715,5.111999988555908
2002-10-23 00:00:00,5.171000003814697,5.177999973297119,5.0920000076293945
2002-10-24 00:00:00,5.113999843597412,5.214000225067139,5.10699987411499
2002-10-25 00:00:00,5.081999778747559,5.111999988555908,5.071000099182129
2002-10-28 00:00:00,5.110000133514404,5.119999885559082,5.072000026702881
2002-10-29 00:00:00,5.008999824523926,5.085999965667725,4.968999862670898
2002-10-30 00:00:00,5.026000022888184,5.052000045776367,4.989999771118164
2002-10-31 00:00:00,5.006999969482422,5.052000045776367,4.974999904632568
2002-11-01 00:00:00,5.019000053405762,5.091000080108643,4.986999988555908
2002-11-04 00:00:00,5.059000015258789,5.085999965667725,5.052000045776367
2002-11-05 00:00:00,5.0879998207092285,5.109000205993652,5.054999828338623
2002-11-06 00:00:00,5.067999839782715,5.130000114440918,5.019000053405762
2002-11-07 00:00:00,4.894999980926514,4.995999813079834,4.880000114440918
2002-11-08 00:00:00,4.791999816894531,4.86299991607666,4.7829999923706055
2002-11-11 00:00:00,4.791999816894531,4.791999816894531,4.791999816894531
2002-11-12 00:00:00,4.798999786376953,4.811999797821045,4.7220001220703125
2002-11-13 00:00:00,4.789000034332275,4.830999851226807,4.7729997634887695
2002-11-14 00:00:00,4.926000118255615,4.927000045776367,4.806000232696533
2002-11-15 00:00:00,4.921999931335449,4.989999771118164,4.894999980926514
2002-11-18 00:00:00,4.889999866485596,4.945000171661377,4.886000156402588
2002-11-19 00:00:00,4.85699987411499,4.882999897003174,4.821000099182129
2002-11-20 00:00:00,4.940999984741211,4.953999996185303,4.822999954223633
2002-11-21 00:00:00,5.005000114440918,5.038000106811523,4.941999912261963
2002-11-22 00:00:00,5.015999794006348,5.034999847412109,4.988999843597412
2002-11-25 00:00:00,5.025000095367432,5.041999816894531,4.985000133514404
2002-11-26 00:00:00,4.942999839782715,5.021999835968018,4.936999797821045
2002-11-27 00:00:00,5.110000133514404,5.111999988555908,4.966000080108643
2002-11-29 00:00:00,5.047999858856201,5.0920000076293945,5.035999774932861
2002-12-02 00:00:00,5.040999889373779,5.1570000648498535,5.0269999504089355
2002-12-03 00:00:00,5.059999942779541,5.065999984741211,5.006999969482422
2002-12-04 00:00:00,5.019000053405762,5.0320000648498535,4.984000205993652
2002-12-05 00:00:00,4.96999979019165,5.065000057220459,4.959000110626221
2002-12-06 00:00:00,4.98199987411499,5.0269999504089355,4.870999813079834
2002-12-09 00:00:00,4.942999839782715,5.001999855041504,4.919000148773193
2002-12-10 00:00:00,4.914999961853027,4.9629998207092285,4.908999919891357
2002-12-11 00:00:00,4.864999771118164,4.919000148773193,4.85099983215332
2002-12-12 00:00:00,4.872000217437744,4.9079999923706055,4.857999801635742
2002-12-13 00:00:00,4.938000202178955,4.960999965667725,4.864999771118164
2002-12-16 00:00:00,5.006999969482422,5.019999980926514,4.923999786376953
2002-12-17 00:00:00,5.013999938964844,5.0370001792907715,4.9770002365112305
2002-12-18 00:00:00,4.9770002365112305,4.998000144958496,4.955999851226807
2002-12-19 00:00:00,4.896999835968018,4.973999977111816,4.888999938964844
2002-12-20 00:00:00,4.886000156402588,4.929999828338623,4.877999782562256
2002-12-23 00:00:00,4.9039998054504395,4.931000232696533,4.873000144958496
2002-12-24 00:00:00,4.868000030517578,4.888000011444092,4.835999965667725
2002-12-26 00:00:00,4.859000205993652,4.882999897003174,4.855999946594238
2002-12-27 00:00:00,4.783999919891357,4.860000133514404,4.7789998054504395
2002-12-30 00:00:00,4.764999866485596,4.817999839782715,4.744999885559082
2002-12-31 00:00:00,4.7829999923706055,4.789999961853027,4.709000110626221
2003-01-02 00:00:00,4.956999778747559,4.973999977111816,4.803999900817871
2003-01-03 00:00:00,4.953999996185303,5.005000114440918,4.952000141143799
2003-01-06 00:00:00,4.978000164031982,5.01800012588501,4.973999977111816
2003-01-07 00:00:00,4.960999965667725,5.0,4.933000087738037
2003-01-08 00:00:00,4.921000003814697,4.953000068664551,4.9070000648498535
2003-01-09 00:00:00,5.060999870300293,5.093999862670898,4.965000152587891
2003-01-10 00:00:00,5.056000232696533,5.081999778747559,5.002999782562256
2003-01-13 00:00:00,5.0279998779296875,5.0920000076293945,5.014999866485596
2003-01-14 00:00:00,4.998000144958496,5.0289998054504395,4.980999946594238
2003-01-15 00:00:00,4.9770002365112305,5.01200008392334,4.949999809265137
2003-01-16 00:00:00,4.966000080108643,5.051000118255615,4.9629998207092285
2003-01-17 00:00:00,4.925000190734863,4.952000141143799,4.918000221252441
2003-01-21 00:00:00,4.906000137329102,4.953999996185303,4.900000095367432
2003-01-22 00:00:00,4.863999843597412,4.889999866485596,4.85699987411499
2003-01-23 00:00:00,4.895999908447266,4.910999774932861,4.873000144958496
2003-01-24 00:00:00,4.841000080108643,4.880000114440918,4.815999984741211
2003-01-27 00:00:00,4.873000144958496,4.8979997634887695,4.826000213623047
2003-01-28 00:00:00,4.875999927520752,4.926000118255615,4.861999988555908
2003-01-29 00:00:00,4.918000221252441,4.931000232696533,4.8520002365112305
2003-01-30 00:00:00,4.876999855041504,4.940000057220459,4.875
2003-01-31 00:00:00,4.8470001220703125,4.89300012588501,4.830999851226807
2003-02-03 00:00:00,4.840000152587891,4.869999885559082,4.835999965667725
2003-02-04 00:00:00,4.794000148773193,4.816999912261963,4.7870001792907715
2003-02-05 00:00:00,4.861000061035156,4.873000144958496,4.78000020980835
2003-02-06 00:00:00,4.810999870300293,4.855000019073486,4.800000190734863
2003-02-07 00:00:00,4.796999931335449,4.885000228881836,4.791999816894531
2003-02-10 00:00:00,4.855999946594238,4.86899995803833,4.807000160217285
2003-02-11 00:00:00,4.859000205993652,4.890999794006348,4.849999904632568
2003-02-12 00:00:00,4.8480000495910645,4.875,4.8420000076293945
2003-02-13 00:00:00,4.814000129699707,4.8460001945495605,4.765999794006348
2003-02-14 00:00:00,4.88100004196167,4.885000228881836,4.809999942779541
2003-02-18 00:00:00,4.868000030517578,4.915999889373779,4.864999771118164
2003-02-19 00:00:00,4.815999984741211,4.8480000495910645,4.801000118255615
2003-02-20 00:00:00,4.796999931335449,4.8420000076293945,4.793000221252441
2003-02-21 00:00:00,4.848999977111816,4.861000061035156,4.796000003814697
2003-02-24 00:00:00,4.813000202178955,4.822999954223633,4.802000045776367
2003-02-25 00:00:00,4.7829999923706055,4.794000148773193,4.752999782562256
2003-02-26 00:00:00,4.743000030517578,4.7820000648498535,4.735000133514404
2003-02-27 00:00:00,4.7270002365112305,4.7729997634887695,4.716000080108643
2003-02-28 00:00:00,4.676000118255615,4.758999824523926,4.672999858856201
2003-03-03 00:00:00,4.681000232696533,4.697000026702881,4.656000137329102
2003-03-04 00:00:00,4.672999858856201,4.703999996185303,4.663000106811523
2003-03-05 00:00:00,4.658999919891357,4.705999851226807,4.6519999504089355
2003-03-06 00:00:00,4.686999797821045,4.709000110626221,4.651000022888184
2003-03-07 00:00:00,4.670000076293945,4.706999778747559,4.645999908447266
2003-03-10 00:00:00,4.6529998779296875,4.664000034332275,4.644999980926514
2003-03-11 00:00:00,4.6519999504089355,4.658999919891357,4.625
2003-03-12 00:00:00,4.617000102996826,4.645999908447266,4.603000164031982
2003-03-13 00:00:00,4.7220001220703125,4.729000091552734,4.651000022888184
2003-03-14 00:00:00,4.710000038146973,4.738999843597412,4.703000068664551
2003-03-17 00:00:00,4.789000034332275,4.800000190734863,4.664000034332275
2003-03-18 00:00:00,4.854000091552734,4.861000061035156,4.761000156402588
2003-03-19 00:00:00,4.9070000648498535,4.933000087738037,4.875999927520752
2003-03-20 00:00:00,4.959000110626221,4.985000133514404,4.876999855041504
2003-03-21 00:00:00,5.03000020980835,5.043000221252441,4.954999923706055
2003-03-24 00:00:00,4.931000232696533,4.980999946594238,4.910999774932861
2003-03-25 00:00:00,4.938000202178955,4.9770002365112305,4.889999866485596
2003-03-26 00:00:00,4.934000015258789,4.947000026702881,4.9079999923706055
2003-03-27 00:00:00,4.929999828338623,4.941999912261963,4.888999938964844
2003-03-28 00:00:00,4.913000106811523,4.921000003814697,4.886000156402588
2003-03-31 00:00:00,4.836999893188477,4.881999969482422,4.822999954223633
2003-04-01 00:00:00,4.8429999351501465,4.88100004196167,4.803999900817871
2003-04-02 00:00:00,4.920000076293945,4.928999900817871,4.873000144958496
2003-04-03 00:00:00,4.938000202178955,4.952000141143799,4.9029998779296875
2003-04-04 00:00:00,4.956999778747559,4.994999885559082,4.932000160217285
2003-04-07 00:00:00,4.997000217437744,5.056000232696533,4.992000102996826
2003-04-08 00:00:00,4.927000045776367,4.992000102996826,4.922999858856201
2003-04-09 00:00:00,4.9079999923706055,4.953999996185303,4.89300012588501
2003-04-10 00:00:00,4.934000015258789,4.940000057220459,4.8979997634887695
2003-04-11 00:00:00,4.949999809265137,5.000999927520752,4.935999870300293
2003-04-14 00:00:00,4.980999946594238,4.995999813079834,4.952000141143799
2003-04-15 00:00:00,4.939000129699707,4.980999946594238,4.932000160217285
2003-04-16 00:00:00,4.9079999923706055,4.960999965667725,4.895999908447266
2003-04-17 00:00:00,4.890999794006348,4.901000022888184,4.855000019073486
2003-04-21 00:00:00,4.895999908447266,4.947000026702881,4.888000011444092
2003-04-22 00:00:00,4.896999835968018,4.914000034332275,4.85099983215332
2003-04-23 00:00:00,4.896999835968018,4.916999816894531,4.875999927520752
2003-04-24 00:00:00,4.824999809265137,4.876999855041504,4.807000160217285
2003-04-25 00:00:00,4.820000171661377,4.853000164031982,4.796000003814697
2003-04-28 00:00:00,4.815999984741211,4.829999923706055,4.7870001792907715
2003-04-29 00:00:00,4.839000225067139,4.867000102996826,4.823999881744385
2003-04-30 00:00:00,4.7779998779296875,4.855999946594238,4.7769999504089355
2003-05-01 00:00:00,4.788000106811523,4.800000190734863,4.724999904632568
2003-05-02 00:00:00,4.826000213623047,4.8460001945495605,4.7729997634887695
2003-05-05 00:00:00,4.804999828338623,4.849999904632568,4.801000118255615
2003-05-06 00:00:00,4.763000011444092,4.828000068664551,4.75600004196167
2003-05-07 00:00:00,4.690999984741211,4.724999904632568,4.685999870300293
2003-05-08 00:00:00,4.671999931335449,4.697000026702881,4.642000198364258
2003-05-09 00:00:00,4.677000045776367,4.710000038146973,4.671000003814697
2003-05-12 00:00:00,4.650000095367432,4.671000003814697,4.629000186920166
2003-05-13 00:00:00,4.625999927520752,4.664000034332275,4.616000175476074
2003-05-14 00:00:00,4.519999980926514,4.61299991607666,4.480999946594238
2003-05-15 00:00:00,4.492000102996826,4.501999855041504,4.429999828338623
2003-05-16 00:00:00,4.442999839782715,4.497000217437744,4.427000045776367
2003-05-19 00:00:00,4.464000225067139,4.484000205993652,4.388000011444092
2003-05-20 00:00:00,4.363999843597412,4.49399995803833,4.3520002365112305
2003-05-21 00:00:00,4.34499979019165,4.40500020980835,4.2769999504089355
2003-05-22 00:00:00,4.295000076293945,4.340000152587891,4.285999774932861
2003-05-23 00:00:00,4.254000186920166,4.269000053405762,4.229000091552734
2003-05-27 00:00:00,4.361999988555908,4.36299991607666,4.263999938964844
2003-05-28 00:00:00,4.413000106811523,4.4670000076293945,4.3979997634887695
2003-05-29 00:00:00,4.35099983215332,4.413000106811523,4.3460001945495605
2003-05-30 00:00:00,4.361999988555908,4.414000034332275,4.341000080108643
2003-06-02 00:00:00,4.429999828338623,4.459000110626221,4.388999938964844
2003-06-03 00:00:00,4.361999988555908,4.418000221252441,4.3420000076293945
2003-06-04 00:00:00,4.35099983215332,4.4029998779296875,4.3480000495910645
2003-06-05 00:00:00,4.394000053405762,4.396999835968018,4.28000020980835
2003-06-06 00:00:00,4.385000228881836,4.436999797821045,4.361000061035156
2003-06-09 00:00:00,4.339000225067139,4.361999988555908,4.331999778747559
2003-06-10 00:00:00,4.257999897003174,4.35099983215332,4.255000114440918
2003-06-11 00:00:00,4.24399995803833,4.250999927520752,4.204999923706055
2003-06-12 00:00:00,4.21999979019165,4.269000053405762,4.197000026702881
2003-06-13 00:00:00,4.170000076293945,4.202000141143799,4.156000137329102
2003-06-16 00:00:00,4.2210001945495605,4.232999801635742,4.135000228881836
2003-06-17 00:00:00,4.302999973297119,4.309999942779541,4.2129998207092285
2003-06-18 00:00:00,4.388999938964844,4.400000095367432,4.322000026702881
2003-06-19 00:00:00,4.416999816894531,4.4629998207092285,4.386000156402588
2003-06-20 00:00:00,4.459000110626221,4.5,4.395999908447266
2003-06-23 00:00:00,4.394000053405762,4.458000183105469,4.394000053405762
2003-06-24 00:00:00,4.343999862670898,4.427000045776367,4.3429999351501465
2003-06-25 00:00:00,4.438000202178955,4.456999778747559,4.297999858856201
2003-06-26 00:00:00,4.561999797821045,4.571000099182129,4.480999946594238
2003-06-27 00:00:00,4.607999801635742,4.624000072479248,4.519999980926514
2003-06-30 00:00:00,4.565999984741211,4.624000072479248,4.556000232696533
2003-07-01 00:00:00,4.5960001945495605,4.61299991607666,4.526000022888184
2003-07-02 00:00:00,4.578000068664551,4.644999980926514,4.559999942779541
2003-07-03 00:00:00,4.683000087738037,4.691999912261963,4.581999778747559
2003-07-07 00:00:00,4.728000164031982,4.739999771118164,4.670000076293945
2003-07-08 00:00:00,4.72599983215332,4.7729997634887695,4.698999881744385
2003-07-09 00:00:00,4.710999965667725,4.730000019073486,4.671000003814697
2003-07-10 00:00:00,4.709000110626221,4.730000019073486,4.659999847412109
2003-07-11 00:00:00,4.684000015258789,4.723999977111816,4.683000087738037
2003-07-14 00:00:00,4.761000156402588,4.7729997634887695,4.671999931335449
2003-07-15 00:00:00,4.925000190734863,4.964000225067139,4.74399995803833
2003-07-16 00:00:00,4.900000095367432,5.0229997634887695,4.900000095367432
2003-07-17 00:00:00,4.9039998054504395,4.980999946594238,4.889999866485596
2003-07-18 00:00:00,4.910999774932861,4.964000225067139,4.896999835968018
2003-07-21 00:00:00,5.078000068664551,5.084000110626221,4.922999858856201
2003-07-22 00:00:00,5.054999828338623,5.131999969482422,5.047999858856201
2003-07-23 00:00:00,5.038000106811523,5.059999942779541,4.986999988555908
2003-07-24 00:00:00,5.086999893188477,5.131999969482422,5.035999774932861
2003-07-25 00:00:00,5.118000030517578,5.144000053405762,5.02400016784668
2003-07-28 00:00:00,5.2179999351501465,5.218999862670898,5.144999980926514
2003-07-29 00:00:00,5.302000045776367,5.313000202178955,5.146999835968018
2003-07-30 00:00:00,5.236999988555908,5.304999828338623,5.193999767303467
2003-07-31 00:00:00,5.409999847412109,5.445000171661377,5.189000129699707
2003-08-01 00:00:00,5.329999923706055,5.486999988555908,5.307000160217285
2003-08-04 00:00:00,5.288000106811523,5.35699987411499,5.2779998779296875
2003-08-05 00:00:00,5.382999897003174,5.4039998054504395,5.239999771118164
2003-08-06 00:00:00,5.249000072479248,5.36899995803833,5.244999885559082
2003-08-07 00:00:00,5.228000164031982,5.295000076293945,5.206999778747559
2003-08-08 00:00:00,5.248000144958496,5.248000144958496,5.144999980926514
2003-08-11 00:00:00,5.296000003814697,5.318999767303467,5.252999782562256
2003-08-12 00:00:00,5.293000221252441,5.307000160217285,5.243000030517578
2003-08-13 00:00:00,5.447999954223633,5.468999862670898,5.355999946594238
2003-08-14 00:00:00,5.425000190734863,5.494999885559082,5.39900016784668
2003-08-15 00:00:00,5.4039998054504395,5.413000106811523,5.3379998207092285
2003-08-18 00:00:00,5.361000061035156,5.427000045776367,5.335000038146973
2003-08-19 00:00:00,5.252999782562256,5.381999969482422,5.24399995803833
2003-08-20 00:00:00,5.288000106811523,5.324999809265137,5.215000152587891
2003-08-21 00:00:00,5.308000087738037,5.348999977111816,5.250999927520752
2003-08-22 00:00:00,5.242000102996826,5.298999786376953,5.2220001220703125
2003-08-25 00:00:00,5.307000160217285,5.364999771118164,5.218999862670898
2003-08-26 00:00:00,5.2769999504089355,5.355999946594238,5.263999938964844
2003-08-27 00:00:00,5.309999942779541,5.334000110626221,5.264999866485596
2003-08-28 00:00:00,5.2210001945495605,5.306000232696533,5.2210001945495605
2003-08-29 00:00:00,5.223999977111816,5.263999938964844,5.203999996185303
2003-09-02 00:00:00,5.335999965667725,5.353000164031982,5.241000175476074
2003-09-03 00:00:00,5.35099983215332,5.36899995803833,5.303999900817871
2003-09-04 00:00:00,5.320000171661377,5.348999977111816,5.295000076293945
2003-09-05 00:00:00,5.206999778747559,5.302999973297119,5.193999767303467
2003-09-08 00:00:00,5.236000061035156,5.236000061035156,5.1539998054504395
2003-09-09 00:00:00,5.22599983215332,5.294000148773193,5.210999965667725
2003-09-10 00:00:00,5.159999847412109,5.239999771118164,5.14900016784668
2003-09-11 00:00:00,5.2170000076293945,5.236000061035156,5.1579999923706055
2003-09-12 00:00:00,5.175000190734863,5.198999881744385,5.093999862670898
2003-09-15 00:00:00,5.171000003814697,5.215000152587891,5.142000198364258
2003-09-16 00:00:00,5.216000080108643,5.236000061035156,5.176000118255615
2003-09-17 00:00:00,5.113999843597412,5.185999870300293,5.0920000076293945
2003-09-18 00:00:00,5.099999904632568,5.1570000648498535,5.047999858856201
2003-09-19 00:00:00,5.061999797821045,5.090000152587891,5.034999847412109
2003-09-22 00:00:00,5.140999794006348,5.203000068664551,5.104000091552734
2003-09-23 00:00:00,5.0980000495910645,5.171000003814697,5.0929999351501465
2003-09-24 00:00:00,5.031000137329102,5.111999988555908,5.010000228881836
2003-09-25 00:00:00,5.000999927520752,5.057000160217285,4.998000144958496
2003-09-26 00:00:00,4.951000213623047,5.015999794006348,4.934000015258789
2003-09-29 00:00:00,5.005000114440918,5.007999897003174,4.945000171661377
2003-09-30 00:00:00,4.883999824523926,4.997000217437744,4.883999824523926
2003-10-01 00:00:00,4.886000156402588,4.923999786376953,4.873000144958496
2003-10-02 00:00:00,4.938000202178955,4.995999813079834,4.908999919891357
2003-10-03 00:00:00,5.0980000495910645,5.114999771118164,4.958000183105469
2003-10-06 00:00:00,5.056000232696533,5.116000175476074,5.050000190734863
2003-10-07 00:00:00,5.146999835968018,5.1579999923706055,5.052999973297119
2003-10-08 00:00:00,5.166999816894531,5.184999942779541,5.130000114440918
2003-10-09 00:00:00,5.216000080108643,5.254000186920166,5.177999973297119
2003-10-10 00:00:00,5.173999786376953,5.2179999351501465,5.160999774932861
2003-10-13 00:00:00,5.182000160217285,5.182000160217285,5.182000160217285
2003-10-14 00:00:00,5.256999969482422,5.264999866485596,5.203999996185303
2003-10-15 00:00:00,5.296000003814697,5.330999851226807,5.265999794006348
2003-10-16 00:00:00,5.308000087738037,5.329999923706055,5.238999843597412
2003-10-17 00:00:00,5.25,5.327000141143799,5.242000102996826
2003-10-20 00:00:00,5.229000091552734,5.2870001792907715,5.198999881744385
2003-10-21 00:00:00,5.2230000495910645,5.241000175476074,5.186999797821045
2003-10-22 00:00:00,5.1579999923706055,5.184000015258789,5.129000186920166
2003-10-23 00:00:00,5.189000129699707,5.235000133514404,5.123000144958496
2003-10-24 00:00:00,5.1020002365112305,5.176000118255615,5.0970001220703125
2003-10-27 00:00:00,5.138999938964844,5.1620001792907715,5.110000133514404
2003-10-28 00:00:00,5.089000225067139,5.185999870300293,5.089000225067139
2003-10-29 00:00:00,5.158999919891357,5.168000221252441,5.0960001945495605
2003-10-30 00:00:00,5.197999954223633,5.25600004196167,5.160999774932861
2003-10-31 00:00:00,5.144999980926514,5.202000141143799,5.127999782562256
2003-11-03 00:00:00,5.183000087738037,5.205999851226807,5.14900016784668
2003-11-04 00:00:00,5.138000011444092,5.160999774932861,5.123000144958496
2003-11-05 00:00:00,5.179999828338623,5.188000202178955,5.120999813079834
2003-11-06 00:00:00,5.242000102996826,5.261000156402588,5.177000045776367
2003-11-07 00:00:00,5.261000156402588,5.297999858856201,5.195000171661377
2003-11-10 00:00:00,5.2779998779296875,5.291999816894531,5.228000164031982
2003-11-12 00:00:00,5.2170000076293945,5.239999771118164,5.203999996185303
2003-11-13 00:00:00,5.10699987411499,5.195000171661377,5.103000164031982
2003-11-14 00:00:00,5.060999870300293,5.135000228881836,5.059000015258789
2003-11-17 00:00:00,5.0370001792907715,5.061999797821045,5.0
2003-11-18 00:00:00,5.015999794006348,5.065999984741211,5.011000156402588
2003-11-19 00:00:00,5.079999923706055,5.0960001945495605,4.995999813079834
2003-11-20 00:00:00,5.019000053405762,5.072000026702881,5.004000186920166
2003-11-21 00:00:00,5.000999927520752,5.010000228881836,4.974999904632568
2003-11-24 00:00:00,5.061999797821045,5.076000213623047,5.0279998779296875
2003-11-25 00:00:00,5.031000137329102,5.091000080108643,5.007999897003174
2003-11-26 00:00:00,5.065999984741211,5.070000171661377,5.01200008392334
2003-11-28 00:00:00,5.125999927520752,5.130000114440918,5.103000164031982
2003-12-01 00:00:00,5.1579999923706055,5.214000225067139,5.13100004196167
2003-12-02 00:00:00,5.146999835968018,5.199999809265137,5.135000228881836
2003-12-03 00:00:00,5.184999942779541,5.205999851226807,5.130000114440918
2003-12-04 00:00:00,5.1570000648498535,5.197999954223633,5.144999980926514
2003-12-05 00:00:00,5.046999931335449,5.107999801635742,5.020999908447266
2003-12-08 00:00:00,5.116000175476074,5.127999782562256,5.056000232696533
2003-12-09 00:00:00,5.168000221252441,5.181000232696533,5.058000087738037
2003-12-10 00:00:00,5.151000022888184,5.176000118255615,5.120999813079834
2003-12-11 00:00:00,5.10699987411499,5.198999881744385,5.098999977111816
2003-12-12 00:00:00,5.0879998207092285,5.135000228881836,5.060999870300293
2003-12-15 00:00:00,5.103000164031982,5.125999927520752,5.059999942779541
2003-12-16 00:00:00,5.078999996185303,5.116000175476074,5.059999942779541
2003-12-17 00:00:00,5.0269999504089355,5.045000076293945,4.995999813079834
2003-12-18 00:00:00,4.964000225067139,5.034999847412109,4.959000110626221
2003-12-19 00:00:00,4.960999965667725,5.0,4.946000099182129
2003-12-22 00:00:00,4.986999988555908,5.001999855041504,4.928999900817871
2003-12-23 00:00:00,5.051000118255615,5.059000015258789,4.9770002365112305
2003-12-24 00:00:00,4.986000061035156,5.044000148773193,4.985000133514404
2003-12-26 00:00:00,4.968999862670898,4.994999885559082,4.966000080108643
2003-12-29 00:00:00,5.034999847412109,5.041999816894531,4.986000061035156
2003-12-30 00:00:00,5.0879998207092285,5.1020002365112305,5.053999900817871
2003-12-31 00:00:00,5.067999839782715,5.091000080108643,5.067999839782715
2004-01-02 00:00:00,5.176000118255615,5.203999996185303,5.0920000076293945
2004-01-05 00:00:00,5.175000190734863,5.218999862670898,5.171000003814697
2004-01-06 00:00:00,5.105999946594238,5.163000106811523,5.083000183105469
2004-01-07 00:00:00,5.084000110626221,5.138000011444092,5.060999870300293
2004-01-08 00:00:00,5.079999923706055,5.109000205993652,5.065000057220459
2004-01-09 00:00:00,4.9670000076293945,5.09499979019165,4.949999809265137
2004-01-12 00:00:00,4.9710001945495605,4.993000030517578,4.923999786376953
2004-01-13 00:00:00,4.940000057220459,5.000999927520752,4.933000087738037
2004-01-14 00:00:00,4.881999969482422,4.954999923706055,4.881999969482422
2004-01-15 00:00:00,4.861000061035156,4.9070000648498535,4.861000061035156
2004-01-16 00:00:00,4.877999782562256,4.894999980926514,4.802999973297119
2004-01-20 00:00:00,4.926000118255615,4.927000045776367,4.888000011444092
2004-01-21 00:00:00,4.915999889373779,4.939000129699707,4.9039998054504395
2004-01-22 00:00:00,4.855000019073486,4.914999961853027,4.843999862670898
2004-01-23 00:00:00,4.940000057220459,4.948999881744385,4.811999797821045
2004-01-26 00:00:00,4.991000175476074,5.000999927520752,4.931000232696533
2004-01-27 00:00:00,4.948999881744385,4.994999885559082,4.939000129699707
2004-01-28 00:00:00,5.01800012588501,5.063000202178955,4.9029998779296875
2004-01-29 00:00:00,5.014999866485596,5.053999900817871,5.000999927520752
2004-01-30 00:00:00,4.965000152587891,5.01200008392334,4.949999809265137
2004-02-02 00:00:00,4.985000133514404,5.000999927520752,4.948999881744385
2004-02-03 00:00:00,4.955999851226807,4.9770002365112305,4.941999912261963
2004-02-04 00:00:00,4.964000225067139,5.0,4.946000099182129
2004-02-05 00:00:00,4.986999988555908,5.008999824523926,4.940000057220459
2004-02-06 00:00:00,4.929999828338623,5.013000011444092,4.9120001792907715
2004-02-09 00:00:00,4.908999919891357,4.931000232696533,4.9029998779296875
2004-02-10 00:00:00,4.940999984741211,4.956999778747559,4.89900016784668
2004-02-11 00:00:00,4.896999835968018,4.968999862670898,4.86899995803833
2004-02-12 00:00:00,4.939000129699707,4.940000057220459,4.886000156402588
2004-02-13 00:00:00,4.921999931335449,4.926000118255615,4.88100004196167
2004-02-17 00:00:00,4.916999816894531,4.933000087738037,4.89900016784668
2004-02-18 00:00:00,4.914999961853027,4.916999816894531,4.870999813079834
2004-02-19 00:00:00,4.908999919891357,4.942999839782715,4.895999908447266
2004-02-20 00:00:00,4.953000068664551,4.966000080108643,4.9039998054504395
2004-02-23 00:00:00,4.916999816894531,4.959000110626221,4.916999816894531
2004-02-24 00:00:00,4.89900016784668,4.916999816894531,4.868000030517578
2004-02-25 00:00:00,4.89300012588501,4.8979997634887695,4.870999813079834
2004-02-26 00:00:00,4.921000003814697,4.942999839782715,4.885000228881836
2004-02-27 00:00:00,4.85699987411499,4.900000095367432,4.855999946594238
2004-03-01 00:00:00,4.857999801635742,4.868000030517578,4.809000015258789
2004-03-02 00:00:00,4.901000022888184,4.926000118255615,4.855000019073486
2004-03-03 00:00:00,4.908999919891357,4.951000213623047,4.9029998779296875
2004-03-04 00:00:00,4.88100004196167,4.934000015258789,4.873000144958496
2004-03-05 00:00:00,4.744999885559082,4.879000186920166,4.699999809265137
2004-03-08 00:00:00,4.711999893188477,4.736999988555908,4.699999809265137
2004-03-09 00:00:00,4.671999931335449,4.718999862670898,4.663000106811523
2004-03-10 00:00:00,4.677999973297119,4.692999839782715,4.650000095367432
2004-03-11 00:00:00,4.690000057220459,4.723999977111816,4.638999938964844
2004-03-12 00:00:00,4.710000038146973,4.715000152587891,4.668000221252441
2004-03-15 00:00:00,4.710999965667725,4.71999979019165,4.679999828338623
2004-03-16 00:00:00,4.646999835968018,4.738999843597412,4.645999908447266
2004-03-17 00:00:00,4.644999980926514,4.673999786376953,4.619999885559082
2004-03-18 00:00:00,4.695000171661377,4.716000080108643,4.6570000648498535
2004-03-19 00:00:00,4.718999862670898,4.723999977111816,4.692999839782715
2004-03-22 00:00:00,4.673999786376953,4.697999954223633,4.671999931335449
2004-03-23 00:00:00,4.666999816894531,4.688000202178955,4.6570000648498535
2004-03-24 00:00:00,4.664000034332275,4.672999858856201,4.632999897003174
2004-03-25 00:00:00,4.689000129699707,4.693999767303467,4.665999889373779
2004-03-26 00:00:00,4.769999980926514,4.78000020980835,4.697000026702881
2004-03-29 00:00:00,4.813000202178955,4.836999893188477,4.7789998054504395
2004-03-30 00:00:00,4.817999839782715,4.820000171661377,4.784999847412109
2004-03-31 00:00:00,4.7769999504089355,4.809999942779541,4.7729997634887695
2004-04-01 00:00:00,4.817999839782715,4.835000038146973,4.7769999504089355
2004-04-02 00:00:00,4.9720001220703125,5.01200008392334,4.818999767303467
2004-04-05 00:00:00,5.043000221252441,5.048999786376953,4.98199987411499
2004-04-06 00:00:00,5.015999794006348,5.0269999504089355,5.001999855041504
2004-04-07 00:00:00,5.011000156402588,5.02400016784668,4.9720001220703125
2004-04-08 00:00:00,5.034999847412109,5.044000148773193,5.000999927520752
2004-04-12 00:00:00,5.059000015258789,5.074999809265137,5.039999961853027
2004-04-13 00:00:00,5.1479997634887695,5.1570000648498535,5.00600004196167
2004-04-14 00:00:00,5.169000148773193,5.25,5.156000137329102
2004-04-15 00:00:00,5.204999923706055,5.206999778747559,5.144999980926514
2004-04-16 00:00:00,5.176000118255615,5.196000099182129,5.1539998054504395
2004-04-19 00:00:00,5.203000068664551,5.203000068664551,5.144999980926514
2004-04-20 00:00:00,5.229000091552734,5.23799991607666,5.191999912261963
2004-04-21 00:00:00,5.230999946594238,5.26800012588501,5.210999965667725
2004-04-22 00:00:00,5.190000057220459,5.236999988555908,5.188000202178955
2004-04-23 00:00:00,5.247000217437744,5.263000011444092,5.185999870300293
2004-04-26 00:00:00,5.2230000495910645,5.239999771118164,5.216000080108643
2004-04-27 00:00:00,5.210000038146973,5.23799991607666,5.203999996185303
2004-04-28 00:00:00,5.263000011444092,5.269000053405762,5.210999965667725
2004-04-29 00:00:00,5.311999797821045,5.3379998207092285,5.238999843597412
2004-04-30 00:00:00,5.2820000648498535,5.322999954223633,5.267000198364258
2004-05-03 00:00:00,5.281000137329102,5.309999942779541,5.255000114440918
2004-05-04 00:00:00,5.329999923706055,5.349999904632568,5.25
2004-05-05 00:00:00,5.3480000495910645,5.361000061035156,5.285999774932861
2004-05-06 00:00:00,5.375,5.386000156402588,5.353000164031982
2004-05-07 00:00:00,5.464000225067139,5.486999988555908,5.3420000076293945
2004-05-10 00:00:00,5.47599983215332,5.491000175476074,5.440999984741211
2004-05-11 00:00:00,5.4670000076293945,5.497000217437744,5.455999851226807
2004-05-12 00:00:00,5.510000228881836,5.510000228881836,5.454999923706055
2004-05-13 00:00:00,5.558000087738037,5.561999797821045,5.514999866485596
2004-05-14 00:00:00,5.502999782562256,5.5970001220703125,5.48199987411499
2004-05-17 00:00:00,5.436999797821045,5.488999843597412,5.434999942779541
2004-05-18 00:00:00,5.453000068664551,5.4770002365112305,5.439000129699707
2004-05-19 00:00:00,5.499000072479248,5.508999824523926,5.479000091552734
2004-05-20 00:00:00,5.429999828338623,5.479000091552734,5.427000045776367
2004-05-21 00:00:00,5.460000038146973,5.468999862670898,5.396999835968018
2004-05-24 00:00:00,5.435999870300293,5.4629998207092285,5.427999973297119
2004-05-25 00:00:00,5.410999774932861,5.432000160217285,5.4019999504089355
2004-05-26 00:00:00,5.375999927520752,5.4029998779296875,5.375
2004-05-27 00:00:00,5.311999797821045,5.38700008392334,5.309000015258789
2004-05-28 00:00:00,5.3480000495910645,5.368000030517578,5.315999984741211
2004-06-01 00:00:00,5.396999835968018,5.433000087738037,5.370999813079834
2004-06-02 00:00:00,5.415999889373779,5.422999858856201,5.388999938964844
2004-06-03 00:00:00,5.409999847412109,5.449999809265137,5.400000095367432
2004-06-04 00:00:00,5.464000225067139,5.464000225067139,5.369999885559082
2004-06-07 00:00:00,5.459000110626221,5.486000061035156,5.453000068664551
2004-06-08 00:00:00,5.452000141143799,5.501999855041504,5.452000141143799
2004-06-09 00:00:00,5.486000061035156,5.511000156402588,5.459000110626221
2004-06-10 00:00:00,5.465000152587891,5.502999782562256,5.461999893188477
2004-06-14 00:00:00,5.5289998054504395,5.535999774932861,5.480999946594238
2004-06-15 00:00:00,5.373000144958496,5.500999927520752,5.373000144958496
2004-06-16 00:00:00,5.409999847412109,5.423999786376953,5.389999866485596
2004-06-17 00:00:00,5.361000061035156,5.425000190734863,5.359000205993652
2004-06-18 00:00:00,5.377999782562256,5.388999938964844,5.328999996185303
2004-06-21 00:00:00,5.374000072479248,5.386000156402588,5.35699987411499
2004-06-22 00:00:00,5.392000198364258,5.39900016784668,5.376999855041504
2004-06-23 00:00:00,5.382999897003174,5.419000148773193,5.373000144958496
2004-06-24 00:00:00,5.3379998207092285,5.369999885559082,5.311999797821045
2004-06-25 00:00:00,5.335000038146973,5.366000175476074,5.335000038146973
2004-06-28 00:00:00,5.414000034332275,5.423999786376953,5.321000099182129
2004-06-29 00:00:00,5.372000217437744,5.427000045776367,5.370999813079834
2004-06-30 00:00:00,5.313000202178955,5.366000175476074,5.2870001792907715
2004-07-01 00:00:00,5.290999889373779,5.3379998207092285,5.289000034332275
2004-07-02 00:00:00,5.206999778747559,5.301000118255615,5.166999816894531
2004-07-06 00:00:00,5.224999904632568,5.229000091552734,5.193999767303467
2004-07-07 00:00:00,5.2220001220703125,5.236999988555908,5.209000110626221
2004-07-08 00:00:00,5.223999977111816,5.243000030517578,5.199999809265137
2004-07-09 00:00:00,5.216000080108643,5.238999843597412,5.208000183105469
2004-07-12 00:00:00,5.196000099182129,5.204999923706055,5.184999942779541
2004-07-13 00:00:00,5.223999977111816,5.250999927520752,5.215000152587891
2004-07-14 00:00:00,5.2179999351501465,5.23199987411499,5.193999767303467
2004-07-15 00:00:00,5.2179999351501465,5.230999946594238,5.208000183105469
2004-07-16 00:00:00,5.123000144958496,5.229000091552734,5.120999813079834
2004-07-19 00:00:00,5.117000102996826,5.133999824523926,5.107999801635742
2004-07-20 00:00:00,5.184000015258789,5.188000202178955,5.125
2004-07-21 00:00:00,5.208000183105469,5.232999801635742,5.188000202178955
2004-07-22 00:00:00,5.192999839782715,5.2179999351501465,5.175000190734863
2004-07-23 00:00:00,5.171000003814697,5.192999839782715,5.170000076293945
2004-07-26 00:00:00,5.198999881744385,5.214000225067139,5.166999816894531
2004-07-27 00:00:00,5.307000160217285,5.315000057220459,5.215000152587891
2004-07-28 00:00:00,5.307000160217285,5.3470001220703125,5.300000190734863
2004-07-29 00:00:00,5.297999858856201,5.3520002365112305,5.291999816894531
2004-07-30 00:00:00,5.204999923706055,5.289999961853027,5.201000213623047
2004-08-02 00:00:00,5.190999984741211,5.201000213623047,5.171000003814697
2004-08-03 00:00:00,5.163000106811523,5.204999923706055,5.15500020980835
2004-08-04 00:00:00,5.171000003814697,5.185999870300293,5.13700008392334
2004-08-05 00:00:00,5.150000095367432,5.177000045776367,5.138000011444092
2004-08-06 00:00:00,5.039000034332275,5.146999835968018,4.968999862670898
2004-08-09 00:00:00,5.045000076293945,5.056000232696533,5.035999774932861
2004-08-10 00:00:00,5.065999984741211,5.068999767303467,5.0279998779296875
2004-08-11 00:00:00,5.056000232696533,5.0920000076293945,5.047999858856201
2004-08-12 00:00:00,5.047999858856201,5.085000038146973,5.041999816894531
2004-08-13 00:00:00,5.006999969482422,5.039000034332275,4.994999885559082
2004-08-16 00:00:00,5.047999858856201,5.071000099182129,5.021999835968018
2004-08-17 00:00:00,5.013999938964844,5.059999942779541,5.011000156402588
2004-08-18 00:00:00,5.0320000648498535,5.040999889373779,4.979000091552734
2004-08-19 00:00:00,5.0229997634887695,5.051000118255615,5.013000011444092
2004-08-20 00:00:00,5.0289998054504395,5.047999858856201,5.010000228881836
2004-08-23 00:00:00,5.070000171661377,5.085999965667725,5.056000232696533
2004-08-24 00:00:00,5.070000171661377,5.0970001220703125,5.066999912261963
2004-08-25 00:00:00,5.050000190734863,5.085999965667725,5.0269999504089355
2004-08-26 00:00:00,5.020999908447266,5.053999900817871,5.01200008392334
2004-08-27 00:00:00,5.01800012588501,5.0289998054504395,4.98799991607666
2004-08-30 00:00:00,4.988999843597412,5.013000011444092,4.985000133514404
2004-08-31 00:00:00,4.938000202178955,4.986999988555908,4.914000034332275
2004-09-01 00:00:00,4.934000015258789,4.959000110626221,4.900000095367432
2004-09-02 00:00:00,4.985000133514404,4.986000061035156,4.922999858856201
2004-09-03 00:00:00,5.060999870300293,5.061999797821045,4.968999862670898
2004-09-07 00:00:00,5.01200008392334,5.053999900817871,5.01200008392334
2004-09-08 00:00:00,4.953999996185303,5.057000160217285,4.949999809265137
2004-09-09 00:00:00,4.98799991607666,4.98799991607666,4.933000087738037
2004-09-10 00:00:00,4.9710001945495605,4.98199987411499,4.929999828338623
2004-09-13 00:00:00,4.942999839782715,4.982999801635742,4.940999984741211
2004-09-14 00:00:00,4.933000087738037,4.9710001945495605,4.927000045776367
2004-09-15 00:00:00,4.9629998207092285,4.9720001220703125,4.932000160217285
2004-09-16 00:00:00,4.875999927520752,4.9670000076293945,4.861999988555908
2004-09-17 00:00:00,4.916999816894531,4.922999858856201,4.872000217437744
2004-09-20 00:00:00,4.864999771118164,4.90500020980835,4.861999988555908
2004-09-21 00:00:00,4.840000152587891,4.89900016784668,4.833000183105469
2004-09-22 00:00:00,4.7769999504089355,4.853000164031982,4.760000228881836
2004-09-23 00:00:00,4.800000190734863,4.800000190734863,4.756999969482422
2004-09-24 00:00:00,4.800000190734863,4.823999881744385,4.775000095367432
2004-09-27 00:00:00,4.771999835968018,4.803999900817871,4.758999824523926
2004-09-28 00:00:00,4.801000118255615,4.818999767303467,4.756999969482422
2004-09-29 00:00:00,4.861000061035156,4.875,4.815000057220459
2004-09-30 00:00:00,4.890999794006348,4.932000160217285,4.841000080108643
2004-10-01 00:00:00,4.948999881744385,4.958000183105469,4.916999816894531
2004-10-04 00:00:00,4.933000087738037,4.988999843597412,4.928999900817871
2004-10-05 00:00:00,4.927999973297119,4.946000099182129,4.915999889373779
2004-10-06 00:00:00,4.96999979019165,4.980000019073486,4.935999870300293
2004-10-07 00:00:00,4.998000144958496,5.006999969482422,4.960000038146973
2004-10-08 00:00:00,4.9019999504089355,5.008999824523926,4.894000053405762
2004-10-11 00:00:00,4.906000137329102,4.906000137329102,4.906000137329102
2004-10-12 00:00:00,4.880000114440918,4.888999938964844,4.864999771118164
2004-10-13 00:00:00,4.870999813079834,4.9120001792907715,4.861000061035156
2004-10-14 00:00:00,4.824999809265137,4.872000217437744,4.818999767303467
2004-10-15 00:00:00,4.848999977111816,4.89300012588501,4.798999786376953
2004-10-18 00:00:00,4.8420000076293945,4.870999813079834,4.8420000076293945
2004-10-19 00:00:00,4.820000171661377,4.880000114440918,4.817999839782715
2004-10-20 00:00:00,4.781000137329102,4.803999900817871,4.771999835968018
2004-10-21 00:00:00,4.76800012588501,4.789000034332275,4.745999813079834
2004-10-22 00:00:00,4.761000156402588,4.798999786376953,4.760000228881836
2004-10-25 00:00:00,4.754000186920166,4.760000228881836,4.730999946594238
2004-10-26 00:00:00,4.76200008392334,4.767000198364258,4.743000030517578
2004-10-27 00:00:00,4.8460001945495605,4.8470001220703125,4.736999988555908
2004-10-28 00:00:00,4.839000225067139,4.875,4.810999870300293
2004-10-29 00:00:00,4.794000148773193,4.8460001945495605,4.789000034332275
2004-11-01 00:00:00,4.8470001220703125,4.8520002365112305,4.806000232696533
2004-11-02 00:00:00,4.836999893188477,4.859000205993652,4.836999893188477
2004-11-03 00:00:00,4.823999881744385,4.892000198364258,4.817999839782715
2004-11-04 00:00:00,4.811999797821045,4.823999881744385,4.789000034332275
2004-11-05 00:00:00,4.908999919891357,4.934999942779541,4.809999942779541
2004-11-08 00:00:00,4.929999828338623,4.935999870300293,4.909999847412109
2004-11-09 00:00:00,4.939000129699707,4.941999912261963,4.914999961853027
2004-11-10 00:00:00,4.97599983215332,4.99399995803833,4.941999912261963
2004-11-11 00:00:00,4.965000152587891,4.965000152587891,4.965000152587891
2004-11-12 00:00:00,4.9120001792907715,4.956999778747559,4.883999824523926
2004-11-15 00:00:00,4.8979997634887695,4.918000221252441,4.894000053405762
2004-11-16 00:00:00,4.9019999504089355,4.916999816894531,4.880000114440918
2004-11-17 00:00:00,4.841000080108643,4.931000232696533,4.834000110626221
2004-11-18 00:00:00,4.815000057220459,4.861000061035156,4.813000202178955
2004-11-19 00:00:00,4.875,4.89300012588501,4.794000148773193
2004-11-22 00:00:00,4.826000213623047,4.872000217437744,4.826000213623047
2004-11-23 00:00:00,4.8379998207092285,4.864999771118164,4.802000045776367
2004-11-24 00:00:00,4.840000152587891,4.843999862670898,4.823999881744385
2004-11-26 00:00:00,4.883999824523926,4.89300012588501,4.875
2004-11-29 00:00:00,4.974999904632568,4.984000205993652,4.875
2004-11-30 00:00:00,5.01200008392334,5.033999919891357,4.97599983215332
2004-12-01 00:00:00,5.0269999504089355,5.041999816894531,4.991000175476074
2004-12-02 00:00:00,5.047999858856201,5.059000015258789,5.010000228881836
2004-12-03 00:00:00,4.941999912261963,5.065999984741211,4.909999847412109
2004-12-06 00:00:00,4.908999919891357,4.928999900817871,4.89300012588501
2004-12-07 00:00:00,4.892000198364258,4.923999786376953,4.886000156402588
2004-12-08 00:00:00,4.78000020980835,4.881999969482422,4.78000020980835
2004-12-09 00:00:00,4.830999851226807,4.843999862670898,4.784999847412109
2004-12-10 00:00:00,4.822000026702881,4.835999965667725,4.803999900817871
2004-12-13 00:00:00,4.807000160217285,4.828999996185303,4.78000020980835
2004-12-14 00:00:00,4.7769999504089355,4.834000110626221,4.775000095367432
2004-12-15 00:00:00,4.708000183105469,4.74399995803833,4.703000068664551
2004-12-16 00:00:00,4.823999881744385,4.829999923706055,4.715000152587891
2004-12-17 00:00:00,4.8379998207092285,4.879000186920166,4.802000045776367
2004-12-20 00:00:00,4.823999881744385,4.828000068664551,4.795000076293945
2004-12-21 00:00:00,4.796999931335449,4.823999881744385,4.794000148773193
2004-12-22 00:00:00,4.828999996185303,4.8420000076293945,4.800000190734863
2004-12-23 00:00:00,4.840000152587891,4.859000205993652,4.834000110626221
2004-12-27 00:00:00,4.918000221252441,4.933000087738037,4.859000205993652
2004-12-28 00:00:00,4.916999816894531,4.954999923706055,4.913000106811523
2004-12-29 00:00:00,4.936999797821045,4.941999912261963,4.90500020980835
2004-12-30 00:00:00,4.880000114440918,4.940999984741211,4.868000030517578
2004-12-31 00:00:00,4.822000026702881,4.857999801635742,4.822000026702881
2005-01-03 00:00:00,4.816999912261963,4.866000175476074,4.802000045776367
2005-01-04 00:00:00,4.879000186920166,4.9019999504089355,4.794000148773193
2005-01-05 00:00:00,4.8470001220703125,4.890999794006348,4.828999996185303
2005-01-06 00:00:00,4.854000091552734,4.870999813079834,4.831999778747559
2005-01-07 00:00:00,4.853000164031982,4.859000205993652,4.7779998779296875
2005-01-10 00:00:00,4.827000141143799,4.8480000495910645,4.822999954223633
2005-01-11 00:00:00,4.783999919891357,4.834000110626221,4.7729997634887695
2005-01-12 00:00:00,4.770999908447266,4.822999954223633,4.763000011444092
2005-01-13 00:00:00,4.716000080108643,4.76800012588501,4.703000068664551
2005-01-14 00:00:00,4.734000205993652,4.747000217437744,4.675000190734863
2005-01-18 00:00:00,4.689000129699707,4.749000072479248,4.685999870300293
2005-01-19 00:00:00,4.669000148773193,4.703999996185303,4.63100004196167
2005-01-20 00:00:00,4.6539998054504395,4.703000068664551,4.644000053405762
2005-01-21 00:00:00,4.646999835968018,4.688000202178955,4.642000198364258
2005-01-24 00:00:00,4.605999946594238,4.651000022888184,4.605000019073486
2005-01-25 00:00:00,4.675000190734863,4.684000015258789,4.5920000076293945
2005-01-26 00:00:00,4.663000106811523,4.677999973297119,4.645999908447266
2005-01-27 00:00:00,4.671999931335449,4.703000068664551,4.666999816894531
2005-01-28 00:00:00,4.610000133514404,4.669000148773193,4.5960001945495605
2005-01-31 00:00:00,4.590000152587891,4.624000072479248,4.589000225067139
2005-02-01 00:00:00,4.5920000076293945,4.613999843597412,4.571000099182129
2005-02-02 00:00:00,4.580999851226807,4.609000205993652,4.571000099182129
2005-02-03 00:00:00,4.578000068664551,4.618000030517578,4.578000068664551
2005-02-04 00:00:00,4.478000164031982,4.568999767303467,4.455999851226807
2005-02-07 00:00:00,4.423999786376953,4.47599983215332,4.420000076293945
2005-02-08 00:00:00,4.392000198364258,4.428999900817871,4.35099983215332
2005-02-09 00:00:00,4.364999771118164,4.434000015258789,4.3520002365112305
2005-02-10 00:00:00,4.465000152587891,4.478000164031982,4.4029998779296875
2005-02-11 00:00:00,4.486999988555908,4.51200008392334,4.454999923706055
2005-02-14 00:00:00,4.447999954223633,4.482999801635742,4.434999942779541
2005-02-15 00:00:00,4.480999946594238,4.495999813079834,4.460000038146973
2005-02-16 00:00:00,4.521999835968018,4.553999900817871,4.489999771118164
2005-02-17 00:00:00,4.572999954223633,4.576000213623047,4.533999919891357
2005-02-18 00:00:00,4.644000053405762,4.686999797821045,4.618000030517578
2005-02-22 00:00:00,4.684000015258789,4.690000057220459,4.6570000648498535
2005-02-23 00:00:00,4.660999774932861,4.686999797821045,4.616000175476074
2005-02-24 00:00:00,4.663000106811523,4.671000003814697,4.604000091552734
2005-02-25 00:00:00,4.642000198364258,4.666999816894531,4.623000144958496
2005-02-28 00:00:00,4.705999851226807,4.73199987411499,4.625999927520752
2005-03-01 00:00:00,4.7210001945495605,4.750999927520752,4.708000183105469
2005-03-02 00:00:00,4.736999988555908,4.757999897003174,4.7179999351501465
2005-03-03 00:00:00,4.736999988555908,4.74399995803833,4.710999965667725
2005-03-04 00:00:00,4.650000095367432,4.7779998779296875,4.638000011444092
2005-03-07 00:00:00,4.618000030517578,4.640999794006348,4.60699987411499
2005-03-08 00:00:00,4.690000057220459,4.704999923706055,4.646999835968018
2005-03-09 00:00:00,4.820000171661377,4.822000026702881,4.749000072479248
2005-03-10 00:00:00,4.75600004196167,4.85699987411499,4.732999801635742
2005-03-11 00:00:00,4.809000015258789,4.828000068664551,4.7820000648498535
2005-03-14 00:00:00,4.781000137329102,4.835000038146973,4.776000022888184
2005-03-15 00:00:00,4.813000202178955,4.823999881744385,4.741000175476074
2005-03-16 00:00:00,4.791999816894531,4.824999809265137,4.75
2005-03-17 00:00:00,4.760000228881836,4.770999908447266,4.7230000495910645
2005-03-18 00:00:00,4.810999870300293,4.811999797821045,4.7820000648498535
2005-03-21 00:00:00,4.826000213623047,4.831999778747559,4.809000015258789
2005-03-22 00:00:00,4.890999794006348,4.8979997634887695,4.775000095367432
2005-03-23 00:00:00,4.86299991607666,4.931000232696533,4.857999801635742
2005-03-24 00:00:00,4.843999862670898,4.855999946594238,4.818999767303467
2005-03-28 00:00:00,4.877999782562256,4.888000011444092,4.85099983215332
2005-03-29 00:00:00,4.8520002365112305,4.872000217437744,4.840000152587891
2005-03-30 00:00:00,4.807000160217285,4.859000205993652,4.801000118255615
2005-03-31 00:00:00,4.765999794006348,4.813000202178955,4.75600004196167
2005-04-01 00:00:00,4.729000091552734,4.807000160217285,4.658999919891357
2005-04-04 00:00:00,4.730000019073486,4.742000102996826,4.701000213623047
2005-04-05 00:00:00,4.752999782562256,4.765999794006348,4.728000164031982
2005-04-06 00:00:00,4.742000102996826,4.752999782562256,4.7220001220703125
2005-04-07 00:00:00,4.784999847412109,4.800000190734863,4.7210001945495605
2005-04-08 00:00:00,4.775000095367432,4.824999809265137,4.7729997634887695
2005-04-11 00:00:00,4.732999801635742,4.769000053405762,4.706999778747559
2005-04-12 00:00:00,4.6570000648498535,4.752999782562256,4.644000053405762
2005-04-13 00:00:00,4.686999797821045,4.703999996185303,4.636000156402588
2005-04-14 00:00:00,4.716000080108643,4.72599983215332,4.673999786376953
2005-04-15 00:00:00,4.626999855041504,4.671999931335449,4.618000030517578
2005-04-18 00:00:00,4.586999893188477,4.610000133514404,4.574999809265137
2005-04-19 00:00:00,4.540999889373779,4.611000061035156,4.519000053405762
2005-04-20 00:00:00,4.571000099182129,4.619999885559082,4.560999870300293
2005-04-21 00:00:00,4.638000011444092,4.640999794006348,4.571000099182129
2005-04-22 00:00:00,4.579999923706055,4.618000030517578,4.574999809265137
2005-04-25 00:00:00,4.556000232696533,4.574999809265137,4.545000076293945
2005-04-26 00:00:00,4.566999912261963,4.5960001945495605,4.53000020980835
2005-04-27 00:00:00,4.552999973297119,4.5929999351501465,4.5269999504089355
2005-04-28 00:00:00,4.505000114440918,4.559000015258789,4.495999813079834
2005-04-29 00:00:00,4.519000053405762,4.533999919891357,4.468999862670898
2005-05-02 00:00:00,4.515999794006348,4.548999786376953,4.499000072479248
2005-05-03 00:00:00,4.502999782562256,4.525000095367432,4.495999813079834
2005-05-04 00:00:00,4.585000038146973,4.666999816894531,4.489999771118164
2005-05-05 00:00:00,4.585000038146973,4.636000156402588,4.572000026702881
2005-05-06 00:00:00,4.633999824523926,4.656000137329102,4.579999923706055
2005-05-09 00:00:00,4.613999843597412,4.639999866485596,4.61299991607666
2005-05-10 00:00:00,4.578000068664551,4.619999885559082,4.576000213623047
2005-05-11 00:00:00,4.548999786376953,4.573999881744385,4.501999855041504
2005-05-12 00:00:00,4.531000137329102,4.576000213623047,4.519999980926514
2005-05-13 00:00:00,4.484000205993652,4.5229997634887695,4.468999862670898
2005-05-16 00:00:00,4.489999771118164,4.501999855041504,4.4670000076293945
2005-05-17 00:00:00,4.4730000495910645,4.51800012588501,4.455999851226807
2005-05-18 00:00:00,4.429999828338623,4.48199987411499,4.4120001792907715
2005-05-19 00:00:00,4.442999839782715,4.447999954223633,4.414000034332275
2005-05-20 00:00:00,4.438000202178955,4.454999923706055,4.431000232696533
2005-05-23 00:00:00,4.38700008392334,4.466000080108643,4.377999782562256
2005-05-24 00:00:00,4.366000175476074,4.383999824523926,4.3429999351501465
2005-05-25 00:00:00,4.413000106811523,4.426000118255615,4.334000110626221
2005-05-26 00:00:00,4.431000232696533,4.440999984741211,4.39900016784668
2005-05-27 00:00:00,4.429999828338623,4.443999767303467,4.425000190734863
2005-05-31 00:00:00,4.3470001220703125,4.40500020980835,4.336999893188477
2005-06-01 00:00:00,4.263000011444092,4.313000202178955,4.243000030517578
2005-06-02 00:00:00,4.229000091552734,4.256999969482422,4.223999977111816
2005-06-03 00:00:00,4.281000137329102,4.290999889373779,4.151000022888184
2005-06-06 00:00:00,4.249000072479248,4.2789998054504395,4.248000144958496
2005-06-07 00:00:00,4.195000171661377,4.296999931335449,4.171999931335449
2005-06-08 00:00:00,4.224999904632568,4.22599983215332,4.195000171661377
2005-06-09 00:00:00,4.245999813079834,4.284999847412109,4.2270002365112305
2005-06-10 00:00:00,4.298999786376953,4.300000190734863,4.255000114440918
2005-06-13 00:00:00,4.368000030517578,4.379000186920166,4.343999862670898
2005-06-14 00:00:00,4.428999900817871,4.432000160217285,4.343999862670898
2005-06-15 00:00:00,4.421999931335449,4.453000068664551,4.40500020980835
2005-06-16 00:00:00,4.370999813079834,4.494999885559082,4.364999771118164
2005-06-17 00:00:00,4.364999771118164,4.39900016784668,4.354000091552734
2005-06-20 00:00:00,4.383999824523926,4.421000003814697,4.354000091552734
2005-06-21 00:00:00,4.333000183105469,4.447999954223633,4.327000141143799
2005-06-22 00:00:00,4.250999927520752,4.297999858856201,4.236000061035156
2005-06-23 00:00:00,4.256999969482422,4.2829999923706055,4.251999855041504
2005-06-24 00:00:00,4.215000152587891,4.249000072479248,4.215000152587891
2005-06-27 00:00:00,4.189000129699707,4.2220001220703125,4.179999828338623
2005-06-28 00:00:00,4.239999771118164,4.249000072479248,4.216000080108643
2005-06-29 00:00:00,4.264999866485596,4.2789998054504395,4.203999996185303
2005-06-30 00:00:00,4.218999862670898,4.2789998054504395,4.210999965667725
2005-07-01 00:00:00,4.297999858856201,4.304999828338623,4.204999923706055
2005-07-05 00:00:00,4.361999988555908,4.367000102996826,4.322000026702881
2005-07-06 00:00:00,4.329999923706055,4.353000164031982,4.327000141143799
2005-07-07 00:00:00,4.302000045776367,4.318999767303467,4.263999938964844
2005-07-08 00:00:00,4.361000061035156,4.361000061035156,4.290999889373779
2005-07-11 00:00:00,4.3420000076293945,4.390999794006348,4.3420000076293945
2005-07-12 00:00:00,4.382999897003174,4.388000011444092,4.333000183105469
2005-07-13 00:00:00,4.3979997634887695,4.409999847412109,4.38100004196167
2005-07-14 00:00:00,4.416999816894531,4.429999828338623,4.370999813079834
2005-07-15 00:00:00,4.40500020980835,4.443999767303467,4.39900016784668
2005-07-18 00:00:00,4.4670000076293945,4.474999904632568,4.400000095367432
2005-07-19 00:00:00,4.433000087738037,4.488999843597412,4.421999931335449
2005-07-20 00:00:00,4.392000198364258,4.464000225067139,4.38100004196167
2005-07-21 00:00:00,4.498000144958496,4.510000228881836,4.426000118255615
2005-07-22 00:00:00,4.441999912261963,4.497000217437744,4.434999942779541
2005-07-25 00:00:00,4.465000152587891,4.473999977111816,4.427000045776367
2005-07-26 00:00:00,4.459000110626221,4.4720001220703125,4.449999809265137
2005-07-27 00:00:00,4.473999977111816,4.486000061035156,4.438000202178955
2005-07-28 00:00:00,4.401000022888184,4.4720001220703125,4.392000198364258
2005-07-29 00:00:00,4.473999977111816,4.494999885559082,4.359000205993652
2005-08-01 00:00:00,4.510000228881836,4.546000003814697,4.485000133514404
2005-08-02 00:00:00,4.539999961853027,4.550000190734863,4.501999855041504
2005-08-03 00:00:00,4.505000114440918,4.546000003814697,4.495999813079834
2005-08-04 00:00:00,4.521999835968018,4.5370001792907715,4.486999988555908
2005-08-05 00:00:00,4.581999778747559,4.611999988555908,4.517000198364258
2005-08-08 00:00:00,4.5960001945495605,4.598999977111816,4.567999839782715
2005-08-09 00:00:00,4.573999881744385,4.618000030517578,4.571000099182129
2005-08-10 00:00:00,4.579999923706055,4.59499979019165,4.547999858856201
2005-08-11 00:00:00,4.5269999504089355,4.591000080108643,4.520999908447266
2005-08-12 00:00:00,4.440999984741211,4.513000011444092,4.440999984741211
2005-08-15 00:00:00,4.4730000495910645,4.4730000495910645,4.448999881744385
2005-08-16 00:00:00,4.433000087738037,4.478000164031982,4.40500020980835
2005-08-17 00:00:00,4.474999904632568,4.47599983215332,4.419000148773193
2005-08-18 00:00:00,4.427000045776367,4.455999851226807,4.426000118255615
2005-08-19 00:00:00,4.421000003814697,4.453999996185303,4.419000148773193
2005-08-22 00:00:00,4.426000118255615,4.4679999351501465,4.420000076293945
2005-08-23 00:00:00,4.40500020980835,4.441999912261963,4.388000011444092
2005-08-24 00:00:00,4.3979997634887695,4.418000221252441,4.369999885559082
2005-08-25 00:00:00,4.364999771118164,4.4019999504089355,4.359000205993652
2005-08-26 00:00:00,4.38100004196167,4.396999835968018,4.3379998207092285
2005-08-29 00:00:00,4.363999843597412,4.369999885559082,4.340000152587891
2005-08-30 00:00:00,4.307000160217285,4.36899995803833,4.304999828338623
2005-08-31 00:00:00,4.261000156402588,4.314000129699707,4.254000186920166
2005-09-01 00:00:00,4.289000034332275,4.315999984741211,4.252999782562256
2005-09-02 00:00:00,4.291999816894531,4.34499979019165,4.291999816894531
2005-09-06 00:00:00,4.354000091552734,4.354000091552734,4.296000003814697
2005-09-07 00:00:00,4.419000148773193,4.448999881744385,4.363999843597412
2005-09-08 00:00:00,4.421999931335449,4.426000118255615,4.388000011444092
2005-09-09 00:00:00,4.4019999504089355,4.4079999923706055,4.373000144958496
2005-09-12 00:00:00,4.443999767303467,4.4679999351501465,4.414000034332275
2005-09-13 00:00:00,4.421999931335449,4.446000099182129,4.395999908447266
2005-09-14 00:00:00,4.453000068664551,4.455999851226807,4.4029998779296875
2005-09-15 00:00:00,4.511000156402588,4.535999774932861,4.426000118255615
2005-09-16 00:00:00,4.554999828338623,4.586999893188477,4.535999774932861
2005-09-19 00:00:00,4.543000221252441,4.565000057220459,4.534999847412109
2005-09-20 00:00:00,4.519000053405762,4.593999862670898,4.5
2005-09-21 00:00:00,4.46999979019165,4.48199987411499,4.454999923706055
2005-09-22 00:00:00,4.460999965667725,4.480999946594238,4.445000171661377
2005-09-23 00:00:00,4.508999824523926,4.52400016784668,4.478000164031982
2005-09-26 00:00:00,4.558000087738037,4.567999839782715,4.533999919891357
2005-09-27 00:00:00,4.564000129699707,4.584000110626221,4.531000137329102
2005-09-28 00:00:00,4.500999927520752,4.565000057220459,4.49399995803833
2005-09-29 00:00:00,4.539000034332275,4.551000118255615,4.486999988555908
2005-09-30 00:00:00,4.567999839782715,4.580999851226807,4.526000022888184
2005-10-03 00:00:00,4.620999813079834,4.627999782562256,4.552999973297119
2005-10-04 00:00:00,4.603000164031982,4.623000144958496,4.591000080108643
2005-10-05 00:00:00,4.579999923706055,4.5929999351501465,4.557000160217285
2005-10-06 00:00:00,4.586999893188477,4.599999904632568,4.559000015258789
2005-10-07 00:00:00,4.568999767303467,4.646999835968018,4.566999912261963
2005-10-11 00:00:00,4.590000152587891,4.603000164031982,4.561999797821045
2005-10-12 00:00:00,4.656000137329102,4.669000148773193,4.605000019073486
2005-10-13 00:00:00,4.704999923706055,4.723999977111816,4.684999942779541
2005-10-14 00:00:00,4.711999893188477,4.747000217437744,4.6529998779296875
2005-10-17 00:00:00,4.706999778747559,4.715000152587891,4.678999900817871
2005-10-18 00:00:00,4.699999809265137,4.730000019073486,4.679999828338623
2005-10-19 00:00:00,4.689000129699707,4.690999984741211,4.6539998054504395
2005-10-20 00:00:00,4.679999828338623,4.728000164031982,4.672999858856201
2005-10-21 00:00:00,4.609000205993652,4.668000221252441,4.599999904632568
2005-10-24 00:00:00,4.659999847412109,4.683000087738037,4.605999946594238
2005-10-25 00:00:00,4.7129998207092285,4.716000080108643,4.636000156402588
2005-10-26 00:00:00,4.796000003814697,4.804999828338623,4.755000114440918
2005-10-27 00:00:00,4.769999980926514,4.793000221252441,4.752999782562256
2005-10-28 00:00:00,4.77400016784668,4.811999797821045,4.747000217437744
2005-10-31 00:00:00,4.755000114440918,4.791999816894531,4.729000091552734
2005-11-01 00:00:00,4.769000053405762,4.78000020980835,4.736000061035156
2005-11-02 00:00:00,4.801000118255615,4.809000015258789,4.75600004196167
2005-11-03 00:00:00,4.836999893188477,4.8420000076293945,4.78000020980835
2005-11-04 00:00:00,4.8520002365112305,4.879000186920166,4.785999774932861
2005-11-07 00:00:00,4.828000068664551,4.8379998207092285,4.815000057220459
2005-11-08 00:00:00,4.758999824523926,4.790999889373779,4.751999855041504
2005-11-09 00:00:00,4.826000213623047,4.839000225067139,4.761000156402588
2005-11-10 00:00:00,4.745999813079834,4.824999809265137,4.743000030517578
2005-11-14 00:00:00,4.796000003814697,4.817999839782715,4.748000144958496
2005-11-15 00:00:00,4.741000175476074,4.803999900817871,4.728000164031982
2005-11-16 00:00:00,4.673999786376953,4.75,4.664999961853027
2005-11-17 00:00:00,4.645999908447266,4.701000213623047,4.618000030517578
2005-11-18 00:00:00,4.691999912261963,4.696000099182129,4.6620001792907715
2005-11-21 00:00:00,4.6579999923706055,4.671999931335449,4.640999794006348
2005-11-22 00:00:00,4.65500020980835,4.677000045776367,4.64300012588501
2005-11-23 00:00:00,4.706999778747559,4.710999965667725,4.646999835968018
2005-11-25 00:00:00,4.664000034332275,4.673999786376953,4.656000137329102
2005-11-28 00:00:00,4.626999855041504,4.678999900817871,4.604000091552734
2005-11-29 00:00:00,4.690000057220459,4.701000213623047,4.60699987411499
2005-11-30 00:00:00,4.703000068664551,4.7220001220703125,4.664999961853027
2005-12-01 00:00:00,4.72599983215332,4.749000072479248,4.670000076293945
2005-12-02 00:00:00,4.7170000076293945,4.751999855041504,4.702000141143799
2005-12-05 00:00:00,4.763000011444092,4.7789998054504395,4.736000061035156
2005-12-06 00:00:00,4.693999767303467,4.75600004196167,4.673999786376953
2005-12-07 00:00:00,4.718999862670898,4.730999946594238,4.697999954223633
2005-12-08 00:00:00,4.671999931335449,4.709000110626221,4.668000221252441
2005-12-09 00:00:00,4.736000061035156,4.736999988555908,4.684000015258789
2005-12-12 00:00:00,4.739999771118164,4.76800012588501,4.710999965667725
2005-12-13 00:00:00,4.736999988555908,4.751999855041504,4.7129998207092285
2005-12-14 00:00:00,4.6570000648498535,4.696000099182129,4.636000156402588
2005-12-15 00:00:00,4.675000190734863,4.709000110626221,4.635000228881836
2005-12-16 00:00:00,4.650000095367432,4.6579999923706055,4.626999855041504
2005-12-19 00:00:00,4.640999794006348,4.665999889373779,4.618000030517578
2005-12-20 00:00:00,4.6579999923706055,4.673999786376953,4.64300012588501
2005-12-21 00:00:00,4.670000076293945,4.689000129699707,4.656000137329102
2005-12-22 00:00:00,4.611999988555908,4.690999984741211,4.605999946594238
2005-12-23 00:00:00,4.551000118255615,4.623000144958496,4.551000118255615
2005-12-27 00:00:00,4.505000114440918,4.563000202178955,4.504000186920166
2005-12-28 00:00:00,4.539000034332275,4.541999816894531,4.497000217437744
2005-12-29 00:00:00,4.53000020980835,4.552000045776367,4.520999908447266
2005-12-30 00:00:00,4.546999931335449,4.547999858856201,4.479000091552734
2006-01-03 00:00:00,4.554999828338623,4.589000225067139,4.51200008392334
2006-01-04 00:00:00,4.544000148773193,4.589000225067139,4.5320000648498535
2006-01-05 00:00:00,4.546999931335449,4.568999767303467,4.5269999504089355
2006-01-06 00:00:00,4.565000057220459,4.5970001220703125,4.5370001792907715
2006-01-09 00:00:00,4.565000057220459,4.577000141143799,4.546000003814697
2006-01-10 00:00:00,4.60699987411499,4.614999771118164,4.564000129699707
2006-01-11 00:00:00,4.638999938964844,4.644000053405762,4.598999977111816
2006-01-12 00:00:00,4.591000080108643,4.631999969482422,4.5879998207092285
2006-01-13 00:00:00,4.525000095367432,4.61299991607666,4.520999908447266
2006-01-17 00:00:00,4.511000156402588,4.556000232696533,4.507999897003174
2006-01-18 00:00:00,4.519000053405762,4.543000221252441,4.474999904632568
2006-01-19 00:00:00,4.548999786376953,4.558000087738037,4.514999866485596
2006-01-20 00:00:00,4.531000137329102,4.551000118255615,4.517000198364258
2006-01-23 00:00:00,4.5320000648498535,4.578999996185303,4.519000053405762
2006-01-24 00:00:00,4.570000171661377,4.581999778747559,4.546000003814697
2006-01-25 00:00:00,4.65500020980835,4.660999774932861,4.586999893188477
2006-01-26 00:00:00,4.703000068664551,4.71999979019165,4.664999961853027
2006-01-27 00:00:00,4.679999828338623,4.704999923706055,4.663000106811523
2006-01-30 00:00:00,4.708000183105469,4.734000205993652,4.697000026702881
2006-01-31 00:00:00,4.684999942779541,4.7230000495910645,4.682000160217285
2006-02-01 00:00:00,4.710000038146973,4.7230000495910645,4.677000045776367
2006-02-02 00:00:00,4.695000171661377,4.723999977111816,4.679999828338623
2006-02-03 00:00:00,4.638000011444092,4.735000133514404,4.623000144958496
2006-02-06 00:00:00,4.622000217437744,4.6579999923706055,4.604000091552734
2006-02-07 00:00:00,4.656000137329102,4.659999847412109,4.5980000495910645
2006-02-08 00:00:00,4.681000232696533,4.682000160217285,4.639999866485596
2006-02-09 00:00:00,4.64300012588501,4.7210001945495605,4.630000114440918
2006-02-10 00:00:00,4.546999931335449,4.560999870300293,4.460000038146973
2006-02-13 00:00:00,4.559000015258789,4.577000141143799,4.552999973297119
2006-02-14 00:00:00,4.59499979019165,4.603000164031982,4.566999912261963
2006-02-15 00:00:00,4.574999809265137,4.604000091552734,4.551000118255615
2006-02-16 00:00:00,4.577000141143799,4.593999862670898,4.566999912261963
2006-02-17 00:00:00,4.508999824523926,4.561999797821045,4.504000186920166
2006-02-21 00:00:00,4.5269999504089355,4.531000137329102,4.5
2006-02-22 00:00:00,4.484000205993652,4.563000202178955,4.479000091552734
2006-02-23 00:00:00,4.51200008392334,4.5279998779296875,4.48799991607666
2006-02-24 00:00:00,4.514999866485596,4.531000137329102,4.478000164031982
2006-02-27 00:00:00,4.545000076293945,4.556000232696533,4.501999855041504
2006-02-28 00:00:00,4.502999782562256,4.546999931335449,4.498000144958496
2006-03-01 00:00:00,4.560999870300293,4.572999954223633,4.519000053405762
2006-03-02 00:00:00,4.616000175476074,4.656000137329102,4.572000026702881
2006-03-03 00:00:00,4.659999847412109,4.666999816894531,4.611000061035156
2006-03-06 00:00:00,4.7230000495910645,4.728000164031982,4.670000076293945
2006-03-07 00:00:00,4.7220001220703125,4.771999835968018,4.711999893188477
2006-03-08 00:00:00,4.7230000495910645,4.741000175476074,4.709000110626221
2006-03-09 00:00:00,4.7170000076293945,4.751999855041504,4.716000080108643
2006-03-10 00:00:00,4.742000102996826,4.775000095367432,4.693999767303467
2006-03-13 00:00:00,4.76800012588501,4.78000020980835,4.754000186920166
2006-03-14 00:00:00,4.703000068664551,4.749000072479248,4.690999984741211
2006-03-15 00:00:00,4.751999855041504,4.769000053405762,4.730000019073486
2006-03-16 00:00:00,4.692999839782715,4.771999835968018,4.672999858856201
2006-03-17 00:00:00,4.7170000076293945,4.7210001945495605,4.689000129699707
2006-03-20 00:00:00,4.699999809265137,4.715000152587891,4.681000232696533
2006-03-21 00:00:00,4.741000175476074,4.755000114440918,4.673999786376953
2006-03-22 00:00:00,4.72599983215332,4.73799991607666,4.703999996185303
2006-03-23 00:00:00,4.755000114440918,4.757999897003174,4.705999851226807
2006-03-24 00:00:00,4.695000171661377,4.758999824523926,4.676000118255615
2006-03-27 00:00:00,4.7270002365112305,4.74399995803833,4.695000171661377
2006-03-28 00:00:00,4.793000221252441,4.809000015258789,4.744999885559082
2006-03-29 00:00:00,4.8420000076293945,4.85099983215332,4.793000221252441
2006-03-30 00:00:00,4.892000198364258,4.921000003814697,4.849999904632568
2006-03-31 00:00:00,4.89300012588501,4.918000221252441,4.875999927520752
2006-04-03 00:00:00,4.9029998779296875,4.934999942779541,4.889999866485596
2006-04-04 00:00:00,4.913000106811523,4.920000076293945,4.872000217437744
2006-04-05 00:00:00,4.89300012588501,4.908999919891357,4.883999824523926
2006-04-06 00:00:00,4.960000038146973,4.980999946594238,4.927000045776367
2006-04-07 00:00:00,5.038000106811523,5.061999797821045,4.951000213623047
2006-04-10 00:00:00,5.035999774932861,5.053999900817871,5.0279998779296875
2006-04-11 00:00:00,5.002999782562256,5.019000053405762,4.985000133514404
2006-04-12 00:00:00,5.051000118255615,5.054999828338623,4.96999979019165
2006-04-13 00:00:00,5.10699987411499,5.122000217437744,5.078999996185303
2006-04-17 00:00:00,5.078000068664551,5.118000030517578,5.060999870300293
2006-04-18 00:00:00,5.064000129699707,5.093999862670898,5.039999961853027
2006-04-19 00:00:00,5.129000186920166,5.15500020980835,5.048999786376953
2006-04-20 00:00:00,5.13700008392334,5.151000022888184,5.116000175476074
2006-04-21 00:00:00,5.098999977111816,5.144999980926514,5.0980000495910645
2006-04-24 00:00:00,5.064000129699707,5.089000225067139,5.040999889373779
2006-04-25 00:00:00,5.1539998054504395,5.160999774932861,5.070000171661377
2006-04-26 00:00:00,5.177999973297119,5.209000110626221,5.1579999923706055
2006-04-27 00:00:00,5.182000160217285,5.223999977111816,5.145999908447266
2006-04-28 00:00:00,5.169000148773193,5.2230000495910645,5.168000221252441
2006-05-01 00:00:00,5.2270002365112305,5.236999988555908,5.1529998779296875
2006-05-02 00:00:00,5.199999809265137,5.2220001220703125,5.188000202178955
2006-05-03 00:00:00,5.236000061035156,5.258999824523926,5.210999965667725
2006-05-04 00:00:00,5.235000133514404,5.257999897003174,5.210000038146973
2006-05-05 00:00:00,5.195000171661377,5.260000228881836,5.15500020980835
2006-05-08 00:00:00,5.185999870300293,5.203000068664551,5.172999858856201
2006-05-09 00:00:00,5.197999954223633,5.2210001945495605,5.190999984741211
2006-05-10 00:00:00,5.188000202178955,5.218999862670898,5.1620001792907715
2006-05-11 00:00:00,5.2270002365112305,5.252999782562256,5.184000015258789
2006-05-12 00:00:00,5.297999858856201,5.307000160217285,5.264999866485596
2006-05-15 00:00:00,5.264999866485596,5.303999900817871,5.239999771118164
2006-05-16 00:00:00,5.2179999351501465,5.28000020980835,5.211999893188477
2006-05-17 00:00:00,5.27400016784668,5.300000190734863,5.229000091552734
2006-05-18 00:00:00,5.179999828338623,5.276000022888184,5.166999816894531
2006-05-19 00:00:00,5.13700008392334,5.183000087738037,5.1020002365112305
2006-05-22 00:00:00,5.13100004196167,5.133999824523926,5.072999954223633
2006-05-23 00:00:00,5.1539998054504395,5.179999828338623,5.144999980926514
2006-05-24 00:00:00,5.130000114440918,5.14300012588501,5.077000141143799
2006-05-25 00:00:00,5.171999931335449,5.177000045776367,5.120999813079834
2006-05-26 00:00:00,5.1570000648498535,5.195000171661377,5.14300012588501
2006-05-30 00:00:00,5.189000129699707,5.195000171661377,5.159999847412109
2006-05-31 00:00:00,5.206999778747559,5.236999988555908,5.159999847412109
2006-06-01 00:00:00,5.201000213623047,5.251999855041504,5.179999828338623
2006-06-02 00:00:00,5.093999862670898,5.204999923706055,5.0920000076293945
2006-06-05 00:00:00,5.117000102996826,5.123000144958496,5.089000225067139
2006-06-06 00:00:00,5.079999923706055,5.125999927520752,5.065999984741211
2006-06-07 00:00:00,5.0960001945495605,5.123000144958496,5.0879998207092285
2006-06-08 00:00:00,5.058000087738037,5.080999851226807,5.019000053405762
2006-06-09 00:00:00,5.0329999923706055,5.111999988555908,5.01800012588501
2006-06-12 00:00:00,5.0320000648498535,5.046999931335449,5.02400016784668
2006-06-13 00:00:00,5.010000228881836,5.040999889373779,4.998000144958496
2006-06-14 00:00:00,5.085000038146973,5.099999904632568,5.017000198364258
2006-06-15 00:00:00,5.135000228881836,5.145999908447266,5.098999977111816
2006-06-16 00:00:00,5.171999931335449,5.177999973297119,5.111999988555908
2006-06-19 00:00:00,5.183000087738037,5.193999767303467,5.170000076293945
2006-06-20 00:00:00,5.196000099182129,5.209000110626221,5.164999961853027
2006-06-21 00:00:00,5.193999767303467,5.197000026702881,5.172999858856201
2006-06-22 00:00:00,5.23199987411499,5.23799991607666,5.201000213623047
2006-06-23 00:00:00,5.256999969482422,5.265999794006348,5.205999851226807
2006-06-26 00:00:00,5.271999835968018,5.28000020980835,5.249000072479248
2006-06-27 00:00:00,5.238999843597412,5.267000198364258,5.230000019073486
2006-06-28 00:00:00,5.2789998054504395,5.2789998054504395,5.232999801635742
2006-06-29 00:00:00,5.250999927520752,5.284999847412109,5.223999977111816
2006-06-30 00:00:00,5.185999870300293,5.284999847412109,5.184000015258789
2006-07-03 00:00:00,5.201000213623047,5.218999862670898,5.197000026702881
2006-07-05 00:00:00,5.270999908447266,5.291999816894531,5.230000019073486
2006-07-06 00:00:00,5.22599983215332,5.269999980926514,5.2179999351501465
2006-07-07 00:00:00,5.173999786376953,5.2210001945495605,5.1529998779296875
2006-07-10 00:00:00,5.170000076293945,5.198999881744385,5.165999889373779
2006-07-11 00:00:00,5.140999794006348,5.164999961853027,5.124000072479248
2006-07-12 00:00:00,5.135000228881836,5.185999870300293,5.132999897003174
2006-07-13 00:00:00,5.114999771118164,5.144999980926514,5.11299991607666
2006-07-14 00:00:00,5.111000061035156,5.13700008392334,5.089000225067139
2006-07-17 00:00:00,5.104000091552734,5.127999782562256,5.1020002365112305
2006-07-18 00:00:00,5.1620001792907715,5.172999858856201,5.116000175476074
2006-07-19 00:00:00,5.103000164031982,5.218999862670898,5.093999862670898
2006-07-20 00:00:00,5.081999778747559,5.125999927520752,5.063000202178955
2006-07-21 00:00:00,5.103000164031982,5.109000205993652,5.068999767303467
2006-07-24 00:00:00,5.103000164031982,5.111999988555908,5.081999778747559
2006-07-25 00:00:00,5.125,5.132999897003174,5.091000080108643
2006-07-26 00:00:00,5.099999904632568,5.1479997634887695,5.0920000076293945
2006-07-27 00:00:00,5.111000061035156,5.124000072479248,5.083000183105469
2006-07-28 00:00:00,5.066999912261963,5.117000102996826,5.051000118255615
2006-07-31 00:00:00,5.070000171661377,5.0929999351501465,5.068999767303467
2006-08-01 00:00:00,5.068999767303467,5.1020002365112305,5.066999912261963
2006-08-02 00:00:00,5.051000118255615,5.098999977111816,5.046000003814697
2006-08-03 00:00:00,5.034999847412109,5.068999767303467,5.025000095367432
2006-08-04 00:00:00,4.992000102996826,5.078999996185303,4.973999977111816
2006-08-07 00:00:00,5.002999782562256,5.014999866485596,4.999000072479248
2006-08-08 00:00:00,5.0229997634887695,5.0289998054504395,4.9670000076293945
2006-08-09 00:00:00,5.046999931335449,5.071000099182129,5.039999961853027
2006-08-10 00:00:00,5.065000057220459,5.0929999351501465,5.048999786376953
2006-08-11 00:00:00,5.0920000076293945,5.1020002365112305,5.071000099182129
2006-08-14 00:00:00,5.118000030517578,5.119999885559082,5.1020002365112305
2006-08-15 00:00:00,5.046999931335449,5.109000205993652,5.035999774932861
2006-08-16 00:00:00,5.000999927520752,5.091000080108643,4.992000102996826
2006-08-17 00:00:00,4.999000072479248,5.011000156402588,4.974999904632568
2006-08-18 00:00:00,4.9730000495910645,4.997000217437744,4.968999862670898
2006-08-21 00:00:00,4.964000225067139,4.984000205993652,4.960000038146973
2006-08-22 00:00:00,4.949999809265137,4.964000225067139,4.941999912261963
2006-08-23 00:00:00,4.953000068664551,4.979000091552734,4.941999912261963
2006-08-24 00:00:00,4.939000129699707,4.952000141143799,4.925000190734863
2006-08-25 00:00:00,4.932000160217285,4.953000068664551,4.922999858856201
2006-08-28 00:00:00,4.934000015258789,4.949999809265137,4.931000232696533
2006-08-29 00:00:00,4.929999828338623,4.980999946594238,4.922999858856201
2006-08-30 00:00:00,4.9120001792907715,4.934999942779541,4.901000022888184
2006-08-31 00:00:00,4.877999782562256,4.916999816894531,4.875999927520752
2006-09-01 00:00:00,4.873000144958496,4.9070000648498535,4.868000030517578
2006-09-05 00:00:00,4.932000160217285,4.934000015258789,4.894000053405762
2006-09-06 00:00:00,4.952000141143799,4.974999904632568,4.948999881744385
2006-09-07 00:00:00,4.939000129699707,4.9770002365112305,4.926000118255615
2006-09-08 00:00:00,4.915999889373779,4.935999870300293,4.9039998054504395
2006-09-11 00:00:00,4.940000057220459,4.960999965667725,4.918000221252441
2006-09-12 00:00:00,4.90500020980835,4.959000110626221,4.89900016784668
2006-09-13 00:00:00,4.89900016784668,4.89900016784668,4.872000217437744
2006-09-14 00:00:00,4.919000148773193,4.922999858856201,4.875
2006-09-15 00:00:00,4.919000148773193,4.922999858856201,4.875
2006-09-18 00:00:00,4.927000045776367,4.964000225067139,4.921000003814697
2006-09-19 00:00:00,4.859000205993652,4.947999954223633,4.859000205993652
2006-09-20 00:00:00,4.848999977111816,4.868000030517578,4.835000038146973
2006-09-21 00:00:00,4.783999919891357,4.854000091552734,4.77400016784668
2006-09-22 00:00:00,4.73799991607666,4.775000095367432,4.736999988555908
2006-09-25 00:00:00,4.696000099182129,4.728000164031982,4.677000045776367
2006-09-26 00:00:00,4.711999893188477,4.724999904632568,4.697999954223633
2006-09-27 00:00:00,4.732999801635742,4.738999843597412,4.676000118255615
2006-09-28 00:00:00,4.767000198364258,4.7769999504089355,4.736000061035156
2006-09-29 00:00:00,4.767000198364258,4.798999786376953,4.738999843597412
2006-10-02 00:00:00,4.761000156402588,4.783999919891357,4.736000061035156
2006-10-03 00:00:00,4.752999782562256,4.769999980926514,4.738999843597412
2006-10-04 00:00:00,4.7210001945495605,4.750999927520752,4.710999965667725
2006-10-05 00:00:00,4.761000156402588,4.784999847412109,4.73199987411499
2006-10-06 00:00:00,4.836999893188477,4.8460001945495605,4.736000061035156
2006-10-10 00:00:00,4.879000186920166,4.894999980926514,4.859000205993652
2006-10-11 00:00:00,4.913000106811523,4.918000221252441,4.859000205993652
2006-10-12 00:00:00,4.910999774932861,4.913000106811523,4.885000228881836
2006-10-13 00:00:00,4.938000202178955,4.947000026702881,4.882999897003174
2006-10-16 00:00:00,4.919000148773193,4.935999870300293,4.9120001792907715
2006-10-17 00:00:00,4.910999774932861,4.960999965667725,4.866000175476074
2006-10-18 00:00:00,4.892000198364258,4.933000087738037,4.881999969482422
2006-10-19 00:00:00,4.909999847412109,4.929999828338623,4.890999794006348
2006-10-20 00:00:00,4.9039998054504395,4.914000034332275,4.894999980926514
2006-10-23 00:00:00,4.952000141143799,4.97599983215332,4.931000232696533
2006-10-24 00:00:00,4.941999912261963,4.955999851226807,4.939000129699707
2006-10-25 00:00:00,4.896999835968018,4.952000141143799,4.895999908447266
2006-10-26 00:00:00,4.841000080108643,4.885000228881836,4.839000225067139
2006-10-27 00:00:00,4.796000003814697,4.829999923706055,4.789000034332275
2006-10-30 00:00:00,4.785999774932861,4.804999828338623,4.7779998779296875
2006-10-31 00:00:00,4.718999862670898,4.783999919891357,4.718999862670898
2006-11-01 00:00:00,4.677000045776367,4.735000133514404,4.669000148773193
2006-11-02 00:00:00,4.714000225067139,4.72599983215332,4.692999839782715
2006-11-03 00:00:00,4.810999870300293,4.824999809265137,4.709000110626221
2006-11-06 00:00:00,4.795000076293945,4.829999923706055,4.795000076293945
2006-11-07 00:00:00,4.75600004196167,4.7779998779296875,4.72599983215332
2006-11-08 00:00:00,4.730000019073486,4.763000011444092,4.729000091552734
2006-11-09 00:00:00,4.732999801635742,4.745999813079834,4.7170000076293945
2006-11-10 00:00:00,4.691999912261963,4.7270002365112305,4.682000160217285
2006-11-13 00:00:00,4.703999996185303,4.732999801635742,4.692999839782715
2006-11-14 00:00:00,4.659999847412109,4.703000068664551,4.64300012588501
2006-11-15 00:00:00,4.695000171661377,4.701000213623047,4.65500020980835
2006-11-16 00:00:00,4.732999801635742,4.749000072479248,4.65500020980835
2006-11-17 00:00:00,4.690999984741211,4.74399995803833,4.666999816894531
2006-11-20 00:00:00,4.677000045776367,4.697999954223633,4.673999786376953
2006-11-21 00:00:00,4.6579999923706055,4.690000057220459,4.650000095367432
2006-11-22 00:00:00,4.651000022888184,4.665999889373779,4.644000053405762
2006-11-24 00:00:00,4.629000186920166,4.633999824523926,4.611000061035156
2006-11-27 00:00:00,4.618000030517578,4.678999900817871,4.617000102996826
2006-11-28 00:00:00,4.5960001945495605,4.61899995803833,4.572000026702881
2006-11-29 00:00:00,4.611999988555908,4.617000102996826,4.578000068664551
2006-11-30 00:00:00,4.560999870300293,4.609000205993652,4.560999870300293
2006-12-01 00:00:00,4.540999889373779,4.585000038146973,4.525000095367432
2006-12-04 00:00:00,4.547999858856201,4.573999881744385,4.5370001792907715
2006-12-05 00:00:00,4.567999839782715,4.5920000076293945,4.5269999504089355
2006-12-06 00:00:00,4.598999977111816,4.60099983215332,4.576000213623047
2006-12-07 00:00:00,4.6020002365112305,4.617000102996826,4.579999923706055
2006-12-08 00:00:00,4.660999774932861,4.6620001792907715,4.5960001945495605
2006-12-11 00:00:00,4.627999782562256,4.6570000648498535,4.611999988555908
2006-12-12 00:00:00,4.609000205993652,4.658999919891357,4.60699987411499
2006-12-13 00:00:00,4.690000057220459,4.702000141143799,4.5929999351501465
2006-12-14 00:00:00,4.716000080108643,4.723999977111816,4.689000129699707
2006-12-15 00:00:00,4.7179999351501465,4.732999801635742,4.632999897003174
2006-12-18 00:00:00,4.710999965667725,4.72599983215332,4.699999809265137
2006-12-19 00:00:00,4.728000164031982,4.758999824523926,4.702000141143799
2006-12-20 00:00:00,4.724999904632568,4.732999801635742,4.71999979019165
2006-12-21 00:00:00,4.690999984741211,4.739999771118164,4.684000015258789
2006-12-22 00:00:00,4.763000011444092,4.765999794006348,4.690000057220459
2006-12-26 00:00:00,4.732999801635742,4.756999969482422,4.728000164031982
2006-12-27 00:00:00,4.7829999923706055,4.789999961853027,4.7230000495910645
2006-12-28 00:00:00,4.813000202178955,4.8429999351501465,4.757999897003174
2006-12-29 00:00:00,4.817999839782715,4.836999893188477,4.806000232696533
2007-01-03 00:00:00,4.767000198364258,4.835999965667725,4.744999885559082
2007-01-04 00:00:00,4.723999977111816,4.806000232696533,4.710999965667725
2007-01-05 00:00:00,4.743000030517578,4.813000202178955,4.686999797821045
2007-01-08 00:00:00,4.739999771118164,4.764999866485596,4.738999843597412
2007-01-09 00:00:00,4.73799991607666,4.750999927520752,4.7270002365112305
2007-01-10 00:00:00,4.769999980926514,4.784999847412109,4.742000102996826
2007-01-11 00:00:00,4.822000026702881,4.8420000076293945,4.791999816894531
2007-01-12 00:00:00,4.861000061035156,4.888000011444092,4.829999923706055
2007-01-16 00:00:00,4.843999862670898,4.861000061035156,4.828999996185303
2007-01-17 00:00:00,4.88100004196167,4.881999969482422,4.827000141143799
2007-01-18 00:00:00,4.8460001945495605,4.9039998054504395,4.839000225067139
2007-01-19 00:00:00,4.860000133514404,4.880000114440918,4.8379998207092285
2007-01-22 00:00:00,4.8470001220703125,4.86299991607666,4.8379998207092285
2007-01-23 00:00:00,4.896999835968018,4.9019999504089355,4.8480000495910645
2007-01-24 00:00:00,4.909999847412109,4.920000076293945,4.883999824523926
2007-01-25 00:00:00,4.961999893188477,4.974999904632568,4.909999847412109
2007-01-26 00:00:00,4.980000019073486,5.020999908447266,4.954999923706055
2007-01-29 00:00:00,4.98199987411499,5.004000186920166,4.958000183105469
2007-01-30 00:00:00,4.98199987411499,4.991000175476074,4.9730000495910645
2007-01-31 00:00:00,4.926000118255615,5.00600004196167,4.926000118255615
2007-02-01 00:00:00,4.933000087738037,4.939000129699707,4.866000175476074
2007-02-02 00:00:00,4.926000118255615,4.942999839782715,4.894999980926514
2007-02-05 00:00:00,4.909999847412109,4.923999786376953,4.9019999504089355
2007-02-06 00:00:00,4.869999885559082,4.931000232696533,4.866000175476074
2007-02-07 00:00:00,4.8520002365112305,4.883999824523926,4.84499979019165
2007-02-08 00:00:00,4.836999893188477,4.870999813079834,4.827000141143799
2007-02-09 00:00:00,4.864999771118164,4.874000072479248,4.828000068664551
2007-02-12 00:00:00,4.886000156402588,4.894000053405762,4.86299991607666
2007-02-13 00:00:00,4.901000022888184,4.9070000648498535,4.873000144958496
2007-02-14 00:00:00,4.826000213623047,4.895999908447266,4.821000099182129
2007-02-15 00:00:00,4.803999900817871,4.826000213623047,4.785999774932861
2007-02-16 00:00:00,4.788000106811523,4.801000118255615,4.764999866485596
2007-02-20 00:00:00,4.78000020980835,4.803999900817871,4.7769999504089355
2007-02-21 00:00:00,4.789000034332275,4.810999870300293,4.770999908447266
2007-02-22 00:00:00,4.829999923706055,4.8420000076293945,4.800000190734863
2007-02-23 00:00:00,4.7820000648498535,4.815999984741211,4.764999866485596
2007-02-26 00:00:00,4.732999801635742,4.763000011444092,4.72599983215332
2007-02-27 00:00:00,4.630000114440918,4.7170000076293945,4.625
2007-02-28 00:00:00,4.669000148773193,4.697000026702881,4.640999794006348
2007-03-01 00:00:00,4.678999900817871,4.690999984741211,4.622000217437744
2007-03-02 00:00:00,4.650000095367432,4.685999870300293,4.636000156402588
2007-03-05 00:00:00,4.6539998054504395,4.656000137329102,4.620999813079834
2007-03-06 00:00:00,4.65500020980835,4.664000034332275,4.636000156402588
2007-03-07 00:00:00,4.636000156402588,4.668000221252441,4.631999969482422
2007-03-08 00:00:00,4.650000095367432,4.665999889373779,4.642000198364258
2007-03-09 00:00:00,4.7230000495910645,4.732999801635742,4.6539998054504395
2007-03-12 00:00:00,4.691999912261963,4.736000061035156,4.679999828338623
2007-03-13 00:00:00,4.6579999923706055,4.677999973297119,4.627999782562256
2007-03-14 00:00:00,4.693999767303467,4.701000213623047,4.638999938964844
2007-03-15 00:00:00,4.691999912261963,4.7220001220703125,4.682000160217285
2007-03-16 00:00:00,4.695000171661377,4.7220001220703125,4.688000202178955
2007-03-19 00:00:00,4.7170000076293945,4.724999904632568,4.705999851226807
2007-03-20 00:00:00,4.706999778747559,4.7220001220703125,4.690000057220459
2007-03-21 00:00:00,4.696000099182129,4.78000020980835,4.689000129699707
2007-03-22 00:00:00,4.7820000648498535,4.796000003814697,4.732999801635742
2007-03-23 00:00:00,4.798999786376953,4.802000045776367,4.761000156402588
2007-03-26 00:00:00,4.7829999923706055,4.817999839782715,4.761000156402588
2007-03-27 00:00:00,4.809000015258789,4.822999954223633,4.795000076293945
2007-03-28 00:00:00,4.830999851226807,4.836999893188477,4.7779998779296875
2007-03-29 00:00:00,4.828999996185303,4.84499979019165,4.814000129699707
2007-03-30 00:00:00,4.8480000495910645,4.855000019073486,4.793000221252441
2007-04-02 00:00:00,4.835999965667725,4.8470001220703125,4.826000213623047
2007-04-03 00:00:00,4.8460001945495605,4.8520002365112305,4.829999923706055
2007-04-04 00:00:00,4.84499979019165,4.8460001945495605,4.822000026702881
2007-04-05 00:00:00,4.868000030517578,4.872000217437744,4.839000225067139
2007-04-09 00:00:00,4.915999889373779,4.927000045776367,4.906000137329102
2007-04-10 00:00:00,4.906000137329102,4.909999847412109,4.890999794006348
2007-04-11 00:00:00,4.914999961853027,4.920000076293945,4.890999794006348
2007-04-12 00:00:00,4.909999847412109,4.920000076293945,4.888000011444092
2007-04-13 00:00:00,4.926000118255615,4.942999839782715,4.896999835968018
2007-04-16 00:00:00,4.889999866485596,4.938000202178955,4.883999824523926
2007-04-17 00:00:00,4.8470001220703125,4.909999847412109,4.8420000076293945
2007-04-18 00:00:00,4.818999767303467,4.833000183105469,4.810999870300293
2007-04-19 00:00:00,4.835999965667725,4.848999977111816,4.802000045776367
2007-04-20 00:00:00,4.84499979019165,4.861999988555908,4.824999809265137
2007-04-23 00:00:00,4.828000068664551,4.863999843597412,4.815999984741211
2007-04-24 00:00:00,4.803999900817871,4.836999893188477,4.796000003814697
2007-04-25 00:00:00,4.829999923706055,4.835999965667725,4.802999973297119
2007-04-26 00:00:00,4.868000030517578,4.876999855041504,4.833000183105469
2007-04-27 00:00:00,4.885000228881836,4.909999847412109,4.849999904632568
2007-04-30 00:00:00,4.816999912261963,4.86899995803833,4.816999912261963
2007-05-01 00:00:00,4.815999984741211,4.8420000076293945,4.794000148773193
2007-05-02 00:00:00,4.818999767303467,4.831999778747559,4.807000160217285
2007-05-03 00:00:00,4.836999893188477,4.857999801635742,4.795000076293945
2007-05-04 00:00:00,4.803999900817871,4.859000205993652,4.797999858856201
2007-05-07 00:00:00,4.794000148773193,4.813000202178955,4.785999774932861
2007-05-08 00:00:00,4.802000045776367,4.802000045776367,4.757999897003174
2007-05-09 00:00:00,4.8379998207092285,4.839000225067139,4.795000076293945
2007-05-10 00:00:00,4.828999996185303,4.848999977111816,4.815999984741211
2007-05-11 00:00:00,4.848999977111816,4.85699987411499,4.791999816894531
2007-05-14 00:00:00,4.860000133514404,4.864999771118164,4.840000152587891
2007-05-15 00:00:00,4.883999824523926,4.8979997634887695,4.843999862670898
2007-05-16 00:00:00,4.874000072479248,4.888000011444092,4.857999801635742
2007-05-17 00:00:00,4.913000106811523,4.919000148773193,4.883999824523926
2007-05-18 00:00:00,4.956999778747559,4.96999979019165,4.9039998054504395
2007-05-21 00:00:00,4.940999984741211,4.9730000495910645,4.939000129699707
2007-05-22 00:00:00,4.982999801635742,4.985000133514404,4.939000129699707
2007-05-23 00:00:00,5.013999938964844,5.025000095367432,4.9730000495910645
2007-05-24 00:00:00,5.007999897003174,5.051000118255615,4.993000030517578
2007-05-25 00:00:00,5.007999897003174,5.019000053405762,4.998000144958496
2007-05-29 00:00:00,5.013999938964844,5.01800012588501,4.99399995803833
2007-05-30 00:00:00,5.010000228881836,5.019999980926514,4.979000091552734
2007-05-31 00:00:00,5.011000156402588,5.050000190734863,4.995999813079834
2007-06-01 00:00:00,5.061999797821045,5.061999797821045,4.995999813079834
2007-06-04 00:00:00,5.021999835968018,5.056000232696533,5.019000053405762
2007-06-05 00:00:00,5.066999912261963,5.073999881744385,5.0269999504089355
2007-06-06 00:00:00,5.084000110626221,5.0960001945495605,5.068999767303467
2007-06-07 00:00:00,5.203000068664551,5.232999801635742,5.142000198364258
2007-06-08 00:00:00,5.21999979019165,5.283999919891357,5.210000038146973
2007-06-11 00:00:00,5.239999771118164,5.267000198364258,5.224999904632568
2007-06-12 00:00:00,5.355999946594238,5.361999988555908,5.283999919891357
2007-06-13 00:00:00,5.276000022888184,5.4079999923706055,5.270999908447266
2007-06-14 00:00:00,5.291999816894531,5.3429999351501465,5.242000102996826
2007-06-15 00:00:00,5.263000011444092,5.324999809265137,5.242000102996826
2007-06-18 00:00:00,5.251999855041504,5.289999961853027,5.23799991607666
2007-06-19 00:00:00,5.197999954223633,5.261000156402588,5.197999954223633
2007-06-20 00:00:00,5.234000205993652,5.254000186920166,5.195000171661377
2007-06-21 00:00:00,5.283999919891357,5.290999889373779,5.241000175476074
2007-06-22 00:00:00,5.256999969482422,5.327000141143799,5.250999927520752
2007-06-25 00:00:00,5.195000171661377,5.24399995803833,5.190999984741211
2007-06-26 00:00:00,5.2210001945495605,5.228000164031982,5.192999839782715
2007-06-27 00:00:00,5.189000129699707,5.197999954223633,5.151000022888184
2007-06-28 00:00:00,5.2210001945495605,5.2220001220703125,5.181000232696533
2007-06-29 00:00:00,5.125999927520752,5.195000171661377,5.124000072479248
2007-07-02 00:00:00,5.099999904632568,5.138999938964844,5.0960001945495605
2007-07-03 00:00:00,5.150000095367432,5.150000095367432,5.091000080108643
2007-07-05 00:00:00,5.236999988555908,5.236999988555908,5.182000160217285
2007-07-06 00:00:00,5.2820000648498535,5.290999889373779,5.24399995803833
2007-07-09 00:00:00,5.245999813079834,5.261000156402588,5.223999977111816
2007-07-10 00:00:00,5.131999969482422,5.211999893188477,5.131999969482422
2007-07-11 00:00:00,5.183000087738037,5.199999809265137,5.114999771118164
2007-07-12 00:00:00,5.210999965667725,5.242000102996826,5.165999889373779
2007-07-13 00:00:00,5.193999767303467,5.232999801635742,5.172999858856201
2007-07-16 00:00:00,5.125999927520752,5.182000160217285,5.122000217437744
2007-07-17 00:00:00,5.160999774932861,5.183000087738037,5.123000144958496
2007-07-18 00:00:00,5.10099983215332,5.151000022888184,5.090000152587891
2007-07-19 00:00:00,5.118000030517578,5.158999919891357,5.113999843597412
2007-07-20 00:00:00,5.064000129699707,5.111000061035156,5.041999816894531
2007-07-23 00:00:00,5.066999912261963,5.084000110626221,5.054999828338623
2007-07-24 00:00:00,5.061999797821045,5.078000068664551,5.040999889373779
2007-07-25 00:00:00,5.026000022888184,5.067999839782715,5.01800012588501
2007-07-26 00:00:00,4.947000026702881,5.004000186920166,4.934999942779541
2007-07-27 00:00:00,4.952000141143799,4.989999771118164,4.914999961853027
2007-07-30 00:00:00,4.959000110626221,4.9720001220703125,4.929999828338623
2007-07-31 00:00:00,4.921999931335449,4.980000019073486,4.921000003814697
2007-08-01 00:00:00,4.908999919891357,4.931000232696533,4.885000228881836
2007-08-02 00:00:00,4.89900016784668,4.943999767303467,4.896999835968018
2007-08-03 00:00:00,4.867000102996826,4.921000003814697,4.861999988555908
2007-08-06 00:00:00,4.9070000648498535,4.914999961853027,4.868000030517578
2007-08-07 00:00:00,4.9029998779296875,4.928999900817871,4.874000072479248
2007-08-08 00:00:00,5.0229997634887695,5.044000148773193,4.947000026702881
2007-08-09 00:00:00,5.0289998054504395,5.054999828338623,4.953999996185303
2007-08-10 00:00:00,5.005000114440918,5.008999824523926,4.9629998207092285
2007-08-13 00:00:00,5.007999897003174,5.047999858856201,4.998000144958496
2007-08-14 00:00:00,4.986999988555908,5.038000106811523,4.9730000495910645
2007-08-15 00:00:00,5.008999824523926,5.044000148773193,4.974999904632568
2007-08-16 00:00:00,4.925000190734863,4.99399995803833,4.9120001792907715
2007-08-17 00:00:00,5.0,5.051000118255615,4.968999862670898
2007-08-20 00:00:00,4.96999979019165,5.004000186920166,4.948999881744385
2007-08-21 00:00:00,4.942999839782715,4.974999904632568,4.938000202178955
2007-08-22 00:00:00,4.953999996185303,4.991000175476074,4.947000026702881
2007-08-23 00:00:00,4.922999858856201,4.980999946594238,4.919000148773193
2007-08-24 00:00:00,4.896999835968018,4.934000015258789,4.886000156402588
2007-08-27 00:00:00,4.86299991607666,4.89300012588501,4.855000019073486
2007-08-28 00:00:00,4.861999988555908,4.870999813079834,4.833000183105469
2007-08-29 00:00:00,4.879000186920166,4.885000228881836,4.834000110626221
2007-08-30 00:00:00,4.824999809265137,4.86899995803833,4.823999881744385
2007-08-31 00:00:00,4.830999851226807,4.86299991607666,4.814000129699707
2007-09-04 00:00:00,4.839000225067139,4.863999843597412,4.809999942779541
2007-09-05 00:00:00,4.78000020980835,4.830999851226807,4.770999908447266
2007-09-06 00:00:00,4.789999961853027,4.802999973297119,4.756999969482422
2007-09-07 00:00:00,4.692999839782715,4.894000053405762,4.677000045776367
2007-09-10 00:00:00,4.640999794006348,4.689000129699707,4.617000102996826
2007-09-11 00:00:00,4.6479997634887695,4.663000106811523,4.620999813079834
2007-09-12 00:00:00,4.686999797821045,4.693999767303467,4.63100004196167
2007-09-13 00:00:00,4.743000030517578,4.757999897003174,4.673999786376953
2007-09-14 00:00:00,4.723999977111816,4.757999897003174,4.673999786376953
2007-09-17 00:00:00,4.714000225067139,4.749000072479248,4.711999893188477
2007-09-18 00:00:00,4.760000228881836,4.809000015258789,4.704999923706055
2007-09-19 00:00:00,4.823999881744385,4.863999843597412,4.788000106811523
2007-09-20 00:00:00,4.943999767303467,4.949999809265137,4.861000061035156
2007-09-21 00:00:00,4.890999794006348,4.959000110626221,4.877999782562256
2007-09-24 00:00:00,4.876999855041504,4.916999816894531,4.864999771118164
2007-09-25 00:00:00,4.886000156402588,4.888000011444092,4.8379998207092285
2007-09-26 00:00:00,4.89300012588501,4.940999984741211,4.876999855041504
2007-09-27 00:00:00,4.836999893188477,4.9039998054504395,4.828999996185303
2007-09-28 00:00:00,4.833000183105469,4.875999927520752,4.783999919891357
2007-10-01 00:00:00,4.797999858856201,4.840000152587891,4.791999816894531
2007-10-02 00:00:00,4.7779998779296875,4.809999942779541,4.752999782562256
2007-10-03 00:00:00,4.7870001792907715,4.811999797821045,4.752999782562256
2007-10-04 00:00:00,4.767000198364258,4.815999984741211,4.764999866485596
2007-10-05 00:00:00,4.870999813079834,4.89900016784668,4.770999908447266
2007-10-08 00:00:00,4.861000061035156,4.861000061035156,4.861000061035156
2007-10-09 00:00:00,4.863999843597412,4.886000156402588,4.840000152587891
2007-10-10 00:00:00,4.86299991607666,4.88700008392334,4.835000038146973
2007-10-11 00:00:00,4.882999897003174,4.925000190734863,4.877999782562256
2007-10-12 00:00:00,4.90500020980835,4.921999931335449,4.857999801635742
2007-10-15 00:00:00,4.9070000648498535,4.927999973297119,4.8979997634887695
2007-10-16 00:00:00,4.9120001792907715,4.921999931335449,4.88100004196167
2007-10-17 00:00:00,4.809000015258789,4.914000034332275,4.800000190734863
2007-10-18 00:00:00,4.7789998054504395,4.798999786376953,4.7729997634887695
2007-10-19 00:00:00,4.689000129699707,4.764999866485596,4.677999973297119
2007-10-22 00:00:00,4.671999931335449,4.716000080108643,4.658999919891357
2007-10-23 00:00:00,4.691999912261963,4.715000152587891,4.685999870300293
2007-10-24 00:00:00,4.640999794006348,4.688000202178955,4.625999927520752
2007-10-25 00:00:00,4.65500020980835,4.666999816894531,4.63100004196167
2007-10-26 00:00:00,4.683000087738037,4.702000141143799,4.6479997634887695
2007-10-29 00:00:00,4.663000106811523,4.695000171661377,4.6529998779296875
2007-10-30 00:00:00,4.672999858856201,4.705999851226807,4.6539998054504395
2007-10-31 00:00:00,4.750999927520752,4.75600004196167,4.678999900817871
2007-11-01 00:00:00,4.645999908447266,4.729000091552734,4.631999969482422
2007-11-02 00:00:00,4.59499979019165,4.683000087738037,4.581999778747559
2007-11-05 00:00:00,4.616000175476074,4.633999824523926,4.593999862670898
2007-11-06 00:00:00,4.6519999504089355,4.664999961853027,4.614999771118164
2007-11-07 00:00:00,4.668000221252441,4.686999797821045,4.630000114440918
2007-11-08 00:00:00,4.6620001792907715,4.704999923706055,4.644999980926514
2007-11-09 00:00:00,4.6020002365112305,4.6570000648498535,4.5970001220703125
2007-11-12 00:00:00,4.593999862670898,4.593999862670898,4.593999862670898
2007-11-13 00:00:00,4.605000019073486,4.625,4.5980000495910645
2007-11-14 00:00:00,4.604000091552734,4.6479997634887695,4.604000091552734
2007-11-15 00:00:00,4.533999919891357,4.611999988555908,4.526000022888184
2007-11-16 00:00:00,4.5229997634887695,4.557000160217285,4.513999938964844
2007-11-19 00:00:00,4.478000164031982,4.538000106811523,4.456999778747559
2007-11-20 00:00:00,4.484000205993652,4.506999969482422,4.458000183105469
2007-11-21 00:00:00,4.4670000076293945,4.478000164031982,4.447000026702881
2007-11-23 00:00:00,4.438000202178955,4.486000061035156,4.434000015258789
2007-11-26 00:00:00,4.28000020980835,4.434000015258789,4.2789998054504395
2007-11-27 00:00:00,4.355000019073486,4.414000034332275,4.289999961853027
2007-11-28 00:00:00,4.4070000648498535,4.414999961853027,4.35699987411499
2007-11-29 00:00:00,4.348999977111816,4.410999774932861,4.306000232696533
2007-11-30 00:00:00,4.4029998779296875,4.436999797821045,4.354000091552734
2007-12-03 00:00:00,4.354000091552734,4.375999927520752,4.321000099182129
2007-12-04 00:00:00,4.3460001945495605,4.380000114440918,4.309000015258789
2007-12-05 00:00:00,4.390999794006348,4.4079999923706055,4.353000164031982
2007-12-06 00:00:00,4.479000091552734,4.495999813079834,4.442999839782715
2007-12-07 00:00:00,4.585000038146973,4.5960001945495605,4.489999771118164
2007-12-10 00:00:00,4.614999771118164,4.645999908447266,4.571000099182129
2007-12-11 00:00:00,4.48199987411499,4.589000225067139,4.48199987411499
2007-12-12 00:00:00,4.531000137329102,4.607999801635742,4.51800012588501
2007-12-13 00:00:00,4.611000061035156,4.632999897003174,4.5289998054504395
2007-12-14 00:00:00,4.6579999923706055,4.677999973297119,4.632999897003174
2007-12-17 00:00:00,4.624000072479248,4.646999835968018,4.609000205993652
2007-12-18 00:00:00,4.543000221252441,4.609000205993652,4.526000022888184
2007-12-19 00:00:00,4.49399995803833,4.553999900817871,4.427000045776367
2007-12-20 00:00:00,4.447999954223633,4.46999979019165,4.4120001792907715
2007-12-21 00:00:00,4.574999809265137,4.579999923706055,4.484000205993652
2007-12-24 00:00:00,4.618000030517578,4.630000114440918,4.578000068664551
2007-12-26 00:00:00,4.685999870300293,4.685999870300293,4.589000225067139
2007-12-27 00:00:00,4.613999843597412,4.673999786376953,4.589000225067139
2007-12-28 00:00:00,4.513999938964844,4.5879998207092285,4.482999801635742
2007-12-31 00:00:00,4.459000110626221,4.484000205993652,4.434999942779541
2008-01-02 00:00:00,4.3520002365112305,4.4670000076293945,4.34499979019165
2008-01-03 00:00:00,4.36899995803833,4.410999774932861,4.348999977111816
2008-01-04 00:00:00,4.359000205993652,4.382999897003174,4.315999984741211
2008-01-07 00:00:00,4.335999965667725,4.39900016784668,4.330999851226807
2008-01-08 00:00:00,4.355000019073486,4.394000053405762,4.348999977111816
2008-01-09 00:00:00,4.321000099182129,4.336999893188477,4.294000148773193
2008-01-10 00:00:00,4.443999767303467,4.447999954223633,4.322000026702881
2008-01-11 00:00:00,4.394000053405762,4.459000110626221,4.388999938964844
2008-01-14 00:00:00,4.373000144958496,4.408999919891357,4.361000061035156
2008-01-15 00:00:00,4.291999816894531,4.334000110626221,4.291999816894531
2008-01-16 00:00:00,4.320000171661377,4.324999809265137,4.260000228881836
2008-01-17 00:00:00,4.252999782562256,4.3470001220703125,4.247000217437744
2008-01-18 00:00:00,4.296999931335449,4.315000057220459,4.270999908447266
2008-01-22 00:00:00,4.2270002365112305,4.310999870300293,4.2210001945495605
2008-01-23 00:00:00,4.175000190734863,4.182000160217285,4.1020002365112305
2008-01-24 00:00:00,4.353000164031982,4.377999782562256,4.250999927520752
2008-01-25 00:00:00,4.2820000648498535,4.394000053405762,4.270999908447266
2008-01-28 00:00:00,4.2820000648498535,4.309000015258789,4.256999969482422
2008-01-29 00:00:00,4.335999965667725,4.36899995803833,4.295000076293945
2008-01-30 00:00:00,4.433000087738037,4.453000068664551,4.357999801635742
2008-01-31 00:00:00,4.354000091552734,4.379000186920166,4.313000202178955
2008-02-01 00:00:00,4.317999839782715,4.364999771118164,4.2870001792907715
2008-02-04 00:00:00,4.374000072479248,4.388999938964844,4.3470001220703125
2008-02-05 00:00:00,4.3420000076293945,4.36899995803833,4.28000020980835
2008-02-06 00:00:00,4.374000072479248,4.379000186920166,4.339000225067139
2008-02-07 00:00:00,4.5,4.561999797821045,4.3429999351501465
2008-02-08 00:00:00,4.439000129699707,4.478000164031982,4.432000160217285
2008-02-11 00:00:00,4.40500020980835,4.440000057220459,4.363999843597412
2008-02-12 00:00:00,4.464000225067139,4.5,4.448999881744385
2008-02-13 00:00:00,4.51200008392334,4.519000053405762,4.464000225067139
2008-02-14 00:00:00,4.6529998779296875,4.665999889373779,4.548999786376953
2008-02-15 00:00:00,4.59499979019165,4.625999927520752,4.577000141143799
2008-02-19 00:00:00,4.65500020980835,4.691999912261963,4.604000091552734
2008-02-20 00:00:00,4.644000053405762,4.71999979019165,4.627999782562256
2008-02-21 00:00:00,4.552999973297119,4.590000152587891,4.513999938964844
2008-02-22 00:00:00,4.581999778747559,4.584000110626221,4.513000011444092
2008-02-25 00:00:00,4.664000034332275,4.689000129699707,4.570000171661377
2008-02-26 00:00:00,4.6570000648498535,4.691999912261963,4.635000228881836
2008-02-27 00:00:00,4.651000022888184,4.699999809265137,4.598999977111816
2008-02-28 00:00:00,4.554999828338623,4.625,4.539000034332275
2008-02-29 00:00:00,4.421000003814697,4.492000102996826,4.408999919891357
2008-03-03 00:00:00,4.425000190734863,4.466000080108643,4.421999931335449
2008-03-04 00:00:00,4.484000205993652,4.484000205993652,4.4070000648498535
2008-03-05 00:00:00,4.605000019073486,4.605000019073486,4.485000133514404
2008-03-06 00:00:00,4.578999996185303,4.609000205993652,4.546000003814697
2008-03-07 00:00:00,4.540999889373779,4.599999904632568,4.435999870300293
2008-03-10 00:00:00,4.447999954223633,4.540999889373779,4.423999786376953
2008-03-11 00:00:00,4.53000020980835,4.565000057220459,4.4670000076293945
2008-03-12 00:00:00,4.409999847412109,4.502999782562256,4.408999919891357
2008-03-13 00:00:00,4.453999996185303,4.491000175476074,4.3420000076293945
2008-03-14 00:00:00,4.3480000495910645,4.432000160217285,4.296000003814697
2008-03-17 00:00:00,4.2820000648498535,4.360000133514404,4.261000156402588
2008-03-18 00:00:00,4.328999996185303,4.361999988555908,4.275000095367432
2008-03-19 00:00:00,4.2220001220703125,4.375,4.218999862670898
2008-03-20 00:00:00,4.164999961853027,4.2220001220703125,4.164000034332275
2008-03-24 00:00:00,4.311999797821045,4.311999797821045,4.201000213623047
2008-03-25 00:00:00,4.298999786376953,4.343999862670898,4.295000076293945
2008-03-26 00:00:00,4.329999923706055,4.3470001220703125,4.270999908447266
2008-03-27 00:00:00,4.375999927520752,4.416999816894531,4.334000110626221
2008-03-28 00:00:00,4.34499979019165,4.40500020980835,4.329999923706055
2008-03-31 00:00:00,4.306000232696533,4.320000171661377,4.261000156402588
2008-04-01 00:00:00,4.381999969482422,4.421000003814697,4.3470001220703125
2008-04-02 00:00:00,4.38700008392334,4.434000015258789,4.336999893188477
2008-04-03 00:00:00,4.38700008392334,4.394000053405762,4.3520002365112305
2008-04-04 00:00:00,4.317999839782715,4.383999824523926,4.297999858856201
2008-04-07 00:00:00,4.36899995803833,4.414999961853027,4.353000164031982
2008-04-08 00:00:00,4.382999897003174,4.395999908447266,4.306000232696533
2008-04-09 00:00:00,4.306000232696533,4.38700008392334,4.296000003814697
2008-04-10 00:00:00,4.3420000076293945,4.375999927520752,4.297999858856201
2008-04-11 00:00:00,4.302000045776367,4.327000141143799,4.281000137329102
2008-04-14 00:00:00,4.341000080108643,4.349999904632568,4.275000095367432
2008-04-15 00:00:00,4.40500020980835,4.434000015258789,4.3379998207092285
2008-04-16 00:00:00,4.525000095367432,4.545000076293945,4.420000076293945
2008-04-17 00:00:00,4.52400016784668,4.551000118255615,4.486000061035156
2008-04-18 00:00:00,4.517000198364258,4.584000110626221,4.513000011444092
2008-04-21 00:00:00,4.47599983215332,4.552000045776367,4.473999977111816
2008-04-22 00:00:00,4.474999904632568,4.514999866485596,4.440999984741211
2008-04-23 00:00:00,4.485000133514404,4.534999847412109,4.433000087738037
2008-04-24 00:00:00,4.544000148773193,4.590000152587891,4.480000019073486
2008-04-25 00:00:00,4.589000225067139,4.598999977111816,4.546999931335449
2008-04-28 00:00:00,4.565000057220459,4.624000072479248,4.556000232696533
2008-04-29 00:00:00,4.559000015258789,4.561999797821045,4.507999897003174
2008-04-30 00:00:00,4.497000217437744,4.585999965667725,4.497000217437744
2008-05-01 00:00:00,4.484000205993652,4.520999908447266,4.422999858856201
2008-05-02 00:00:00,4.565000057220459,4.591000080108643,4.445000171661377
2008-05-05 00:00:00,4.580999851226807,4.617000102996826,4.563000202178955
2008-05-06 00:00:00,4.642000198364258,4.642000198364258,4.547999858856201
2008-05-07 00:00:00,4.622000217437744,4.688000202178955,4.60699987411499
2008-05-08 00:00:00,4.564000129699707,4.636000156402588,4.557000160217285
2008-05-09 00:00:00,4.52400016784668,4.544000148773193,4.489999771118164
2008-05-12 00:00:00,4.521999835968018,4.539000034332275,4.474999904632568
2008-05-13 00:00:00,4.61899995803833,4.620999813079834,4.500999927520752
2008-05-14 00:00:00,4.63700008392334,4.679999828338623,4.563000202178955
2008-05-15 00:00:00,4.576000213623047,4.6479997634887695,4.576000213623047
2008-05-16 00:00:00,4.578999996185303,4.60699987411499,4.501999855041504
2008-05-19 00:00:00,4.574999809265137,4.619999885559082,4.559000015258789
2008-05-20 00:00:00,4.5320000648498535,4.5960001945495605,4.5320000648498535
2008-05-21 00:00:00,4.558000087738037,4.584000110626221,4.526000022888184
2008-05-22 00:00:00,4.629000186920166,4.665999889373779,4.552000045776367
2008-05-23 00:00:00,4.557000160217285,4.5980000495910645,4.554999828338623
2008-05-27 00:00:00,4.644999980926514,4.650000095367432,4.590000152587891
2008-05-28 00:00:00,4.697000026702881,4.715000152587891,4.6479997634887695
2008-05-29 00:00:00,4.764999866485596,4.807000160217285,4.697000026702881
2008-05-30 00:00:00,4.706999778747559,4.741000175476074,4.696000099182129
2008-06-02 00:00:00,4.678999900817871,4.73199987411499,4.65500020980835
2008-06-03 00:00:00,4.622000217437744,4.7210001945495605,4.60099983215332
2008-06-04 00:00:00,4.684999942779541,4.697000026702881,4.585000038146973
2008-06-05 00:00:00,4.730000019073486,4.74399995803833,4.675000190734863
2008-06-06 00:00:00,4.650000095367432,4.729000091552734,4.622000217437744
2008-06-09 00:00:00,4.620999813079834,4.688000202178955,4.5879998207092285
2008-06-10 00:00:00,4.701000213623047,4.724999904632568,4.616000175476074
2008-06-11 00:00:00,4.702000141143799,4.728000164031982,4.644999980926514
2008-06-12 00:00:00,4.763999938964844,4.798999786376953,4.706999778747559
2008-06-13 00:00:00,4.802000045776367,4.809999942779541,4.738999843597412
2008-06-16 00:00:00,4.78000020980835,4.809000015258789,4.74399995803833
2008-06-17 00:00:00,4.789999961853027,4.813000202178955,4.736000061035156
2008-06-18 00:00:00,4.730000019073486,4.7779998779296875,4.706999778747559
2008-06-19 00:00:00,4.750999927520752,4.78000020980835,4.724999904632568
2008-06-20 00:00:00,4.702000141143799,4.7270002365112305,4.692999839782715
2008-06-23 00:00:00,4.710000038146973,4.7170000076293945,4.671999931335449
2008-06-24 00:00:00,4.6579999923706055,4.692999839782715,4.651000022888184
2008-06-25 00:00:00,4.6570000648498535,4.7170000076293945,4.646999835968018
2008-06-26 00:00:00,4.603000164031982,4.676000118255615,4.5920000076293945
2008-06-27 00:00:00,4.5370001792907715,4.598999977111816,4.517000198364258
2008-06-30 00:00:00,4.531000137329102,4.539999961853027,4.493000030517578
2008-07-01 00:00:00,4.544000148773193,4.548999786376953,4.46999979019165
2008-07-02 00:00:00,4.502999782562256,4.541999816894531,4.502999782562256
2008-07-03 00:00:00,4.531000137329102,4.567999839782715,4.48199987411499
2008-07-07 00:00:00,4.504000186920166,4.565000057220459,4.449999809265137
2008-07-08 00:00:00,4.455999851226807,4.513999938964844,4.451000213623047
2008-07-09 00:00:00,4.427999973297119,4.478000164031982,4.426000118255615
2008-07-10 00:00:00,4.421000003814697,4.460999965667725,4.4039998054504395
2008-07-11 00:00:00,4.517000198364258,4.544000148773193,4.4079999923706055
2008-07-14 00:00:00,4.468999862670898,4.553999900817871,4.434999942779541
2008-07-15 00:00:00,4.473999977111816,4.4770002365112305,4.423999786376953
2008-07-16 00:00:00,4.581999778747559,4.59499979019165,4.4730000495910645
2008-07-17 00:00:00,4.638000011444092,4.6529998779296875,4.568999767303467
2008-07-18 00:00:00,4.6620001792907715,4.669000148773193,4.599999904632568
2008-07-21 00:00:00,4.6479997634887695,4.678999900817871,4.642000198364258
2008-07-22 00:00:00,4.663000106811523,4.696000099182129,4.626999855041504
2008-07-23 00:00:00,4.699999809265137,4.7170000076293945,4.666999816894531
2008-07-24 00:00:00,4.611000061035156,4.675000190734863,4.598999977111816
2008-07-25 00:00:00,4.696000099182129,4.701000213623047,4.610000133514404
2008-07-28 00:00:00,4.613999843597412,4.677000045776367,4.585999965667725
2008-07-29 00:00:00,4.622000217437744,4.675000190734863,4.61899995803833
2008-07-30 00:00:00,4.638000011444092,4.703999996185303,4.605000019073486
2008-07-31 00:00:00,4.603000164031982,4.6539998054504395,4.568999767303467
2008-08-01 00:00:00,4.568999767303467,4.625999927520752,4.565000057220459
2008-08-04 00:00:00,4.589000225067139,4.6020002365112305,4.557000160217285
2008-08-05 00:00:00,4.629000186920166,4.63100004196167,4.565000057220459
2008-08-06 00:00:00,4.690000057220459,4.7220001220703125,4.635000228881836
2008-08-07 00:00:00,4.564000129699707,4.684999942779541,4.551000118255615
2008-08-08 00:00:00,4.554999828338623,4.5929999351501465,4.5329999923706055
2008-08-11 00:00:00,4.611000061035156,4.6519999504089355,4.540999889373779
2008-08-12 00:00:00,4.552000045776367,4.5920000076293945,4.546000003814697
2008-08-13 00:00:00,4.576000213623047,4.5879998207092285,4.514999866485596
2008-08-14 00:00:00,4.519000053405762,4.581999778747559,4.497000217437744
2008-08-15 00:00:00,4.4730000495910645,4.525000095367432,4.4670000076293945
2008-08-18 00:00:00,4.440999984741211,4.480999946594238,4.429999828338623
2008-08-19 00:00:00,4.468999862670898,4.480000019073486,4.431000232696533
2008-08-20 00:00:00,4.442999839782715,4.460999965667725,4.421999931335449
2008-08-21 00:00:00,4.465000152587891,4.502999782562256,4.423999786376953
2008-08-22 00:00:00,4.4629998207092285,4.5,4.453999996185303
2008-08-25 00:00:00,4.4029998779296875,4.438000202178955,4.369999885559082
2008-08-26 00:00:00,4.394999980926514,4.421000003814697,4.382999897003174
2008-08-27 00:00:00,4.382999897003174,4.448999881744385,4.38100004196167
2008-08-28 00:00:00,4.388999938964844,4.426000118255615,4.36899995803833
2008-08-29 00:00:00,4.4120001792907715,4.436999797821045,4.363999843597412
2008-09-02 00:00:00,4.361999988555908,4.4679999351501465,4.361999988555908
2008-09-03 00:00:00,4.317999839782715,4.368000030517578,4.314000129699707
2008-09-04 00:00:00,4.281000137329102,4.331999778747559,4.263000011444092
2008-09-05 00:00:00,4.276000022888184,4.28000020980835,4.206999778747559
2008-09-08 00:00:00,4.269000053405762,4.370999813079834,4.248000144958496
2008-09-09 00:00:00,4.191999912261963,4.265999794006348,4.172999858856201
2008-09-10 00:00:00,4.224999904632568,4.25,4.186999797821045
2008-09-11 00:00:00,4.214000225067139,4.239999771118164,4.169000148773193
2008-09-12 00:00:00,4.326000213623047,4.327000141143799,4.201000213623047
2008-09-15 00:00:00,4.1519999504089355,4.245999813079834,4.1519999504089355
2008-09-16 00:00:00,4.09499979019165,4.105999946594238,3.8949999809265137
2008-09-17 00:00:00,4.080999851226807,4.10699987411499,3.9790000915527344
2008-09-18 00:00:00,4.11299991607666,4.13700008392334,4.054999828338623
2008-09-19 00:00:00,4.366000175476074,4.416999816894531,4.309000015258789
2008-09-22 00:00:00,4.4070000648498535,4.47599983215332,4.401000022888184
2008-09-23 00:00:00,4.434000015258789,4.445000171661377,4.376999855041504
2008-09-24 00:00:00,4.377999782562256,4.4019999504089355,4.328999996185303
2008-09-25 00:00:00,4.414000034332275,4.442999839782715,4.331999778747559
2008-09-26 00:00:00,4.35699987411499,4.377999782562256,4.334000110626221
2008-09-29 00:00:00,4.160999774932861,4.3480000495910645,4.127999782562256
2008-09-30 00:00:00,4.304999828338623,4.308000087738037,4.135000228881836
2008-10-01 00:00:00,4.248000144958496,4.275000095367432,4.138999938964844
2008-10-02 00:00:00,4.1539998054504395,4.193999767303467,4.13700008392334
2008-10-03 00:00:00,4.123000144958496,4.239999771118164,4.0960001945495605
2008-10-06 00:00:00,3.941999912261963,4.058000087738037,3.928999900817871
2008-10-07 00:00:00,4.0269999504089355,4.080999851226807,3.9579999446868896
2008-10-08 00:00:00,4.063000202178955,4.1579999923706055,3.8970000743865967
2008-10-09 00:00:00,4.119999885559082,4.1519999504089355,3.984999895095825
2008-10-10 00:00:00,4.13700008392334,4.158999919891357,4.076000213623047
2008-10-13 00:00:00,4.13700008392334,4.13700008392334,4.13700008392334
2008-10-14 00:00:00,4.260000228881836,4.328000068664551,4.228000164031982
2008-10-15 00:00:00,4.248000144958496,4.317999839782715,4.2230000495910645
2008-10-16 00:00:00,4.2270002365112305,4.2789998054504395,4.196000099182129
2008-10-17 00:00:00,4.311999797821045,4.373000144958496,4.229000091552734
2008-10-20 00:00:00,4.283999919891357,4.375,4.270999908447266
2008-10-21 00:00:00,4.193999767303467,4.261000156402588,4.1579999923706055
2008-10-22 00:00:00,4.0879998207092285,4.160999774932861,4.077000141143799
2008-10-23 00:00:00,3.9690001010894775,4.083000183105469,3.940999984741211
2008-10-24 00:00:00,4.086999893188477,4.086999893188477,3.884000062942505
2008-10-27 00:00:00,4.105000019073486,4.123000144958496,3.986999988555908
2008-10-28 00:00:00,4.171999931335449,4.186999797821045,4.076000213623047
2008-10-29 00:00:00,4.23799991607666,4.242000102996826,4.14300012588501
2008-10-30 00:00:00,4.283999919891357,4.284999847412109,4.234000205993652
2008-10-31 00:00:00,4.36899995803833,4.372000217437744,4.230000019073486
2008-11-03 00:00:00,4.321000099182129,4.374000072479248,4.317999839782715
2008-11-04 00:00:00,4.2220001220703125,4.364999771118164,4.196000099182129
2008-11-05 00:00:00,4.1539998054504395,4.204999923706055,4.13700008392334
2008-11-06 00:00:00,4.199999809265137,4.261000156402588,4.158999919891357
2008-11-07 00:00:00,4.261000156402588,4.283999919891357,4.169000148773193
2008-11-10 00:00:00,4.214000225067139,4.293000221252441,4.204999923706055
2008-11-11 00:00:00,4.208000183105469,4.208000183105469,4.208000183105469
2008-11-12 00:00:00,4.190000057220459,4.202000141143799,4.140999794006348
2008-11-13 00:00:00,4.333000183105469,4.3520002365112305,4.184999942779541
2008-11-14 00:00:00,4.230000019073486,4.2729997634887695,4.202000141143799
2008-11-17 00:00:00,4.205999851226807,4.232999801635742,4.171999931335449
2008-11-18 00:00:00,4.144000053405762,4.198999881744385,4.109000205993652
2008-11-19 00:00:00,3.9719998836517334,4.085999965667725,3.9539999961853027
2008-11-20 00:00:00,3.6989998817443848,3.8340001106262207,3.687999963760376
2008-11-21 00:00:00,3.6630001068115234,3.7939999103546143,3.494999885559082
2008-11-24 00:00:00,3.755000114440918,3.7799999713897705,3.680000066757202
2008-11-25 00:00:00,3.631999969482422,3.7039999961853027,3.5850000381469727
2008-11-26 00:00:00,3.562999963760376,3.61299991607666,3.507999897003174
2008-11-28 00:00:00,3.486999988555908,3.5350000858306885,3.4679999351501465
2008-12-01 00:00:00,3.2360000610351562,3.388000011444092,3.184999942779541
2008-12-02 00:00:00,3.2019999027252197,3.311000108718872,3.181999921798706
2008-12-03 00:00:00,3.184000015258789,3.2709999084472656,3.1700000762939453
2008-12-04 00:00:00,3.0840001106262207,3.174999952316284,3.069999933242798
2008-12-05 00:00:00,3.109999895095825,3.121000051498413,3.006999969482422
2008-12-08 00:00:00,3.1519999504089355,3.1760001182556152,3.0929999351501465
2008-12-09 00:00:00,3.075000047683716,3.1519999504089355,3.052000045776367
2008-12-10 00:00:00,3.0950000286102295,3.134000062942505,3.062000036239624
2008-12-11 00:00:00,3.0889999866485596,3.178999900817871,3.0510001182556152
2008-12-12 00:00:00,3.063999891281128,3.181999921798706,3.003000020980835
2008-12-15 00:00:00,3.000999927520752,3.0810000896453857,2.9809999465942383
2008-12-16 00:00:00,2.874000072479248,2.9679999351501465,2.8589999675750732
2008-12-17 00:00:00,2.6649999618530273,2.696000099182129,2.5829999446868896
2008-12-18 00:00:00,2.5460000038146973,2.621000051498413,2.5190000534057617
2008-12-19 00:00:00,2.562000036239624,2.614000082015991,2.5190000534057617
2008-12-22 00:00:00,2.5980000495910645,2.6519999504089355,2.561000108718872
2008-12-23 00:00:00,2.632999897003174,2.697999954223633,2.6080000400543213
2008-12-24 00:00:00,2.634000062942505,2.7019999027252197,2.624000072479248
2008-12-26 00:00:00,2.61299991607666,2.635999917984009,2.5920000076293945
2008-12-29 00:00:00,2.625,2.6740000247955322,2.565999984741211
2008-12-30 00:00:00,2.5829999446868896,2.697000026702881,2.568000078201294
2008-12-31 00:00:00,2.690999984741211,2.749000072479248,2.558000087738037
2009-01-02 00:00:00,2.815000057220459,2.822999954223633,2.619999885559082
2009-01-05 00:00:00,3.0399999618530273,3.0439999103546143,2.8480000495910645
2009-01-06 00:00:00,3.069000005722046,3.13700008392334,2.990999937057495
2009-01-07 00:00:00,3.065999984741211,3.0999999046325684,3.0329999923706055
2009-01-08 00:00:00,3.0450000762939453,3.055999994277954,2.986999988555908
2009-01-09 00:00:00,3.055000066757202,3.11899995803833,2.996999979019165
2009-01-12 00:00:00,2.990000009536743,3.114000082015991,2.9860000610351562
2009-01-13 00:00:00,3.0169999599456787,3.0320000648498535,2.992000102996826
2009-01-14 00:00:00,2.8949999809265137,3.0,2.884000062942505
2009-01-15 00:00:00,2.864000082015991,2.8989999294281006,2.8289999961853027
2009-01-16 00:00:00,2.8940000534057617,3.0,2.8510000705718994
2009-01-20 00:00:00,2.947000026702881,3.0850000381469727,2.934000015258789
2009-01-21 00:00:00,3.138000011444092,3.140000104904175,3.015000104904175
2009-01-22 00:00:00,3.25,3.2990000247955322,3.111999988555908
2009-01-23 00:00:00,3.3320000171661377,3.388000011444092,3.2750000953674316
2009-01-26 00:00:00,3.382999897003174,3.4170000553131104,3.3239998817443848
2009-01-27 00:00:00,3.2339999675750732,3.3499999046325684,3.2330000400543213
2009-01-28 00:00:00,3.434000015258789,3.437999963760376,3.2230000495910645
2009-01-29 00:00:00,3.559000015258789,3.559000015258789,3.4200000762939453
2009-01-30 00:00:00,3.6029999256134033,3.6110000610351562,3.51200008392334
2009-02-02 00:00:00,3.4700000286102295,3.5969998836517334,3.4630000591278076
2009-02-03 00:00:00,3.622999906539917,3.634000062942505,3.5260000228881836
2009-02-04 00:00:00,3.6730000972747803,3.734999895095825,3.61899995803833
2009-02-05 00:00:00,3.634000062942505,3.678999900817871,3.5889999866485596
2009-02-06 00:00:00,3.683000087738037,3.7049999237060547,3.6440000534057617
2009-02-09 00:00:00,3.7060000896453857,3.763000011444092,3.7060000896453857
2009-02-10 00:00:00,3.5299999713897705,3.627000093460083,3.5290000438690186
2009-02-11 00:00:00,3.4519999027252197,3.5169999599456787,3.4189999103546143
2009-02-12 00:00:00,3.4619998931884766,3.5369999408721924,3.447000026702881
2009-02-13 00:00:00,3.681999921798706,3.683000087738037,3.5390000343322754
2009-02-17 00:00:00,3.4860000610351562,3.5850000381469727,3.4809999465942383
2009-02-18 00:00:00,3.5250000953674316,3.5250000953674316,3.4140000343322754
2009-02-19 00:00:00,3.687999963760376,3.690000057220459,3.578000068664551
2009-02-20 00:00:00,3.565000057220459,3.609999895095825,3.492000102996826
2009-02-23 00:00:00,3.5250000953674316,3.6519999504089355,3.5160000324249268
2009-02-24 00:00:00,3.49399995803833,3.509999990463257,3.4159998893737793
2009-02-25 00:00:00,3.6010000705718994,3.6019999980926514,3.4739999771118164
2009-02-26 00:00:00,3.6459999084472656,3.697999954223633,3.617000102996826
2009-02-27 00:00:00,3.7219998836517334,3.747999906539917,3.6040000915527344
2009-03-02 00:00:00,3.6489999294281006,3.6760001182556152,3.5980000495910645
2009-03-03 00:00:00,3.6760001182556152,3.6989998817443848,3.5920000076293945
2009-03-04 00:00:00,3.697999954223633,3.7330000400543213,3.6679999828338623
2009-03-05 00:00:00,3.505000114440918,3.61899995803833,3.494999885559082
2009-03-06 00:00:00,3.503000020980835,3.572999954223633,3.4509999752044678
2009-03-09 00:00:00,3.5929999351501465,3.625,3.5339999198913574
2009-03-10 00:00:00,3.7070000171661377,3.7070000171661377,3.622999906539917
2009-03-11 00:00:00,3.6570000648498535,3.7739999294281006,3.6459999084472656
2009-03-12 00:00:00,3.634999990463257,3.6989998817443848,3.5910000801086426
2009-03-13 00:00:00,3.671999931335449,3.6989998817443848,3.6080000400543213
2009-03-16 00:00:00,3.765000104904175,3.828000068664551,3.752000093460083
2009-03-17 00:00:00,3.803999900817871,3.805999994277954,3.696000099182129
2009-03-18 00:00:00,3.572000026702881,3.8459999561309814,3.374000072479248
2009-03-19 00:00:00,3.611999988555908,3.614000082015991,3.507999897003174
2009-03-20 00:00:00,3.6540000438690186,3.6540000438690186,3.6050000190734863
2009-03-23 00:00:00,3.693000078201294,3.693000078201294,3.634000062942505
2009-03-24 00:00:00,3.6059999465942383,3.7750000953674316,3.5899999141693115
2009-03-25 00:00:00,3.7170000076293945,3.752000093460083,3.6730000972747803
2009-03-26 00:00:00,3.6510000228881836,3.765000104904175,3.6440000534057617
2009-03-27 00:00:00,3.618000030517578,3.6710000038146973,3.5850000381469727
2009-03-30 00:00:00,3.6019999980926514,3.6540000438690186,3.5329999923706055
2009-03-31 00:00:00,3.561000108718872,3.621000051498413,3.5420000553131104
2009-04-01 00:00:00,3.49399995803833,3.553999900817871,3.49399995803833
2009-04-02 00:00:00,3.5769999027252197,3.5910000801086426,3.5190000534057617
2009-04-03 00:00:00,3.7209999561309814,3.7309999465942383,3.572000026702881
2009-04-06 00:00:00,3.757999897003174,3.760999917984009,3.6589999198913574
2009-04-07 00:00:00,3.7290000915527344,3.746000051498413,3.693000078201294
2009-04-08 00:00:00,3.6589999198913574,3.7179999351501465,3.6540000438690186
2009-04-09 00:00:00,3.75600004196167,3.7890000343322754,3.6989998817443848
2009-04-13 00:00:00,3.687000036239624,3.7730000019073486,3.6700000762939453
2009-04-14 00:00:00,3.6570000648498535,3.7339999675750732,3.6419999599456787
2009-04-15 00:00:00,3.6470000743865967,3.7239999771118164,3.634999990463257
2009-04-16 00:00:00,3.7119998931884766,3.7269999980926514,3.678999900817871
2009-04-17 00:00:00,3.7850000858306885,3.811000108718872,3.7239999771118164
2009-04-20 00:00:00,3.687000036239624,3.743000030517578,3.686000108718872
2009-04-21 00:00:00,3.746000051498413,3.747999906539917,3.625999927520752
2009-04-22 00:00:00,3.8340001106262207,3.8359999656677246,3.736999988555908
2009-04-23 00:00:00,3.796999931335449,3.8399999141693115,3.7920000553131104
2009-04-24 00:00:00,3.875999927520752,3.8910000324249268,3.8299999237060547
2009-04-27 00:00:00,3.8380000591278076,3.9100000858306885,3.828000068664551
2009-04-28 00:00:00,3.9549999237060547,3.9549999237060547,3.7990000247955322
2009-04-29 00:00:00,4.026000022888184,4.046000003814697,3.9010000228881836
2009-04-30 00:00:00,4.044000148773193,4.0920000076293945,4.026000022888184
2009-05-01 00:00:00,4.0879998207092285,4.123000144958496,4.071000099182129
2009-05-04 00:00:00,4.065000057220459,4.109000205993652,4.0370001792907715
2009-05-05 00:00:00,4.052999973297119,4.10699987411499,4.0320000648498535
2009-05-06 00:00:00,4.081999778747559,4.105999946594238,4.0370001792907715
2009-05-07 00:00:00,4.261000156402588,4.307000160217285,4.131999969482422
2009-05-08 00:00:00,4.27400016784668,4.386000156402588,4.24399995803833
2009-05-11 00:00:00,4.179999828338623,4.22599983215332,4.179999828338623
2009-05-12 00:00:00,4.1570000648498535,4.236999988555908,4.138000011444092
2009-05-13 00:00:00,4.085000038146973,4.1539998054504395,4.076000213623047
2009-05-14 00:00:00,4.065999984741211,4.122000217437744,4.059999942779541
2009-05-15 00:00:00,4.083000183105469,4.107999801635742,4.040999889373779
2009-05-18 00:00:00,4.176000118255615,4.176000118255615,4.044000148773193
2009-05-19 00:00:00,4.206999778747559,4.234000205993652,4.179999828338623
2009-05-20 00:00:00,4.159999847412109,4.229000091552734,4.146999835968018
2009-05-21 00:00:00,4.313000202178955,4.327000141143799,4.103000164031982
2009-05-22 00:00:00,4.392000198364258,4.392000198364258,4.264999866485596
2009-05-26 00:00:00,4.446000099182129,4.446000099182129,4.339000225067139
2009-05-27 00:00:00,4.605999946594238,4.605999946594238,4.453000068664551
2009-05-28 00:00:00,4.53000020980835,4.627999782562256,4.480000019073486
2009-05-29 00:00:00,4.3379998207092285,4.517000198364258,4.336999893188477
2009-06-01 00:00:00,4.574999809265137,4.580999851226807,4.374000072479248
2009-06-02 00:00:00,4.488999843597412,4.558000087738037,4.48199987411499
2009-06-03 00:00:00,4.445000171661377,4.519000053405762,4.435999870300293
2009-06-04 00:00:00,4.59499979019165,4.59499979019165,4.49399995803833
2009-06-05 00:00:00,4.656000137329102,4.7179999351501465,4.554999828338623
2009-06-08 00:00:00,4.635000228881836,4.644000053405762,4.564000129699707
2009-06-09 00:00:00,4.6529998779296875,4.685999870300293,4.599999904632568
2009-06-10 00:00:00,4.749000072479248,5.065999984741211,4.677000045776367
2009-06-11 00:00:00,4.691999912261963,4.841000080108643,4.6570000648498535
2009-06-12 00:00:00,4.632999897003174,4.692999839782715,4.5920000076293945
2009-06-15 00:00:00,4.554999828338623,4.632999897003174,4.554999828338623
2009-06-16 00:00:00,4.502999782562256,4.616000175476074,4.489999771118164
2009-06-17 00:00:00,4.465000152587891,4.500999927520752,4.401000022888184
2009-06-18 00:00:00,4.624000072479248,4.630000114440918,4.520999908447266
2009-06-19 00:00:00,4.521999835968018,4.638000011444092,4.520999908447266
2009-06-22 00:00:00,4.428999900817871,4.495999813079834,4.423999786376953
2009-06-23 00:00:00,4.373000144958496,4.478000164031982,4.363999843597412
2009-06-24 00:00:00,4.425000190734863,4.558000087738037,4.3470001220703125
2009-06-25 00:00:00,4.328999996185303,4.448999881744385,4.327000141143799
2009-06-26 00:00:00,4.302999973297119,4.349999904632568,4.290999889373779
2009-06-29 00:00:00,4.307000160217285,4.328000068664551,4.265999794006348
2009-06-30 00:00:00,4.310999870300293,4.379000186920166,4.27400016784668
2009-07-01 00:00:00,4.3470001220703125,4.3979997634887695,4.336999893188477
2009-07-02 00:00:00,4.316999912261963,4.36299991607666,4.296000003814697
2009-07-06 00:00:00,4.35099983215332,4.389999866485596,4.336999893188477
2009-07-07 00:00:00,4.308000087738037,4.389999866485596,4.308000087738037
2009-07-08 00:00:00,4.164000034332275,4.2870001792907715,4.156000137329102
2009-07-09 00:00:00,4.317999839782715,4.327000141143799,4.236999988555908
2009-07-10 00:00:00,4.201000213623047,4.257999897003174,4.191999912261963
2009-07-13 00:00:00,4.232999801635742,4.238999843597412,4.179999828338623
2009-07-14 00:00:00,4.348999977111816,4.35099983215332,4.2729997634887695
2009-07-15 00:00:00,4.486999988555908,4.492000102996826,4.39300012588501
2009-07-16 00:00:00,4.446000099182129,4.497000217437744,4.406000137329102
2009-07-17 00:00:00,4.5289998054504395,4.5320000648498535,4.426000118255615
2009-07-20 00:00:00,4.466000080108643,4.580999851226807,4.458000183105469
2009-07-21 00:00:00,4.373000144958496,4.574999809265137,4.372000217437744
2009-07-22 00:00:00,4.4679999351501465,4.4720001220703125,4.38100004196167
2009-07-23 00:00:00,4.598999977111816,4.6020002365112305,4.4019999504089355
2009-07-24 00:00:00,4.554999828338623,4.59499979019165,4.5229997634887695
2009-07-27 00:00:00,4.61299991607666,4.656000137329102,4.574999809265137
2009-07-28 00:00:00,4.559000015258789,4.618000030517578,4.51200008392334
2009-07-29 00:00:00,4.502999782562256,4.579999923706055,4.473999977111816
2009-07-30 00:00:00,4.449999809265137,4.557000160217285,4.435999870300293
2009-07-31 00:00:00,4.310999870300293,4.4720001220703125,4.310999870300293
2009-08-03 00:00:00,4.421999931335449,4.435999870300293,4.3460001945495605
2009-08-04 00:00:00,4.464000225067139,4.511000156402588,4.355000019073486
2009-08-05 00:00:00,4.560999870300293,4.564000129699707,4.434999942779541
2009-08-06 00:00:00,4.517000198364258,4.60699987411499,4.498000144958496
2009-08-07 00:00:00,4.603000164031982,4.670000076293945,4.498000144958496
2009-08-10 00:00:00,4.526000022888184,4.614999771118164,4.519000053405762
2009-08-11 00:00:00,4.453000068664551,4.513999938964844,4.434999942779541
2009-08-12 00:00:00,4.5229997634887695,4.572000026702881,4.420000076293945
2009-08-13 00:00:00,4.420000076293945,4.585000038146973,4.420000076293945
2009-08-14 00:00:00,4.406000137329102,4.436999797821045,4.3520002365112305
2009-08-17 00:00:00,4.3480000495910645,4.401000022888184,4.330999851226807
2009-08-18 00:00:00,4.364999771118164,4.364999771118164,4.311999797821045
2009-08-19 00:00:00,4.294000148773193,4.339000225067139,4.254000186920166
2009-08-20 00:00:00,4.242000102996826,4.307000160217285,4.23799991607666
2009-08-21 00:00:00,4.359000205993652,4.359000205993652,4.242000102996826
2009-08-24 00:00:00,4.288000106811523,4.419000148773193,4.2789998054504395
2009-08-25 00:00:00,4.230000019073486,4.298999786376953,4.2220001220703125
2009-08-26 00:00:00,4.199999809265137,4.248000144958496,4.197999954223633
2009-08-27 00:00:00,4.230000019073486,4.26800012588501,4.186999797821045
2009-08-28 00:00:00,4.208000183105469,4.296000003814697,4.198999881744385
2009-08-31 00:00:00,4.181000232696533,4.25,4.176000118255615
2009-09-01 00:00:00,4.197999954223633,4.263999938964844,4.160999774932861
2009-09-02 00:00:00,4.104000091552734,4.203000068664551,4.1020002365112305
2009-09-03 00:00:00,4.150000095367432,4.175000190734863,4.131999969482422
2009-09-04 00:00:00,4.2729997634887695,4.2769999504089355,4.1570000648498535
2009-09-08 00:00:00,4.310999870300293,4.324999809265137,4.252999782562256
2009-09-09 00:00:00,4.335000038146973,4.390999794006348,4.322999954223633
2009-09-10 00:00:00,4.175000190734863,4.334000110626221,4.175000190734863
2009-09-11 00:00:00,4.175000190734863,4.210000038146973,4.103000164031982
2009-09-14 00:00:00,4.215000152587891,4.234000205993652,4.175000190734863
2009-09-15 00:00:00,4.26200008392334,4.291999816894531,4.235000133514404
2009-09-16 00:00:00,4.265999794006348,4.310999870300293,4.197999954223633
2009-09-17 00:00:00,4.177999973297119,4.284999847412109,4.164999961853027
2009-09-18 00:00:00,4.230999946594238,4.239999771118164,4.179999828338623
2009-09-21 00:00:00,4.244999885559082,4.264999866485596,4.188000202178955
2009-09-22 00:00:00,4.208000183105469,4.267000198364258,4.192999839782715
2009-09-23 00:00:00,4.195000171661377,4.339000225067139,4.178999900817871
2009-09-24 00:00:00,4.173999786376953,4.263000011444092,4.1529998779296875
2009-09-25 00:00:00,4.0929999351501465,4.178999900817871,4.0929999351501465
2009-09-28 00:00:00,4.045000076293945,4.098999977111816,4.039999961853027
2009-09-29 00:00:00,4.0229997634887695,4.093999862670898,4.017000198364258
2009-09-30 00:00:00,4.047999858856201,4.066999912261963,4.019999980926514
2009-10-01 00:00:00,3.9590001106262207,4.045000076293945,3.934999942779541
2009-10-02 00:00:00,4.011000156402588,4.011000156402588,3.888000011444092
2009-10-05 00:00:00,4.0229997634887695,4.02400016784668,3.9660000801086426
2009-10-06 00:00:00,4.058000087738037,4.078000068664551,4.0229997634887695
2009-10-07 00:00:00,3.992000102996826,4.059000015258789,3.990000009536743
2009-10-08 00:00:00,4.093999862670898,4.098999977111816,3.9600000381469727
2009-10-09 00:00:00,4.2270002365112305,4.248000144958496,4.070000171661377
2009-10-12 00:00:00,4.228000164031982,4.228000164031982,4.228000164031982
2009-10-13 00:00:00,4.1529998779296875,4.191999912261963,4.1479997634887695
2009-10-14 00:00:00,4.275000095367432,4.291999816894531,4.199999809265137
2009-10-15 00:00:00,4.313000202178955,4.324999809265137,4.243000030517578
2009-10-16 00:00:00,4.247000217437744,4.296999931335449,4.235000133514404
2009-10-19 00:00:00,4.2170000076293945,4.254000186920166,4.203000068664551
2009-10-20 00:00:00,4.159999847412109,4.198999881744385,4.123000144958496
2009-10-21 00:00:00,4.230000019073486,4.247000217437744,4.190999984741211
2009-10-22 00:00:00,4.249000072479248,4.2729997634887695,4.216000080108643
2009-10-23 00:00:00,4.289000034332275,4.301000118255615,4.250999927520752
2009-10-26 00:00:00,4.366000175476074,4.388999938964844,4.283999919891357
2009-10-27 00:00:00,4.289000034332275,4.375,4.2870001792907715
2009-10-28 00:00:00,4.243000030517578,4.289999961853027,4.230999946594238
2009-10-29 00:00:00,4.34499979019165,4.369999885559082,4.261000156402588
2009-10-30 00:00:00,4.236000061035156,4.308000087738037,4.232999801635742
2009-11-02 00:00:00,4.26800012588501,4.290999889373779,4.230999946594238
2009-11-03 00:00:00,4.336999893188477,4.348999977111816,4.248000144958496
2009-11-04 00:00:00,4.434000015258789,4.439000129699707,4.34499979019165
2009-11-05 00:00:00,4.4120001792907715,4.436999797821045,4.400000095367432
2009-11-06 00:00:00,4.394000053405762,4.461999893188477,4.355999946594238
2009-11-09 00:00:00,4.401000022888184,4.421999931335449,4.36899995803833
2009-11-10 00:00:00,4.414999961853027,4.433000087738037,4.335000038146973
2009-11-11 00:00:00,4.414000034332275,4.414000034332275,4.414000034332275
2009-11-12 00:00:00,4.386000156402588,4.480999946594238,4.381999969482422
2009-11-13 00:00:00,4.355999946594238,4.414000034332275,4.355000019073486
2009-11-16 00:00:00,4.257999897003174,4.326000213623047,4.256999969482422
2009-11-17 00:00:00,4.25,4.313000202178955,4.236000061035156
2009-11-18 00:00:00,4.298999786376953,4.308000087738037,4.243000030517578
2009-11-19 00:00:00,4.288000106811523,4.302000045776367,4.232999801635742
2009-11-20 00:00:00,4.295000076293945,4.327000141143799,4.269000053405762
2009-11-23 00:00:00,4.2870001792907715,4.354000091552734,4.2870001792907715
2009-11-24 00:00:00,4.256999969482422,4.298999786376953,4.247000217437744
2009-11-25 00:00:00,4.23799991607666,4.303999900817871,4.214000225067139
2009-11-27 00:00:00,4.218999862670898,4.23199987411499,4.190000057220459
2009-11-30 00:00:00,4.193999767303467,4.236000061035156,4.193999767303467
2009-12-01 00:00:00,4.275000095367432,4.275000095367432,4.21999979019165
2009-12-02 00:00:00,4.27400016784668,4.289000034332275,4.2210001945495605
2009-12-03 00:00:00,4.328999996185303,4.335999965667725,4.285999774932861
2009-12-04 00:00:00,4.413000106811523,4.439000129699707,4.322000026702881
2009-12-07 00:00:00,4.406000137329102,4.420000076293945,4.36899995803833
2009-12-08 00:00:00,4.380000114440918,4.4029998779296875,4.323999881744385
2009-12-09 00:00:00,4.4079999923706055,4.456999778747559,4.35099983215332
2009-12-10 00:00:00,4.492000102996826,4.51200008392334,4.428999900817871
2009-12-11 00:00:00,4.497000217437744,4.556000232696533,4.489999771118164
2009-12-14 00:00:00,4.474999904632568,4.501999855041504,4.464000225067139
2009-12-15 00:00:00,4.5329999923706055,4.557000160217285,4.499000072479248
2009-12-16 00:00:00,4.5329999923706055,4.550000190734863,4.484000205993652
2009-12-17 00:00:00,4.415999889373779,4.5,4.414999961853027
2009-12-18 00:00:00,4.458000183105469,4.4670000076293945,4.39900016784668
2009-12-21 00:00:00,4.566999912261963,4.566999912261963,4.49399995803833
2009-12-22 00:00:00,4.605000019073486,4.63100004196167,4.583000183105469
2009-12-23 00:00:00,4.603000164031982,4.605999946594238,4.552999973297119
2009-12-24 00:00:00,4.686999797821045,4.686999797821045,4.603000164031982
2009-12-28 00:00:00,4.703999996185303,4.7129998207092285,4.677999973297119
2009-12-29 00:00:00,4.646999835968018,4.708000183105469,4.640999794006348
2009-12-30 00:00:00,4.6020002365112305,4.6479997634887695,4.6020002365112305
2009-12-31 00:00:00,4.640999794006348,4.714000225067139,4.613999843597412
2010-01-04 00:00:00,4.659999847412109,4.678999900817871,4.630000114440918
2010-01-05 00:00:00,4.5929999351501465,4.6479997634887695,4.586999893188477
2010-01-06 00:00:00,4.671000003814697,4.679999828338623,4.618000030517578
2010-01-07 00:00:00,4.689000129699707,4.74399995803833,4.6620001792907715
2010-01-08 00:00:00,4.695000171661377,4.761000156402588,4.6620001792907715
2010-01-11 00:00:00,4.729000091552734,4.73799991607666,4.696000099182129
2010-01-12 00:00:00,4.623000144958496,4.666999816894531,4.619999885559082
2010-01-13 00:00:00,4.706999778747559,4.7129998207092285,4.63100004196167
2010-01-14 00:00:00,4.624000072479248,4.695000171661377,4.614999771118164
2010-01-15 00:00:00,4.574999809265137,4.613999843597412,4.559999942779541
2010-01-19 00:00:00,4.5980000495910645,4.629000186920166,4.573999881744385
2010-01-20 00:00:00,4.543000221252441,4.567999839782715,4.53000020980835
2010-01-21 00:00:00,4.50600004196167,4.559999942779541,4.489999771118164
2010-01-22 00:00:00,4.510000228881836,4.5370001792907715,4.48799991607666
2010-01-25 00:00:00,4.552999973297119,4.578999996185303,4.5279998779296875
2010-01-26 00:00:00,4.565999984741211,4.570000171661377,4.497000217437744
2010-01-27 00:00:00,4.552999973297119,4.568999767303467,4.520999908447266
2010-01-28 00:00:00,4.568999767303467,4.59499979019165,4.553999900817871
2010-01-29 00:00:00,4.510000228881836,4.60099983215332,4.502999782562256
2010-02-01 00:00:00,4.568999767303467,4.578000068664551,4.50600004196167
2010-02-02 00:00:00,4.550000190734863,4.577000141143799,4.547999858856201
2010-02-03 00:00:00,4.631999969482422,4.636000156402588,4.583000183105469
2010-02-04 00:00:00,4.545000076293945,4.616000175476074,4.538000106811523
2010-02-05 00:00:00,4.493000030517578,4.580999851226807,4.486000061035156
2010-02-08 00:00:00,4.521999835968018,4.540999889373779,4.511000156402588
2010-02-09 00:00:00,4.567999839782715,4.574999809265137,4.502999782562256
2010-02-10 00:00:00,4.636000156402588,4.650000095367432,4.546999931335449
2010-02-11 00:00:00,4.678999900817871,4.714000225067139,4.631999969482422
2010-02-12 00:00:00,4.6570000648498535,4.666999816894531,4.63100004196167
2010-02-16 00:00:00,4.638999938964844,4.683000087738037,4.627999782562256
2010-02-17 00:00:00,4.714000225067139,4.730999946594238,4.6539998054504395
2010-02-18 00:00:00,4.751999855041504,4.77400016784668,4.677000045776367
2010-02-19 00:00:00,4.702000141143799,4.75,4.697999954223633
2010-02-22 00:00:00,4.730999946594238,4.748000144958496,4.716000080108643
2010-02-23 00:00:00,4.631999969482422,4.7179999351501465,4.626999855041504
2010-02-24 00:00:00,4.633999824523926,4.6539998054504395,4.604000091552734
2010-02-25 00:00:00,4.581999778747559,4.60699987411499,4.578000068664551
2010-02-26 00:00:00,4.5289998054504395,4.572999954223633,4.521999835968018
2010-03-01 00:00:00,4.557000160217285,4.584000110626221,4.544000148773193
2010-03-02 00:00:00,4.568999767303467,4.605999946594238,4.563000202178955
2010-03-03 00:00:00,4.585999965667725,4.607999801635742,4.567999839782715
2010-03-04 00:00:00,4.556000232696533,4.603000164031982,4.538000106811523
2010-03-05 00:00:00,4.638999938964844,4.65500020980835,4.570000171661377
2010-03-08 00:00:00,4.671999931335449,4.685999870300293,4.663000106811523
2010-03-09 00:00:00,4.677000045776367,4.705999851226807,4.6519999504089355
2010-03-10 00:00:00,4.689000129699707,4.7210001945495605,4.684000015258789
2010-03-11 00:00:00,4.658999919891357,4.718999862670898,4.6529998779296875
2010-03-12 00:00:00,4.632999897003174,4.704999923706055,4.614999771118164
2010-03-15 00:00:00,4.636000156402588,4.659999847412109,4.625999927520752
2010-03-16 00:00:00,4.5929999351501465,4.646999835968018,4.5879998207092285
2010-03-17 00:00:00,4.572000026702881,4.589000225067139,4.558000087738037
2010-03-18 00:00:00,4.589000225067139,4.5960001945495605,4.5370001792907715
2010-03-19 00:00:00,4.578999996185303,4.620999813079834,4.554999828338623
2010-03-22 00:00:00,4.568999767303467,4.5920000076293945,4.561999797821045
2010-03-23 00:00:00,4.5980000495910645,4.605999946594238,4.576000213623047
2010-03-24 00:00:00,4.7210001945495605,4.743000030517578,4.638999938964844
2010-03-25 00:00:00,4.7769999504089355,4.794000148773193,4.716000080108643
2010-03-26 00:00:00,4.751999855041504,4.7829999923706055,4.736999988555908
2010-03-29 00:00:00,4.763000011444092,4.798999786376953,4.758999824523926
2010-03-30 00:00:00,4.756999969482422,4.802999973297119,4.756999969482422
2010-03-31 00:00:00,4.715000152587891,4.752999782562256,4.7129998207092285
2010-04-01 00:00:00,4.728000164031982,4.769999980926514,4.7220001220703125
2010-04-05 00:00:00,4.8429999351501465,4.8520002365112305,4.789000034332275
2010-04-06 00:00:00,4.843999862670898,4.85699987411499,4.808000087738037
2010-04-07 00:00:00,4.74399995803833,4.857999801635742,4.739999771118164
2010-04-08 00:00:00,4.761000156402588,4.77400016784668,4.7230000495910645
2010-04-09 00:00:00,4.745999813079834,4.7769999504089355,4.730000019073486
2010-04-12 00:00:00,4.697999954223633,4.755000114440918,4.693999767303467
2010-04-13 00:00:00,4.669000148773193,4.702000141143799,4.664999961853027
2010-04-14 00:00:00,4.7220001220703125,4.7270002365112305,4.664999961853027
2010-04-15 00:00:00,4.728000164031982,4.76200008392334,4.701000213623047
2010-04-16 00:00:00,4.671000003814697,4.723999977111816,4.671000003814697
2010-04-19 00:00:00,4.699999809265137,4.701000213623047,4.666999816894531
2010-04-20 00:00:00,4.677999973297119,4.703000068664551,4.671999931335449
2010-04-21 00:00:00,4.609000205993652,4.664000034332275,4.607999801635742
2010-04-22 00:00:00,4.636000156402588,4.638000011444092,4.5920000076293945
2010-04-23 00:00:00,4.668000221252441,4.681000232696533,4.644999980926514
2010-04-26 00:00:00,4.672999858856201,4.678999900817871,4.627999782562256
2010-04-27 00:00:00,4.560999870300293,4.638000011444092,4.539999961853027
2010-04-28 00:00:00,4.638000011444092,4.638000011444092,4.579999923706055
2010-04-29 00:00:00,4.591000080108643,4.642000198364258,4.591000080108643
2010-04-30 00:00:00,4.5269999504089355,4.61299991607666,4.5269999504089355
2010-05-03 00:00:00,4.546000003814697,4.565999984741211,4.5320000648498535
2010-05-04 00:00:00,4.439000129699707,4.504000186920166,4.439000129699707
2010-05-05 00:00:00,4.394000053405762,4.422999858856201,4.322000026702881
2010-05-06 00:00:00,4.164999961853027,4.439000129699707,4.059999942779541
2010-05-07 00:00:00,4.28000020980835,4.3470001220703125,4.105999946594238
2010-05-10 00:00:00,4.409999847412109,4.458000183105469,4.388000011444092
2010-05-11 00:00:00,4.421999931335449,4.456999778747559,4.36299991607666
2010-05-12 00:00:00,4.4730000495910645,4.479000091552734,4.439000129699707
2010-05-13 00:00:00,4.460999965667725,4.513999938964844,4.419000148773193
2010-05-14 00:00:00,4.315999984741211,4.4079999923706055,4.289999961853027
2010-05-17 00:00:00,4.34499979019165,4.355999946594238,4.2769999504089355
2010-05-18 00:00:00,4.254000186920166,4.361999988555908,4.244999885559082
2010-05-19 00:00:00,4.236999988555908,4.270999908447266,4.195000171661377
2010-05-20 00:00:00,4.135000228881836,4.1529998779296875,4.083000183105469
2010-05-21 00:00:00,4.065000057220459,4.123000144958496,3.9839999675750732
2010-05-24 00:00:00,4.104000091552734,4.111000061035156,4.046000003814697
2010-05-25 00:00:00,4.050000190734863,4.074999809265137,3.99399995803833
2010-05-26 00:00:00,4.114999771118164,4.1579999923706055,4.0929999351501465
2010-05-27 00:00:00,4.238999843597412,4.25,4.1570000648498535
2010-05-28 00:00:00,4.214000225067139,4.251999855041504,4.211999893188477
2010-06-01 00:00:00,4.202000141143799,4.216000080108643,4.132999897003174
2010-06-02 00:00:00,4.23799991607666,4.242000102996826,4.15500020980835
2010-06-03 00:00:00,4.288000106811523,4.317999839782715,4.245999813079834
2010-06-04 00:00:00,4.11899995803833,4.252999782562256,4.11899995803833
2010-06-07 00:00:00,4.124000072479248,4.173999786376953,4.11299991607666
2010-06-08 00:00:00,4.09499979019165,4.136000156402588,4.085000038146973
2010-06-09 00:00:00,4.11899995803833,4.263000011444092,4.118000030517578
2010-06-10 00:00:00,4.241000175476074,4.241000175476074,4.13700008392334
2010-06-11 00:00:00,4.135000228881836,4.215000152587891,4.132999897003174
2010-06-14 00:00:00,4.201000213623047,4.23799991607666,4.184999942779541
2010-06-15 00:00:00,4.230000019073486,4.247000217437744,4.170000076293945
2010-06-16 00:00:00,4.199999809265137,4.229000091552734,4.158999919891357
2010-06-17 00:00:00,4.122000217437744,4.205999851226807,4.110000133514404
2010-06-18 00:00:00,4.14900016784668,4.1570000648498535,4.110000133514404
2010-06-21 00:00:00,4.164000034332275,4.230999946594238,4.15500020980835
2010-06-22 00:00:00,4.098999977111816,4.164000034332275,4.0960001945495605
2010-06-23 00:00:00,4.059999942779541,4.122000217437744,4.03000020980835
2010-06-24 00:00:00,4.0879998207092285,4.10699987411499,4.025000095367432
2010-06-25 00:00:00,4.071000099182129,4.127999782562256,4.048999786376953
2010-06-28 00:00:00,4.013000011444092,4.061999797821045,4.008999824523926
2010-06-29 00:00:00,3.946000099182129,3.993000030517578,3.941999912261963
2010-06-30 00:00:00,3.9089999198913574,3.953000068664551,3.9079999923706055
2010-07-01 00:00:00,3.868000030517578,3.8980000019073486,3.8259999752044678
2010-07-02 00:00:00,3.940999984741211,3.941999912261963,3.864000082015991
2010-07-06 00:00:00,3.8919999599456787,3.941999912261963,3.8919999599456787
2010-07-07 00:00:00,3.9539999961853027,3.9560000896453857,3.884999990463257
2010-07-08 00:00:00,4.000999927520752,4.019999980926514,3.9690001010894775
2010-07-09 00:00:00,4.039999961853027,4.044000148773193,4.000999927520752
2010-07-12 00:00:00,4.039999961853027,4.046000003814697,4.004000186920166
2010-07-13 00:00:00,4.10099983215332,4.110000133514404,4.059999942779541
2010-07-14 00:00:00,4.0329999923706055,4.105000019073486,4.025000095367432
2010-07-15 00:00:00,3.9679999351501465,4.053999900817871,3.9609999656677246
2010-07-16 00:00:00,3.9489998817443848,4.004000186920166,3.927000045776367
2010-07-19 00:00:00,3.98799991607666,3.989000082015991,3.953000068664551
2010-07-20 00:00:00,3.9630000591278076,3.990999937057495,3.944000005722046
2010-07-21 00:00:00,3.9010000228881836,3.993000030517578,3.8980000019073486
2010-07-22 00:00:00,3.947999954223633,3.9489998817443848,3.8989999294281006
2010-07-23 00:00:00,4.019000053405762,4.020999908447266,3.946000099182129
2010-07-26 00:00:00,4.01800012588501,4.064000129699707,4.004000186920166
2010-07-27 00:00:00,4.079999923706055,4.091000080108643,4.052999973297119
2010-07-28 00:00:00,4.067999839782715,4.111000061035156,4.052000045776367
2010-07-29 00:00:00,4.079999923706055,4.138000011444092,4.077000141143799
2010-07-30 00:00:00,3.9769999980926514,4.054999828338623,3.9769999980926514
2010-08-02 00:00:00,4.066999912261963,4.071000099182129,4.020999908447266
2010-08-03 00:00:00,4.046000003814697,4.059999942779541,4.017000198364258
2010-08-04 00:00:00,4.071000099182129,4.073999881744385,4.007999897003174
2010-08-05 00:00:00,4.065000057220459,4.077000141143799,4.0279998779296875
2010-08-06 00:00:00,4.001999855041504,4.071000099182129,3.996999979019165
2010-08-09 00:00:00,4.006999969482422,4.025000095367432,4.0
2010-08-10 00:00:00,4.03000020980835,4.033999919891357,3.937999963760376
2010-08-11 00:00:00,3.9210000038146973,3.986999988555908,3.9200000762939453
2010-08-12 00:00:00,3.930999994277954,3.953000068664551,3.888000011444092
2010-08-13 00:00:00,3.869999885559082,3.930000066757202,3.868000030517578
2010-08-16 00:00:00,3.7200000286102295,3.7920000553131104,3.7190001010894775
2010-08-17 00:00:00,3.7699999809265137,3.7739999294281006,3.7149999141693115
2010-08-18 00:00:00,3.7339999675750732,3.742000102996826,3.678999900817871
2010-08-19 00:00:00,3.6570000648498535,3.749000072479248,3.621999979019165
2010-08-20 00:00:00,3.6610000133514404,3.6700000762939453,3.6040000915527344
2010-08-23 00:00:00,3.6659998893737793,3.703000068664551,3.6659998893737793
2010-08-24 00:00:00,3.563999891281128,3.621999979019165,3.5429999828338623
2010-08-25 00:00:00,3.575000047683716,3.5840001106262207,3.4619998931884766
2010-08-26 00:00:00,3.5309998989105225,3.5869998931884766,3.5290000438690186
2010-08-27 00:00:00,3.697999954223633,3.7070000171661377,3.5209999084472656
2010-08-30 00:00:00,3.6019999980926514,3.6730000972747803,3.5989999771118164
2010-08-31 00:00:00,3.5329999923706055,3.572000026702881,3.5179998874664307
2010-09-01 00:00:00,3.6619999408721924,3.6989998817443848,3.5420000553131104
2010-09-02 00:00:00,3.7260000705718994,3.740000009536743,3.6559998989105225
2010-09-03 00:00:00,3.7829999923706055,3.875,3.746000051498413
2010-09-07 00:00:00,3.6689999103546143,3.7200000286102295,3.6689999103546143
2010-09-08 00:00:00,3.7230000495910645,3.75,3.690000057220459
2010-09-09 00:00:00,3.8450000286102295,3.8469998836517334,3.759000062942505
2010-09-10 00:00:00,3.872999906539917,3.8980000019073486,3.8450000286102295
2010-09-13 00:00:00,3.8420000076293945,3.9179999828338623,3.8399999141693115
2010-09-14 00:00:00,3.7860000133514404,3.871000051498413,3.7809998989105225
2010-09-15 00:00:00,3.874000072479248,3.88100004196167,3.815000057220459
2010-09-16 00:00:00,3.9230000972747803,3.9579999446868896,3.861999988555908
2010-09-17 00:00:00,3.9110000133514404,3.930999994277954,3.8559999465942383
2010-09-20 00:00:00,3.865999937057495,3.9070000648498535,3.861999988555908
2010-09-21 00:00:00,3.7850000858306885,3.874000072479248,3.7829999923706055
2010-09-22 00:00:00,3.742000102996826,3.7820000648498535,3.7109999656677246
2010-09-23 00:00:00,3.7330000400543213,3.759000062942505,3.674999952316284
2010-09-24 00:00:00,3.7929999828338623,3.8010001182556152,3.746000051498413
2010-09-27 00:00:00,3.6989998817443848,3.75,3.690000057220459
2010-09-28 00:00:00,3.6480000019073486,3.7360000610351562,3.640000104904175
2010-09-29 00:00:00,3.690999984741211,3.6989998817443848,3.635999917984009
2010-09-30 00:00:00,3.687000036239624,3.7720000743865967,3.6540000438690186
2010-10-01 00:00:00,3.7209999561309814,3.756999969482422,3.687999963760376
2010-10-04 00:00:00,3.7100000381469727,3.7330000400543213,3.7039999961853027
2010-10-05 00:00:00,3.7309999465942383,3.757999897003174,3.690999984741211
2010-10-06 00:00:00,3.6649999618530273,3.7190001010894775,3.63700008392334
2010-10-07 00:00:00,3.7130000591278076,3.7170000076293945,3.680999994277954
2010-10-08 00:00:00,3.746000051498413,3.749000072479248,3.677000045776367
2010-10-12 00:00:00,3.7939999103546143,3.799999952316284,3.7139999866485596
2010-10-13 00:00:00,3.8269999027252197,3.880000114440918,3.8259999752044678
2010-10-14 00:00:00,3.8980000019073486,3.9030001163482666,3.7860000133514404
2010-10-15 00:00:00,3.999000072479248,4.015999794006348,3.884999990463257
2010-10-18 00:00:00,3.927000045776367,3.9579999446868896,3.9179999828338623
2010-10-19 00:00:00,3.9019999504089355,3.992000102996826,3.884999990463257
2010-10-20 00:00:00,3.888000011444092,3.937000036239624,3.869999885559082
2010-10-21 00:00:00,3.940000057220459,3.9489998817443848,3.86899995803833
2010-10-22 00:00:00,3.937000036239624,3.993000030517578,3.921999931335449
2010-10-25 00:00:00,3.9070000648498535,3.9179999828338623,3.864000082015991
2010-10-26 00:00:00,3.99399995803833,4.002999782562256,3.940999984741211
2010-10-27 00:00:00,4.040999889373779,4.063000202178955,4.000999927520752
2010-10-28 00:00:00,4.053999900817871,4.074999809265137,4.02400016784668
2010-10-29 00:00:00,4.0,4.039999961853027,3.989000082015991
2010-11-01 00:00:00,4.017000198364258,4.03000020980835,3.930000066757202
2010-11-02 00:00:00,3.934000015258789,3.9779999256134033,3.928999900817871
2010-11-03 00:00:00,4.063000202178955,4.084000110626221,3.8570001125335693
2010-11-04 00:00:00,4.044000148773193,4.091000080108643,4.01800012588501
2010-11-05 00:00:00,4.125999927520752,4.164000034332275,4.085999965667725
2010-11-08 00:00:00,4.138000011444092,4.1519999504089355,4.083000183105469
2010-11-09 00:00:00,4.25,4.25,4.085999965667725
2010-11-10 00:00:00,4.236999988555908,4.335000038146973,4.2210001945495605
2010-11-11 00:00:00,4.236999988555908,4.236999988555908,4.236999988555908
2010-11-12 00:00:00,4.26800012588501,4.275000095367432,4.2230000495910645
2010-11-15 00:00:00,4.373000144958496,4.375,4.284999847412109
2010-11-16 00:00:00,4.256999969482422,4.4019999504089355,4.25600004196167
2010-11-17 00:00:00,4.28000020980835,4.309999942779541,4.2210001945495605
2010-11-18 00:00:00,4.283999919891357,4.3470001220703125,4.2789998054504395
2010-11-19 00:00:00,4.251999855041504,4.2829999923706055,4.236999988555908
2010-11-22 00:00:00,4.209000110626221,4.255000114440918,4.169000148773193
2010-11-23 00:00:00,4.168000221252441,4.192999839782715,4.14900016784668
2010-11-24 00:00:00,4.296000003814697,4.297999858856201,4.201000213623047
2010-11-26 00:00:00,4.206999778747559,4.236000061035156,4.202000141143799
2010-11-29 00:00:00,4.1479997634887695,4.203999996185303,4.145999908447266
2010-11-30 00:00:00,4.1020002365112305,4.119999885559082,4.051000118255615
2010-12-01 00:00:00,4.236999988555908,4.24399995803833,4.166999816894531
2010-12-02 00:00:00,4.265999794006348,4.275000095367432,4.216000080108643
2010-12-03 00:00:00,4.311999797821045,4.322999954223633,4.203000068664551
2010-12-06 00:00:00,4.25,4.297999858856201,4.25
2010-12-07 00:00:00,4.426000118255615,4.436999797821045,4.322999954223633
2010-12-08 00:00:00,4.442999839782715,4.507999897003174,4.3480000495910645
2010-12-09 00:00:00,4.400000095367432,4.486000061035156,4.361000061035156
2010-12-10 00:00:00,4.421999931335449,4.456999778747559,4.388999938964844
2010-12-13 00:00:00,4.401000022888184,4.479000091552734,4.379000186920166
2010-12-14 00:00:00,4.556000232696533,4.558000087738037,4.434999942779541
2010-12-15 00:00:00,4.5980000495910645,4.624000072479248,4.48799991607666
2010-12-16 00:00:00,4.581999778747559,4.61899995803833,4.557000160217285
2010-12-17 00:00:00,4.408999919891357,4.533999919891357,4.408999919891357
2010-12-20 00:00:00,4.461999893188477,4.480000019073486,4.369999885559082
2010-12-21 00:00:00,4.431000232696533,4.489999771118164,4.421999931335449
2010-12-22 00:00:00,4.446000099182129,4.460000038146973,4.414000034332275
2010-12-23 00:00:00,4.474999904632568,4.485000133514404,4.434000015258789
2010-12-27 00:00:00,4.421999931335449,4.501999855041504,4.421000003814697
2010-12-28 00:00:00,4.548999786376953,4.552000045776367,4.413000106811523
2010-12-29 00:00:00,4.408999919891357,4.541999816894531,4.4070000648498535
2010-12-30 00:00:00,4.429999828338623,4.48799991607666,4.415999889373779
2010-12-31 00:00:00,4.361999988555908,4.408999919891357,4.330999851226807
2011-01-03 00:00:00,4.3979997634887695,4.445000171661377,4.35099983215332
2011-01-04 00:00:00,4.436999797821045,4.446000099182129,4.388999938964844
2011-01-05 00:00:00,4.551000118255615,4.565999984741211,4.446000099182129
2011-01-06 00:00:00,4.533999919891357,4.565000057220459,4.5
2011-01-07 00:00:00,4.489999771118164,4.604000091552734,4.4670000076293945
2011-01-10 00:00:00,4.48799991607666,4.500999927520752,4.446000099182129
2011-01-11 00:00:00,4.482999801635742,4.535999774932861,4.4730000495910645
2011-01-12 00:00:00,4.515999794006348,4.552000045776367,4.501999855041504
2011-01-13 00:00:00,4.493000030517578,4.556000232696533,4.465000152587891
2011-01-14 00:00:00,4.531000137329102,4.5370001792907715,4.458000183105469
2011-01-18 00:00:00,4.560999870300293,4.611000061035156,4.48199987411499
2011-01-19 00:00:00,4.526000022888184,4.578999996185303,4.525000095367432
2011-01-20 00:00:00,4.622000217437744,4.638000011444092,4.533999919891357
2011-01-21 00:00:00,4.573999881744385,4.630000114440918,4.570000171661377
2011-01-24 00:00:00,4.558000087738037,4.572000026702881,4.5329999923706055
2011-01-25 00:00:00,4.46999979019165,4.573999881744385,4.4670000076293945
2011-01-26 00:00:00,4.5980000495910645,4.60699987411499,4.500999927520752
2011-01-27 00:00:00,4.559000015258789,4.626999855041504,4.556000232696533
2011-01-28 00:00:00,4.525000095367432,4.644000053405762,4.514999866485596
2011-01-31 00:00:00,4.571000099182129,4.598999977111816,4.538000106811523
2011-02-01 00:00:00,4.61299991607666,4.642000198364258,4.59499979019165
2011-02-02 00:00:00,4.639999866485596,4.658999919891357,4.573999881744385
2011-02-03 00:00:00,4.6620001792907715,4.669000148773193,4.613999843597412
2011-02-04 00:00:00,4.736999988555908,4.743000030517578,4.651000022888184
2011-02-07 00:00:00,4.710999965667725,4.756999969482422,4.709000110626221
2011-02-08 00:00:00,4.763000011444092,4.771999835968018,4.686999797821045
2011-02-09 00:00:00,4.695000171661377,4.789000034332275,4.681000232696533
2011-02-10 00:00:00,4.7729997634887695,4.784999847412109,4.71999979019165
2011-02-11 00:00:00,4.7129998207092285,4.736999988555908,4.681000232696533
2011-02-14 00:00:00,4.665999889373779,4.716000080108643,4.6529998779296875
2011-02-15 00:00:00,4.664999961853027,4.697999954223633,4.65500020980835
2011-02-16 00:00:00,4.673999786376953,4.696000099182129,4.625999927520752
2011-02-17 00:00:00,4.6620001792907715,4.678999900817871,4.638000011444092
2011-02-18 00:00:00,4.697999954223633,4.7210001945495605,4.686999797821045
2011-02-22 00:00:00,4.605000019073486,4.670000076293945,4.5879998207092285
2011-02-23 00:00:00,4.5980000495910645,4.613999843597412,4.550000190734863
2011-02-24 00:00:00,4.534999847412109,4.560999870300293,4.517000198364258
2011-02-25 00:00:00,4.515999794006348,4.554999828338623,4.513000011444092
2011-02-28 00:00:00,4.489999771118164,4.514999866485596,4.484000205993652
2011-03-01 00:00:00,4.489999771118164,4.548999786376953,4.486000061035156
2011-03-02 00:00:00,4.554999828338623,4.554999828338623,4.502999782562256
2011-03-03 00:00:00,4.638999938964844,4.642000198364258,4.570000171661377
2011-03-04 00:00:00,4.60099983215332,4.671999931335449,4.583000183105469
2011-03-07 00:00:00,4.607999801635742,4.656000137329102,4.583000183105469
2011-03-08 00:00:00,4.6579999923706055,4.665999889373779,4.610000133514404
2011-03-09 00:00:00,4.598999977111816,4.6539998054504395,4.5879998207092285
2011-03-10 00:00:00,4.535999774932861,4.617000102996826,4.53000020980835
2011-03-11 00:00:00,4.540999889373779,4.557000160217285,4.494999885559082
2011-03-14 00:00:00,4.520999908447266,4.572000026702881,4.517000198364258
2011-03-15 00:00:00,4.4679999351501465,4.489999771118164,4.434999942779541
2011-03-16 00:00:00,4.388000011444092,4.456999778747559,4.320000171661377
2011-03-17 00:00:00,4.426000118255615,4.4629998207092285,4.40500020980835
2011-03-18 00:00:00,4.428999900817871,4.497000217437744,4.418000221252441
2011-03-21 00:00:00,4.445000171661377,4.478000164031982,4.427999973297119
2011-03-22 00:00:00,4.440999984741211,4.466000080108643,4.434000015258789
2011-03-23 00:00:00,4.447999954223633,4.453999996185303,4.38700008392334
2011-03-24 00:00:00,4.46999979019165,4.486000061035156,4.447999954223633
2011-03-25 00:00:00,4.50600004196167,4.515999794006348,4.447999954223633
2011-03-28 00:00:00,4.49399995803833,4.526000022888184,4.474999904632568
2011-03-29 00:00:00,4.545000076293945,4.551000118255615,4.48799991607666
2011-03-30 00:00:00,4.5229997634887695,4.552999973297119,4.515999794006348
2011-03-31 00:00:00,4.507999897003174,4.551000118255615,4.4670000076293945
2011-04-01 00:00:00,4.488999843597412,4.50600004196167,4.48799991607666
2011-04-04 00:00:00,4.489999771118164,4.494999885559082,4.461999893188477
2011-04-05 00:00:00,4.511000156402588,4.5229997634887695,4.454999923706055
2011-04-06 00:00:00,4.585000038146973,4.5879998207092285,4.513000011444092
2011-04-07 00:00:00,4.623000144958496,4.632999897003174,4.5879998207092285
2011-04-08 00:00:00,4.630000114440918,4.671000003814697,4.620999813079834
2011-04-11 00:00:00,4.633999824523926,4.669000148773193,4.624000072479248
2011-04-12 00:00:00,4.574999809265137,4.620999813079834,4.556000232696533
2011-04-13 00:00:00,4.550000190734863,4.623000144958496,4.546000003814697
2011-04-14 00:00:00,4.540999889373779,4.560999870300293,4.519000053405762
2011-04-15 00:00:00,4.4679999351501465,4.525000095367432,4.461999893188477
2011-04-18 00:00:00,4.453999996185303,4.548999786376953,4.433000087738037
2011-04-19 00:00:00,4.427000045776367,4.473999977111816,4.425000190734863
2011-04-20 00:00:00,4.453999996185303,4.460999965667725,4.426000118255615
2011-04-21 00:00:00,4.47599983215332,4.47599983215332,4.425000190734863
2011-04-25 00:00:00,4.459000110626221,4.479000091552734,4.442999839782715
2011-04-26 00:00:00,4.39900016784668,4.446000099182129,4.396999835968018
2011-04-27 00:00:00,4.4629998207092285,4.464000225067139,4.4079999923706055
2011-04-28 00:00:00,4.423999786376953,4.455999851226807,4.415999889373779
2011-04-29 00:00:00,4.406000137329102,4.428999900817871,4.388999938964844
2011-05-02 00:00:00,4.39300012588501,4.418000221252441,4.383999824523926
2011-05-03 00:00:00,4.359000205993652,4.388000011444092,4.353000164031982
2011-05-04 00:00:00,4.328999996185303,4.353000164031982,4.316999912261963
2011-05-05 00:00:00,4.281000137329102,4.309999942779541,4.275000095367432
2011-05-06 00:00:00,4.295000076293945,4.353000164031982,4.264999866485596
2011-05-09 00:00:00,4.301000118255615,4.322000026702881,4.2870001792907715
2011-05-10 00:00:00,4.334000110626221,4.34499979019165,4.307000160217285
2011-05-11 00:00:00,4.296000003814697,4.355000019073486,4.295000076293945
2011-05-12 00:00:00,4.3520002365112305,4.374000072479248,4.290999889373779
2011-05-13 00:00:00,4.326000213623047,4.35099983215332,4.281000137329102
2011-05-16 00:00:00,4.276000022888184,4.331999778747559,4.276000022888184
2011-05-17 00:00:00,4.23199987411499,4.2769999504089355,4.216000080108643
2011-05-18 00:00:00,4.288000106811523,4.290999889373779,4.206999778747559
2011-05-19 00:00:00,4.302000045776367,4.355999946594238,4.297999858856201
2011-05-20 00:00:00,4.298999786376953,4.340000152587891,4.288000106811523
2011-05-23 00:00:00,4.27400016784668,4.283999919891357,4.243000030517578
2011-05-24 00:00:00,4.258999824523926,4.290999889373779,4.247000217437744
2011-05-25 00:00:00,4.2820000648498535,4.285999774932861,4.23799991607666
2011-05-26 00:00:00,4.21999979019165,4.293000221252441,4.21999979019165
2011-05-27 00:00:00,4.239999771118164,4.269000053405762,4.2270002365112305
2011-05-31 00:00:00,4.216000080108643,4.255000114440918,4.214000225067139
2011-06-01 00:00:00,4.151000022888184,4.197999954223633,4.13700008392334
2011-06-02 00:00:00,4.250999927520752,4.251999855041504,4.170000076293945
2011-06-03 00:00:00,4.230999946594238,4.271999835968018,4.199999809265137
2011-06-06 00:00:00,4.26200008392334,4.296000003814697,4.257999897003174
2011-06-07 00:00:00,4.264999866485596,4.302999973297119,4.26200008392334
2011-06-08 00:00:00,4.209000110626221,4.236000061035156,4.193999767303467
2011-06-09 00:00:00,4.21999979019165,4.250999927520752,4.156000137329102
2011-06-10 00:00:00,4.184000015258789,4.202000141143799,4.159999847412109
2011-06-13 00:00:00,4.204999923706055,4.2220001220703125,4.166999816894531
2011-06-14 00:00:00,4.301000118255615,4.303999900817871,4.218999862670898
2011-06-15 00:00:00,4.198999881744385,4.300000190734863,4.198999881744385
2011-06-16 00:00:00,4.1570000648498535,4.201000213623047,4.144999980926514
2011-06-17 00:00:00,4.203000068664551,4.216000080108643,4.184000015258789
2011-06-20 00:00:00,4.203999996185303,4.21999979019165,4.156000137329102
2011-06-21 00:00:00,4.218999862670898,4.239999771118164,4.190999984741211
2011-06-22 00:00:00,4.215000152587891,4.2220001220703125,4.188000202178955
2011-06-23 00:00:00,4.1570000648498535,4.186999797821045,4.14900016784668
2011-06-24 00:00:00,4.173999786376953,4.190000057220459,4.1519999504089355
2011-06-27 00:00:00,4.2820000648498535,4.289000034332275,4.203999996185303
2011-06-28 00:00:00,4.333000183105469,4.34499979019165,4.2769999504089355
2011-06-29 00:00:00,4.370999813079834,4.376999855041504,4.315000057220459
2011-06-30 00:00:00,4.381999969482422,4.448999881744385,4.364999771118164
2011-07-01 00:00:00,4.4019999504089355,4.415999889373779,4.355999946594238
2011-07-05 00:00:00,4.389999866485596,4.394999980926514,4.364999771118164
2011-07-06 00:00:00,4.354000091552734,4.388000011444092,4.3460001945495605
2011-07-07 00:00:00,4.369999885559082,4.4070000648498535,4.366000175476074
2011-07-08 00:00:00,4.2769999504089355,4.4079999923706055,4.2769999504089355
2011-07-11 00:00:00,4.204999923706055,4.264999866485596,4.201000213623047
2011-07-12 00:00:00,4.190999984741211,4.214000225067139,4.1529998779296875
2011-07-13 00:00:00,4.178999900817871,4.244999885559082,4.178999900817871
2011-07-14 00:00:00,4.242000102996826,4.247000217437744,4.181000232696533
2011-07-15 00:00:00,4.250999927520752,4.315000057220459,4.242000102996826
2011-07-18 00:00:00,4.288000106811523,4.308000087738037,4.22599983215332
2011-07-19 00:00:00,4.196000099182129,4.310999870300293,4.193999767303467
2011-07-20 00:00:00,4.263000011444092,4.26800012588501,4.199999809265137
2011-07-21 00:00:00,4.315000057220459,4.331999778747559,4.267000198364258
2011-07-22 00:00:00,4.260000228881836,4.291999816894531,4.257999897003174
2011-07-25 00:00:00,4.323999881744385,4.343999862670898,4.263000011444092
2011-07-26 00:00:00,4.2769999504089355,4.3379998207092285,4.26800012588501
2011-07-27 00:00:00,4.2789998054504395,4.321000099182129,4.276000022888184
2011-07-28 00:00:00,4.256999969482422,4.2829999923706055,4.24399995803833
2011-07-29 00:00:00,4.131999969482422,4.238999843597412,4.131999969482422
2011-08-01 00:00:00,4.071000099182129,4.168000221252441,4.059999942779541
2011-08-02 00:00:00,3.9189999103546143,4.063000202178955,3.9100000858306885
2011-08-03 00:00:00,3.872999906539917,3.924999952316284,3.7909998893737793
2011-08-04 00:00:00,3.7219998836517334,3.864000082015991,3.7179999351501465
2011-08-05 00:00:00,3.822999954223633,3.8289999961853027,3.6760001182556152
2011-08-08 00:00:00,3.6630001068115234,3.828000068664551,3.6630001068115234
2011-08-09 00:00:00,3.572999954223633,3.7360000610351562,3.563999891281128
2011-08-10 00:00:00,3.5380001068115234,3.622999906539917,3.500999927520752
2011-08-11 00:00:00,3.7869999408721924,3.805999994277954,3.5179998874664307
2011-08-12 00:00:00,3.703000068664551,3.7869999408721924,3.697000026702881
2011-08-15 00:00:00,3.746999979019165,3.7669999599456787,3.7100000381469727
2011-08-16 00:00:00,3.6489999294281006,3.755000114440918,3.6419999599456787
2011-08-17 00:00:00,3.566999912261963,3.696000099182129,3.559000015258789
2011-08-18 00:00:00,3.441999912261963,3.51200008392334,3.3410000801086426
2011-08-19 00:00:00,3.390000104904175,3.446000099182129,3.375999927520752
2011-08-22 00:00:00,3.4000000953674316,3.430999994277954,3.385999917984009
2011-08-23 00:00:00,3.4769999980926514,3.489000082015991,3.3949999809265137
2011-08-24 00:00:00,3.614000082015991,3.61899995803833,3.4690001010894775
2011-08-25 00:00:00,3.5920000076293945,3.6540000438690186,3.568000078201294
2011-08-26 00:00:00,3.5339999198913574,3.5840001106262207,3.5230000019073486
2011-08-29 00:00:00,3.622999906539917,3.6480000019073486,3.572000026702881
2011-08-30 00:00:00,3.51200008392334,3.552000045776367,3.502000093460083
2011-08-31 00:00:00,3.5920000076293945,3.5940001010894775,3.490000009536743
2011-09-01 00:00:00,3.513000011444092,3.6549999713897705,3.513000011444092
2011-09-02 00:00:00,3.311000108718872,3.51200008392334,3.308000087738037
2011-09-06 00:00:00,3.259000062942505,3.259999990463257,3.186000108718872
2011-09-07 00:00:00,3.3540000915527344,3.374000072479248,3.2990000247955322
2011-09-08 00:00:00,3.309999942779541,3.369999885559082,3.2839999198913574
2011-09-09 00:00:00,3.246000051498413,3.361999988555908,3.2239999771118164
2011-09-12 00:00:00,3.240000009536743,3.2820000648498535,3.2160000801086426
2011-09-13 00:00:00,3.321000099182129,3.3340001106262207,3.25
2011-09-14 00:00:00,3.305000066757202,3.378000020980835,3.2699999809265137
2011-09-15 00:00:00,3.3510000705718994,3.375999927520752,3.2869999408721924
2011-09-16 00:00:00,3.3410000801086426,3.38100004196167,3.311000108718872
2011-09-19 00:00:00,3.191999912261963,3.249000072479248,3.174999952316284
2011-09-20 00:00:00,3.2109999656677246,3.2669999599456787,3.196000099182129
2011-09-21 00:00:00,3.0390000343322754,3.2639999389648438,3.0309998989105225
2011-09-22 00:00:00,2.7860000133514404,2.8910000324249268,2.765000104904175
2011-09-23 00:00:00,2.871000051498413,2.875,2.752000093460083
2011-09-26 00:00:00,3.002000093460083,3.005000114440918,2.9019999504089355
2011-09-27 00:00:00,3.115999937057495,3.118000030517578,3.062999963760376
2011-09-28 00:00:00,3.0920000076293945,3.1540000438690186,3.052000045776367
2011-09-29 00:00:00,2.996999979019165,3.0820000171661377,2.996999979019165
2011-09-30 00:00:00,2.9210000038146973,3.003000020980835,2.8959999084472656
2011-10-03 00:00:00,2.760999917984009,2.871999979019165,2.760999917984009
2011-10-04 00:00:00,2.756999969482422,2.8269999027252197,2.694000005722046
2011-10-05 00:00:00,2.882999897003174,2.8929998874664307,2.825000047683716
2011-10-06 00:00:00,2.9489998817443848,2.950000047683716,2.871000051498413
2011-10-07 00:00:00,3.0160000324249268,3.0810000896453857,2.9749999046325684
2011-10-10 00:00:00,3.0239999294281006,3.0239999294281006,3.0239999294281006
2011-10-11 00:00:00,3.1110000610351562,3.125999927520752,3.053999900817871
2011-10-12 00:00:00,3.2139999866485596,3.252000093460083,3.1679999828338623
2011-10-13 00:00:00,3.13700008392334,3.1989998817443848,3.0959999561309814
2011-10-14 00:00:00,3.2090001106262207,3.246000051498413,3.197000026702881
2011-10-17 00:00:00,3.135999917984009,3.257999897003174,3.13100004196167
2011-10-18 00:00:00,3.1570000648498535,3.1630001068115234,3.0799999237060547
2011-10-19 00:00:00,3.1689999103546143,3.2290000915527344,3.1459999084472656
2011-10-20 00:00:00,3.2009999752044678,3.2330000400543213,3.1480000019073486
2011-10-21 00:00:00,3.252000093460083,3.2750000953674316,3.2170000076293945
2011-10-24 00:00:00,3.2780001163482666,3.2780001163482666,3.2090001106262207
2011-10-25 00:00:00,3.1440000534057617,3.2939999103546143,3.128000020980835
2011-10-26 00:00:00,3.2239999771118164,3.2309999465942383,3.124000072479248
2011-10-27 00:00:00,3.446000099182129,3.4519999027252197,3.2980000972747803
2011-10-28 00:00:00,3.3519999980926514,3.444000005722046,3.3440001010894775
2011-10-31 00:00:00,3.1989998817443848,3.2839999198913574,3.197999954223633
2011-11-01 00:00:00,3.01200008392334,3.061000108718872,2.946000099182129
2011-11-02 00:00:00,3.0380001068115234,3.1070001125335693,3.0220000743865967
2011-11-03 00:00:00,3.11899995803833,3.125,3.058000087738037
2011-11-04 00:00:00,3.1040000915527344,3.187999963760376,3.075000047683716
2011-11-07 00:00:00,3.0350000858306885,3.1089999675750732,3.009999990463257
2011-11-08 00:00:00,3.125,3.128999948501587,3.052000045776367
2011-11-09 00:00:00,3.0160000324249268,3.075000047683716,2.9749999046325684
2011-11-10 00:00:00,3.1110000610351562,3.174999952316284,3.0510001182556152
2011-11-11 00:00:00,3.109999895095825,3.109999895095825,3.109999895095825
2011-11-14 00:00:00,3.0920000076293945,3.1689999103546143,3.0759999752044678
2011-11-15 00:00:00,3.0969998836517334,3.121000051498413,3.0339999198913574
2011-11-16 00:00:00,3.055000066757202,3.0940001010894775,3.0460000038146973
2011-11-17 00:00:00,2.9749999046325684,3.069999933242798,2.9489998817443848
2011-11-18 00:00:00,2.996000051498413,3.0399999618530273,2.9809999465942383
2011-11-21 00:00:00,2.944999933242798,2.9639999866485596,2.924999952316284
2011-11-22 00:00:00,2.9100000858306885,2.9660000801086426,2.9079999923706055
2011-11-23 00:00:00,2.822999954223633,2.9079999923706055,2.822999954223633
2011-11-25 00:00:00,2.921999931335449,2.941999912261963,2.8610000610351562
2011-11-28 00:00:00,2.9110000133514404,3.0490000247955322,2.9059998989105225
2011-11-29 00:00:00,2.9560000896453857,3.006999969482422,2.9179999828338623
2011-11-30 00:00:00,3.062000036239624,3.0969998836517334,3.0290000438690186
2011-12-01 00:00:00,3.134999990463257,3.1540000438690186,3.0829999446868896
2011-12-02 00:00:00,3.0360000133514404,3.1589999198913574,3.0250000953674316
2011-12-05 00:00:00,3.0420000553131104,3.1040000915527344,3.0309998989105225
2011-12-06 00:00:00,3.1070001125335693,3.109999895095825,3.0350000858306885
2011-12-07 00:00:00,3.0429999828338623,3.118000030517578,3.0390000343322754
2011-12-08 00:00:00,2.996999979019165,3.131999969482422,2.994999885559082
2011-12-09 00:00:00,3.0999999046325684,3.1059999465942383,2.98799991607666
2011-12-12 00:00:00,3.0460000038146973,3.0759999752044678,3.0320000648498535
2011-12-13 00:00:00,2.999000072479248,3.0989999771118164,2.9779999256134033
2011-12-14 00:00:00,2.9049999713897705,3.009999990463257,2.9010000228881836
2011-12-15 00:00:00,2.9260001182556152,2.947000026702881,2.8949999809265137
2011-12-16 00:00:00,2.8550000190734863,2.933000087738037,2.8399999141693115
2011-12-19 00:00:00,2.8010001182556152,2.871999979019165,2.7860000133514404
2011-12-20 00:00:00,2.927000045776367,2.933000087738037,2.819999933242798
2011-12-21 00:00:00,3.000999927520752,3.007999897003174,2.9030001163482666
2011-12-22 00:00:00,2.9809999465942383,2.997999906539917,2.946000099182129
2011-12-23 00:00:00,3.063999891281128,3.078000068664551,2.990999937057495
2011-12-27 00:00:00,3.0390000343322754,3.065999984741211,3.0350000858306885
2011-12-28 00:00:00,2.8970000743865967,3.0390000343322754,2.8970000743865967
2011-12-29 00:00:00,2.9070000648498535,2.946000099182129,2.8949999809265137
2011-12-30 00:00:00,2.8889999389648438,2.9189999103546143,2.864000082015991
2012-01-03 00:00:00,2.99399995803833,3.002000093460083,2.941999912261963
2012-01-04 00:00:00,3.0429999828338623,3.062000036239624,2.9600000381469727
2012-01-05 00:00:00,3.056999921798706,3.069999933242798,2.99399995803833
2012-01-06 00:00:00,3.0160000324249268,3.114000082015991,3.003000020980835
2012-01-09 00:00:00,3.0290000438690186,3.046999931335449,2.9749999046325684
2012-01-10 00:00:00,3.0269999504089355,3.0820000171661377,3.007999897003174
2012-01-11 00:00:00,2.9590001106262207,3.009000062942505,2.9539999961853027
2012-01-12 00:00:00,2.9800000190734863,2.992000102996826,2.941999912261963
2012-01-13 00:00:00,2.9040000438690186,2.953000068664551,2.880000114440918
2012-01-17 00:00:00,2.8910000324249268,2.9539999961853027,2.881999969482422
2012-01-18 00:00:00,2.9539999961853027,2.9600000381469727,2.884000062942505
2012-01-19 00:00:00,3.0390000343322754,3.062999963760376,2.9760000705718994
2012-01-20 00:00:00,3.1010000705718994,3.1070001125335693,3.0480000972747803
2012-01-23 00:00:00,3.1459999084472656,3.178999900817871,3.125
2012-01-24 00:00:00,3.1570000648498535,3.1730000972747803,3.114000082015991
2012-01-25 00:00:00,3.1489999294281006,3.1689999103546143,3.0369999408721924
2012-01-26 00:00:00,3.0899999141693115,3.1470000743865967,3.0840001106262207
2012-01-27 00:00:00,3.063999891281128,3.1470000743865967,3.052999973297119
2012-01-30 00:00:00,2.9830000400543213,2.996999979019165,2.9539999961853027
2012-01-31 00:00:00,2.934000015258789,3.015000104904175,2.933000087738037
2012-02-01 00:00:00,3.015000104904175,3.0220000743865967,2.940999984741211
2012-02-02 00:00:00,3.010999917984009,3.0299999713897705,2.984999895095825
2012-02-03 00:00:00,3.1510000228881836,3.1630001068115234,3.005000114440918
2012-02-06 00:00:00,3.0880000591278076,3.1440000534057617,3.072999954223633
2012-02-07 00:00:00,3.1410000324249268,3.1760001182556152,3.0959999561309814
2012-02-08 00:00:00,3.1410000324249268,3.1710000038146973,3.125999927520752
2012-02-09 00:00:00,3.188999891281128,3.239000082015991,3.1610000133514404
2012-02-10 00:00:00,3.121999979019165,3.1480000019073486,3.1089999675750732
2012-02-13 00:00:00,3.1419999599456787,3.1659998893737793,3.1050000190734863
2012-02-14 00:00:00,3.065000057220459,3.121000051498413,3.062000036239624
2012-02-15 00:00:00,3.0929999351501465,3.1010000705718994,3.059999942779541
2012-02-16 00:00:00,3.1489999294281006,3.1679999828338623,3.071000099182129
2012-02-17 00:00:00,3.1610000133514404,3.184999942779541,3.1500000953674316
2012-02-21 00:00:00,3.190999984741211,3.2239999771118164,3.1630001068115234
2012-02-22 00:00:00,3.1489999294281006,3.196000099182129,3.140000104904175
2012-02-23 00:00:00,3.124000072479248,3.186000108718872,3.109999895095825
2012-02-24 00:00:00,3.0980000495910645,3.124000072479248,3.0940001010894775
2012-02-27 00:00:00,3.0420000553131104,3.069000005722046,3.0320000648498535
2012-02-28 00:00:00,3.059000015258789,3.062999963760376,3.0190000534057617
2012-02-29 00:00:00,3.0859999656677246,3.125,3.0369999408721924
2012-03-01 00:00:00,3.1570000648498535,3.184999942779541,3.127000093460083
2012-03-02 00:00:00,3.114000082015991,3.132999897003174,3.0889999866485596
2012-03-05 00:00:00,3.1389999389648438,3.1440000534057617,3.0920000076293945
2012-03-06 00:00:00,3.078000068664551,3.1110000610351562,3.058000087738037
2012-03-07 00:00:00,3.115999937057495,3.122999906539917,3.0789999961853027
2012-03-08 00:00:00,3.1700000762939453,3.177999973297119,3.13700008392334
2012-03-09 00:00:00,3.188999891281128,3.2209999561309814,3.177999973297119
2012-03-12 00:00:00,3.1700000762939453,3.1740000247955322,3.135999917984009
2012-03-13 00:00:00,3.246000051498413,3.257999897003174,3.190000057220459
2012-03-14 00:00:00,3.4079999923706055,3.424999952316284,3.305000066757202
2012-03-15 00:00:00,3.4119999408721924,3.4730000495910645,3.384999990463257
2012-03-16 00:00:00,3.4110000133514404,3.4739999771118164,3.4070000648498535
2012-03-19 00:00:00,3.4809999465942383,3.490000009536743,3.377000093460083
2012-03-20 00:00:00,3.4570000171661377,3.4860000610351562,3.430999994277954
2012-03-21 00:00:00,3.378999948501587,3.444999933242798,3.371999979019165
2012-03-22 00:00:00,3.361999988555908,3.3959999084472656,3.3489999771118164
2012-03-23 00:00:00,3.313999891281128,3.3480000495910645,3.2980000972747803
2012-03-26 00:00:00,3.3299999237060547,3.380000114440918,3.321000099182129
2012-03-27 00:00:00,3.299999952316284,3.3329999446868896,3.2939999103546143
2012-03-28 00:00:00,3.303999900817871,3.3450000286102295,3.2760000228881836
2012-03-29 00:00:00,3.2709999084472656,3.302000045776367,3.260999917984009
2012-03-30 00:00:00,3.3450000286102295,3.367000102996826,3.252000093460083
2012-04-02 00:00:00,3.3380000591278076,3.3429999351501465,3.2939999103546143
2012-04-03 00:00:00,3.4100000858306885,3.4110000133514404,3.2899999618530273
2012-04-04 00:00:00,3.380000114440918,3.3959999084472656,3.36299991607666
2012-04-05 00:00:00,3.322000026702881,3.3499999046325684,3.2760000228881836
2012-04-09 00:00:00,3.184000015258789,3.2019999027252197,3.174999952316284
2012-04-10 00:00:00,3.135999917984009,3.2009999752044678,3.1050000190734863
2012-04-11 00:00:00,3.184999942779541,3.203000068664551,3.1659998893737793
2012-04-12 00:00:00,3.2070000171661377,3.2290000915527344,3.174999952316284
2012-04-13 00:00:00,3.1480000019073486,3.180999994277954,3.125999927520752
2012-04-16 00:00:00,3.114000082015991,3.1459999084472656,3.0929999351501465
2012-04-17 00:00:00,3.1549999713897705,3.1610000133514404,3.132999897003174
2012-04-18 00:00:00,3.125999927520752,3.13700008392334,3.118000030517578
2012-04-19 00:00:00,3.1089999675750732,3.130000114440918,3.1010000705718994
2012-04-20 00:00:00,3.128000020980835,3.1579999923706055,3.121999979019165
2012-04-23 00:00:00,3.0840001106262207,3.0880000591278076,3.058000087738037
2012-04-24 00:00:00,3.114000082015991,3.115000009536743,3.0869998931884766
2012-04-25 00:00:00,3.1459999084472656,3.190999984741211,3.115000009536743
2012-04-26 00:00:00,3.134999990463257,3.1480000019073486,3.0929999351501465
2012-04-27 00:00:00,3.115000009536743,3.1419999599456787,3.1010000705718994
2012-04-30 00:00:00,3.1089999675750732,3.114000082015991,3.0940001010894775
2012-05-01 00:00:00,3.1610000133514404,3.1679999828338623,3.0910000801086426
2012-05-02 00:00:00,3.114000082015991,3.13100004196167,3.0999999046325684
2012-05-03 00:00:00,3.111999988555908,3.1449999809265137,3.1040000915527344
2012-05-04 00:00:00,3.071000099182129,3.1449999809265137,3.065999984741211
2012-05-07 00:00:00,3.066999912261963,3.072999954223633,3.052000045776367
2012-05-08 00:00:00,3.0230000019073486,3.0450000762939453,3.002000093460083
2012-05-09 00:00:00,3.0390000343322754,3.052999973297119,2.9860000610351562
2012-05-10 00:00:00,3.0510001182556152,3.1070001125335693,3.049999952316284
2012-05-11 00:00:00,3.015000104904175,3.0409998893737793,3.010999917984009
2012-05-14 00:00:00,2.9489998817443848,2.9639999866485596,2.930000066757202
2012-05-15 00:00:00,2.930999994277954,2.9690001010894775,2.9210000038146973
2012-05-16 00:00:00,2.9059998989105225,2.9600000381469727,2.890000104904175
2012-05-17 00:00:00,2.805000066757202,2.9040000438690186,2.805000066757202
2012-05-18 00:00:00,2.7890000343322754,2.8459999561309814,2.7850000858306885
2012-05-21 00:00:00,2.7939999103546143,2.8239998817443848,2.7850000858306885
2012-05-22 00:00:00,2.8919999599456787,2.8970000743865967,2.859999895095825
2012-05-23 00:00:00,2.7939999103546143,2.8369998931884766,2.7829999923706055
2012-05-24 00:00:00,2.8469998836517334,2.865999937057495,2.8329999446868896
2012-05-25 00:00:00,2.8459999561309814,2.8570001125335693,2.8310000896453857
2012-05-29 00:00:00,2.8420000076293945,2.8499999046325684,2.819000005722046
2012-05-30 00:00:00,2.7179999351501465,2.7929999828338623,2.7060000896453857
2012-05-31 00:00:00,2.671999931335449,2.700000047683716,2.5850000381469727
2012-06-01 00:00:00,2.5399999618530273,2.6059999465942383,2.509999990463257
2012-06-04 00:00:00,2.571000099182129,2.5820000171661377,2.5280001163482666
2012-06-05 00:00:00,2.61899995803833,2.625,2.5889999866485596
2012-06-06 00:00:00,2.7200000286102295,2.740000009536743,2.615999937057495
2012-06-07 00:00:00,2.756999969482422,2.7780001163482666,2.7200000286102295
2012-06-08 00:00:00,2.765000104904175,2.765000104904175,2.6549999713897705
2012-06-11 00:00:00,2.7230000495910645,2.7660000324249268,2.700000047683716
2012-06-12 00:00:00,2.7720000743865967,2.7760000228881836,2.7279999256134033
2012-06-13 00:00:00,2.7109999656677246,2.802000045776367,2.7049999237060547
2012-06-14 00:00:00,2.7079999446868896,2.74399995803833,2.697000026702881
2012-06-15 00:00:00,2.694000005722046,2.7130000591278076,2.6730000972747803
2012-06-18 00:00:00,2.678999900817871,2.6989998817443848,2.6510000228881836
2012-06-19 00:00:00,2.7269999980926514,2.740000009536743,2.6659998893737793
2012-06-20 00:00:00,2.7239999771118164,2.8289999961853027,2.688999891281128
2012-06-21 00:00:00,2.687999963760376,2.7309999465942383,2.6600000858306885
2012-06-22 00:00:00,2.75600004196167,2.756999969482422,2.696000099182129
2012-06-25 00:00:00,2.681999921798706,2.7079999446868896,2.6740000247955322
2012-06-26 00:00:00,2.697999954223633,2.7200000286102295,2.6760001182556152
2012-06-27 00:00:00,2.693000078201294,2.7170000076293945,2.683000087738037
2012-06-28 00:00:00,2.6659998893737793,2.680000066757202,2.6530001163482666
2012-06-29 00:00:00,2.763000011444092,2.7790000438690186,2.734999895095825
2012-07-02 00:00:00,2.683000087738037,2.746000051498413,2.6559998989105225
2012-07-03 00:00:00,2.74399995803833,2.749000072479248,2.7019999027252197
2012-07-05 00:00:00,2.7219998836517334,2.749000072479248,2.694999933242798
2012-07-06 00:00:00,2.6640000343322754,2.7149999141693115,2.6559998989105225
2012-07-09 00:00:00,2.619999885559082,2.6610000133514404,2.61299991607666
2012-07-10 00:00:00,2.5940001010894775,2.63700008392334,2.5940001010894775
2012-07-11 00:00:00,2.5889999866485596,2.615000009536743,2.561000108718872
2012-07-12 00:00:00,2.563999891281128,2.5969998836517334,2.559999942779541
2012-07-13 00:00:00,2.5840001106262207,2.6010000705718994,2.561000108718872
2012-07-16 00:00:00,2.5480000972747803,2.558000087738037,2.5169999599456787
2012-07-17 00:00:00,2.5950000286102295,2.6040000915527344,2.552999973297119
2012-07-18 00:00:00,2.5799999237060547,2.5980000495910645,2.568000078201294
2012-07-19 00:00:00,2.614000082015991,2.630000114440918,2.5850000381469727
2012-07-20 00:00:00,2.5460000038146973,2.569000005722046,2.5329999923706055
2012-07-23 00:00:00,2.515000104904175,2.5220000743865967,2.4820001125335693
2012-07-24 00:00:00,2.4690001010894775,2.5399999618530273,2.4600000381469727
2012-07-25 00:00:00,2.4670000076293945,2.5,2.4519999027252197
2012-07-26 00:00:00,2.490000009536743,2.496999979019165,2.4719998836517334
2012-07-27 00:00:00,2.6419999599456787,2.674999952316284,2.5329999923706055
2012-07-30 00:00:00,2.5789999961853027,2.619999885559082,2.572000026702881
2012-07-31 00:00:00,2.5769999027252197,2.609999895095825,2.5460000038146973
2012-08-01 00:00:00,2.614000082015991,2.632999897003174,2.546999931335449
2012-08-02 00:00:00,2.546999931335449,2.6530001163482666,2.507999897003174
2012-08-03 00:00:00,2.6619999408721924,2.681999921798706,2.5899999141693115
2012-08-06 00:00:00,2.6459999084472656,2.6459999084472656,2.61899995803833
2012-08-07 00:00:00,2.7190001010894775,2.739000082015991,2.688999891281128
2012-08-08 00:00:00,2.740000009536743,2.753000020980835,2.694999933242798
2012-08-09 00:00:00,2.75,2.805999994277954,2.744999885559082
2012-08-10 00:00:00,2.736999988555908,2.749000072479248,2.7130000591278076
2012-08-13 00:00:00,2.739000082015991,2.752000093460083,2.7139999866485596
2012-08-14 00:00:00,2.825000047683716,2.8350000381469727,2.7790000438690186
2012-08-15 00:00:00,2.9140000343322754,2.9179999828338623,2.8519999980926514
2012-08-16 00:00:00,2.9560000896453857,2.9839999675750732,2.8919999599456787
2012-08-17 00:00:00,2.934000015258789,2.944999933242798,2.9100000858306885
2012-08-20 00:00:00,2.927000045776367,2.9579999446868896,2.9089999198913574
2012-08-21 00:00:00,2.9089999198913574,2.9820001125335693,2.9089999198913574
2012-08-22 00:00:00,2.825000047683716,2.8610000610351562,2.819999933242798
2012-08-23 00:00:00,2.7799999713897705,2.8239998817443848,2.7750000953674316
2012-08-24 00:00:00,2.7920000553131104,2.7960000038146973,2.744999885559082
2012-08-27 00:00:00,2.756999969482422,2.7820000648498535,2.747999906539917
2012-08-28 00:00:00,2.743000030517578,2.757999897003174,2.7230000495910645
2012-08-29 00:00:00,2.7679998874664307,2.7880001068115234,2.752000093460083
2012-08-30 00:00:00,2.73799991607666,2.750999927520752,2.7219998836517334
2012-08-31 00:00:00,2.684000015258789,2.7750000953674316,2.684000015258789
2012-09-04 00:00:00,2.688999891281128,2.703000068664551,2.6630001068115234
2012-09-05 00:00:00,2.7049999237060547,2.7119998931884766,2.677999973297119
2012-09-06 00:00:00,2.7990000247955322,2.799999952316284,2.739000082015991
2012-09-07 00:00:00,2.8259999752044678,2.8610000610351562,2.7290000915527344
2012-09-10 00:00:00,2.8420000076293945,2.865000009536743,2.816999912261963
2012-09-11 00:00:00,2.8459999561309814,2.8610000610351562,2.819000005722046
2012-09-12 00:00:00,2.9260001182556152,2.934999942779541,2.885999917984009
2012-09-13 00:00:00,2.9670000076293945,3.00600004196167,2.875999927520752
2012-09-14 00:00:00,3.0880000591278076,3.1080000400543213,3.009999990463257
2012-09-17 00:00:00,3.0369999408721924,3.2769999504089355,3.0269999504089355
2012-09-18 00:00:00,3.0139999389648438,3.0179998874664307,2.9749999046325684
2012-09-19 00:00:00,2.9760000705718994,2.989000082015991,2.953000068664551
2012-09-20 00:00:00,2.9539999961853027,2.9700000286102295,2.9089999198913574
2012-09-21 00:00:00,2.9560000896453857,2.986999988555908,2.940999984741211
2012-09-24 00:00:00,2.9049999713897705,2.9260001182556152,2.8919999599456787
2012-09-25 00:00:00,2.861999988555908,2.9200000762939453,2.861999988555908
2012-09-26 00:00:00,2.7920000553131104,2.818000078201294,2.7890000343322754
2012-09-27 00:00:00,2.8239998817443848,2.8459999561309814,2.7899999618530273
2012-09-28 00:00:00,2.8340001106262207,2.8450000286102295,2.7809998989105225
2012-10-01 00:00:00,2.822999954223633,2.8519999980926514,2.803999900817871
2012-10-02 00:00:00,2.809000015258789,2.8429999351501465,2.803999900817871
2012-10-03 00:00:00,2.825000047683716,2.8429999351501465,2.812000036239624
2012-10-04 00:00:00,2.881999969482422,2.881999969482422,2.8299999237060547
2012-10-05 00:00:00,2.9660000801086426,2.9719998836517334,2.8910000324249268
2012-10-08 00:00:00,2.9739999771118164,2.9739999771118164,2.9739999771118164
2012-10-09 00:00:00,2.937000036239624,2.9560000896453857,2.9170000553131104
2012-10-10 00:00:00,2.8940000534057617,2.9609999656677246,2.880000114440918
2012-10-11 00:00:00,2.8550000190734863,2.930000066757202,2.8540000915527344
2012-10-12 00:00:00,2.8350000381469727,2.8540000915527344,2.799999952316284
2012-10-15 00:00:00,2.8429999351501465,2.86899995803833,2.828000068664551
2012-10-16 00:00:00,2.9149999618530273,2.9200000762939453,2.881999969482422
2012-10-17 00:00:00,2.98799991607666,2.990999937057495,2.9549999237060547
2012-10-18 00:00:00,3.006999969482422,3.006999969482422,2.947000026702881
2012-10-19 00:00:00,2.937000036239624,3.006999969482422,2.934999942779541
2012-10-22 00:00:00,2.947000026702881,2.9769999980926514,2.933000087738037
2012-10-23 00:00:00,2.9159998893737793,2.924999952316284,2.8919999599456787
2012-10-24 00:00:00,2.933000087738037,2.944000005722046,2.9149999618530273
2012-10-25 00:00:00,2.9809999465942383,3.003999948501587,2.947000026702881
2012-10-26 00:00:00,2.9179999828338623,2.9619998931884766,2.9149999618530273
2012-10-31 00:00:00,2.8510000705718994,2.9059998989105225,2.8510000705718994
2012-11-01 00:00:00,2.8970000743865967,2.9140000343322754,2.877000093460083
2012-11-02 00:00:00,2.9170000553131104,2.9630000591278076,2.9010000228881836
2012-11-05 00:00:00,2.871000051498413,2.882999897003174,2.859999895095825
2012-11-06 00:00:00,2.9159998893737793,2.927999973297119,2.878999948501587
2012-11-07 00:00:00,2.821000099182129,2.8420000076293945,2.805999994277954
2012-11-08 00:00:00,2.7690000534057617,2.8550000190734863,2.755000114440918
2012-11-09 00:00:00,2.752000093460083,2.7820000648498535,2.7260000705718994
2012-11-12 00:00:00,2.744999885559082,2.744999885559082,2.744999885559082
2012-11-13 00:00:00,2.7209999561309814,2.746999979019165,2.7109999656677246
2012-11-14 00:00:00,2.7279999256134033,2.7660000324249268,2.7239999771118164
2012-11-15 00:00:00,2.7239999771118164,2.752000093460083,2.703000068664551
2012-11-16 00:00:00,2.7219998836517334,2.740999937057495,2.696000099182129
2012-11-19 00:00:00,2.76200008392334,2.7820000648498535,2.75600004196167
2012-11-20 00:00:00,2.809000015258789,2.812999963760376,2.7639999389648438
2012-11-21 00:00:00,2.8299999237060547,2.8389999866485596,2.821000099182129
2012-11-23 00:00:00,2.8289999961853027,2.8359999656677246,2.809999942779541
2012-11-26 00:00:00,2.8010001182556152,2.806999921798706,2.7730000019073486
2012-11-27 00:00:00,2.7909998893737793,2.816999912261963,2.7799999713897705
2012-11-28 00:00:00,2.7790000438690186,2.7850000858306885,2.746999979019165
2012-11-29 00:00:00,2.7960000038146973,2.818000078201294,2.7809998989105225
2012-11-30 00:00:00,2.7939999103546143,2.812999963760376,2.7690000534057617
2012-12-03 00:00:00,2.805999994277954,2.8510000705718994,2.8010001182556152
2012-12-04 00:00:00,2.7799999713897705,2.809000015258789,2.7739999294281006
2012-12-05 00:00:00,2.7790000438690186,2.7850000858306885,2.755000114440918
2012-12-06 00:00:00,2.765000104904175,2.7679998874664307,2.744999885559082
2012-12-07 00:00:00,2.813999891281128,2.828000068664551,2.760999917984009
2012-12-10 00:00:00,2.802999973297119,2.815000057220459,2.7860000133514404
2012-12-11 00:00:00,2.8369998931884766,2.8469998836517334,2.8269999027252197
2012-12-12 00:00:00,2.8970000743865967,2.9030001163482666,2.825000047683716
2012-12-13 00:00:00,2.9049999713897705,2.928999900817871,2.880000114440918
2012-12-14 00:00:00,2.871000051498413,2.9010000228881836,2.8580000400543213
2012-12-17 00:00:00,2.930999994277954,2.931999921798706,2.865999937057495
2012-12-18 00:00:00,3.0139999389648438,3.0360000133514404,2.943000078201294
2012-12-19 00:00:00,2.9820001125335693,3.007999897003174,2.9519999027252197
2012-12-20 00:00:00,2.9839999675750732,3.000999927520752,2.953000068664551
2012-12-21 00:00:00,2.921999931335449,2.941999912261963,2.9170000553131104
2012-12-24 00:00:00,2.943000078201294,2.946000099182129,2.933000087738037
2012-12-26 00:00:00,2.933000087738037,2.947000026702881,2.9210000038146973
2012-12-27 00:00:00,2.88100004196167,2.9519999027252197,2.869999885559082
2012-12-28 00:00:00,2.881999969482422,2.8940000534057617,2.868000030517578
2012-12-31 00:00:00,2.9519999027252197,2.9560000896453857,2.865000009536743
2013-01-02 00:00:00,3.0460000038146973,3.059000015258789,3.0290000438690186
2013-01-03 00:00:00,3.1070001125335693,3.118000030517578,3.0450000762939453
2013-01-04 00:00:00,3.1110000610351562,3.177000045776367,3.1040000915527344
2013-01-07 00:00:00,3.0999999046325684,3.11899995803833,3.0869998931884766
2013-01-08 00:00:00,3.071000099182129,3.0910000801086426,3.059000015258789
2013-01-09 00:00:00,3.052999973297119,3.0789999961853027,3.0460000038146973
2013-01-10 00:00:00,3.0789999961853027,3.1029999256134033,3.059000015258789
2013-01-11 00:00:00,3.053999900817871,3.1050000190734863,3.046999931335449
2013-01-14 00:00:00,3.0439999103546143,3.0510001182556152,3.010999917984009
2013-01-15 00:00:00,3.0169999599456787,3.0209999084472656,2.99399995803833
2013-01-16 00:00:00,3.0190000534057617,3.0280001163482666,2.992000102996826
2013-01-17 00:00:00,3.068000078201294,3.0859999656677246,3.0350000858306885
2013-01-18 00:00:00,3.0309998989105225,3.055999994277954,3.0260000228881836
2013-01-22 00:00:00,3.0220000743865967,3.061000108718872,3.0169999599456787
2013-01-23 00:00:00,3.0269999504089355,3.0339999198913574,3.005000114440918
2013-01-24 00:00:00,3.0390000343322754,3.065999984741211,3.013000011444092
2013-01-25 00:00:00,3.132999897003174,3.138000011444092,3.0940001010894775
2013-01-28 00:00:00,3.1500000953674316,3.180000066757202,3.134999990463257
2013-01-29 00:00:00,3.1679999828338623,3.184000015258789,3.127000093460083
2013-01-30 00:00:00,3.196000099182129,3.2200000286102295,3.1579999923706055
2013-01-31 00:00:00,3.1700000762939453,3.200000047683716,3.1610000133514404
2013-02-01 00:00:00,3.2079999446868896,3.2200000286102295,3.125999927520752
2013-02-04 00:00:00,3.177000045776367,3.203000068664551,3.1540000438690186
2013-02-05 00:00:00,3.2209999561309814,3.2230000495910645,3.196000099182129
2013-02-06 00:00:00,3.180999994277954,3.2119998931884766,3.174999952316284
2013-02-07 00:00:00,3.1630001068115234,3.191999912261963,3.1459999084472656
2013-02-08 00:00:00,3.1670000553131104,3.2070000171661377,3.1510000228881836
2013-02-11 00:00:00,3.1510000228881836,3.1760001182556152,3.1500000953674316
2013-02-12 00:00:00,3.190999984741211,3.196000099182129,3.1689999103546143
2013-02-13 00:00:00,3.2239999771118164,3.24399995803833,3.2060000896453857
2013-02-14 00:00:00,3.180999994277954,3.2320001125335693,3.1689999103546143
2013-02-15 00:00:00,3.178999900817871,3.2060000896453857,3.1640000343322754
2013-02-19 00:00:00,3.2049999237060547,3.2049999237060547,3.1610000133514404
2013-02-20 00:00:00,3.2090001106262207,3.240000009536743,3.191999912261963
2013-02-21 00:00:00,3.1659998893737793,3.184999942779541,3.1459999084472656
2013-02-22 00:00:00,3.1549999713897705,3.180000066757202,3.1459999084472656
2013-02-25 00:00:00,3.0899999141693115,3.196000099182129,3.068000078201294
2013-02-26 00:00:00,3.075000047683716,3.0850000381469727,3.0339999198913574
2013-02-27 00:00:00,3.1029999256134033,3.1040000915527344,3.0350000858306885
2013-02-28 00:00:00,3.0940001010894775,3.115000009536743,3.0739998817443848
2013-03-01 00:00:00,3.065000057220459,3.0769999027252197,3.0450000762939453
2013-03-04 00:00:00,3.0859999656677246,3.0889999866485596,3.046999931335449
2013-03-05 00:00:00,3.1040000915527344,3.118000030517578,3.0940001010894775
2013-03-06 00:00:00,3.1489999294281006,3.1519999504089355,3.125999927520752
2013-03-07 00:00:00,3.200000047683716,3.2019999027252197,3.1489999294281006
2013-03-08 00:00:00,3.255000114440918,3.2839999198913574,3.2119998931884766
2013-03-11 00:00:00,3.255000114440918,3.260999917984009,3.23799991607666
2013-03-12 00:00:00,3.2190001010894775,3.242000102996826,3.2109999656677246
2013-03-13 00:00:00,3.2160000801086426,3.246999979019165,3.200000047683716
2013-03-14 00:00:00,3.242000102996826,3.257999897003174,3.2170000076293945
2013-03-15 00:00:00,3.2249999046325684,3.246000051498413,3.2079999446868896
2013-03-18 00:00:00,3.184999942779541,3.2130000591278076,3.1589999198913574
2013-03-19 00:00:00,3.134999990463257,3.1760001182556152,3.111999988555908
2013-03-20 00:00:00,3.171999931335449,3.2209999561309814,3.1540000438690186
2013-03-21 00:00:00,3.1549999713897705,3.191999912261963,3.1480000019073486
2013-03-22 00:00:00,3.134999990463257,3.1659998893737793,3.13100004196167
2013-03-25 00:00:00,3.1389999389648438,3.191999912261963,3.118000030517578
2013-03-26 00:00:00,3.13100004196167,3.1670000553131104,3.125
2013-03-27 00:00:00,3.0920000076293945,3.1040000915527344,3.072000026702881
2013-03-28 00:00:00,3.1040000915527344,3.117000102996826,3.0880000591278076
2013-04-01 00:00:00,3.0850000381469727,3.140000104904175,3.0799999237060547
2013-04-02 00:00:00,3.1019999980926514,3.109999895095825,3.0769999027252197
2013-04-03 00:00:00,3.055000066757202,3.1010000705718994,3.0369999408721924
2013-04-04 00:00:00,2.986999988555908,3.0399999618530273,2.984999895095825
2013-04-05 00:00:00,2.86299991607666,2.946000099182129,2.8420000076293945
2013-04-08 00:00:00,2.9030001163482666,2.9030001163482666,2.871000051498413
2013-04-09 00:00:00,2.931999921798706,2.934999942779541,2.9010000228881836
2013-04-10 00:00:00,3.005000114440918,3.005000114440918,2.9539999961853027
2013-04-11 00:00:00,2.997999906539917,3.009999990463257,2.9820001125335693
2013-04-12 00:00:00,2.9179999828338623,2.9630000591278076,2.9149999618530273
2013-04-15 00:00:00,2.881999969482422,2.9179999828338623,2.878999948501587
2013-04-16 00:00:00,2.9030001163482666,2.9210000038146973,2.8910000324249268
2013-04-17 00:00:00,2.885999917984009,2.9019999504089355,2.8459999561309814
2013-04-18 00:00:00,2.864000082015991,2.9000000953674316,2.8610000610351562
2013-04-19 00:00:00,2.881999969482422,2.888000011444092,2.86899995803833
2013-04-22 00:00:00,2.880000114440918,2.8989999294281006,2.859999895095825
2013-04-23 00:00:00,2.888000011444092,2.9010000228881836,2.8389999866485596
2013-04-24 00:00:00,2.8889999389648438,2.9119999408721924,2.884000062942505
2013-04-25 00:00:00,2.9079999923706055,2.9189999103546143,2.9000000953674316
2013-04-26 00:00:00,2.859999895095825,2.884999990463257,2.8570001125335693
2013-04-29 00:00:00,2.871999979019165,2.871999979019165,2.8469998836517334
2013-04-30 00:00:00,2.884000062942505,2.8929998874664307,2.8469998836517334
2013-05-01 00:00:00,2.8399999141693115,2.865000009536743,2.809999942779541
2013-05-02 00:00:00,2.828000068664551,2.865000009536743,2.825000047683716
2013-05-03 00:00:00,2.9660000801086426,2.9660000801086426,2.8259999752044678
2013-05-06 00:00:00,2.9860000610351562,2.990999937057495,2.947000026702881
2013-05-07 00:00:00,3.002000093460083,3.002000093460083,2.984999895095825
2013-05-08 00:00:00,2.9779999256134033,3.013000011444092,2.9690001010894775
2013-05-09 00:00:00,2.996999979019165,3.002000093460083,2.947000026702881
2013-05-10 00:00:00,3.1040000915527344,3.130000114440918,3.0329999923706055
2013-05-13 00:00:00,3.128999948501587,3.1429998874664307,3.111999988555908
2013-05-14 00:00:00,3.1630001068115234,3.177999973297119,3.1019999980926514
2013-05-15 00:00:00,3.1589999198913574,3.1989998817443848,3.135999917984009
2013-05-16 00:00:00,3.0859999656677246,3.1740000247955322,3.0769999027252197
2013-05-17 00:00:00,3.1649999618530273,3.1740000247955322,3.1019999980926514
2013-05-20 00:00:00,3.1740000247955322,3.180000066757202,3.127000093460083
2013-05-21 00:00:00,3.1489999294281006,3.1989998817443848,3.132999897003174
2013-05-22 00:00:00,3.2090001106262207,3.2309999465942383,3.0999999046325684
2013-05-23 00:00:00,3.197000026702881,3.2300000190734863,3.1589999198913574
2013-05-24 00:00:00,3.174999952316284,3.2049999237060547,3.1510000228881836
2013-05-28 00:00:00,3.2899999618530273,3.2899999618530273,3.203000068664551
2013-05-29 00:00:00,3.2720000743865967,3.302000045776367,3.260999917984009
2013-05-30 00:00:00,3.2869999408721924,3.2929999828338623,3.252000093460083
2013-05-31 00:00:00,3.308000087738037,3.3559999465942383,3.253999948501587
2013-06-03 00:00:00,3.2760000228881836,3.319999933242798,3.240999937057495
2013-06-04 00:00:00,3.296999931335449,3.318000078201294,3.2760000228881836
2013-06-05 00:00:00,3.259999990463257,3.2909998893737793,3.249000072479248
2013-06-06 00:00:00,3.2320001125335693,3.2860000133514404,3.1689999103546143
2013-06-07 00:00:00,3.3239998817443848,3.3289999961853027,3.2230000495910645
2013-06-10 00:00:00,3.369999885559082,3.381999969482422,3.3410000801086426
2013-06-11 00:00:00,3.3340001106262207,3.4089999198913574,3.315000057220459
2013-06-12 00:00:00,3.375,3.375,3.305999994277954
2013-06-13 00:00:00,3.3259999752044678,3.371999979019165,3.312000036239624
2013-06-14 00:00:00,3.296999931335449,3.328000068664551,3.2720000743865967
2013-06-17 00:00:00,3.3480000495910645,3.3489999771118164,3.2950000762939453
2013-06-18 00:00:00,3.3420000076293945,3.377000093460083,3.325000047683716
2013-06-19 00:00:00,3.4140000343322754,3.427000045776367,3.316999912261963
2013-06-20 00:00:00,3.5139999389648438,3.5480000972747803,3.443000078201294
2013-06-21 00:00:00,3.566999912261963,3.571000099182129,3.4670000076293945
2013-06-24 00:00:00,3.559000015258789,3.630000114440918,3.5429999828338623
2013-06-25 00:00:00,3.611999988555908,3.615999937057495,3.5369999408721924
2013-06-26 00:00:00,3.5739998817443848,3.618000030517578,3.555999994277954
2013-06-27 00:00:00,3.546999931335449,3.565999984741211,3.5199999809265137
2013-06-28 00:00:00,3.497999906539917,3.5799999237060547,3.497999906539917
2013-07-01 00:00:00,3.489000082015991,3.5369999408721924,3.4779999256134033
2013-07-02 00:00:00,3.4690001010894775,3.489000082015991,3.4579999446868896
2013-07-03 00:00:00,3.496999979019165,3.499000072479248,3.4609999656677246
2013-07-05 00:00:00,3.677000045776367,3.686000108718872,3.5339999198913574
2013-07-08 00:00:00,3.6429998874664307,3.684999942779541,3.63700008392334
2013-07-09 00:00:00,3.6540000438690186,3.6589999198913574,3.628000020980835
2013-07-10 00:00:00,3.687999963760376,3.7920000553131104,3.634000062942505
2013-07-11 00:00:00,3.625,3.6730000972747803,3.61299991607666
2013-07-12 00:00:00,3.6489999294281006,3.6530001163482666,3.5899999141693115
2013-07-15 00:00:00,3.6110000610351562,3.684000015258789,3.5980000495910645
2013-07-16 00:00:00,3.5840001106262207,3.6029999256134033,3.575000047683716
2013-07-17 00:00:00,3.572000026702881,3.621000051498413,3.5439999103546143
2013-07-18 00:00:00,3.630000114440918,3.638000011444092,3.572000026702881
2013-07-19 00:00:00,3.572000026702881,3.628999948501587,3.566999912261963
2013-07-22 00:00:00,3.555000066757202,3.559999942779541,3.5320000648498535
2013-07-23 00:00:00,3.5920000076293945,3.6050000190734863,3.568000078201294
2013-07-24 00:00:00,3.6530001163482666,3.687999963760376,3.621000051498413
2013-07-25 00:00:00,3.6649999618530273,3.687999963760376,3.6410000324249268
2013-07-26 00:00:00,3.618000030517578,3.6459999084472656,3.609999895095825
2013-07-29 00:00:00,3.6559998989105225,3.6760001182556152,3.625
2013-07-30 00:00:00,3.671999931335449,3.677999973297119,3.6389999389648438
2013-07-31 00:00:00,3.6459999084472656,3.742000102996826,3.6449999809265137
2013-08-01 00:00:00,3.7739999294281006,3.7739999294281006,3.6670000553131104
2013-08-02 00:00:00,3.687999963760376,3.7730000019073486,3.687999963760376
2013-08-05 00:00:00,3.7300000190734863,3.747999906539917,3.697999954223633
2013-08-06 00:00:00,3.7320001125335693,3.759000062942505,3.7260000705718994
2013-08-07 00:00:00,3.686000108718872,3.7279999256134033,3.674999952316284
2013-08-08 00:00:00,3.671999931335449,3.690999984741211,3.6410000324249268
2013-08-09 00:00:00,3.6389999389648438,3.6740000247955322,3.631999969482422
2013-08-12 00:00:00,3.6659998893737793,3.6670000553131104,3.6019999980926514
2013-08-13 00:00:00,3.75600004196167,3.7669999599456787,3.7200000286102295
2013-08-14 00:00:00,3.752000093460083,3.760999917984009,3.734999895095825
2013-08-15 00:00:00,3.7920000553131104,3.8369998931884766,3.7739999294281006
2013-08-16 00:00:00,3.8570001125335693,3.884999990463257,3.809000015258789
2013-08-19 00:00:00,3.9019999504089355,3.9130001068115234,3.8540000915527344
2013-08-20 00:00:00,3.8529999256134033,3.877000093460083,3.8469998836517334
2013-08-21 00:00:00,3.881999969482422,3.9100000858306885,3.8529999256134033
2013-08-22 00:00:00,3.884999990463257,3.930000066757202,3.878999948501587
2013-08-23 00:00:00,3.7980000972747803,3.8959999084472656,3.7920000553131104
2013-08-26 00:00:00,3.7839999198913574,3.808000087738037,3.7769999504089355
2013-08-27 00:00:00,3.703000068664551,3.757999897003174,3.691999912261963
2013-08-28 00:00:00,3.753999948501587,3.7669999599456787,3.7260000705718994
2013-08-29 00:00:00,3.703000068664551,3.7839999198913574,3.697999954223633
2013-08-30 00:00:00,3.6760001182556152,3.7279999256134033,3.6730000972747803
2013-09-03 00:00:00,3.7760000228881836,3.8310000896453857,3.75
2013-09-04 00:00:00,3.7990000247955322,3.808000087738037,3.7699999809265137
2013-09-05 00:00:00,3.878000020980835,3.881999969482422,3.7990000247955322
2013-09-06 00:00:00,3.872999906539917,3.872999906539917,3.811000108718872
2013-09-09 00:00:00,3.8399999141693115,3.8529999256134033,3.815999984741211
2013-09-10 00:00:00,3.8889999389648438,3.9010000228881836,3.8450000286102295
2013-09-11 00:00:00,3.859999895095825,3.9100000858306885,3.8540000915527344
2013-09-12 00:00:00,3.8450000286102295,3.8529999256134033,3.806999921798706
2013-09-13 00:00:00,3.8469998836517334,3.8489999771118164,3.816999912261963
2013-09-16 00:00:00,3.871000051498413,3.875,3.7829999923706055
2013-09-17 00:00:00,3.8399999141693115,3.86899995803833,3.8359999656677246
2013-09-18 00:00:00,3.755000114440918,3.88100004196167,3.755000114440918
2013-09-19 00:00:00,3.805000066757202,3.811000108718872,3.746999979019165
2013-09-20 00:00:00,3.759999990463257,3.816999912261963,3.753999948501587
2013-09-23 00:00:00,3.742000102996826,3.76200008392334,3.7309999465942383
2013-09-24 00:00:00,3.671999931335449,3.7190001010894775,3.6659998893737793
2013-09-25 00:00:00,3.6480000019073486,3.691999912261963,3.6480000019073486
2013-09-26 00:00:00,3.690000057220459,3.7009999752044678,3.677000045776367
2013-09-27 00:00:00,3.680999994277954,3.700000047683716,3.6679999828338623
2013-09-30 00:00:00,3.686000108718872,3.7039999961853027,3.6619999408721924
2013-10-01 00:00:00,3.7209999561309814,3.7230000495910645,3.697999954223633
2013-10-02 00:00:00,3.7100000381469727,3.7119998931884766,3.6730000972747803
2013-10-03 00:00:00,3.7070000171661377,3.7190001010894775,3.678999900817871
2013-10-04 00:00:00,3.7320001125335693,3.740000009536743,3.7130000591278076
2013-10-07 00:00:00,3.7019999027252197,3.7049999237060547,3.686000108718872
2013-10-08 00:00:00,3.694999933242798,3.7260000705718994,3.678999900817871
2013-10-09 00:00:00,3.7239999771118164,3.740000009536743,3.694000005722046
2013-10-10 00:00:00,3.742000102996826,3.7860000133514404,3.7339999675750732
2013-10-11 00:00:00,3.734999895095825,3.740000009536743,3.697000026702881
2013-10-14 00:00:00,3.744999885559082,3.744999885559082,3.744999885559082
2013-10-15 00:00:00,3.7769999504089355,3.7909998893737793,3.75
2013-10-16 00:00:00,3.7239999771118164,3.803999900817871,3.7219998836517334
2013-10-17 00:00:00,3.6570000648498535,3.694999933242798,3.6549999713897705
2013-10-18 00:00:00,3.6540000438690186,3.6589999198913574,3.631999969482422
2013-10-21 00:00:00,3.680999994277954,3.688999891281128,3.6540000438690186
2013-10-22 00:00:00,3.6089999675750732,3.6579999923706055,3.6010000705718994
2013-10-23 00:00:00,3.5820000171661377,3.609999895095825,3.566999912261963
2013-10-24 00:00:00,3.61299991607666,3.61299991607666,3.565000057220459
2013-10-25 00:00:00,3.5929999351501465,3.6089999675750732,3.5850000381469727
2013-10-28 00:00:00,3.6019999980926514,3.6110000610351562,3.5899999141693115
2013-10-29 00:00:00,3.621999979019165,3.634000062942505,3.6070001125335693
2013-10-30 00:00:00,3.631999969482422,3.6559998989105225,3.6029999256134033
2013-10-31 00:00:00,3.63100004196167,3.6589999198913574,3.609999895095825
2013-11-01 00:00:00,3.696000099182129,3.7019999027252197,3.6480000019073486
2013-11-04 00:00:00,3.690999984741211,3.697999954223633,3.671999931335449
2013-11-05 00:00:00,3.757999897003174,3.765000104904175,3.703000068664551
2013-11-06 00:00:00,3.7690000534057617,3.7869999408721924,3.755000114440918
2013-11-07 00:00:00,3.7260000705718994,3.7769999504089355,3.7160000801086426
2013-11-08 00:00:00,3.8420000076293945,3.8540000915527344,3.7239999771118164
2013-11-11 00:00:00,3.8480000495910645,3.8480000495910645,3.8480000495910645
2013-11-12 00:00:00,3.8550000190734863,3.871999979019165,3.8480000495910645
2013-11-13 00:00:00,3.8289999961853027,3.8410000801086426,3.822999954223633
2013-11-14 00:00:00,3.799999952316284,3.821000099182129,3.7639999389648438
2013-11-15 00:00:00,3.8010001182556152,3.819999933242798,3.7869999408721924
2013-11-18 00:00:00,3.7660000324249268,3.7939999103546143,3.759999990463257
2013-11-19 00:00:00,3.803999900817871,3.808000087738037,3.763000011444092
2013-11-20 00:00:00,3.9049999713897705,3.9079999923706055,3.7839999198913574
2013-11-21 00:00:00,3.882999897003174,3.937999963760376,3.878999948501587
2013-11-22 00:00:00,3.8380000591278076,3.869999885559082,3.828000068664551
2013-11-25 00:00:00,3.8359999656677246,3.8540000915527344,3.812000036239624
2013-11-26 00:00:00,3.7850000858306885,3.821000099182129,3.7839999198913574
2013-11-27 00:00:00,3.812000036239624,3.8420000076293945,3.7950000762939453
2013-11-29 00:00:00,3.808000087738037,3.8420000076293945,3.803999900817871
2013-12-02 00:00:00,3.859999895095825,3.86899995803833,3.8289999961853027
2013-12-03 00:00:00,3.8369998931884766,3.8540000915527344,3.828000068664551
2013-12-04 00:00:00,3.9049999713897705,3.9159998893737793,3.878000020980835
2013-12-05 00:00:00,3.9140000343322754,3.921999931335449,3.890000104904175
2013-12-06 00:00:00,3.9170000553131104,3.9760000705718994,3.881999969482422
2013-12-09 00:00:00,3.8889999389648438,3.890000104904175,3.86899995803833
2013-12-10 00:00:00,3.8289999961853027,3.8550000190734863,3.8269999027252197
2013-12-11 00:00:00,3.880000114440918,3.882999897003174,3.8410000801086426
2013-12-12 00:00:00,3.8970000743865967,3.9030001163482666,3.86299991607666
2013-12-13 00:00:00,3.872999906539917,3.8980000019073486,3.865999937057495
2013-12-16 00:00:00,3.8949999809265137,3.9010000228881836,3.8469998836517334
2013-12-17 00:00:00,3.871999979019165,3.9159998893737793,3.867000102996826
2013-12-18 00:00:00,3.9130001068115234,3.953000068664551,3.8469998836517334
2013-12-19 00:00:00,3.9010000228881836,3.9179999828338623,3.88700008392334
2013-12-20 00:00:00,3.8239998817443848,3.9079999923706055,3.8239998817443848
2013-12-23 00:00:00,3.8440001010894775,3.8499999046325684,3.809999942779541
2013-12-24 00:00:00,3.9010000228881836,3.9010000228881836,3.859999895095825
2013-12-26 00:00:00,3.9210000038146973,3.930000066757202,3.8919999599456787
2013-12-27 00:00:00,3.943000078201294,3.950000047683716,3.9110000133514404
2013-12-30 00:00:00,3.9070000648498535,3.927000045776367,3.8959999084472656
2013-12-31 00:00:00,3.9639999866485596,3.9739999771118164,3.8980000019073486
2014-01-02 00:00:00,3.9189999103546143,3.9670000076293945,3.9100000858306885
2014-01-03 00:00:00,3.930000066757202,3.9509999752044678,3.9079999923706055
2014-01-06 00:00:00,3.8980000019073486,3.9149999618530273,3.878999948501587
2014-01-07 00:00:00,3.88100004196167,3.9059998989105225,3.880000114440918
2014-01-08 00:00:00,3.9030001163482666,3.931999921798706,3.9010000228881836
2014-01-09 00:00:00,3.872999906539917,3.9079999923706055,3.869999885559082
2014-01-10 00:00:00,3.7960000038146973,3.884999990463257,3.7950000762939453
2014-01-13 00:00:00,3.7669999599456787,3.808000087738037,3.763000011444092
2014-01-14 00:00:00,3.799999952316284,3.803999900817871,3.7799999713897705
2014-01-15 00:00:00,3.805999994277954,3.8350000381469727,3.7980000972747803
2014-01-16 00:00:00,3.7730000019073486,3.809999942779541,3.7699999809265137
2014-01-17 00:00:00,3.756999969482422,3.7880001068115234,3.756999969482422
2014-01-21 00:00:00,3.739000082015991,3.759000062942505,3.734999895095825
2014-01-22 00:00:00,3.759000062942505,3.760999917984009,3.7339999675750732
2014-01-23 00:00:00,3.680999994277954,3.740000009536743,3.6619999408721924
2014-01-24 00:00:00,3.6510000228881836,3.6730000972747803,3.6429998874664307
2014-01-27 00:00:00,3.680000066757202,3.680000066757202,3.638000011444092
2014-01-28 00:00:00,3.671999931335449,3.7009999752044678,3.6670000553131104
2014-01-29 00:00:00,3.621999979019165,3.687000036239624,3.619999885559082
2014-01-30 00:00:00,3.634999990463257,3.6649999618530273,3.628999948501587
2014-01-31 00:00:00,3.621999979019165,3.624000072479248,3.5940001010894775
2014-02-03 00:00:00,3.5399999618530273,3.628000020980835,3.5390000343322754
2014-02-04 00:00:00,3.5929999351501465,3.6070001125335693,3.562000036239624
2014-02-05 00:00:00,3.6530001163482666,3.6549999713897705,3.5810000896453857
2014-02-06 00:00:00,3.674999952316284,3.683000087738037,3.6389999389648438
2014-02-07 00:00:00,3.6649999618530273,3.7019999027252197,3.625
2014-02-10 00:00:00,3.6630001068115234,3.687000036239624,3.6579999923706055
2014-02-11 00:00:00,3.684999942779541,3.7060000896453857,3.6640000343322754
2014-02-12 00:00:00,3.7230000495910645,3.736999988555908,3.694000005722046
2014-02-13 00:00:00,3.686000108718872,3.700000047683716,3.6760001182556152
2014-02-14 00:00:00,3.700000047683716,3.7090001106262207,3.686000108718872
2014-02-18 00:00:00,3.680000066757202,3.700000047683716,3.6600000858306885
2014-02-19 00:00:00,3.7070000171661377,3.7109999656677246,3.6540000438690186
2014-02-20 00:00:00,3.7260000705718994,3.74399995803833,3.694000005722046
2014-02-21 00:00:00,3.696000099182129,3.743000030517578,3.694000005722046
2014-02-24 00:00:00,3.7109999656677246,3.7200000286102295,3.688999891281128
2014-02-25 00:00:00,3.6610000133514404,3.7090001106262207,3.6570000648498535
2014-02-26 00:00:00,3.634999990463257,3.6730000972747803,3.628000020980835
2014-02-27 00:00:00,3.5959999561309814,3.617000102996826,3.5929999351501465
2014-02-28 00:00:00,3.5920000076293945,3.635999917984009,3.5920000076293945
2014-03-03 00:00:00,3.556999921798706,3.575000047683716,3.546999931335449
2014-03-04 00:00:00,3.638000011444092,3.638000011444092,3.5859999656677246
2014-03-05 00:00:00,3.6440000534057617,3.6530001163482666,3.622999906539917
2014-03-06 00:00:00,3.687000036239624,3.687000036239624,3.6610000133514404
2014-03-07 00:00:00,3.7219998836517334,3.750999927520752,3.6710000038146973
2014-03-10 00:00:00,3.7279999256134033,3.734999895095825,3.7149999141693115
2014-03-11 00:00:00,3.7090001106262207,3.7330000400543213,3.7049999237060547
2014-03-12 00:00:00,3.6670000553131104,3.690999984741211,3.6540000438690186
2014-03-13 00:00:00,3.6010000705718994,3.687000036239624,3.5980000495910645
2014-03-14 00:00:00,3.5869998931884766,3.5989999771118164,3.556999921798706
2014-03-17 00:00:00,3.630000114440918,3.630000114440918,3.5969998836517334
2014-03-18 00:00:00,3.627000093460083,3.6389999389648438,3.611999988555908
2014-03-19 00:00:00,3.6700000762939453,3.684000015258789,3.621000051498413
2014-03-20 00:00:00,3.6600000858306885,3.671999931335449,3.638000011444092
2014-03-21 00:00:00,3.6089999675750732,3.6640000343322754,3.6029999256134033
2014-03-24 00:00:00,3.572000026702881,3.625999927520752,3.561000108718872
2014-03-25 00:00:00,3.5789999961853027,3.609999895095825,3.5759999752044678
2014-03-26 00:00:00,3.5510001182556152,3.6070001125335693,3.5490000247955322
2014-03-27 00:00:00,3.509999990463257,3.5490000247955322,3.49399995803833
2014-03-28 00:00:00,3.5439999103546143,3.568000078201294,3.5209999084472656
2014-03-31 00:00:00,3.561000108718872,3.6050000190734863,3.556999921798706
2014-04-01 00:00:00,3.6040000915527344,3.6089999675750732,3.5850000381469727
2014-04-02 00:00:00,3.6489999294281006,3.6519999504089355,3.617000102996826
2014-04-03 00:00:00,3.625,3.6459999084472656,3.611999988555908
2014-04-04 00:00:00,3.5850000381469727,3.6480000019073486,3.5759999752044678
2014-04-07 00:00:00,3.558000087738037,3.5980000495910645,3.5460000038146973
2014-04-08 00:00:00,3.5399999618530273,3.5759999752044678,3.5350000858306885
2014-04-09 00:00:00,3.565000057220459,3.5739998817443848,3.5429999828338623
2014-04-10 00:00:00,3.503000020980835,3.569000005722046,3.502000093460083
2014-04-11 00:00:00,3.4769999980926514,3.505000114440918,3.4730000495910645
2014-04-14 00:00:00,3.4839999675750732,3.500999927520752,3.4760000705718994
2014-04-15 00:00:00,3.4600000381469727,3.499000072479248,3.436000108718872
2014-04-16 00:00:00,3.4539999961853027,3.494999885559082,3.453000068664551
2014-04-17 00:00:00,3.5169999599456787,3.5280001163482666,3.440000057220459
2014-04-21 00:00:00,3.5250000953674316,3.5260000228881836,3.4839999675750732
2014-04-22 00:00:00,3.503000020980835,3.5399999618530273,3.502000093460083
2014-04-23 00:00:00,3.4690001010894775,3.492000102996826,3.4679999351501465
2014-04-24 00:00:00,3.4639999866485596,3.509000062942505,3.4630000591278076
2014-04-25 00:00:00,3.438999891281128,3.4519999027252197,3.4179999828338623
2014-04-28 00:00:00,3.4590001106262207,3.493000030517578,3.4489998817443848
2014-04-29 00:00:00,3.490999937057495,3.5230000019073486,3.4830000400543213
2014-04-30 00:00:00,3.4579999446868896,3.513000011444092,3.4560000896453857
2014-05-01 00:00:00,3.4049999713897705,3.4749999046325684,3.3989999294281006
2014-05-02 00:00:00,3.367000102996826,3.4739999771118164,3.3489999771118164
2014-05-05 00:00:00,3.4079999923706055,3.4079999923706055,3.36299991607666
2014-05-06 00:00:00,3.38100004196167,3.4049999713897705,3.371000051498413
2014-05-07 00:00:00,3.4030001163482666,3.4119999408721924,3.378000020980835
2014-05-08 00:00:00,3.4149999618530273,3.437999963760376,3.369999885559082
2014-05-09 00:00:00,3.4670000076293945,3.4800000190734863,3.4210000038146973
2014-05-12 00:00:00,3.492000102996826,3.503000020980835,3.4730000495910645
2014-05-13 00:00:00,3.4539999961853027,3.490000009536743,3.446000099182129
2014-05-14 00:00:00,3.375,3.4189999103546143,3.364000082015991
2014-05-15 00:00:00,3.3369998931884766,3.378000020980835,3.303999900817871
2014-05-16 00:00:00,3.3469998836517334,3.3550000190734863,3.3239998817443848
2014-05-19 00:00:00,3.382999897003174,3.385999917984009,3.325000047683716
2014-05-20 00:00:00,3.375,3.4030001163482666,3.3519999980926514
2014-05-21 00:00:00,3.4179999828338623,3.437000036239624,3.3989999294281006
2014-05-22 00:00:00,3.428999900817871,3.440000057220459,3.4049999713897705
2014-05-23 00:00:00,3.3980000019073486,3.4130001068115234,3.384000062942505
2014-05-27 00:00:00,3.367000102996826,3.4100000858306885,3.361999988555908
2014-05-28 00:00:00,3.2880001068115234,3.3459999561309814,3.2860000133514404
2014-05-29 00:00:00,3.303999900817871,3.316999912261963,3.2669999599456787
2014-05-30 00:00:00,3.313999891281128,3.3399999141693115,3.305000066757202
2014-06-02 00:00:00,3.377000093460083,3.390000104904175,3.3329999446868896
2014-06-03 00:00:00,3.434999942779541,3.437000036239624,3.381999969482422
2014-06-04 00:00:00,3.444000005722046,3.4539999961853027,3.4089999198913574
2014-06-05 00:00:00,3.431999921798706,3.492000102996826,3.4200000762939453
2014-06-06 00:00:00,3.437000036239624,3.489000082015991,3.3919999599456787
2014-06-09 00:00:00,3.4509999752044678,3.4619998931884766,3.434000015258789
2014-06-10 00:00:00,3.4660000801086426,3.4809999465942383,3.4570000171661377
2014-06-11 00:00:00,3.4690001010894775,3.4809999465942383,3.444999933242798
2014-06-12 00:00:00,3.4100000858306885,3.4830000400543213,3.4040000438690186
2014-06-13 00:00:00,3.4119999408721924,3.4489998817443848,3.390000104904175
2014-06-16 00:00:00,3.3970000743865967,3.4159998893737793,3.382999897003174
2014-06-17 00:00:00,3.446000099182129,3.447000026702881,3.38700008392334
2014-06-18 00:00:00,3.4179999828338623,3.447999954223633,3.384000062942505
2014-06-19 00:00:00,3.4590001106262207,3.490999937057495,3.3959999084472656
2014-06-20 00:00:00,3.4519999027252197,3.499000072479248,3.443000078201294
2014-06-23 00:00:00,3.4489998817443848,3.4509999752044678,3.4140000343322754
2014-06-24 00:00:00,3.4059998989105225,3.437000036239624,3.4000000953674316
2014-06-25 00:00:00,3.38100004196167,3.3940000534057617,3.3580000400543213
2014-06-26 00:00:00,3.3440001010894775,3.378999948501587,3.3350000381469727
2014-06-27 00:00:00,3.365000009536743,3.367000102996826,3.3359999656677246
2014-06-30 00:00:00,3.3380000591278076,3.371999979019165,3.3380000591278076
2014-07-01 00:00:00,3.3949999809265137,3.4019999504089355,3.375
2014-07-02 00:00:00,3.4660000801086426,3.4679999351501465,3.4200000762939453
2014-07-03 00:00:00,3.4830000400543213,3.5160000324249268,3.4579999446868896
2014-07-07 00:00:00,3.440000057220459,3.4570000171661377,3.427000045776367
2014-07-08 00:00:00,3.380000114440918,3.4240000247955322,3.372999906539917
2014-07-09 00:00:00,3.359999895095825,3.3970000743865967,3.3580000400543213
2014-07-10 00:00:00,3.364000082015991,3.371999979019165,3.322999954223633
2014-07-11 00:00:00,3.3429999351501465,3.3540000915527344,3.3340001106262207
2014-07-14 00:00:00,3.368000030517578,3.371999979019165,3.3420000076293945
2014-07-15 00:00:00,3.365999937057495,3.3940000534057617,3.3480000495910645
2014-07-16 00:00:00,3.3480000495910645,3.38100004196167,3.3399999141693115
2014-07-17 00:00:00,3.2899999618530273,3.3259999752044678,3.2820000648498535
2014-07-18 00:00:00,3.2920000553131104,3.315000057220459,3.2690000534057617
2014-07-21 00:00:00,3.2639999389648438,3.2860000133514404,3.239000082015991
2014-07-22 00:00:00,3.252000093460083,3.2920000553131104,3.252000093460083
2014-07-23 00:00:00,3.257999897003174,3.259999990463257,3.240000009536743
2014-07-24 00:00:00,3.299999952316284,3.309000015258789,3.2829999923706055
2014-07-25 00:00:00,3.24399995803833,3.2890000343322754,3.240999937057495
2014-07-28 00:00:00,3.26200008392334,3.2660000324249268,3.2290000915527344
2014-07-29 00:00:00,3.2219998836517334,3.250999927520752,3.2170000076293945
2014-07-30 00:00:00,3.309999942779541,3.313999891281128,3.2219998836517334
2014-07-31 00:00:00,3.311000108718872,3.372999906539917,3.2950000762939453
2014-08-01 00:00:00,3.296999931335449,3.369999885559082,3.2679998874664307
2014-08-04 00:00:00,3.2950000762939453,3.296999931335449,3.2699999809265137
2014-08-05 00:00:00,3.2790000438690186,3.3269999027252197,3.2720000743865967
2014-08-06 00:00:00,3.2769999504089355,3.2790000438690186,3.234999895095825
2014-08-07 00:00:00,3.2339999675750732,3.2809998989105225,3.2339999675750732
2014-08-08 00:00:00,3.2260000705718994,3.242000102996826,3.190999984741211
2014-08-11 00:00:00,3.2320001125335693,3.246999979019165,3.2209999561309814
2014-08-12 00:00:00,3.2660000324249268,3.2699999809265137,3.2330000400543213
2014-08-13 00:00:00,3.240999937057495,3.2880001068115234,3.236999988555908
2014-08-14 00:00:00,3.191999912261963,3.24399995803833,3.190999984741211
2014-08-15 00:00:00,3.134999990463257,3.184000015258789,3.1070001125335693
2014-08-18 00:00:00,3.194000005722046,3.2009999752044678,3.1510000228881836
2014-08-19 00:00:00,3.2209999561309814,3.2219998836517334,3.1649999618530273
2014-08-20 00:00:00,3.2200000286102295,3.242000102996826,3.2079999446868896
2014-08-21 00:00:00,3.191999912261963,3.2330000400543213,3.184000015258789
2014-08-22 00:00:00,3.1570000648498535,3.2109999656677246,3.1519999504089355
2014-08-25 00:00:00,3.134999990463257,3.1610000133514404,3.134999990463257
2014-08-26 00:00:00,3.1519999504089355,3.1619999408721924,3.122999906539917
2014-08-27 00:00:00,3.1089999675750732,3.1530001163482666,3.1089999675750732
2014-08-28 00:00:00,3.072000026702881,3.0929999351501465,3.059000015258789
2014-08-29 00:00:00,3.0799999237060547,3.0899999141693115,3.059000015258789
2014-09-02 00:00:00,3.1740000247955322,3.1740000247955322,3.1389999389648438
2014-09-03 00:00:00,3.1559998989105225,3.2060000896453857,3.1540000438690186
2014-09-04 00:00:00,3.2049999237060547,3.2109999656677246,3.135999917984009
2014-09-05 00:00:00,3.236999988555908,3.240000009536743,3.1700000762939453
2014-09-08 00:00:00,3.2230000495910645,3.240000009536743,3.183000087738037
2014-09-09 00:00:00,3.2330000400543213,3.253000020980835,3.2190001010894775
2014-09-10 00:00:00,3.2690000534057617,3.2750000953674316,3.25600004196167
2014-09-11 00:00:00,3.253999948501587,3.2679998874664307,3.2360000610351562
2014-09-12 00:00:00,3.3510000705718994,3.3540000915527344,3.305000066757202
2014-09-15 00:00:00,3.3410000801086426,3.3459999561309814,3.309999942779541
2014-09-16 00:00:00,3.3540000915527344,3.3570001125335693,3.308000087738037
2014-09-17 00:00:00,3.364000082015991,3.3910000324249268,3.322999954223633
2014-09-18 00:00:00,3.3589999675750732,3.372999906539917,3.3420000076293945
2014-09-19 00:00:00,3.2990000247955322,3.3580000400543213,3.2939999103546143
2014-09-22 00:00:00,3.2890000343322754,3.2950000762939453,3.2660000324249268
2014-09-23 00:00:00,3.252000093460083,3.2799999713897705,3.249000072479248
2014-09-24 00:00:00,3.2829999923706055,3.2829999923706055,3.242000102996826
2014-09-25 00:00:00,3.2200000286102295,3.259999990463257,3.2119998931884766
2014-09-26 00:00:00,3.2160000801086426,3.25600004196167,3.2070000171661377
2014-09-29 00:00:00,3.180000066757202,3.184999942779541,3.1589999198913574
2014-09-30 00:00:00,3.2119998931884766,3.2119998931884766,3.171999931335449
2014-10-01 00:00:00,3.11299991607666,3.184000015258789,3.111999988555908
2014-10-02 00:00:00,3.1530001163482666,3.1549999713897705,3.1059999465942383
2014-10-03 00:00:00,3.134000062942505,3.2760000228881836,3.128999948501587
2014-10-06 00:00:00,3.128000020980835,3.1449999809265137,3.1050000190734863
2014-10-07 00:00:00,3.055999994277954,3.128000020980835,3.049999952316284
2014-10-08 00:00:00,3.062000036239624,3.0899999141693115,3.0429999828338623
2014-10-09 00:00:00,3.062000036239624,3.0850000381469727,3.0360000133514404
2014-10-10 00:00:00,3.0350000858306885,3.055999994277954,3.0329999923706055
2014-10-13 00:00:00,3.0139999389648438,3.0139999389648438,3.0139999389648438
2014-10-14 00:00:00,2.9570000171661377,2.993000030517578,2.938999891281128
2014-10-15 00:00:00,2.875999927520752,2.934999942779541,2.677000045776367
2014-10-16 00:00:00,2.936000108718872,2.9509999752044678,2.812000036239624
2014-10-17 00:00:00,2.9679999351501465,3.005000114440918,2.938999891281128
2014-10-20 00:00:00,2.9590001106262207,2.9830000400543213,2.934999942779541
2014-10-21 00:00:00,2.9839999675750732,2.993000030517578,2.9700000286102295
2014-10-22 00:00:00,3.0,3.0179998874664307,2.9719998836517334
2014-10-23 00:00:00,3.0460000038146973,3.072999954223633,3.009999990463257
2014-10-24 00:00:00,3.049999952316284,3.053999900817871,3.003000020980835
2014-10-27 00:00:00,3.0339999198913574,3.0450000762939453,3.0190000534057617
2014-10-28 00:00:00,3.056999921798706,3.072999954223633,3.0380001068115234
2014-10-29 00:00:00,3.0480000972747803,3.125,3.0450000762939453
2014-10-30 00:00:00,3.0360000133514404,3.046999931335449,3.007999897003174
2014-10-31 00:00:00,3.059999942779541,3.0850000381469727,3.0439999103546143
2014-11-03 00:00:00,3.065999984741211,3.1010000705718994,3.0490000247955322
2014-11-04 00:00:00,3.052999973297119,3.061000108718872,3.0199999809265137
2014-11-05 00:00:00,3.065000057220459,3.0820000171661377,3.0490000247955322
2014-11-06 00:00:00,3.0929999351501465,3.1010000705718994,3.056999921798706
2014-11-07 00:00:00,3.0460000038146973,3.132999897003174,3.0450000762939453
2014-11-10 00:00:00,3.0880000591278076,3.0910000801086426,3.0309998989105225
2014-11-11 00:00:00,3.0920000076293945,3.0920000076293945,3.0920000076293945
2014-11-12 00:00:00,3.0799999237060547,3.0980000495910645,3.0439999103546143
2014-11-13 00:00:00,3.0759999752044678,3.1010000705718994,3.065000057220459
2014-11-14 00:00:00,3.0420000553131104,3.0880000591278076,3.0420000553131104
2014-11-17 00:00:00,3.059000015258789,3.075000047683716,3.013000011444092
2014-11-18 00:00:00,3.0429999828338623,3.061000108718872,3.0320000648498535
2014-11-19 00:00:00,3.066999912261963,3.0789999961853027,3.0429999828338623
2014-11-20 00:00:00,3.052999973297119,3.065999984741211,3.0190000534057617
2014-11-21 00:00:00,3.0209999084472656,3.053999900817871,3.0209999084472656
2014-11-24 00:00:00,3.0190000534057617,3.0450000762939453,3.009999990463257
2014-11-25 00:00:00,2.9660000801086426,3.0220000743865967,2.9639999866485596
2014-11-26 00:00:00,2.940000057220459,2.9590001106262207,2.937000036239624
2014-11-28 00:00:00,2.9100000858306885,2.927999973297119,2.9049999713897705
2014-12-01 00:00:00,2.946000099182129,2.9509999752044678,2.885999917984009
2014-12-02 00:00:00,3.003999948501587,3.007999897003174,2.9619998931884766
2014-12-03 00:00:00,2.993000030517578,3.0160000324249268,2.9860000610351562
2014-12-04 00:00:00,2.9579999446868896,2.997999906539917,2.9570000171661377
2014-12-05 00:00:00,2.9639999866485596,3.000999927520752,2.946000099182129
2014-12-08 00:00:00,2.9010000228881836,2.9649999141693115,2.8919999599456787
2014-12-09 00:00:00,2.875,2.885999917984009,2.8410000801086426
2014-12-10 00:00:00,2.8350000381469727,2.88100004196167,2.8340001106262207
2014-12-11 00:00:00,2.825000047683716,2.872999906539917,2.806999921798706
2014-12-12 00:00:00,2.75600004196167,2.7950000762939453,2.736999988555908
2014-12-15 00:00:00,2.744999885559082,2.7820000648498535,2.7219998836517334
2014-12-16 00:00:00,2.7019999027252197,2.734999895095825,2.687000036239624
2014-12-17 00:00:00,2.752000093460083,2.7699999809265137,2.7019999027252197
2014-12-18 00:00:00,2.812000036239624,2.8299999237060547,2.760999917984009
2014-12-19 00:00:00,2.7739999294281006,2.8310000896453857,2.7720000743865967
2014-12-22 00:00:00,2.75,2.7869999408721924,2.744999885559082
2014-12-23 00:00:00,2.8519999980926514,2.8540000915527344,2.755000114440918
2014-12-24 00:00:00,2.8340001106262207,2.881999969482422,2.8310000896453857
2014-12-26 00:00:00,2.813999891281128,2.8329999446868896,2.7950000762939453
2014-12-29 00:00:00,2.7760000228881836,2.7980000972747803,2.759000062942505
2014-12-30 00:00:00,2.757999897003174,2.760999917984009,2.7360000610351562
2014-12-31 00:00:00,2.749000072479248,2.760999917984009,2.739000082015991
2015-01-02 00:00:00,2.697000026702881,2.7820000648498535,2.677000045776367
2015-01-05 00:00:00,2.6050000190734863,2.6740000247955322,2.6040000915527344
2015-01-06 00:00:00,2.5230000019073486,2.569000005722046,2.4719998836517334
2015-01-07 00:00:00,2.515000104904175,2.571000099182129,2.496999979019165
2015-01-08 00:00:00,2.5929999351501465,2.6050000190734863,2.552000045776367
2015-01-09 00:00:00,2.555999994277954,2.621999979019165,2.5369999408721924
2015-01-12 00:00:00,2.492000102996826,2.553999900817871,2.4830000400543213
2015-01-13 00:00:00,2.4820001125335693,2.5299999713897705,2.4690001010894775
2015-01-14 00:00:00,2.4509999752044678,2.4679999351501465,2.3949999809265137
2015-01-15 00:00:00,2.4110000133514404,2.4700000286102295,2.3929998874664307
2015-01-16 00:00:00,2.434999942779541,2.4560000896453857,2.3529999256134033
2015-01-20 00:00:00,2.3980000019073486,2.431999921798706,2.369999885559082
2015-01-21 00:00:00,2.440000057220459,2.4570000171661377,2.3510000705718994
2015-01-22 00:00:00,2.4690001010894775,2.552000045776367,2.4040000438690186
2015-01-23 00:00:00,2.3940000534057617,2.4170000553131104,2.36899995803833
2015-01-26 00:00:00,2.3980000019073486,2.4110000133514404,2.365000009536743
2015-01-27 00:00:00,2.4019999504089355,2.4059998989105225,2.3289999961853027
2015-01-28 00:00:00,2.2939999103546143,2.4049999713897705,2.2880001068115234
2015-01-29 00:00:00,2.319000005722046,2.3459999561309814,2.2990000247955322
2015-01-30 00:00:00,2.250999927520752,2.2820000648498535,2.2260000705718994
2015-02-02 00:00:00,2.252000093460083,2.2899999618530273,2.234999895095825
2015-02-03 00:00:00,2.371999979019165,2.375,2.2990000247955322
2015-02-04 00:00:00,2.3889999389648438,2.440000057220459,2.371999979019165
2015-02-05 00:00:00,2.421999931335449,2.430000066757202,2.384000062942505
2015-02-06 00:00:00,2.5190000534057617,2.5390000343322754,2.4110000133514404
2015-02-09 00:00:00,2.5209999084472656,2.5220000743865967,2.4709999561309814
2015-02-10 00:00:00,2.571000099182129,2.5940001010894775,2.5439999103546143
2015-02-11 00:00:00,2.563999891281128,2.6089999675750732,2.552999973297119
2015-02-12 00:00:00,2.571000099182129,2.618000030517578,2.5409998893737793
2015-02-13 00:00:00,2.625999927520752,2.634000062942505,2.5850000381469727
2015-02-17 00:00:00,2.73799991607666,2.74399995803833,2.621999979019165
2015-02-18 00:00:00,2.694999933242798,2.7239999771118164,2.671999931335449
2015-02-19 00:00:00,2.7320001125335693,2.73799991607666,2.684000015258789
2015-02-20 00:00:00,2.734999895095825,2.746000051498413,2.6579999923706055
2015-02-23 00:00:00,2.6519999504089355,2.7209999561309814,2.6500000953674316
2015-02-24 00:00:00,2.5980000495910645,2.694999933242798,2.5820000171661377
2015-02-25 00:00:00,2.571000099182129,2.609999895095825,2.559999942779541
2015-02-26 00:00:00,2.6089999675750732,2.615999937057495,2.5399999618530273
2015-02-27 00:00:00,2.5999999046325684,2.6480000019073486,2.5980000495910645
2015-03-02 00:00:00,2.684999942779541,2.686000108718872,2.6040000915527344
2015-03-03 00:00:00,2.7130000591278076,2.7160000801086426,2.6760001182556152
2015-03-04 00:00:00,2.7190001010894775,2.7260000705718994,2.7060000896453857
2015-03-05 00:00:00,2.7160000801086426,2.749000072479248,2.6989998817443848
2015-03-06 00:00:00,2.8389999866485596,2.869999885559082,2.7100000381469727
2015-03-09 00:00:00,2.7990000247955322,2.822000026702881,2.7880001068115234
2015-03-10 00:00:00,2.7190001010894775,2.7660000324249268,2.7190001010894775
2015-03-11 00:00:00,2.683000087738037,2.744999885559082,2.6740000247955322
2015-03-12 00:00:00,2.677999973297119,2.7079999446868896,2.634000062942505
2015-03-13 00:00:00,2.694999933242798,2.7190001010894775,2.6740000247955322
2015-03-16 00:00:00,2.677000045776367,2.684999942779541,2.6470000743865967
2015-03-17 00:00:00,2.615999937057495,2.6410000324249268,2.6059999465942383
2015-03-18 00:00:00,2.5369999408721924,2.630000114440918,2.5329999923706055
2015-03-19 00:00:00,2.5390000343322754,2.555000066757202,2.496999979019165
2015-03-20 00:00:00,2.503999948501587,2.5290000438690186,2.496999979019165
2015-03-23 00:00:00,2.509000062942505,2.5260000228881836,2.494999885559082
2015-03-24 00:00:00,2.4660000801086426,2.510999917984009,2.4579999446868896
2015-03-25 00:00:00,2.500999927520752,2.506999969482422,2.444999933242798
2015-03-26 00:00:00,2.5999999046325684,2.5999999046325684,2.50600004196167
2015-03-27 00:00:00,2.5269999504089355,2.5759999752044678,2.5230000019073486
2015-03-30 00:00:00,2.555999994277954,2.566999912261963,2.5290000438690186
2015-03-31 00:00:00,2.5439999103546143,2.5739998817443848,2.5290000438690186
2015-04-01 00:00:00,2.4749999046325684,2.506999969482422,2.4570000171661377
2015-04-02 00:00:00,2.5239999294281006,2.5290000438690186,2.4670000076293945
2015-04-06 00:00:00,2.565999984741211,2.575000047683716,2.493000030517578
2015-04-07 00:00:00,2.5299999713897705,2.572000026702881,2.5250000953674316
2015-04-08 00:00:00,2.5199999809265137,2.563999891281128,2.509000062942505
2015-04-09 00:00:00,2.5950000286102295,2.6070001125335693,2.506999969482422
2015-04-10 00:00:00,2.5829999446868896,2.5910000801086426,2.552000045776367
2015-04-13 00:00:00,2.5810000896453857,2.6089999675750732,2.572999954223633
2015-04-14 00:00:00,2.546999931335449,2.562999963760376,2.493000030517578
2015-04-15 00:00:00,2.555999994277954,2.571000099182129,2.5190000534057617
2015-04-16 00:00:00,2.555999994277954,2.5969998836517334,2.5230000019073486
2015-04-17 00:00:00,2.505000114440918,2.5940001010894775,2.500999927520752
2015-04-20 00:00:00,2.571000099182129,2.5769999027252197,2.5179998874664307
2015-04-21 00:00:00,2.5880000591278076,2.5920000076293945,2.5350000858306885
2015-04-22 00:00:00,2.6540000438690186,2.6619999408721924,2.559999942779541
2015-04-23 00:00:00,2.634999990463257,2.6760001182556152,2.63100004196167
2015-04-24 00:00:00,2.617000102996826,2.6549999713897705,2.5989999771118164
2015-04-27 00:00:00,2.611999988555908,2.6429998874664307,2.5950000286102295
2015-04-28 00:00:00,2.6689999103546143,2.684999942779541,2.6110000610351562
2015-04-29 00:00:00,2.742000102996826,2.7920000553131104,2.7130000591278076
2015-04-30 00:00:00,2.753000020980835,2.812999963760376,2.740999937057495
2015-05-01 00:00:00,2.8269999027252197,2.8389999866485596,2.7679998874664307
2015-05-04 00:00:00,2.86899995803833,2.869999885559082,2.803999900817871
2015-05-05 00:00:00,2.9059998989105225,2.931999921798706,2.8529999256134033
2015-05-06 00:00:00,2.9860000610351562,2.996000051498413,2.9149999618530273
2015-05-07 00:00:00,2.9089999198913574,2.9769999980926514,2.9079999923706055
2015-05-08 00:00:00,2.9000000953674316,2.930999994277954,2.8540000915527344
2015-05-11 00:00:00,3.0369999408721924,3.0369999408721924,2.927000045776367
2015-05-12 00:00:00,3.0199999809265137,3.0989999771118164,2.98799991607666
2015-05-13 00:00:00,3.071000099182129,3.0810000896453857,2.9600000381469727
2015-05-14 00:00:00,3.063999891281128,3.0869998931884766,3.0320000648498535
2015-05-15 00:00:00,2.9230000972747803,3.003000020980835,2.9140000343322754
2015-05-18 00:00:00,3.0190000534057617,3.0260000228881836,2.946000099182129
2015-05-19 00:00:00,3.0380001068115234,3.0920000076293945,3.002000093460083
2015-05-20 00:00:00,3.052999973297119,3.0880000591278076,3.0299999713897705
2015-05-21 00:00:00,2.9779999256134033,3.053999900817871,2.9749999046325684
2015-05-22 00:00:00,2.9860000610351562,3.010999917984009,2.9549999237060547
2015-05-26 00:00:00,2.8919999599456787,2.9749999046325684,2.882999897003174
2015-05-27 00:00:00,2.875,2.927999973297119,2.875
2015-05-28 00:00:00,2.884999990463257,2.9000000953674316,2.8570001125335693
2015-05-29 00:00:00,2.8469998836517334,2.881999969482422,2.8420000076293945
2015-06-01 00:00:00,2.9509999752044678,2.9590001106262207,2.864000082015991
2015-06-02 00:00:00,3.0209999084472656,3.0320000648498535,2.9619998931884766
2015-06-03 00:00:00,3.1070001125335693,3.127000093460083,3.0160000324249268
2015-06-04 00:00:00,3.0339999198913574,3.0980000495910645,3.0269999504089355
2015-06-05 00:00:00,3.1110000610351562,3.134999990463257,3.053999900817871
2015-06-08 00:00:00,3.1040000915527344,3.117000102996826,3.0840001106262207
2015-06-09 00:00:00,3.1510000228881836,3.181999921798706,3.11899995803833
2015-06-10 00:00:00,3.2090001106262207,3.2219998836517334,3.184000015258789
2015-06-11 00:00:00,3.1050000190734863,3.2019999027252197,3.1050000190734863
2015-06-12 00:00:00,3.0989999771118164,3.11899995803833,3.0460000038146973
2015-06-15 00:00:00,3.0899999141693115,3.109999895095825,3.0380001068115234
2015-06-16 00:00:00,3.052999973297119,3.0989999771118164,3.0460000038146973
2015-06-17 00:00:00,3.072000026702881,3.132999897003174,3.055999994277954
2015-06-18 00:00:00,3.1410000324249268,3.1600000858306885,3.075000047683716
2015-06-19 00:00:00,3.055999994277954,3.1010000705718994,3.0460000038146973
2015-06-22 00:00:00,3.1530001163482666,3.1579999923706055,3.069000005722046
2015-06-23 00:00:00,3.200000047683716,3.2209999561309814,3.1540000438690186
2015-06-24 00:00:00,3.1459999084472656,3.191999912261963,3.1429998874664307
2015-06-25 00:00:00,3.1559998989105225,3.188999891281128,3.1470000743865967
2015-06-26 00:00:00,3.25,3.255000114440918,3.191999912261963
2015-06-29 00:00:00,3.0989999771118164,3.177999973297119,3.0959999561309814
2015-06-30 00:00:00,3.1040000915527344,3.138000011444092,3.072000026702881
2015-07-01 00:00:00,3.194999933242798,3.2179999351501465,3.1730000972747803
2015-07-02 00:00:00,3.191999912261963,3.244999885559082,3.1619999408721924
2015-07-06 00:00:00,3.071000099182129,3.1429998874664307,3.069000005722046
2015-07-07 00:00:00,3.015000104904175,3.0309998989105225,2.9820001125335693
2015-07-08 00:00:00,2.9860000610351562,3.0269999504089355,2.9779999256134033
2015-07-09 00:00:00,3.0989999771118164,3.1050000190734863,3.0290000438690186
2015-07-10 00:00:00,3.2090001106262207,3.2109999656677246,3.1619999408721924
2015-07-13 00:00:00,3.2070000171661377,3.240999937057495,3.177000045776367
2015-07-14 00:00:00,3.190000057220459,3.2190001010894775,3.187000036239624
2015-07-15 00:00:00,3.134000062942505,3.2170000076293945,3.128999948501587
2015-07-16 00:00:00,3.115000009536743,3.171999931335449,3.1019999980926514
2015-07-17 00:00:00,3.0829999446868896,3.1089999675750732,3.071000099182129
2015-07-20 00:00:00,3.1059999465942383,3.119999885559082,3.0789999961853027
2015-07-21 00:00:00,3.0799999237060547,3.1389999389648438,3.071000099182129
2015-07-22 00:00:00,3.0369999408721924,3.0739998817443848,3.0260000228881836
2015-07-23 00:00:00,2.9779999256134033,3.052000045776367,2.9719998836517334
2015-07-24 00:00:00,2.9700000286102295,2.9820001125335693,2.950000047683716
2015-07-27 00:00:00,2.944999933242798,2.9560000896453857,2.9140000343322754
2015-07-28 00:00:00,2.9630000591278076,2.9839999675750732,2.9539999961853027
2015-07-29 00:00:00,2.98799991607666,3.0250000953674316,2.9709999561309814
2015-07-30 00:00:00,2.9539999961853027,3.0160000324249268,2.937000036239624
2015-07-31 00:00:00,2.927000045776367,2.940999984741211,2.8949999809265137
2015-08-03 00:00:00,2.8610000610351562,2.9210000038146973,2.8450000286102295
2015-08-04 00:00:00,2.88700008392334,2.890000104904175,2.865000009536743
2015-08-05 00:00:00,2.943000078201294,2.9630000591278076,2.8949999809265137
2015-08-06 00:00:00,2.9070000648498535,2.9539999961853027,2.890000104904175
2015-08-07 00:00:00,2.828000068664551,2.9159998893737793,2.818000078201294
2015-08-10 00:00:00,2.9030001163482666,2.9089999198913574,2.8589999675750732
2015-08-11 00:00:00,2.805000066757202,2.8510000705718994,2.7890000343322754
2015-08-12 00:00:00,2.819000005722046,2.822000026702881,2.763000011444092
2015-08-13 00:00:00,2.8570001125335693,2.878999948501587,2.822000026702881
2015-08-14 00:00:00,2.8410000801086426,2.875999927520752,2.8259999752044678
2015-08-17 00:00:00,2.8010001182556152,2.8289999961853027,2.7920000553131104
2015-08-18 00:00:00,2.86299991607666,2.865999937057495,2.825000047683716
2015-08-19 00:00:00,2.819000005722046,2.8919999599456787,2.815999984741211
2015-08-20 00:00:00,2.753999948501587,2.7950000762939453,2.750999927520752
2015-08-21 00:00:00,2.746999979019165,2.7709999084472656,2.7200000286102295
2015-08-24 00:00:00,2.7179999351501465,2.759999990463257,2.625
2015-08-25 00:00:00,2.8540000915527344,2.8580000400543213,2.7750000953674316
2015-08-26 00:00:00,2.931999921798706,2.937999963760376,2.8489999771118164
2015-08-27 00:00:00,2.9019999504089355,2.9509999752044678,2.8910000324249268
2015-08-28 00:00:00,2.9089999198913574,2.9210000038146973,2.865000009536743
2015-08-31 00:00:00,2.930999994277954,2.947999954223633,2.8610000610351562
2015-09-01 00:00:00,2.931999921798706,2.9639999866485596,2.8929998874664307
2015-09-02 00:00:00,2.9649999141693115,2.9649999141693115,2.9170000553131104
2015-09-03 00:00:00,2.947999954223633,2.9779999256134033,2.9260001182556152
2015-09-04 00:00:00,2.890000104904175,2.927000045776367,2.878999948501587
2015-09-08 00:00:00,2.9700000286102295,2.9739999771118164,2.921999931335449
2015-09-09 00:00:00,2.943000078201294,3.0380001068115234,2.937000036239624
2015-09-10 00:00:00,2.98799991607666,2.996999979019165,2.9579999446868896
2015-09-11 00:00:00,2.943000078201294,2.9600000381469727,2.9230000972747803
2015-09-14 00:00:00,2.947000026702881,2.9639999866485596,2.9230000972747803
2015-09-15 00:00:00,3.062000036239624,3.062000036239624,2.943000078201294
2015-09-16 00:00:00,3.0920000076293945,3.0920000076293945,3.0510001182556152
2015-09-17 00:00:00,3.0339999198913574,3.0850000381469727,3.0239999294281006
2015-09-18 00:00:00,2.928999900817871,2.9830000400543213,2.927999973297119
2015-09-21 00:00:00,3.0350000858306885,3.0399999618530273,2.9639999866485596
2015-09-22 00:00:00,2.931999921798706,2.986999988555908,2.9189999103546143
2015-09-23 00:00:00,2.940999984741211,2.9839999675750732,2.934999942779541
2015-09-24 00:00:00,2.9019999504089355,2.9130001068115234,2.865999937057495
2015-09-25 00:00:00,2.9600000381469727,2.9779999256134033,2.947999954223633
2015-09-28 00:00:00,2.869999885559082,2.944000005722046,2.864000082015991
2015-09-29 00:00:00,2.8550000190734863,2.9059998989105225,2.8410000801086426
2015-09-30 00:00:00,2.880000114440918,2.8949999809265137,2.861999988555908
2015-10-01 00:00:00,2.8519999980926514,2.859999895095825,2.819999933242798
2015-10-02 00:00:00,2.8259999752044678,2.867000102996826,2.749000072479248
2015-10-05 00:00:00,2.8980000019073486,2.9019999504089355,2.8540000915527344
2015-10-06 00:00:00,2.872999906539917,2.9210000038146973,2.86899995803833
2015-10-07 00:00:00,2.885999917984009,2.9179999828338623,2.881999969482422
2015-10-08 00:00:00,2.946000099182129,2.947999954223633,2.872999906539917
2015-10-09 00:00:00,2.927000045776367,2.9690001010894775,2.9149999618530273
2015-10-12 00:00:00,2.9210000038146973,2.9210000038146973,2.9210000038146973
2015-10-13 00:00:00,2.8970000743865967,2.9100000858306885,2.865999937057495
2015-10-14 00:00:00,2.8389999866485596,2.8910000324249268,2.8380000591278076
2015-10-15 00:00:00,2.872999906539917,2.872999906539917,2.8440001010894775
2015-10-16 00:00:00,2.864000082015991,2.872999906539917,2.8480000495910645
2015-10-19 00:00:00,2.884000062942505,2.9140000343322754,2.871999979019165
2015-10-20 00:00:00,2.9230000972747803,2.930000066757202,2.9079999923706055
2015-10-21 00:00:00,2.871000051498413,2.8989999294281006,2.8589999675750732
2015-10-22 00:00:00,2.859999895095825,2.8980000019073486,2.8340001106262207
2015-10-23 00:00:00,2.8959999084472656,2.928999900817871,2.890000104904175
2015-10-26 00:00:00,2.867000102996826,2.884000062942505,2.8559999465942383
2015-10-27 00:00:00,2.8510000705718994,2.8550000190734863,2.828000068664551
2015-10-28 00:00:00,2.86299991607666,2.9010000228881836,2.8529999256134033
2015-10-29 00:00:00,2.9649999141693115,2.9700000286102295,2.880000114440918
2015-10-30 00:00:00,2.933000087738037,2.9639999866485596,2.9260001182556152
2015-11-02 00:00:00,2.9570000171661377,2.9639999866485596,2.940999984741211
2015-11-03 00:00:00,3.000999927520752,3.006999969482422,2.9570000171661377
2015-11-04 00:00:00,2.99399995803833,3.010999917984009,2.9709999561309814
2015-11-05 00:00:00,3.013000011444092,3.0290000438690186,2.990000009536743
2015-11-06 00:00:00,3.0889999866485596,3.0989999771118164,2.9860000610351562
2015-11-09 00:00:00,3.1059999465942383,3.140000104904175,3.0850000381469727
2015-11-10 00:00:00,3.0940001010894775,3.121999979019165,3.0810000896453857
2015-11-11 00:00:00,3.109999895095825,3.109999895095825,3.109999895095825
2015-11-12 00:00:00,3.0920000076293945,3.125999927520752,3.0759999752044678
2015-11-13 00:00:00,3.058000087738037,3.0820000171661377,3.0450000762939453
2015-11-16 00:00:00,3.072000026702881,3.075000047683716,3.0399999618530273
2015-11-17 00:00:00,3.046999931335449,3.1040000915527344,3.0399999618530273
2015-11-18 00:00:00,3.0409998893737793,3.0769999027252197,3.0369999408721924
2015-11-19 00:00:00,3.003000020980835,3.0190000534057617,2.98799991607666
2015-11-20 00:00:00,3.0179998874664307,3.0260000228881836,2.99399995803833
2015-11-23 00:00:00,3.006999969482422,3.0480000972747803,2.990999937057495
2015-11-24 00:00:00,3.00600004196167,3.0160000324249268,2.9690001010894775
2015-11-25 00:00:00,2.994999885559082,3.000999927520752,2.9790000915527344
2015-11-27 00:00:00,3.000999927520752,3.003000020980835,2.9739999771118164
2015-11-30 00:00:00,2.990000009536743,3.003999948501587,2.9830000400543213
2015-12-01 00:00:00,2.9179999828338623,3.000999927520752,2.9100000858306885
2015-12-02 00:00:00,2.9070000648498535,2.938999891281128,2.9019999504089355
2015-12-03 00:00:00,3.075000047683716,3.0840001106262207,2.924999952316284
2015-12-04 00:00:00,3.009999990463257,3.11299991607666,2.997999906539917
2015-12-07 00:00:00,2.9509999752044678,3.0250000953674316,2.930999994277954
2015-12-08 00:00:00,2.9749999046325684,2.9790000915527344,2.927999973297119
2015-12-09 00:00:00,2.9590001106262207,3.0209999084472656,2.947000026702881
2015-12-10 00:00:00,2.9749999046325684,2.9800000190734863,2.9549999237060547
2015-12-11 00:00:00,2.878999948501587,2.943000078201294,2.871999979019165
2015-12-14 00:00:00,2.9619998931884766,2.9739999771118164,2.88100004196167
2015-12-15 00:00:00,2.993000030517578,3.0190000534057617,2.9690001010894775
2015-12-16 00:00:00,3.003000020980835,3.0320000648498535,2.9600000381469727
2015-12-17 00:00:00,2.936000108718872,2.9830000400543213,2.930999994277954
2015-12-18 00:00:00,2.9100000858306885,2.928999900817871,2.8970000743865967
2015-12-21 00:00:00,2.9260001182556152,2.9260001182556152,2.8889999389648438
2015-12-22 00:00:00,2.9639999866485596,2.9670000076293945,2.9200000762939453
2015-12-23 00:00:00,2.997999906539917,3.015000104904175,2.9779999256134033
2015-12-24 00:00:00,2.9639999866485596,2.98799991607666,2.9600000381469727
2015-12-28 00:00:00,2.940000057220459,2.9639999866485596,2.924999952316284
2015-12-29 00:00:00,3.0409998893737793,3.0460000038146973,2.9639999866485596
2015-12-30 00:00:00,3.0420000553131104,3.062000036239624,3.0220000743865967
2015-12-31 00:00:00,3.015000104904175,3.0380001068115234,3.009000062942505
2016-01-04 00:00:00,2.990000009536743,2.990999937057495,2.940000057220459
2016-01-05 00:00:00,3.010999917984009,3.0220000743865967,2.9760000705718994
2016-01-06 00:00:00,2.940000057220459,2.9600000381469727,2.936000108718872
2016-01-07 00:00:00,2.9260001182556152,2.9719998836517334,2.924999952316284
2016-01-08 00:00:00,2.9200000762939453,2.9809999465942383,2.9110000133514404
2016-01-11 00:00:00,2.9560000896453857,2.9730000495910645,2.933000087738037
2016-01-12 00:00:00,2.881999969482422,2.98799991607666,2.865999937057495
2016-01-13 00:00:00,2.8480000495910645,2.9149999618530273,2.819000005722046
2016-01-14 00:00:00,2.8919999599456787,2.9130001068115234,2.8420000076293945
2016-01-15 00:00:00,2.812999963760376,2.8389999866485596,2.7980000972747803
2016-01-19 00:00:00,2.803999900817871,2.8440001010894775,2.7909998893737793
2016-01-20 00:00:00,2.756999969482422,2.765000104904175,2.7109999656677246
2016-01-21 00:00:00,2.796999931335449,2.808000087738037,2.734999895095825
2016-01-22 00:00:00,2.819999933242798,2.8610000610351562,2.816999912261963
2016-01-25 00:00:00,2.802000045776367,2.811000108718872,2.7850000858306885
2016-01-26 00:00:00,2.7809998989105225,2.808000087738037,2.7769999504089355
2016-01-27 00:00:00,2.7899999618530273,2.8359999656677246,2.7869999408721924
2016-01-28 00:00:00,2.7909998893737793,2.8299999237060547,2.7679998874664307
2016-01-29 00:00:00,2.757999897003174,2.760999917984009,2.7219998836517334
2016-02-01 00:00:00,2.7809998989105225,2.7809998989105225,2.7330000400543213
2016-02-02 00:00:00,2.678999900817871,2.73799991607666,2.678999900817871
2016-02-03 00:00:00,2.7049999237060547,2.7100000381469727,2.622999906539917
2016-02-04 00:00:00,2.700000047683716,2.7300000190734863,2.683000087738037
2016-02-05 00:00:00,2.681999921798706,2.7279999256134033,2.6679999828338623
2016-02-08 00:00:00,2.559999942779541,2.6559998989105225,2.555999994277954
2016-02-09 00:00:00,2.555000066757202,2.5850000381469727,2.5350000858306885
2016-02-10 00:00:00,2.5290000438690186,2.5929999351501465,2.5220000743865967
2016-02-11 00:00:00,2.503999948501587,2.507999897003174,2.4089999198913574
2016-02-12 00:00:00,2.6050000190734863,2.615999937057495,2.5250000953674316
2016-02-16 00:00:00,2.6419999599456787,2.6679999828338623,2.619999885559082
2016-02-17 00:00:00,2.686000108718872,2.7119998931884766,2.6630001068115234
2016-02-18 00:00:00,2.631999969482422,2.694999933242798,2.621999979019165
2016-02-19 00:00:00,2.6050000190734863,2.6440000534057617,2.5799999237060547
2016-02-22 00:00:00,2.61899995803833,2.628999948501587,2.6089999675750732
2016-02-23 00:00:00,2.5969998836517334,2.6710000038146973,2.5820000171661377
2016-02-24 00:00:00,2.5969998836517334,2.5969998836517334,2.513000011444092
2016-02-25 00:00:00,2.5739998817443848,2.618000030517578,2.549999952316284
2016-02-26 00:00:00,2.635999917984009,2.6530001163482666,2.61899995803833
2016-02-29 00:00:00,2.615000009536743,2.634000062942505,2.6029999256134033
2016-03-01 00:00:00,2.703000068664551,2.7079999446868896,2.6080000400543213
2016-03-02 00:00:00,2.691999912261963,2.7139999866485596,2.684999942779541
2016-03-03 00:00:00,2.6600000858306885,2.690999984741211,2.6429998874664307
2016-03-04 00:00:00,2.703000068664551,2.7320001125335693,2.6500000953674316
2016-03-07 00:00:00,2.7019999027252197,2.7219998836517334,2.697000026702881
2016-03-08 00:00:00,2.635999917984009,2.6500000953674316,2.5980000495910645
2016-03-09 00:00:00,2.683000087738037,2.694999933242798,2.6500000953674316
2016-03-10 00:00:00,2.6989998817443848,2.7269999980926514,2.6500000953674316
2016-03-11 00:00:00,2.747999906539917,2.756999969482422,2.684000015258789
2016-03-14 00:00:00,2.7309999465942383,2.744999885559082,2.7079999446868896
2016-03-15 00:00:00,2.7219998836517334,2.740999937057495,2.688999891281128
2016-03-16 00:00:00,2.7360000610351562,2.750999927520752,2.7049999237060547
2016-03-17 00:00:00,2.694000005722046,2.7070000171661377,2.6679999828338623
2016-03-18 00:00:00,2.6730000972747803,2.6989998817443848,2.6640000343322754
2016-03-21 00:00:00,2.7300000190734863,2.736999988555908,2.686000108718872
2016-03-22 00:00:00,2.7190001010894775,2.7239999771118164,2.680999994277954
2016-03-23 00:00:00,2.6489999294281006,2.7190001010894775,2.6489999294281006
2016-03-24 00:00:00,2.671999931335449,2.674999952316284,2.61299991607666
2016-03-28 00:00:00,2.6440000534057617,2.674999952316284,2.634999990463257
2016-03-29 00:00:00,2.6110000610351562,2.6429998874664307,2.6070001125335693
2016-03-30 00:00:00,2.6570000648498535,2.684999942779541,2.627000093460083
2016-03-31 00:00:00,2.619999885559082,2.6600000858306885,2.615999937057495
2016-04-01 00:00:00,2.619999885559082,2.63700008392334,2.5840001106262207
2016-04-04 00:00:00,2.6110000610351562,2.621999979019165,2.5899999141693115
2016-04-05 00:00:00,2.5490000247955322,2.568000078201294,2.5380001068115234
2016-04-06 00:00:00,2.5829999446868896,2.6029999256134033,2.566999912261963
2016-04-07 00:00:00,2.5160000324249268,2.571000099182129,2.510999917984009
2016-04-08 00:00:00,2.555999994277954,2.568000078201294,2.5339999198913574
2016-04-11 00:00:00,2.562000036239624,2.5889999866485596,2.5480000972747803
2016-04-12 00:00:00,2.6070001125335693,2.614000082015991,2.5739998817443848
2016-04-13 00:00:00,2.5769999027252197,2.615999937057495,2.572000026702881
2016-04-14 00:00:00,2.5959999561309814,2.627000093460083,2.5850000381469727
2016-04-15 00:00:00,2.562000036239624,2.5859999656677246,2.5480000972747803
2016-04-18 00:00:00,2.5859999656677246,2.6070001125335693,2.549999952316284
2016-04-19 00:00:00,2.5950000286102295,2.624000072479248,2.5810000896453857
2016-04-20 00:00:00,2.6600000858306885,2.6600000858306885,2.569999933242798
2016-04-21 00:00:00,2.690999984741211,2.7090001106262207,2.677000045776367
2016-04-22 00:00:00,2.7039999961853027,2.7130000591278076,2.684999942779541
2016-04-25 00:00:00,2.7239999771118164,2.7279999256134033,2.691999912261963
2016-04-26 00:00:00,2.75600004196167,2.7639999389648438,2.7230000495910645
2016-04-27 00:00:00,2.697999954223633,2.74399995803833,2.693000078201294
2016-04-28 00:00:00,2.694000005722046,2.7249999046325684,2.690999984741211
2016-04-29 00:00:00,2.6659998893737793,2.7320001125335693,2.6659998893737793
2016-05-02 00:00:00,2.7179999351501465,2.7190001010894775,2.6630001068115234
2016-05-03 00:00:00,2.6600000858306885,2.677999973297119,2.6389999389648438
2016-05-04 00:00:00,2.6410000324249268,2.6730000972747803,2.634999990463257
2016-05-05 00:00:00,2.6059999465942383,2.6540000438690186,2.6010000705718994
2016-05-06 00:00:00,2.628000020980835,2.634000062942505,2.569000005722046
2016-05-09 00:00:00,2.621000051498413,2.6419999599456787,2.6110000610351562
2016-05-10 00:00:00,2.615000009536743,2.618000030517578,2.5999999046325684
2016-05-11 00:00:00,2.5820000171661377,2.615999937057495,2.563999891281128
2016-05-12 00:00:00,2.611999988555908,2.622999906539917,2.5980000495910645
2016-05-13 00:00:00,2.552999973297119,2.5950000286102295,2.552000045776367
2016-05-16 00:00:00,2.5969998836517334,2.6019999980926514,2.562999963760376
2016-05-17 00:00:00,2.5869998931884766,2.6029999256134033,2.565999984741211
2016-05-18 00:00:00,2.684000015258789,2.684000015258789,2.5989999771118164
2016-05-19 00:00:00,2.634999990463257,2.6740000247955322,2.628999948501587
2016-05-20 00:00:00,2.6389999389648438,2.6630001068115234,2.625999927520752
2016-05-23 00:00:00,2.63100004196167,2.6449999809265137,2.61299991607666
2016-05-24 00:00:00,2.6429998874664307,2.6740000247955322,2.627000093460083
2016-05-25 00:00:00,2.6700000762939453,2.6700000762939453,2.632999897003174
2016-05-26 00:00:00,2.628999948501587,2.6600000858306885,2.622999906539917
2016-05-27 00:00:00,2.6500000953674316,2.6540000438690186,2.63100004196167
2016-05-31 00:00:00,2.628999948501587,2.687999963760376,2.627000093460083
2016-06-01 00:00:00,2.627000093460083,2.631999969482422,2.5889999866485596
2016-06-02 00:00:00,2.5850000381469727,2.618000030517578,2.571000099182129
2016-06-03 00:00:00,2.5169999599456787,2.5789999961853027,2.510999917984009
2016-06-06 00:00:00,2.5450000762939453,2.555000066757202,2.5239999294281006
2016-06-07 00:00:00,2.5339999198913574,2.5460000038146973,2.5230000019073486
2016-06-08 00:00:00,2.513000011444092,2.5329999923706055,2.505000114440918
2016-06-09 00:00:00,2.4809999465942383,2.4860000610351562,2.4600000381469727
2016-06-10 00:00:00,2.447000026702881,2.4700000286102295,2.428999900817871
2016-06-13 00:00:00,2.434000015258789,2.4560000896453857,2.430999994277954
2016-06-14 00:00:00,2.424999952316284,2.430000066757202,2.385999917984009
2016-06-15 00:00:00,2.4230000972747803,2.436000108718872,2.3959999084472656
2016-06-16 00:00:00,2.382999897003174,2.4030001163482666,2.3450000286102295
2016-06-17 00:00:00,2.431999921798706,2.437000036239624,2.3970000743865967
2016-06-20 00:00:00,2.4730000495910645,2.490999937057495,2.4660000801086426
2016-06-21 00:00:00,2.496999979019165,2.50600004196167,2.4649999141693115
2016-06-22 00:00:00,2.494999885559082,2.5190000534057617,2.490000009536743
2016-06-23 00:00:00,2.555999994277954,2.559000015258789,2.515000104904175
2016-06-24 00:00:00,2.430000066757202,2.443000078201294,2.3910000324249268
2016-06-27 00:00:00,2.2790000438690186,2.315000057220459,2.2690000534057617
2016-06-28 00:00:00,2.2750000953674316,2.2980000972747803,2.253000020980835
2016-06-29 00:00:00,2.2799999713897705,2.2809998989105225,2.246999979019165
2016-06-30 00:00:00,2.306999921798706,2.3239998817443848,2.253999948501587
2016-07-01 00:00:00,2.240999937057495,2.2730000019073486,2.2049999237060547
2016-07-05 00:00:00,2.138000011444092,2.180000066757202,2.13100004196167
2016-07-06 00:00:00,2.1519999504089355,2.1610000133514404,2.1059999465942383
2016-07-07 00:00:00,2.140000104904175,2.1670000553131104,2.117000102996826
2016-07-08 00:00:00,2.109999895095825,2.1740000247955322,2.1019999980926514
2016-07-11 00:00:00,2.1500000953674316,2.1510000228881836,2.1059999465942383
2016-07-12 00:00:00,2.2309999465942383,2.252000093460083,2.197999954223633
2016-07-13 00:00:00,2.177000045776367,2.2019999027252197,2.1730000972747803
2016-07-14 00:00:00,2.246999979019165,2.2699999809265137,2.2239999771118164
2016-07-15 00:00:00,2.302000045776367,2.309999942779541,2.25600004196167
2016-07-18 00:00:00,2.302000045776367,2.3239998817443848,2.2679998874664307
2016-07-19 00:00:00,2.2739999294281006,2.296999931335449,2.2639999389648438
2016-07-20 00:00:00,2.296999931335449,2.315999984741211,2.2829999923706055
2016-07-21 00:00:00,2.3010001182556152,2.3589999675750732,2.2980000972747803
2016-07-22 00:00:00,2.2909998893737793,2.3289999961853027,2.2679998874664307
2016-07-25 00:00:00,2.2869999408721924,2.2980000972747803,2.2690000534057617
2016-07-26 00:00:00,2.2799999713897705,2.2990000247955322,2.259999990463257
2016-07-27 00:00:00,2.2279999256134033,2.2829999923706055,2.2209999561309814
2016-07-28 00:00:00,2.2290000915527344,2.25600004196167,2.2119998931884766
2016-07-29 00:00:00,2.181999921798706,2.256999969482422,2.181999921798706
2016-08-01 00:00:00,2.2339999675750732,2.249000072479248,2.2160000801086426
2016-08-02 00:00:00,2.2869999408721924,2.3299999237060547,2.265000104904175
2016-08-03 00:00:00,2.2929999828338623,2.316999912261963,2.2739999294281006
2016-08-04 00:00:00,2.255000114440918,2.2780001163482666,2.2330000400543213
2016-08-05 00:00:00,2.309999942779541,2.315000057220459,2.243000030517578
2016-08-08 00:00:00,2.2990000247955322,2.3399999141693115,2.2920000553131104
2016-08-09 00:00:00,2.256999969482422,2.302999973297119,2.250999927520752
2016-08-10 00:00:00,2.2269999980926514,2.255000114440918,2.2179999351501465
2016-08-11 00:00:00,2.2850000858306885,2.2909998893737793,2.2330000400543213
2016-08-12 00:00:00,2.234999895095825,2.259000062942505,2.2039999961853027
2016-08-15 00:00:00,2.2760000228881836,2.2799999713897705,2.239000082015991
2016-08-16 00:00:00,2.2980000972747803,2.303999900817871,2.247999906539917
2016-08-17 00:00:00,2.2730000019073486,2.2990000247955322,2.25600004196167
2016-08-18 00:00:00,2.259000062942505,2.2829999923706055,2.246000051498413
2016-08-19 00:00:00,2.2850000858306885,2.306999921798706,2.2730000019073486
2016-08-22 00:00:00,2.2360000610351562,2.2720000743865967,2.2290000915527344
2016-08-23 00:00:00,2.2360000610351562,2.246999979019165,2.2130000591278076
2016-08-24 00:00:00,2.243000030517578,2.256999969482422,2.2269999980926514
2016-08-25 00:00:00,2.2639999389648438,2.2709999084472656,2.2360000610351562
2016-08-26 00:00:00,2.2960000038146973,2.2960000038146973,2.2100000381469727
2016-08-29 00:00:00,2.2160000801086426,2.2730000019073486,2.2119998931884766
2016-08-30 00:00:00,2.2339999675750732,2.234999895095825,2.2130000591278076
2016-08-31 00:00:00,2.2309999465942383,2.253999948501587,2.2209999561309814
2016-09-01 00:00:00,2.2300000190734863,2.2720000743865967,2.2139999866485596
2016-09-02 00:00:00,2.2709999084472656,2.2909998893737793,2.2179999351501465
2016-09-06 00:00:00,2.240000009536743,2.2780001163482666,2.2219998836517334
2016-09-07 00:00:00,2.236999988555908,2.240999937057495,2.2060000896453857
2016-09-08 00:00:00,2.322999954223633,2.328000068664551,2.247999906539917
2016-09-09 00:00:00,2.390000104904175,2.4000000953674316,2.3580000400543213
2016-09-12 00:00:00,2.3949999809265137,2.4140000343322754,2.380000114440918
2016-09-13 00:00:00,2.4709999561309814,2.48799991607666,2.380000114440918
2016-09-14 00:00:00,2.444000005722046,2.4690001010894775,2.428999900817871
2016-09-15 00:00:00,2.4730000495910645,2.5,2.434999942779541
2016-09-16 00:00:00,2.4509999752044678,2.4570000171661377,2.430999994277954
2016-09-19 00:00:00,2.444000005722046,2.4519999027252197,2.428999900817871
2016-09-20 00:00:00,2.428999900817871,2.434999942779541,2.3989999294281006
2016-09-21 00:00:00,2.3980000019073486,2.4509999752044678,2.3970000743865967
2016-09-22 00:00:00,2.3540000915527344,2.359999895095825,2.3289999961853027
2016-09-23 00:00:00,2.3399999141693115,2.3540000915527344,2.328000068664551
2016-09-26 00:00:00,2.3259999752044678,2.3389999866485596,2.308000087738037
2016-09-27 00:00:00,2.2790000438690186,2.302000045776367,2.2730000019073486
2016-09-28 00:00:00,2.2880001068115234,2.2960000038146973,2.259999990463257
2016-09-29 00:00:00,2.2750000953674316,2.328000068664551,2.2639999389648438
2016-09-30 00:00:00,2.3359999656677246,2.3489999771118164,2.265000104904175
2016-10-03 00:00:00,2.3350000381469727,2.3410000801086426,2.305000066757202
2016-10-04 00:00:00,2.4059998989105225,2.4089999198913574,2.3289999961853027
2016-10-05 00:00:00,2.436000108718872,2.4519999027252197,2.4019999504089355
2016-10-06 00:00:00,2.4600000381469727,2.4690001010894775,2.430999994277954
2016-10-07 00:00:00,2.4679999351501465,2.49399995803833,2.446000099182129
2016-10-10 00:00:00,2.4549999237060547,2.4549999237060547,2.4549999237060547
2016-10-11 00:00:00,2.493000030517578,2.5160000324249268,2.4779999256134033
2016-10-12 00:00:00,2.507999897003174,2.5320000648498535,2.5
2016-10-13 00:00:00,2.4739999771118164,2.486999988555908,2.4619998931884766
2016-10-14 00:00:00,2.555000066757202,2.558000087738037,2.505000114440918
2016-10-17 00:00:00,2.5230000019073486,2.5510001182556152,2.51200008392334
2016-10-18 00:00:00,2.51200008392334,2.552999973297119,2.506999969482422
2016-10-19 00:00:00,2.5160000324249268,2.5329999923706055,2.49399995803833
2016-10-20 00:00:00,2.499000072479248,2.5329999923706055,2.4739999771118164
2016-10-21 00:00:00,2.492000102996826,2.509000062942505,2.4749999046325684
2016-10-24 00:00:00,2.5160000324249268,2.5329999923706055,2.4760000705718994
2016-10-25 00:00:00,2.500999927520752,2.5269999504089355,2.4839999675750732
2016-10-26 00:00:00,2.5360000133514404,2.5460000038146973,2.515000104904175
2016-10-27 00:00:00,2.6010000705718994,2.63100004196167,2.562999963760376
2016-10-28 00:00:00,2.615999937057495,2.638000011444092,2.5989999771118164
2016-10-31 00:00:00,2.5889999866485596,2.6070001125335693,2.5880000591278076
2016-11-01 00:00:00,2.571000099182129,2.63100004196167,2.562999963760376
2016-11-02 00:00:00,2.562999963760376,2.5850000381469727,2.5380001068115234
2016-11-03 00:00:00,2.5999999046325684,2.609999895095825,2.578000068664551
2016-11-04 00:00:00,2.571000099182129,2.6070001125335693,2.555999994277954
2016-11-07 00:00:00,2.6019999980926514,2.6089999675750732,2.5869998931884766
2016-11-08 00:00:00,2.625999927520752,2.640000104904175,2.578000068664551
2016-11-09 00:00:00,2.881999969482422,2.8889999389648438,2.749000072479248
2016-11-10 00:00:00,2.927999973297119,2.930999994277954,2.8580000400543213
2016-11-14 00:00:00,2.9820001125335693,3.0299999713897705,2.941999912261963
2016-11-15 00:00:00,2.9730000495910645,2.9760000705718994,2.931999921798706
2016-11-16 00:00:00,2.9260001182556152,2.9860000610351562,2.9170000553131104
2016-11-17 00:00:00,2.9860000610351562,2.996000051498413,2.9519999027252197
2016-11-18 00:00:00,3.0160000324249268,3.0380001068115234,2.9649999141693115
2016-11-21 00:00:00,3.013000011444092,3.013000011444092,2.9860000610351562
2016-11-22 00:00:00,3.009000062942505,3.01200008392334,2.9730000495910645
2016-11-23 00:00:00,3.0230000019073486,3.0910000801086426,3.0
2016-11-25 00:00:00,3.0220000743865967,3.0390000343322754,2.994999885559082
2016-11-28 00:00:00,2.9830000400543213,3.000999927520752,2.9739999771118164
2016-11-29 00:00:00,2.950000047683716,3.000999927520752,2.947999954223633
2016-11-30 00:00:00,3.0169999599456787,3.0869998931884766,3.003000020980835
2016-12-01 00:00:00,3.0950000286102295,3.1549999713897705,3.059999942779541
2016-12-02 00:00:00,3.061000108718872,3.0999999046325684,3.0360000133514404
2016-12-05 00:00:00,3.055999994277954,3.11899995803833,3.0299999713897705
2016-12-06 00:00:00,3.0820000171661377,3.0889999866485596,3.052999973297119
2016-12-07 00:00:00,3.0290000438690186,3.065999984741211,3.0250000953674316
2016-12-08 00:00:00,3.0850000381469727,3.121999979019165,3.058000087738037
2016-12-09 00:00:00,3.1540000438690186,3.1710000038146973,3.0980000495910645
2016-12-12 00:00:00,3.1619999408721924,3.196000099182129,3.1549999713897705
2016-12-13 00:00:00,3.1470000743865967,3.1730000972747803,3.115999937057495
2016-12-14 00:00:00,3.1489999294281006,3.1559998989105225,3.0859999656677246
2016-12-15 00:00:00,3.1449999809265137,3.190000057220459,3.124000072479248
2016-12-16 00:00:00,3.184000015258789,3.197000026702881,3.127000093460083
2016-12-19 00:00:00,3.121000051498413,3.1559998989105225,3.11299991607666
2016-12-20 00:00:00,3.1510000228881836,3.1649999618530273,3.1389999389648438
2016-12-21 00:00:00,3.125,3.1579999923706055,3.117000102996826
2016-12-22 00:00:00,3.130000114440918,3.1470000743865967,3.121999979019165
2016-12-23 00:00:00,3.115999937057495,3.121999979019165,3.1029999256134033
2016-12-27 00:00:00,3.1389999389648438,3.1540000438690186,3.11899995803833
2016-12-28 00:00:00,3.0840001106262207,3.134000062942505,3.0789999961853027
2016-12-29 00:00:00,3.0840001106262207,3.0910000801086426,3.061000108718872
2016-12-30 00:00:00,3.062999963760376,3.0940001010894775,3.049999952316284
2017-01-03 00:00:00,3.046999931335449,3.128999948501587,3.0450000762939453
2017-01-04 00:00:00,3.0450000762939453,3.062999963760376,3.0280001163482666
2017-01-05 00:00:00,2.9619998931884766,3.046999931335449,2.9560000896453857
2017-01-06 00:00:00,3.003999948501587,3.009999990463257,2.944000005722046
2017-01-09 00:00:00,2.9679999351501465,2.9800000190734863,2.9539999961853027
2017-01-10 00:00:00,2.9700000286102295,2.98799991607666,2.9619998931884766
2017-01-11 00:00:00,2.9570000171661377,2.9830000400543213,2.9260001182556152
2017-01-12 00:00:00,2.9600000381469727,2.9600000381469727,2.9019999504089355
2017-01-13 00:00:00,2.9769999980926514,3.0190000534057617,2.937000036239624
2017-01-17 00:00:00,2.927000045776367,2.9590001106262207,2.9130001068115234
2017-01-18 00:00:00,2.984999895095825,3.0,2.9600000381469727
2017-01-19 00:00:00,3.0320000648498535,3.069999933242798,3.007999897003174
2017-01-20 00:00:00,3.0460000038146973,3.0840001106262207,3.0390000343322754
2017-01-23 00:00:00,2.990999937057495,3.0510001182556152,2.9670000076293945
2017-01-24 00:00:00,3.055999994277954,3.059999942779541,2.999000072479248
2017-01-25 00:00:00,3.1080000400543213,3.118000030517578,3.065000057220459
2017-01-26 00:00:00,3.0910000801086426,3.128000020980835,3.0869998931884766
2017-01-27 00:00:00,3.059000015258789,3.1059999465942383,3.058000087738037
2017-01-30 00:00:00,3.0769999027252197,3.0889999866485596,3.058000087738037
2017-01-31 00:00:00,3.0510001182556152,3.0910000801086426,3.0339999198913574
2017-02-01 00:00:00,3.0810000896453857,3.1080000400543213,3.069000005722046
2017-02-02 00:00:00,3.0829999446868896,3.0920000076293945,3.0409998893737793
2017-02-03 00:00:00,3.114000082015991,3.127000093460083,3.059999942779541
2017-02-06 00:00:00,3.0480000972747803,3.0929999351501465,3.0450000762939453
2017-02-07 00:00:00,3.0190000534057617,3.0850000381469727,3.003999948501587
2017-02-08 00:00:00,2.9609999656677246,2.99399995803833,2.947000026702881
2017-02-09 00:00:00,3.010999917984009,3.0220000743865967,2.9749999046325684
2017-02-10 00:00:00,3.01200008392334,3.0460000038146973,3.002000093460083
2017-02-13 00:00:00,3.0339999198913574,3.0480000972747803,3.0260000228881836
2017-02-14 00:00:00,3.062000036239624,3.0959999561309814,3.0290000438690186
2017-02-15 00:00:00,3.0910000801086426,3.1089999675750732,3.072000026702881
2017-02-16 00:00:00,3.0510001182556152,3.0859999656677246,3.0299999713897705
2017-02-17 00:00:00,3.0309998989105225,3.0350000858306885,3.003999948501587
2017-02-21 00:00:00,3.0369999408721924,3.062999963760376,3.0169999599456787
2017-02-22 00:00:00,3.0369999408721924,3.063999891281128,3.0
2017-02-23 00:00:00,3.0230000019073486,3.0320000648498535,3.015000104904175
2017-02-24 00:00:00,2.9549999237060547,2.999000072479248,2.9549999237060547
2017-02-27 00:00:00,2.9860000610351562,2.990000009536743,2.9590001106262207
2017-02-28 00:00:00,2.9679999351501465,2.9860000610351562,2.9489998817443848
2017-03-01 00:00:00,3.071000099182129,3.0829999446868896,3.0269999504089355
2017-03-02 00:00:00,3.0820000171661377,3.1010000705718994,3.065000057220459
2017-03-03 00:00:00,3.0840001106262207,3.1059999465942383,3.069999933242798
2017-03-06 00:00:00,3.0980000495910645,3.1089999675750732,3.053999900817871
2017-03-07 00:00:00,3.109999895095825,3.122999906539917,3.1019999980926514
2017-03-08 00:00:00,3.1459999084472656,3.174999952316284,3.13700008392334
2017-03-09 00:00:00,3.183000087738037,3.190000057220459,3.1489999294281006
2017-03-10 00:00:00,3.1689999103546143,3.2009999752044678,3.1610000133514404
2017-03-13 00:00:00,3.191999912261963,3.1989998817443848,3.1670000553131104
2017-03-14 00:00:00,3.171999931335449,3.197000026702881,3.1649999618530273
2017-03-15 00:00:00,3.1059999465942383,3.1679999828338623,3.1059999465942383
2017-03-16 00:00:00,3.134999990463257,3.1559998989105225,3.125999927520752
2017-03-17 00:00:00,3.11299991607666,3.138000011444092,3.1040000915527344
2017-03-20 00:00:00,3.0899999141693115,3.121999979019165,3.0880000591278076
2017-03-21 00:00:00,3.049999952316284,3.109999895095825,3.0329999923706055
2017-03-22 00:00:00,3.010999917984009,3.0369999408721924,2.992000102996826
2017-03-23 00:00:00,3.0260000228881836,3.0450000762939453,3.002000093460083
2017-03-24 00:00:00,3.002000093460083,3.0329999923706055,3.002000093460083
2017-03-27 00:00:00,2.9790000915527344,2.993000030517578,2.9600000381469727
2017-03-28 00:00:00,3.013000011444092,3.0250000953674316,2.9639999866485596
2017-03-29 00:00:00,2.992000102996826,3.0160000324249268,2.9860000610351562
2017-03-30 00:00:00,3.0250000953674316,3.0280001163482666,2.9830000400543213
2017-03-31 00:00:00,3.0179998874664307,3.0480000972747803,3.015000104904175
2017-04-03 00:00:00,2.984999895095825,3.0250000953674316,2.9600000381469727
2017-04-04 00:00:00,2.993000030517578,2.996999979019165,2.9590001106262207
2017-04-05 00:00:00,3.00600004196167,3.0260000228881836,2.99399995803833
2017-04-06 00:00:00,2.986999988555908,3.0199999809265137,2.9809999465942383
2017-04-07 00:00:00,2.997999906539917,3.0,2.938999891281128
2017-04-10 00:00:00,2.986999988555908,3.013000011444092,2.9719998836517334
2017-04-11 00:00:00,2.928999900817871,2.9760000705718994,2.9260001182556152
2017-04-12 00:00:00,2.930000066757202,2.944999933242798,2.9189999103546143
2017-04-13 00:00:00,2.888000011444092,2.9159998893737793,2.878000020980835
2017-04-17 00:00:00,2.9130001068115234,2.9140000343322754,2.88100004196167
2017-04-18 00:00:00,2.8420000076293945,2.888000011444092,2.8410000801086426
2017-04-19 00:00:00,2.8610000610351562,2.882999897003174,2.8610000610351562
2017-04-20 00:00:00,2.8910000324249268,2.9079999923706055,2.875
2017-04-21 00:00:00,2.8949999809265137,2.8970000743865967,2.8610000610351562
2017-04-24 00:00:00,2.927000045776367,2.9560000896453857,2.9119999408721924
2017-04-25 00:00:00,2.9790000915527344,2.984999895095825,2.944999933242798
2017-04-26 00:00:00,2.9709999561309814,3.003000020980835,2.9630000591278076
2017-04-27 00:00:00,2.9649999141693115,2.9860000610351562,2.9519999027252197
2017-04-28 00:00:00,2.9519999027252197,2.999000072479248,2.9519999027252197
2017-05-01 00:00:00,3.010999917984009,3.0209999084472656,2.9549999237060547
2017-05-02 00:00:00,2.9820001125335693,3.0199999809265137,2.9779999256134033
2017-05-03 00:00:00,2.9549999237060547,2.989000082015991,2.938999891281128
2017-05-04 00:00:00,2.999000072479248,3.0199999809265137,2.9749999046325684
2017-05-05 00:00:00,2.989000082015991,3.0199999809265137,2.9779999256134033
2017-05-08 00:00:00,3.0139999389648438,3.0260000228881836,2.9660000801086426
2017-05-09 00:00:00,3.0380001068115234,3.046999931335449,3.0220000743865967
2017-05-10 00:00:00,3.0409998893737793,3.0460000038146973,3.003999948501587
2017-05-11 00:00:00,3.0380001068115234,3.059000015258789,3.0309998989105225
2017-05-12 00:00:00,2.99399995803833,3.0250000953674316,2.9839999675750732
2017-05-15 00:00:00,3.00600004196167,3.0199999809265137,2.997999906539917
2017-05-16 00:00:00,2.992000102996826,3.0250000953674316,2.9679999351501465
2017-05-17 00:00:00,2.8970000743865967,2.9609999656677246,2.8940000534057617
2017-05-18 00:00:00,2.9049999713897705,2.9119999408721924,2.880000114440918
2017-05-19 00:00:00,2.9049999713897705,2.9230000972747803,2.8970000743865967
2017-05-22 00:00:00,2.9149999618530273,2.9159998893737793,2.8970000743865967
2017-05-23 00:00:00,2.944999933242798,2.946000099182129,2.9000000953674316
2017-05-24 00:00:00,2.934999942779541,2.9519999027252197,2.9189999103546143
2017-05-25 00:00:00,2.921999931335449,2.941999912261963,2.9200000762939453
2017-05-26 00:00:00,2.9159998893737793,2.9189999103546143,2.8959999084472656
2017-05-30 00:00:00,2.885999917984009,2.9119999408721924,2.882999897003174
2017-05-31 00:00:00,2.8570001125335693,2.890000104904175,2.8570001125335693
2017-06-01 00:00:00,2.869999885559082,2.8929998874664307,2.869999885559082
2017-06-02 00:00:00,2.812999963760376,2.8589999675750732,2.7990000247955322
2017-06-05 00:00:00,2.8410000801086426,2.8450000286102295,2.8259999752044678
2017-06-06 00:00:00,2.809999942779541,2.812999963760376,2.7960000038146973
2017-06-07 00:00:00,2.8369998931884766,2.8420000076293945,2.809000015258789
2017-06-08 00:00:00,2.8550000190734863,2.865999937057495,2.8340001106262207
2017-06-09 00:00:00,2.8540000915527344,2.882999897003174,2.8519999980926514
2017-06-12 00:00:00,2.868000030517578,2.872999906539917,2.8369998931884766
2017-06-13 00:00:00,2.86299991607666,2.885999917984009,2.8589999675750732
2017-06-14 00:00:00,2.7829999923706055,2.8529999256134033,2.765000104904175
2017-06-15 00:00:00,2.7850000858306885,2.7980000972747803,2.7780001163482666
2017-06-16 00:00:00,2.7820000648498535,2.7990000247955322,2.7730000019073486
2017-06-19 00:00:00,2.7880001068115234,2.7920000553131104,2.7690000534057617
2017-06-20 00:00:00,2.734999895095825,2.765000104904175,2.7330000400543213
2017-06-21 00:00:00,2.7239999771118164,2.753999948501587,2.7209999561309814
2017-06-22 00:00:00,2.7239999771118164,2.739000082015991,2.7139999866485596
2017-06-23 00:00:00,2.7139999866485596,2.739000082015991,2.7100000381469727
2017-06-26 00:00:00,2.696000099182129,2.7160000801086426,2.681999921798706
2017-06-27 00:00:00,2.74399995803833,2.765000104904175,2.7209999561309814
2017-06-28 00:00:00,2.7739999294281006,2.7920000553131104,2.75
2017-06-29 00:00:00,2.813999891281128,2.8420000076293945,2.806999921798706
2017-06-30 00:00:00,2.8399999141693115,2.8450000286102295,2.816999912261963
2017-07-03 00:00:00,2.861999988555908,2.872999906539917,2.822999954223633
2017-07-05 00:00:00,2.8550000190734863,2.868000030517578,2.8450000286102295
2017-07-06 00:00:00,2.9030001163482666,2.9230000972747803,2.885999917984009
2017-07-07 00:00:00,2.934999942779541,2.943000078201294,2.9089999198913574
2017-07-10 00:00:00,2.9230000972747803,2.934999942779541,2.9170000553131104
2017-07-11 00:00:00,2.9230000972747803,2.937999963760376,2.9089999198913574
2017-07-12 00:00:00,2.8949999809265137,2.9159998893737793,2.878000020980835
2017-07-13 00:00:00,2.9230000972747803,2.937999963760376,2.8919999599456787
2017-07-14 00:00:00,2.9100000858306885,2.9210000038146973,2.868000030517578
2017-07-17 00:00:00,2.8929998874664307,2.9159998893737793,2.888000011444092
2017-07-18 00:00:00,2.8510000705718994,2.884999990463257,2.8489999771118164
2017-07-19 00:00:00,2.8450000286102295,2.8580000400543213,2.8399999141693115
2017-07-20 00:00:00,2.8369998931884766,2.8429999351501465,2.809999942779541
2017-07-21 00:00:00,2.802000045776367,2.821000099182129,2.796999931335449
2017-07-24 00:00:00,2.8329999446868896,2.8369998931884766,2.815999984741211
2017-07-25 00:00:00,2.9100000858306885,2.9119999408721924,2.8580000400543213
2017-07-26 00:00:00,2.8910000324249268,2.930999994277954,2.8910000324249268
2017-07-27 00:00:00,2.927999973297119,2.944000005722046,2.9159998893737793
2017-07-28 00:00:00,2.8919999599456787,2.930999994277954,2.8919999599456787
2017-07-31 00:00:00,2.8980000019073486,2.9170000553131104,2.8949999809265137
2017-08-01 00:00:00,2.8510000705718994,2.930000066757202,2.8510000705718994
2017-08-02 00:00:00,2.8450000286102295,2.878000020980835,2.8329999446868896
2017-08-03 00:00:00,2.805999994277954,2.8299999237060547,2.805999994277954
2017-08-04 00:00:00,2.8440001010894775,2.86299991607666,2.806999921798706
2017-08-07 00:00:00,2.8369998931884766,2.8559999465942383,2.8340001106262207
2017-08-08 00:00:00,2.867000102996826,2.874000072479248,2.8310000896453857
2017-08-09 00:00:00,2.816999912261963,2.8310000896453857,2.7909998893737793
2017-08-10 00:00:00,2.7869999408721924,2.822000026702881,2.7850000858306885
2017-08-11 00:00:00,2.7869999408721924,2.819999933242798,2.7690000534057617
2017-08-14 00:00:00,2.805000066757202,2.816999912261963,2.7929999828338623
2017-08-15 00:00:00,2.8410000801086426,2.871000051498413,2.8259999752044678
2017-08-16 00:00:00,2.808000087738037,2.861999988555908,2.802999973297119
2017-08-17 00:00:00,2.7820000648498535,2.828000068664551,2.7799999713897705
2017-08-18 00:00:00,2.7769999504089355,2.7929999828338623,2.755000114440918
2017-08-21 00:00:00,2.763000011444092,2.7820000648498535,2.760999917984009
2017-08-22 00:00:00,2.7890000343322754,2.7920000553131104,2.7669999599456787
2017-08-23 00:00:00,2.749000072479248,2.7720000743865967,2.749000072479248
2017-08-24 00:00:00,2.7690000534057617,2.7690000534057617,2.747999906539917
2017-08-25 00:00:00,2.750999927520752,2.7760000228881836,2.74399995803833
2017-08-28 00:00:00,2.752000093460083,2.7750000953674316,2.746999979019165
2017-08-29 00:00:00,2.747999906539917,2.752000093460083,2.694000005722046
2017-08-30 00:00:00,2.747999906539917,2.757999897003174,2.7360000610351562
2017-08-31 00:00:00,2.7249999046325684,2.752000093460083,2.7239999771118164
2017-09-01 00:00:00,2.7679998874664307,2.7809998989105225,2.7160000801086426
2017-09-05 00:00:00,2.687999963760376,2.759999990463257,2.687000036239624
2017-09-06 00:00:00,2.7239999771118164,2.7290000915527344,2.6760001182556152
2017-09-07 00:00:00,2.677000045776367,2.7119998931884766,2.6510000228881836
2017-09-08 00:00:00,2.678999900817871,2.694000005722046,2.6579999923706055
2017-09-11 00:00:00,2.73799991607666,2.752000093460083,2.7090001106262207
2017-09-12 00:00:00,2.7750000953674316,2.7820000648498535,2.75
2017-09-13 00:00:00,2.7950000762939453,2.7960000038146973,2.765000104904175
2017-09-14 00:00:00,2.7809998989105225,2.812000036239624,2.7720000743865967
2017-09-15 00:00:00,2.7720000743865967,2.7839999198913574,2.757999897003174
2017-09-18 00:00:00,2.802999973297119,2.813999891281128,2.7739999294281006
2017-09-19 00:00:00,2.812999963760376,2.818000078201294,2.7899999618530273
2017-09-20 00:00:00,2.821000099182129,2.8359999656677246,2.802999973297119
2017-09-21 00:00:00,2.808000087738037,2.812000036239624,2.7820000648498535
2017-09-22 00:00:00,2.7960000038146973,2.802999973297119,2.7750000953674316
2017-09-25 00:00:00,2.759999990463257,2.7960000038146973,2.752000093460083
2017-09-26 00:00:00,2.7699999809265137,2.7869999408721924,2.755000114440918
2017-09-27 00:00:00,2.86299991607666,2.86899995803833,2.825000047683716
2017-09-28 00:00:00,2.86899995803833,2.9000000953674316,2.867000102996826
2017-09-29 00:00:00,2.8570001125335693,2.884000062942505,2.8510000705718994
2017-10-02 00:00:00,2.865000009536743,2.874000072479248,2.8429999351501465
2017-10-03 00:00:00,2.874000072479248,2.9010000228881836,2.865999937057495
2017-10-04 00:00:00,2.877000093460083,2.8940000534057617,2.8550000190734863
2017-10-05 00:00:00,2.8929998874664307,2.9010000228881836,2.861999988555908
2017-10-06 00:00:00,2.9059998989105225,2.933000087738037,2.88700008392334
2017-10-09 00:00:00,2.8940000534057617,2.8940000534057617,2.8940000534057617
2017-10-10 00:00:00,2.88100004196167,2.9010000228881836,2.8529999256134033
2017-10-11 00:00:00,2.875,2.88100004196167,2.86299991607666
2017-10-12 00:00:00,2.8529999256134033,2.884999990463257,2.8499999046325684
2017-10-13 00:00:00,2.812000036239624,2.859999895095825,2.808000087738037
2017-10-16 00:00:00,2.822000026702881,2.8329999446868896,2.811000108718872
2017-10-17 00:00:00,2.802999973297119,2.8420000076293945,2.802000045776367
2017-10-18 00:00:00,2.8499999046325684,2.86299991607666,2.8289999961853027
2017-10-19 00:00:00,2.8289999961853027,2.8329999446868896,2.805000066757202
2017-10-20 00:00:00,2.8940000534057617,2.9110000133514404,2.877000093460083
2017-10-23 00:00:00,2.890000104904175,2.9040000438690186,2.875
2017-10-24 00:00:00,2.921999931335449,2.931999921798706,2.9119999408721924
2017-10-25 00:00:00,2.9549999237060547,2.9800000190734863,2.943000078201294
2017-10-26 00:00:00,2.9600000381469727,2.9670000076293945,2.930000066757202
2017-10-27 00:00:00,2.936000108718872,2.9709999561309814,2.931999921798706
2017-10-30 00:00:00,2.880000114440918,2.927999973297119,2.880000114440918
2017-10-31 00:00:00,2.875,2.885999917984009,2.869999885559082
2017-11-01 00:00:00,2.861999988555908,2.8989999294281006,2.8369998931884766
2017-11-02 00:00:00,2.8289999961853027,2.8559999465942383,2.822000026702881
2017-11-03 00:00:00,2.822000026702881,2.8380000591278076,2.809000015258789
2017-11-06 00:00:00,2.796999931335449,2.812000036239624,2.7920000553131104
2017-11-07 00:00:00,2.7690000534057617,2.803999900817871,2.7679998874664307
2017-11-08 00:00:00,2.7839999198913574,2.7890000343322754,2.7669999599456787
2017-11-09 00:00:00,2.805999994277954,2.821000099182129,2.7920000553131104
2017-11-10 00:00:00,2.880000114440918,2.890000104904175,2.8480000495910645
2017-11-13 00:00:00,2.86899995803833,2.875,2.8489999771118164
2017-11-14 00:00:00,2.8389999866485596,2.8589999675750732,2.8320000171661377
2017-11-15 00:00:00,2.7809998989105225,2.812000036239624,2.7739999294281006
2017-11-16 00:00:00,2.805999994277954,2.806999921798706,2.7820000648498535
2017-11-17 00:00:00,2.7929999828338623,2.825000047683716,2.7780001163482666
2017-11-20 00:00:00,2.7929999828338623,2.8010001182556152,2.7730000019073486
2017-11-21 00:00:00,2.763000011444092,2.7809998989105225,2.739000082015991
2017-11-22 00:00:00,2.746000051498413,2.7860000133514404,2.742000102996826
2017-11-24 00:00:00,2.76200008392334,2.765000104904175,2.752000093460083
2017-11-27 00:00:00,2.765000104904175,2.7780001163482666,2.744999885559082
2017-11-28 00:00:00,2.7660000324249268,2.7760000228881836,2.744999885559082
2017-11-29 00:00:00,2.816999912261963,2.8359999656677246,2.802999973297119
2017-11-30 00:00:00,2.8320000171661377,2.86899995803833,2.819999933242798
2017-12-01 00:00:00,2.757999897003174,2.828000068664551,2.7170000076293945
2017-12-04 00:00:00,2.7690000534057617,2.799999952316284,2.7660000324249268
2017-12-05 00:00:00,2.7320001125335693,2.7869999408721924,2.7260000705718994
2017-12-06 00:00:00,2.7190001010894775,2.7200000286102295,2.694999933242798
2017-12-07 00:00:00,2.7750000953674316,2.7760000228881836,2.700000047683716
2017-12-08 00:00:00,2.7750000953674316,2.7890000343322754,2.757999897003174
2017-12-11 00:00:00,2.7709999084472656,2.7720000743865967,2.742000102996826
2017-12-12 00:00:00,2.7809998989105225,2.808000087738037,2.7760000228881836
2017-12-13 00:00:00,2.7339999675750732,2.796999931335449,2.7339999675750732
2017-12-14 00:00:00,2.7100000381469727,2.757999897003174,2.7060000896453857
2017-12-15 00:00:00,2.688999891281128,2.7249999046325684,2.687000036239624
2017-12-18 00:00:00,2.74399995803833,2.752000093460083,2.697000026702881
2017-12-19 00:00:00,2.821000099182129,2.8320000171661377,2.752000093460083
2017-12-20 00:00:00,2.875999927520752,2.877000093460083,2.8489999771118164
2017-12-21 00:00:00,2.8320000171661377,2.869999885559082,2.8289999961853027
2017-12-22 00:00:00,2.8329999446868896,2.8480000495910645,2.8320000171661377
2017-12-26 00:00:00,2.812999963760376,2.8440001010894775,2.803999900817871
2017-12-27 00:00:00,2.747999906539917,2.811000108718872,2.740999937057495
2017-12-28 00:00:00,2.75600004196167,2.7699999809265137,2.750999927520752
2017-12-29 00:00:00,2.739000082015991,2.7780001163482666,2.73799991607666
2018-01-02 00:00:00,2.811000108718872,2.8259999752044678,2.7639999389648438
2018-01-03 00:00:00,2.7850000858306885,2.811000108718872,2.7829999923706055
2018-01-04 00:00:00,2.7860000133514404,2.815000057220459,2.7799999713897705
2018-01-05 00:00:00,2.811000108718872,2.819000005722046,2.7790000438690186
2018-01-08 00:00:00,2.813999891281128,2.8269999027252197,2.7899999618530273
2018-01-09 00:00:00,2.88700008392334,2.888000011444092,2.8310000896453857
2018-01-10 00:00:00,2.8910000324249268,2.944000005722046,2.8910000324249268
2018-01-11 00:00:00,2.865000009536743,2.9149999618530273,2.8559999465942383
2018-01-12 00:00:00,2.8529999256134033,2.9030001163482666,2.8480000495910645
2018-01-16 00:00:00,2.8359999656677246,2.8559999465942383,2.825000047683716
2018-01-17 00:00:00,2.8480000495910645,2.8550000190734863,2.808000087738037
2018-01-18 00:00:00,2.888000011444092,2.8970000743865967,2.869999885559082
2018-01-19 00:00:00,2.9119999408721924,2.927000045776367,2.8910000324249268
2018-01-22 00:00:00,2.927999973297119,2.930999994277954,2.8989999294281006
2018-01-23 00:00:00,2.9019999504089355,2.9189999103546143,2.877000093460083
2018-01-24 00:00:00,2.937999963760376,2.9549999237060547,2.9240000247955322
2018-01-25 00:00:00,2.88100004196167,2.940000057220459,2.878999948501587
2018-01-26 00:00:00,2.9119999408721924,2.9260001182556152,2.884999990463257
2018-01-29 00:00:00,2.943000078201294,2.9709999561309814,2.933000087738037
2018-01-30 00:00:00,2.9800000190734863,2.99399995803833,2.9539999961853027
2018-01-31 00:00:00,2.941999912261963,2.9830000400543213,2.937000036239624
2018-02-01 00:00:00,3.005000114440918,3.00600004196167,2.943000078201294
2018-02-02 00:00:00,3.0969998836517334,3.0989999771118164,3.0280001163482666
2018-02-05 00:00:00,3.066999912261963,3.125999927520752,3.065999984741211
2018-02-06 00:00:00,3.0439999103546143,3.0769999027252197,3.0230000019073486
2018-02-07 00:00:00,3.117000102996826,3.125999927520752,3.0369999408721924
2018-02-08 00:00:00,3.13700008392334,3.1679999828338623,3.1059999465942383
2018-02-09 00:00:00,3.135999917984009,3.1600000858306885,3.109999895095825
2018-02-12 00:00:00,3.13700008392334,3.1700000762939453,3.0989999771118164
2018-02-13 00:00:00,3.128000020980835,3.1410000324249268,3.122999906539917
2018-02-14 00:00:00,3.177000045776367,3.178999900817871,3.0959999561309814
2018-02-15 00:00:00,3.1419999599456787,3.1700000762939453,3.121000051498413
2018-02-16 00:00:00,3.135999917984009,3.1459999084472656,3.1029999256134033
2018-02-20 00:00:00,3.1549999713897705,3.1700000762939453,3.13700008392334
2018-02-21 00:00:00,3.2200000286102295,3.2209999561309814,3.1449999809265137
2018-02-22 00:00:00,3.2060000896453857,3.2119998931884766,3.180000066757202
2018-02-23 00:00:00,3.1600000858306885,3.180000066757202,3.1510000228881836
2018-02-26 00:00:00,3.1549999713897705,3.1589999198913574,3.122999906539917
2018-02-27 00:00:00,3.1740000247955322,3.1989998817443848,3.132999897003174
2018-02-28 00:00:00,3.127000093460083,3.1540000438690186,3.127000093460083
2018-03-01 00:00:00,3.0880000591278076,3.1459999084472656,3.0789999961853027
2018-03-02 00:00:00,3.13100004196167,3.1470000743865967,3.1040000915527344
2018-03-05 00:00:00,3.1510000228881836,3.1710000038146973,3.114000082015991
2018-03-06 00:00:00,3.135999917984009,3.1610000133514404,3.122999906539917
2018-03-07 00:00:00,3.1519999504089355,3.1549999713897705,3.121999979019165
2018-03-08 00:00:00,3.132999897003174,3.1559998989105225,3.1110000610351562
2018-03-09 00:00:00,3.1589999198913574,3.177999973297119,3.140000104904175
2018-03-12 00:00:00,3.128999948501587,3.1600000858306885,3.128999948501587
2018-03-13 00:00:00,3.1010000705718994,3.135999917984009,3.0959999561309814
2018-03-14 00:00:00,3.058000087738037,3.0980000495910645,3.046999931335449
2018-03-15 00:00:00,3.061000108718872,3.069000005722046,3.0420000553131104
2018-03-16 00:00:00,3.0799999237060547,3.0889999866485596,3.052000045776367
2018-03-19 00:00:00,3.0789999961853027,3.1110000610351562,3.069000005722046
2018-03-20 00:00:00,3.109999895095825,3.121000051498413,3.1040000915527344
2018-03-21 00:00:00,3.128999948501587,3.1570000648498535,3.0999999046325684
2018-03-22 00:00:00,3.069000005722046,3.0859999656677246,3.0320000648498535
2018-03-23 00:00:00,3.0759999752044678,3.1010000705718994,3.066999912261963
2018-03-26 00:00:00,3.071000099182129,3.0920000076293945,3.052999973297119
2018-03-27 00:00:00,3.0290000438690186,3.0840001106262207,3.0290000438690186
2018-03-28 00:00:00,3.0139999389648438,3.0350000858306885,2.999000072479248
2018-03-29 00:00:00,2.9719998836517334,3.003999948501587,2.9679999351501465
2018-04-02 00:00:00,2.9700000286102295,3.009999990463257,2.9560000896453857
2018-04-03 00:00:00,3.0179998874664307,3.0230000019073486,2.9860000610351562
2018-04-04 00:00:00,3.0280001163482666,3.0350000858306885,2.986999988555908
2018-04-05 00:00:00,3.072999954223633,3.075000047683716,3.052999973297119
2018-04-06 00:00:00,3.0179998874664307,3.066999912261963,3.0179998874664307
2018-04-09 00:00:00,3.0179998874664307,3.052000045776367,3.0179998874664307
2018-04-10 00:00:00,3.0169999599456787,3.0369999408721924,3.00600004196167
2018-04-11 00:00:00,3.00600004196167,3.009999990463257,2.9709999561309814
2018-04-12 00:00:00,3.0399999618530273,3.049999952316284,3.00600004196167
2018-04-13 00:00:00,3.0360000133514404,3.0480000972747803,3.0179998874664307
2018-04-16 00:00:00,3.0299999713897705,3.069999933242798,3.0269999504089355
2018-04-17 00:00:00,2.999000072479248,3.0350000858306885,2.997999906539917
2018-04-18 00:00:00,3.0460000038146973,3.0510001182556152,3.009000062942505
2018-04-19 00:00:00,3.1050000190734863,3.127000093460083,3.0799999237060547
2018-04-20 00:00:00,3.1419999599456787,3.1440000534057617,3.1059999465942383
2018-04-23 00:00:00,3.1440000534057617,3.1640000343322754,3.1389999389648438
2018-04-24 00:00:00,3.1679999828338623,3.1730000972747803,3.13700008392334
2018-04-25 00:00:00,3.2090001106262207,3.2190001010894775,3.186000108718872
2018-04-26 00:00:00,3.174999952316284,3.187999963760376,3.1630001068115234
2018-04-27 00:00:00,3.125,3.1579999923706055,3.122999906539917
2018-04-30 00:00:00,3.0969998836517334,3.119999885559082,3.0959999561309814
2018-05-01 00:00:00,3.13700008392334,3.1459999084472656,3.125
2018-05-02 00:00:00,3.134999990463257,3.1559998989105225,3.119999885559082
2018-05-03 00:00:00,3.121000051498413,3.128000020980835,3.1019999980926514
2018-05-04 00:00:00,3.115000009536743,3.1389999389648438,3.0889999866485596
2018-05-07 00:00:00,3.119999885559082,3.128000020980835,3.115999937057495
2018-05-08 00:00:00,3.125,3.1489999294281006,3.115999937057495
2018-05-09 00:00:00,3.1549999713897705,3.1610000133514404,3.1429998874664307
2018-05-10 00:00:00,3.121000051498413,3.1500000953674316,3.115999937057495
2018-05-11 00:00:00,3.1110000610351562,3.121999979019165,3.0950000286102295
2018-05-14 00:00:00,3.128999948501587,3.131999969482422,3.115000009536743
2018-05-15 00:00:00,3.2090001106262207,3.2239999771118164,3.1489999294281006
2018-05-16 00:00:00,3.2160000801086426,3.2179999351501465,3.181999921798706
2018-05-17 00:00:00,3.246000051498413,3.246999979019165,3.2209999561309814
2018-05-18 00:00:00,3.2100000381469727,3.243000030517578,3.2060000896453857
2018-05-21 00:00:00,3.2070000171661377,3.2139999866485596,3.194999933242798
2018-05-22 00:00:00,3.2090001106262207,3.2200000286102295,3.197000026702881
2018-05-23 00:00:00,3.1689999103546143,3.181999921798706,3.1600000858306885
2018-05-24 00:00:00,3.13100004196167,3.1570000648498535,3.115999937057495
2018-05-25 00:00:00,3.0899999141693115,3.1019999980926514,3.0799999237060547
2018-05-29 00:00:00,2.9679999351501465,3.062999963760376,2.9539999961853027
2018-05-30 00:00:00,3.0139999389648438,3.049999952316284,3.005000114440918
2018-05-31 00:00:00,2.9860000610351562,3.0329999923706055,2.9839999675750732
2018-06-01 00:00:00,3.0460000038146973,3.069999933242798,3.0299999713897705
2018-06-04 00:00:00,3.0840001106262207,3.0859999656677246,3.0460000038146973
2018-06-05 00:00:00,3.075000047683716,3.0820000171661377,3.052999973297119
2018-06-06 00:00:00,3.130000114440918,3.13700008392334,3.1019999980926514
2018-06-07 00:00:00,3.0799999237060547,3.140000104904175,3.0429999828338623
2018-06-08 00:00:00,3.0820000171661377,3.0899999141693115,3.069000005722046
2018-06-11 00:00:00,3.0980000495910645,3.1110000610351562,3.0920000076293945
2018-06-12 00:00:00,3.0920000076293945,3.118000030517578,3.0880000591278076
2018-06-13 00:00:00,3.1010000705718994,3.122999906539917,3.0789999961853027
2018-06-14 00:00:00,3.066999912261963,3.0859999656677246,3.046999931335449
2018-06-15 00:00:00,3.046999931335449,3.0510001182556152,3.0139999389648438
2018-06-18 00:00:00,3.055000066757202,3.062999963760376,3.0290000438690186
2018-06-19 00:00:00,3.0280001163482666,3.0290000438690186,3.003999948501587
2018-06-20 00:00:00,3.062999963760376,3.065999984741211,3.0230000019073486
2018-06-21 00:00:00,3.0429999828338623,3.063999891281128,3.0350000858306885
2018-06-22 00:00:00,3.0450000762939453,3.072999954223633,3.0429999828338623
2018-06-25 00:00:00,3.0239999294281006,3.0429999828338623,3.0179998874664307
2018-06-26 00:00:00,3.0280001163482666,3.0380001068115234,3.0160000324249268
2018-06-27 00:00:00,2.9709999561309814,3.010999917984009,2.9690001010894775
2018-06-28 00:00:00,2.9779999256134033,2.9839999675750732,2.9660000801086426
2018-06-29 00:00:00,2.9830000400543213,2.9830000400543213,2.9539999961853027
2018-07-02 00:00:00,2.990000009536743,2.996999979019165,2.9660000801086426
2018-07-03 00:00:00,2.9660000801086426,3.000999927520752,2.9630000591278076
2018-07-05 00:00:00,2.953000068664551,2.984999895095825,2.940999984741211
2018-07-06 00:00:00,2.940999984741211,2.944999933242798,2.924999952316284
2018-07-09 00:00:00,2.9660000801086426,2.9700000286102295,2.9560000896453857
2018-07-10 00:00:00,2.9709999561309814,2.9730000495910645,2.9590001106262207
2018-07-11 00:00:00,2.944999933242798,2.9619998931884766,2.940000057220459
2018-07-12 00:00:00,2.950000047683716,2.9660000801086426,2.946000099182129
2018-07-13 00:00:00,2.933000087738037,2.947000026702881,2.930000066757202
2018-07-16 00:00:00,2.9670000076293945,2.984999895095825,2.9600000381469727
2018-07-17 00:00:00,2.9709999561309814,2.9739999771118164,2.9519999027252197
2018-07-18 00:00:00,2.989000082015991,2.989000082015991,2.9570000171661377
2018-07-19 00:00:00,2.9670000076293945,3.003000020980835,2.9519999027252197
2018-07-20 00:00:00,3.0309998989105225,3.0329999923706055,2.9679999351501465
2018-07-23 00:00:00,3.1040000915527344,3.1040000915527344,3.0269999504089355
2018-07-24 00:00:00,3.0759999752044678,3.1059999465942383,3.072999954223633
2018-07-25 00:00:00,3.063999891281128,3.072000026702881,3.052999973297119
2018-07-26 00:00:00,3.0999999046325684,3.0999999046325684,3.072000026702881
2018-07-27 00:00:00,3.0880000591278076,3.109999895095825,3.072999954223633
2018-07-30 00:00:00,3.1059999465942383,3.115999937057495,3.0940001010894775
2018-07-31 00:00:00,3.0829999446868896,3.0869998931884766,3.062000036239624
2018-08-01 00:00:00,3.127000093460083,3.1470000743865967,3.1110000610351562
2018-08-02 00:00:00,3.119999885559082,3.135999917984009,3.109999895095825
2018-08-03 00:00:00,3.0929999351501465,3.118000030517578,3.0910000801086426
2018-08-06 00:00:00,3.0820000171661377,3.0989999771118164,3.065000057220459
2018-08-07 00:00:00,3.118000030517578,3.127000093460083,3.0980000495910645
2018-08-08 00:00:00,3.118000030517578,3.131999969482422,3.1050000190734863
2018-08-09 00:00:00,3.0820000171661377,3.109999895095825,3.0739998817443848
2018-08-10 00:00:00,3.0160000324249268,3.046999931335449,3.013000011444092
2018-08-13 00:00:00,3.0460000038146973,3.055000066757202,3.0309998989105225
2018-08-14 00:00:00,3.062000036239624,3.062000036239624,3.0380001068115234
2018-08-15 00:00:00,3.0239999294281006,3.0450000762939453,3.015000104904175
2018-08-16 00:00:00,3.0320000648498535,3.053999900817871,3.0239999294281006
2018-08-17 00:00:00,3.0290000438690186,3.0329999923706055,3.003999948501587
2018-08-20 00:00:00,2.9830000400543213,3.007999897003174,2.9800000190734863
2018-08-21 00:00:00,3.000999927520752,3.0179998874664307,2.996999979019165
2018-08-22 00:00:00,2.9860000610351562,2.99399995803833,2.9730000495910645
2018-08-23 00:00:00,2.9730000495910645,2.986999988555908,2.9700000286102295
2018-08-24 00:00:00,2.9749999046325684,3.0,2.9630000591278076
2018-08-27 00:00:00,2.996999979019165,2.997999906539917,2.9749999046325684
2018-08-28 00:00:00,3.0339999198913574,3.0390000343322754,3.00600004196167
2018-08-29 00:00:00,3.0209999084472656,3.0409998893737793,3.0160000324249268
2018-08-30 00:00:00,3.00600004196167,3.0190000534057617,3.002000093460083
2018-08-31 00:00:00,3.009999990463257,3.01200008392334,2.9779999256134033
2018-09-04 00:00:00,3.069000005722046,3.069999933242798,3.0350000858306885
2018-09-05 00:00:00,3.0739998817443848,3.0829999446868896,3.049999952316284
2018-09-06 00:00:00,3.053999900817871,3.0889999866485596,3.049999952316284
2018-09-07 00:00:00,3.1029999256134033,3.109999895095825,3.062000036239624
2018-09-10 00:00:00,3.0880000591278076,3.1059999465942383,3.0829999446868896
2018-09-11 00:00:00,3.124000072479248,3.125,3.0910000801086426
2018-09-12 00:00:00,3.1059999465942383,3.114000082015991,3.0999999046325684
2018-09-13 00:00:00,3.1010000705718994,3.121000051498413,3.0829999446868896
2018-09-14 00:00:00,3.131999969482422,3.1429998874664307,3.115000009536743
2018-09-17 00:00:00,3.138000011444092,3.1570000648498535,3.119999885559082
2018-09-18 00:00:00,3.194999933242798,3.194999933242798,3.1510000228881836
2018-09-19 00:00:00,3.236999988555908,3.247999906539917,3.190999984741211
2018-09-20 00:00:00,3.2149999141693115,3.243000030517578,3.194999933242798
2018-09-21 00:00:00,3.2049999237060547,3.2219998836517334,3.196000099182129
2018-09-24 00:00:00,3.2100000381469727,3.2249999046325684,3.196000099182129
2018-09-25 00:00:00,3.2330000400543213,3.239000082015991,3.2260000705718994
2018-09-26 00:00:00,3.190999984741211,3.2269999980926514,3.190999984741211
2018-09-27 00:00:00,3.183000087738037,3.2060000896453857,3.180999994277954
2018-09-28 00:00:00,3.197000026702881,3.200000047683716,3.1619999408721924
2018-10-01 00:00:00,3.2320001125335693,3.234999895095825,3.2090001106262207
2018-10-02 00:00:00,3.2070000171661377,3.2230000495910645,3.196000099182129
2018-10-03 00:00:00,3.319000005722046,3.3410000801086426,3.2339999675750732
2018-10-04 00:00:00,3.3550000190734863,3.368000030517578,3.3340001106262207
2018-10-05 00:00:00,3.3949999809265137,3.4240000247955322,3.3580000400543213
2018-10-08 00:00:00,3.4049999713897705,3.4049999713897705,3.4049999713897705
2018-10-09 00:00:00,3.369999885559082,3.4179999828338623,3.368000030517578
2018-10-10 00:00:00,3.3980000019073486,3.4179999828338623,3.375999927520752
2018-10-11 00:00:00,3.306999921798706,3.372999906539917,3.303999900817871
2018-10-12 00:00:00,3.315999984741211,3.3440001010894775,3.309000015258789
2018-10-15 00:00:00,3.3410000801086426,3.3429999351501465,3.319999933242798
2018-10-16 00:00:00,3.3299999237060547,3.3529999256134033,3.328000068664551
2018-10-17 00:00:00,3.3459999561309814,3.3489999771118164,3.312999963760376
2018-10-18 00:00:00,3.3589999675750732,3.385999917984009,3.3440001010894775
2018-10-19 00:00:00,3.384000062942505,3.3929998874664307,3.365999937057495
2018-10-22 00:00:00,3.382999897003174,3.384999990463257,3.3580000400543213
2018-10-23 00:00:00,3.364000082015991,3.364000082015991,3.312000036239624
2018-10-24 00:00:00,3.3459999561309814,3.359999895095825,3.3310000896453857
2018-10-25 00:00:00,3.3459999561309814,3.365000009536743,3.3310000896453857
2018-10-26 00:00:00,3.316999912261963,3.3299999237060547,3.299999952316284
2018-10-29 00:00:00,3.3289999961853027,3.3550000190734863,3.318000078201294
2018-10-30 00:00:00,3.3559999465942383,3.371000051498413,3.3420000076293945
2018-10-31 00:00:00,3.4019999504089355,3.4019999504089355,3.36899995803833
2018-11-01 00:00:00,3.38700008392334,3.427000045776367,3.375999927520752
2018-11-02 00:00:00,3.453000068664551,3.4549999237060547,3.388000011444092
2018-11-05 00:00:00,3.431999921798706,3.447000026702881,3.4210000038146973
2018-11-06 00:00:00,3.4260001182556152,3.440000057220459,3.4170000553131104
2018-11-07 00:00:00,3.424999952316284,3.4260001182556152,3.384999990463257
2018-11-08 00:00:00,3.427000045776367,3.436000108718872,3.4089999198913574
2018-11-09 00:00:00,3.3919999599456787,3.431999921798706,3.382999897003174
2018-11-12 00:00:00,3.38700008392334,3.38700008392334,3.38700008392334
2018-11-13 00:00:00,3.367000102996826,3.384999990463257,3.359999895095825
2018-11-14 00:00:00,3.3540000915527344,3.3949999809265137,3.3340001106262207
2018-11-15 00:00:00,3.368000030517578,3.378000020980835,3.3340001106262207
2018-11-16 00:00:00,3.3269999027252197,3.368000030517578,3.322999954223633
2018-11-19 00:00:00,3.315999984741211,3.3589999675750732,3.315999984741211
2018-11-20 00:00:00,3.305000066757202,3.318000078201294,3.2890000343322754
2018-11-21 00:00:00,3.311000108718872,3.3380000591278076,3.309999942779541
2018-11-23 00:00:00,3.309999942779541,3.311000108718872,3.2780001163482666
2018-11-26 00:00:00,3.319999933242798,3.3259999752044678,3.302999973297119
2018-11-27 00:00:00,3.319000005722046,3.3289999961853027,3.303999900817871
2018-11-28 00:00:00,3.3289999961853027,3.3499999046325684,3.315999984741211
2018-11-29 00:00:00,3.328000068664551,3.3410000801086426,3.2950000762939453
2018-11-30 00:00:00,3.311000108718872,3.321000099182129,3.302999973297119
2018-12-03 00:00:00,3.2780001163482666,3.3340001106262207,3.2720000743865967
2018-12-04 00:00:00,3.177999973297119,3.2339999675750732,3.128999948501587
2018-12-06 00:00:00,3.135999917984009,3.1600000858306885,3.1070001125335693
2018-12-07 00:00:00,3.1429998874664307,3.187999963760376,3.138000011444092
2018-12-10 00:00:00,3.128999948501587,3.1429998874664307,3.1040000915527344
2018-12-11 00:00:00,3.128999948501587,3.134999990463257,3.0999999046325684
2018-12-12 00:00:00,3.1480000019073486,3.1540000438690186,3.13100004196167
2018-12-13 00:00:00,3.1630001068115234,3.1689999103546143,3.140000104904175
2018-12-14 00:00:00,3.1429998874664307,3.1589999198913574,3.132999897003174
2018-12-17 00:00:00,3.114000082015991,3.1470000743865967,3.1110000610351562
2018-12-18 00:00:00,3.0789999961853027,3.1089999675750732,3.072999954223633
2018-12-19 00:00:00,3.015000104904175,3.069999933242798,3.00600004196167
2018-12-20 00:00:00,3.01200008392334,3.01200008392334,2.9570000171661377
2018-12-21 00:00:00,3.0280001163482666,3.0420000553131104,3.00600004196167
2018-12-24 00:00:00,3.003000020980835,3.0199999809265137,2.997999906539917
2018-12-26 00:00:00,3.0480000972747803,3.0480000972747803,3.0
2018-12-27 00:00:00,3.0299999713897705,3.0320000648498535,3.003000020980835
2018-12-28 00:00:00,3.0420000553131104,3.058000087738037,3.0280001163482666
2018-12-31 00:00:00,3.0199999809265137,3.052000045776367,3.005000114440918
2019-01-02 00:00:00,2.9820001125335693,3.007999897003174,2.9820001125335693
2019-01-03 00:00:00,2.9000000953674316,2.9739999771118164,2.9000000953674316
2019-01-04 00:00:00,2.9739999771118164,2.996000051498413,2.928999900817871
2019-01-07 00:00:00,2.9779999256134033,2.984999895095825,2.936000108718872
2019-01-08 00:00:00,2.993000030517578,2.996999979019165,2.9769999980926514
2019-01-09 00:00:00,3.0239999294281006,3.0339999198913574,3.005000114440918
2019-01-10 00:00:00,3.0510001182556152,3.055000066757202,3.007999897003174
2019-01-11 00:00:00,3.0369999408721924,3.0460000038146973,3.0169999599456787
2019-01-14 00:00:00,3.059999942779541,3.059999942779541,3.0160000324249268
2019-01-15 00:00:00,3.071000099182129,3.0799999237060547,3.049999952316284
2019-01-16 00:00:00,3.0769999027252197,3.1029999256134033,3.059999942779541
2019-01-17 00:00:00,3.0769999027252197,3.0829999446868896,3.0480000972747803
2019-01-18 00:00:00,3.0980000495910645,3.1089999675750732,3.072999954223633
2019-01-22 00:00:00,3.053999900817871,3.0759999752044678,3.0460000038146973
2019-01-23 00:00:00,3.069000005722046,3.1010000705718994,3.052000045776367
2019-01-24 00:00:00,3.0329999923706055,3.0510001182556152,3.0250000953674316
2019-01-25 00:00:00,3.062000036239624,3.066999912261963,3.0490000247955322
2019-01-28 00:00:00,3.061000108718872,3.065000057220459,3.0399999618530273
2019-01-29 00:00:00,3.0409998893737793,3.0759999752044678,3.0390000343322754
2019-01-30 00:00:00,3.052999973297119,3.071000099182129,3.0429999828338623
2019-01-31 00:00:00,3.005000114440918,3.0280001163482666,2.989000082015991
2019-02-01 00:00:00,3.0320000648498535,3.0369999408721924,2.99399995803833
2019-02-04 00:00:00,3.059999942779541,3.0739998817443848,3.0350000858306885
2019-02-05 00:00:00,3.0350000858306885,3.061000108718872,3.0179998874664307
2019-02-06 00:00:00,3.0380001068115234,3.0429999828338623,3.009000062942505
2019-02-07 00:00:00,2.993000030517578,3.0220000743865967,2.992000102996826
2019-02-08 00:00:00,2.9760000705718994,2.996000051498413,2.9709999561309814
2019-02-11 00:00:00,2.999000072479248,3.00600004196167,2.984999895095825
2019-02-12 00:00:00,3.0220000743865967,3.0309998989105225,3.005000114440918
2019-02-13 00:00:00,3.0339999198913574,3.0450000762939453,3.0230000019073486
2019-02-14 00:00:00,3.006999969482422,3.0190000534057617,2.9860000610351562
2019-02-15 00:00:00,2.996999979019165,3.0230000019073486,2.99399995803833
2019-02-19 00:00:00,2.990999937057495,3.003999948501587,2.9700000286102295
2019-02-20 00:00:00,3.0,3.0139999389648438,2.9760000705718994
2019-02-21 00:00:00,3.0450000762939453,3.053999900817871,3.0179998874664307
2019-02-22 00:00:00,3.0199999809265137,3.0360000133514404,3.0
2019-02-25 00:00:00,3.0339999198913574,3.046999931335449,3.0299999713897705
2019-02-26 00:00:00,3.00600004196167,3.0269999504089355,3.005000114440918
2019-02-27 00:00:00,3.069000005722046,3.072000026702881,3.007999897003174
2019-02-28 00:00:00,3.0829999446868896,3.0980000495910645,3.053999900817871
2019-03-01 00:00:00,3.124000072479248,3.128999948501587,3.0959999561309814
2019-03-04 00:00:00,3.0899999141693115,3.11899995803833,3.0880000591278076
2019-03-05 00:00:00,3.0869998931884766,3.1110000610351562,3.0869998931884766
2019-03-06 00:00:00,3.071000099182129,3.0889999866485596,3.053999900817871
2019-03-07 00:00:00,3.0250000953674316,3.062000036239624,3.0250000953674316
2019-03-08 00:00:00,3.009000062942505,3.0450000762939453,3.00600004196167
2019-03-11 00:00:00,3.0329999923706055,3.0390000343322754,3.0190000534057617
2019-03-12 00:00:00,2.98799991607666,3.0420000553131104,2.9830000400543213
2019-03-13 00:00:00,3.009999990463257,3.0179998874664307,2.996999979019165
2019-03-14 00:00:00,3.0450000762939453,3.0490000247955322,3.009999990463257
2019-03-15 00:00:00,3.0199999809265137,3.0369999408721924,3.003999948501587
2019-03-18 00:00:00,3.010999917984009,3.0329999923706055,3.006999969482422
2019-03-19 00:00:00,3.0280001163482666,3.052000045776367,3.0209999084472656
2019-03-20 00:00:00,2.9749999046325684,3.0139999389648438,2.9709999561309814
2019-03-21 00:00:00,2.9639999866485596,2.9739999771118164,2.9549999237060547
2019-03-22 00:00:00,2.8889999389648438,2.9179999828338623,2.8570001125335693
2019-03-25 00:00:00,2.867000102996826,2.9049999713897705,2.8299999237060547
2019-03-26 00:00:00,2.867000102996826,2.9019999504089355,2.865999937057495
2019-03-27 00:00:00,2.821000099182129,2.865999937057495,2.816999912261963
2019-03-28 00:00:00,2.811000108718872,2.8299999237060547,2.7990000247955322
2019-03-29 00:00:00,2.822000026702881,2.8459999561309814,2.813999891281128
2019-04-01 00:00:00,2.890000104904175,2.8970000743865967,2.8350000381469727
2019-04-02 00:00:00,2.888000011444092,2.8959999084472656,2.865999937057495
2019-04-03 00:00:00,2.928999900817871,2.933000087738037,2.9130001068115234
2019-04-04 00:00:00,2.921999931335449,2.937999963760376,2.9140000343322754
2019-04-05 00:00:00,2.9089999198913574,2.9519999027252197,2.9019999504089355
2019-04-08 00:00:00,2.924999952316284,2.927999973297119,2.9130001068115234
2019-04-09 00:00:00,2.9110000133514404,2.924999952316284,2.8949999809265137
2019-04-10 00:00:00,2.9040000438690186,2.9230000972747803,2.885999917984009
2019-04-11 00:00:00,2.937999963760376,2.937999963760376,2.9089999198913574
2019-04-12 00:00:00,2.9709999561309814,2.9749999046325684,2.9549999237060547
2019-04-15 00:00:00,2.9630000591278076,2.9790000915527344,2.9600000381469727
2019-04-16 00:00:00,2.993000030517578,2.997999906539917,2.9769999980926514
2019-04-17 00:00:00,2.990999937057495,3.010999917984009,2.9790000915527344
2019-04-18 00:00:00,2.9590001106262207,2.990999937057495,2.9590001106262207
2019-04-22 00:00:00,2.99399995803833,2.997999906539917,2.9709999561309814
2019-04-23 00:00:00,2.9809999465942383,3.000999927520752,2.9760000705718994
2019-04-24 00:00:00,2.940999984741211,2.9590001106262207,2.940999984741211
2019-04-25 00:00:00,2.947000026702881,2.9579999446868896,2.936000108718872
2019-04-26 00:00:00,2.927000045776367,2.9549999237060547,2.9159998893737793
2019-04-29 00:00:00,2.9649999141693115,2.9709999561309814,2.928999900817871
2019-04-30 00:00:00,2.940000057220459,2.9739999771118164,2.934000015258789
2019-05-01 00:00:00,2.9170000553131104,2.928999900817871,2.884999990463257
2019-05-02 00:00:00,2.943000078201294,2.947999954223633,2.9030001163482666
2019-05-03 00:00:00,2.9260001182556152,2.953000068664551,2.9119999408721924
2019-05-06 00:00:00,2.9070000648498535,2.9100000858306885,2.8889999389648438
2019-05-07 00:00:00,2.861999988555908,2.8910000324249268,2.8570001125335693
2019-05-08 00:00:00,2.8889999389648438,2.8910000324249268,2.8440001010894775
2019-05-09 00:00:00,2.877000093460083,2.8929998874664307,2.8510000705718994
2019-05-10 00:00:00,2.872999906539917,2.88100004196167,2.8499999046325684
2019-05-13 00:00:00,2.8380000591278076,2.859999895095825,2.828000068664551
2019-05-14 00:00:00,2.8519999980926514,2.859999895095825,2.8369998931884766
2019-05-15 00:00:00,2.822999954223633,2.8350000381469727,2.808000087738037
2019-05-16 00:00:00,2.8399999141693115,2.8469998836517334,2.818000078201294
2019-05-17 00:00:00,2.8239998817443848,2.8380000591278076,2.805000066757202
2019-05-20 00:00:00,2.8350000381469727,2.8389999866485596,2.808000087738037
2019-05-21 00:00:00,2.8420000076293945,2.8540000915527344,2.8359999656677246
2019-05-22 00:00:00,2.818000078201294,2.8369998931884766,2.808000087738037
2019-05-23 00:00:00,2.7320001125335693,2.7899999618530273,2.7309999465942383
2019-05-24 00:00:00,2.752000093460083,2.76200008392334,2.743000030517578
2019-05-28 00:00:00,2.7070000171661377,2.7330000400543213,2.697999954223633
2019-05-29 00:00:00,2.6730000972747803,2.677999973297119,2.6549999713897705
2019-05-30 00:00:00,2.6540000438690186,2.700000047683716,2.6530001163482666
2019-05-31 00:00:00,2.5829999446868896,2.617000102996826,2.5739998817443848
2019-06-03 00:00:00,2.5480000972747803,2.5739998817443848,2.5480000972747803
2019-06-04 00:00:00,2.6029999256134033,2.615999937057495,2.565999984741211
2019-06-05 00:00:00,2.632999897003174,2.638000011444092,2.5980000495910645
2019-06-06 00:00:00,2.621999979019165,2.630000114440918,2.5789999961853027
2019-06-07 00:00:00,2.571000099182129,2.5959999561309814,2.559999942779541
2019-06-10 00:00:00,2.621999979019165,2.63100004196167,2.61299991607666
2019-06-11 00:00:00,2.617000102996826,2.6519999504089355,2.61299991607666
2019-06-12 00:00:00,2.622999906539917,2.631999969482422,2.5929999351501465
2019-06-13 00:00:00,2.6010000705718994,2.621000051498413,2.5959999561309814
2019-06-14 00:00:00,2.5920000076293945,2.6050000190734863,2.5759999752044678
2019-06-17 00:00:00,2.5769999027252197,2.5989999771118164,2.572999954223633
2019-06-18 00:00:00,2.552000045776367,2.565000057220459,2.5250000953674316
2019-06-19 00:00:00,2.5399999618530273,2.578000068664551,2.5339999198913574
2019-06-20 00:00:00,2.5269999504089355,2.5390000343322754,2.502000093460083
2019-06-21 00:00:00,2.5920000076293945,2.5929999351501465,2.5309998989105225
2019-06-24 00:00:00,2.549999952316284,2.562999963760376,2.5439999103546143
2019-06-25 00:00:00,2.5260000228881836,2.5439999103546143,2.5209999084472656
2019-06-26 00:00:00,2.565000057220459,2.566999912261963,2.5329999923706055
2019-06-27 00:00:00,2.5239999294281006,2.568000078201294,2.5209999084472656
2019-06-28 00:00:00,2.5280001163482666,2.5490000247955322,2.5209999084472656
2019-07-01 00:00:00,2.559000015258789,2.575000047683716,2.5280001163482666
2019-07-02 00:00:00,2.506999969482422,2.549999952316284,2.502000093460083
2019-07-03 00:00:00,2.4700000286102295,2.502000093460083,2.4660000801086426
2019-07-05 00:00:00,2.5490000247955322,2.572000026702881,2.4779999256134033
2019-07-08 00:00:00,2.5199999809265137,2.5269999504089355,2.507999897003174
2019-07-09 00:00:00,2.5309998989105225,2.5510001182556152,2.5239999294281006
2019-07-10 00:00:00,2.571000099182129,2.5869998931884766,2.5369999408721924
2019-07-11 00:00:00,2.6410000324249268,2.6610000133514404,2.5789999961853027
2019-07-12 00:00:00,2.632999897003174,2.6700000762939453,2.631999969482422
2019-07-15 00:00:00,2.611999988555908,2.6429998874664307,2.6080000400543213
2019-07-16 00:00:00,2.631999969482422,2.6530001163482666,2.6080000400543213
2019-07-17 00:00:00,2.572999954223633,2.6080000400543213,2.569000005722046
2019-07-18 00:00:00,2.568000078201294,2.5999999046325684,2.565999984741211
2019-07-19 00:00:00,2.578000068664551,2.5880000591278076,2.569000005722046
2019-07-22 00:00:00,2.569999933242798,2.5739998817443848,2.5420000553131104
2019-07-23 00:00:00,2.6080000400543213,2.611999988555908,2.571000099182129
2019-07-24 00:00:00,2.578000068664551,2.5920000076293945,2.578000068664551
2019-07-25 00:00:00,2.6029999256134033,2.632999897003174,2.546999931335449
2019-07-26 00:00:00,2.6010000705718994,2.615999937057495,2.578000068664551
2019-07-29 00:00:00,2.5829999446868896,2.5969998836517334,2.571000099182129
2019-07-30 00:00:00,2.5859999656677246,2.5940001010894775,2.565999984741211
2019-07-31 00:00:00,2.5269999504089355,2.5859999656677246,2.5260000228881836
2019-08-01 00:00:00,2.440999984741211,2.5290000438690186,2.4230000972747803
2019-08-02 00:00:00,2.3910000324249268,2.434999942779541,2.388000011444092
2019-08-05 00:00:00,2.2950000762939453,2.3329999446868896,2.2869999408721924
2019-08-06 00:00:00,2.2690000534057617,2.322000026702881,2.25600004196167
2019-08-07 00:00:00,2.197000026702881,2.1989998817443848,2.122999906539917
2019-08-08 00:00:00,2.2320001125335693,2.319000005722046,2.2260000705718994
2019-08-09 00:00:00,2.247999906539917,2.247999906539917,2.193000078201294
2019-08-12 00:00:00,2.130000114440918,2.2060000896453857,2.11899995803833
2019-08-13 00:00:00,2.13700008392334,2.1700000762939453,2.0989999771118164
2019-08-14 00:00:00,2.0250000953674316,2.065000057220459,2.0250000953674316
2019-08-15 00:00:00,1.9800000190734863,2.0329999923706055,1.9160000085830688
2019-08-16 00:00:00,2.0,2.0510001182556152,1.9789999723434448
2019-08-19 00:00:00,2.0850000381469727,2.1080000400543213,2.065000057220459
2019-08-20 00:00:00,2.0439999103546143,2.062999963760376,2.0290000438690186
2019-08-21 00:00:00,2.052999973297119,2.071000099182129,2.0209999084472656
2019-08-22 00:00:00,2.1019999980926514,2.1059999465942383,2.062999963760376
2019-08-23 00:00:00,2.0250000953674316,2.122999906539917,2.006999969482422
2019-08-26 00:00:00,2.0399999618530273,2.0429999828338623,2.009000062942505
2019-08-27 00:00:00,1.968999981880188,2.002000093460083,1.9529999494552612
2019-08-28 00:00:00,1.937999963760376,1.9490000009536743,1.9049999713897705
2019-08-29 00:00:00,1.9789999723434448,2.009000062942505,1.9529999494552612
2019-08-30 00:00:00,1.9700000286102295,1.9989999532699585,1.9609999656677246
2019-09-03 00:00:00,1.9490000009536743,1.9830000400543213,1.909000039100647
2019-09-04 00:00:00,1.9559999704360962,1.99399995803833,1.9509999752044678
2019-09-05 00:00:00,2.053999900817871,2.0889999866485596,2.0139999389648438
2019-09-06 00:00:00,2.0199999809265137,2.0869998931884766,2.0139999389648438
2019-09-09 00:00:00,2.0980000495910645,2.115999937057495,2.063999891281128
2019-09-10 00:00:00,2.181999921798706,2.184999942779541,2.1059999465942383
2019-09-11 00:00:00,2.2079999446868896,2.2330000400543213,2.196000099182129
2019-09-12 00:00:00,2.2639999389648438,2.2799999713897705,2.1419999599456787
2019-09-13 00:00:00,2.378000020980835,2.378000020980835,2.2720000743865967
2019-09-16 00:00:00,2.308000087738037,2.3489999771118164,2.296999931335449
2019-09-17 00:00:00,2.2799999713897705,2.315999984741211,2.255000114440918
2019-09-18 00:00:00,2.2360000610351562,2.250999927520752,2.2109999656677246
2019-09-19 00:00:00,2.2130000591278076,2.2320001125335693,2.193000078201294
2019-09-20 00:00:00,2.1989998817443848,2.236999988555908,2.191999912261963
2019-09-23 00:00:00,2.1540000438690186,2.1559998989105225,2.11299991607666
2019-09-24 00:00:00,2.0950000286102295,2.1530001163482666,2.0920000076293945
2019-09-25 00:00:00,2.184000015258789,2.186000108718872,2.0899999141693115
2019-09-26 00:00:00,2.128000020980835,2.1640000343322754,2.118000030517578
2019-09-27 00:00:00,2.124000072479248,2.1670000553131104,2.119999885559082
2019-09-30 00:00:00,2.121000051498413,2.1619999408721924,2.118000030517578
2019-10-01 00:00:00,2.1050000190734863,2.2009999752044678,2.0769999027252197
2019-10-02 00:00:00,2.0859999656677246,2.1059999465942383,2.066999912261963
2019-10-03 00:00:00,2.0380001068115234,2.0840001106262207,2.0169999599456787
2019-10-04 00:00:00,2.015000104904175,2.0420000553131104,2.007999897003174
2019-10-07 00:00:00,2.0450000762939453,2.0480000972747803,2.0239999294281006
2019-10-08 00:00:00,2.0409998893737793,2.056999921798706,2.007999897003174
2019-10-09 00:00:00,2.0869998931884766,2.0999999046325684,2.0510001182556152
2019-10-10 00:00:00,2.1519999504089355,2.1740000247955322,2.0899999141693115
2019-10-11 00:00:00,2.2149999141693115,2.242000102996826,2.177999973297119
2019-10-14 00:00:00,2.197000026702881,2.197000026702881,2.197000026702881
2019-10-15 00:00:00,2.2330000400543213,2.243000030517578,2.1679999828338623
2019-10-16 00:00:00,2.2330000400543213,2.252000093460083,2.2119998931884766
2019-10-17 00:00:00,2.243000030517578,2.256999969482422,2.2149999141693115
2019-10-18 00:00:00,2.246000051498413,2.257999897003174,2.2209999561309814
2019-10-21 00:00:00,2.2839999198913574,2.2990000247955322,2.2699999809265137
2019-10-22 00:00:00,2.250999927520752,2.2820000648498535,2.25
2019-10-23 00:00:00,2.250999927520752,2.255000114440918,2.2179999351501465
2019-10-24 00:00:00,2.259000062942505,2.2679998874664307,2.2219998836517334
2019-10-25 00:00:00,2.2920000553131104,2.2980000972747803,2.243000030517578
2019-10-28 00:00:00,2.3480000495910645,2.3499999046325684,2.315999984741211
2019-10-29 00:00:00,2.3299999237060547,2.3440001010894775,2.319999933242798
2019-10-30 00:00:00,2.2720000743865967,2.3469998836517334,2.2720000743865967
2019-10-31 00:00:00,2.1760001182556152,2.197000026702881,2.1649999618530273
2019-11-01 00:00:00,2.2119998931884766,2.2300000190734863,2.1670000553131104
2019-11-04 00:00:00,2.2730000019073486,2.2829999923706055,2.2320001125335693
2019-11-05 00:00:00,2.3480000495910645,2.3540000915527344,2.313999891281128
2019-11-06 00:00:00,2.296999931335449,2.322999954223633,2.2880001068115234
2019-11-07 00:00:00,2.4030001163482666,2.443000078201294,2.3610000610351562
2019-11-08 00:00:00,2.4170000553131104,2.427000045776367,2.380000114440918
2019-11-11 00:00:00,2.427000045776367,2.427000045776367,2.427000045776367
2019-11-12 00:00:00,2.384000062942505,2.427000045776367,2.381999969482422
2019-11-13 00:00:00,2.3510000705718994,2.372999906539917,2.3410000801086426
2019-11-14 00:00:00,2.296999931335449,2.3259999752044678,2.2869999408721924
2019-11-15 00:00:00,2.311000108718872,2.3239998817443848,2.2950000762939453
2019-11-18 00:00:00,2.2929999828338623,2.319999933242798,2.2750000953674316
2019-11-19 00:00:00,2.255000114440918,2.2960000038146973,2.249000072479248
2019-11-20 00:00:00,2.203000068664551,2.2269999980926514,2.194000005722046
2019-11-21 00:00:00,2.2309999465942383,2.250999927520752,2.2149999141693115
2019-11-22 00:00:00,2.2230000495910645,2.2320001125335693,2.203000068664551
2019-11-25 00:00:00,2.2070000171661377,2.234999895095825,2.197999954223633
2019-11-26 00:00:00,2.177999973297119,2.184000015258789,2.1689999103546143
2019-11-27 00:00:00,2.193000078201294,2.2139999866485596,2.184000015258789
2019-11-29 00:00:00,2.2019999027252197,2.2290000915527344,2.184999942779541
2019-12-02 00:00:00,2.2850000858306885,2.2899999618530273,2.265000104904175
2019-12-03 00:00:00,2.1600000858306885,2.234999895095825,2.1429998874664307
2019-12-04 00:00:00,2.2290000915527344,2.242000102996826,2.187000036239624
2019-12-05 00:00:00,2.246999979019165,2.2669999599456787,2.2239999771118164
2019-12-06 00:00:00,2.2839999198913574,2.3010001182556152,2.2360000610351562
2019-12-09 00:00:00,2.2639999389648438,2.2709999084472656,2.243000030517578
2019-12-10 00:00:00,2.253000020980835,2.2769999504089355,2.2330000400543213
2019-12-11 00:00:00,2.2200000286102295,2.256999969482422,2.2170000076293945
2019-12-12 00:00:00,2.318000078201294,2.3499999046325684,2.2200000286102295
2019-12-13 00:00:00,2.25,2.3269999027252197,2.2360000610351562
2019-12-16 00:00:00,2.309999942779541,2.318000078201294,2.2690000534057617
2019-12-17 00:00:00,2.315999984741211,2.3259999752044678,2.2730000019073486
2019-12-18 00:00:00,2.3510000705718994,2.36299991607666,2.309999942779541
2019-12-19 00:00:00,2.3440001010894775,2.375999927520752,2.3310000896453857
2019-12-20 00:00:00,2.3459999561309814,2.371000051498413,2.3440001010894775
2019-12-23 00:00:00,2.36299991607666,2.368000030517578,2.321000099182129
2019-12-24 00:00:00,2.3389999866485596,2.375999927520752,2.328000068664551
2019-12-26 00:00:00,2.3369998931884766,2.3489999771118164,2.3269999027252197
2019-12-27 00:00:00,2.311000108718872,2.322999954223633,2.305000066757202
2019-12-30 00:00:00,2.3429999351501465,2.390000104904175,2.3420000076293945
2019-12-31 00:00:00,2.3889999389648438,2.3929998874664307,2.3480000495910645
2020-01-02 00:00:00,2.3410000801086426,2.365999937057495,2.315999984741211
2020-01-03 00:00:00,2.249000072479248,2.3010001182556152,2.249000072479248
2020-01-06 00:00:00,2.2809998989105225,2.2839999198913574,2.2279999256134033
2020-01-07 00:00:00,2.305000066757202,2.309000015258789,2.2769999504089355
2020-01-08 00:00:00,2.3580000400543213,2.36299991607666,2.2829999923706055
2020-01-09 00:00:00,2.3299999237060547,2.381999969482422,2.325000047683716
2020-01-10 00:00:00,2.2839999198913574,2.3369998931884766,2.2790000438690186
2020-01-13 00:00:00,2.306999921798706,2.322999954223633,2.2950000762939453
2020-01-14 00:00:00,2.2750000953674316,2.312000036239624,2.2709999084472656
2020-01-15 00:00:00,2.242000102996826,2.260999917984009,2.2330000400543213
2020-01-16 00:00:00,2.260999917984009,2.2709999084472656,2.2290000915527344
2020-01-17 00:00:00,2.2960000038146973,2.312000036239624,2.2809998989105225
2020-01-21 00:00:00,2.2309999465942383,2.259000062942505,2.2239999771118164
2020-01-22 00:00:00,2.2179999351501465,2.242000102996826,2.2070000171661377
2020-01-23 00:00:00,2.181999921798706,2.2009999752044678,2.1659998893737793
2020-01-24 00:00:00,2.128000020980835,2.181999921798706,2.121000051498413
2020-01-27 00:00:00,2.055000066757202,2.0829999446868896,2.055000066757202
2020-01-28 00:00:00,2.0950000286102295,2.109999895095825,2.062000036239624
2020-01-29 00:00:00,2.052999973297119,2.0929999351501465,2.0439999103546143
2020-01-30 00:00:00,2.0280001163482666,2.055000066757202,2.003999948501587
2020-01-31 00:00:00,2.015000104904175,2.0299999713897705,1.9919999837875366
2020-02-03 00:00:00,1.996999979019165,2.052999973297119,1.9919999837875366
2020-02-04 00:00:00,2.0810000896453857,2.0910000801086426,2.052000045776367
2020-02-05 00:00:00,2.132999897003174,2.135999917984009,2.111999988555908
2020-02-06 00:00:00,2.114000082015991,2.1410000324249268,2.109999895095825
2020-02-07 00:00:00,2.0420000553131104,2.0910000801086426,2.0350000858306885
2020-02-10 00:00:00,2.0199999809265137,2.0369999408721924,2.0160000324249268
2020-02-11 00:00:00,2.0510001182556152,2.065000057220459,2.0360000133514404
2020-02-12 00:00:00,2.0910000801086426,2.0999999046325684,2.0789999961853027
2020-02-13 00:00:00,2.071000099182129,2.0899999141693115,2.055999994277954
2020-02-14 00:00:00,2.0429999828338623,2.052999973297119,2.0250000953674316
2020-02-18 00:00:00,2.00600004196167,2.0290000438690186,1.9889999628067017
2020-02-19 00:00:00,2.0160000324249268,2.0329999923706055,2.003999948501587
2020-02-20 00:00:00,1.972000002861023,1.9900000095367432,1.9570000171661377
2020-02-21 00:00:00,1.9179999828338623,1.9299999475479126,1.8860000371932983
2020-02-24 00:00:00,1.8370000123977661,1.8530000448226929,1.8109999895095825
2020-02-25 00:00:00,1.8040000200271606,1.8420000076293945,1.7869999408721924
2020-02-26 00:00:00,1.7960000038146973,1.8630000352859497,1.7869999408721924
2020-02-27 00:00:00,1.784000039100647,1.8209999799728394,1.7430000305175781
2020-02-28 00:00:00,1.6710000038146973,1.7269999980926514,1.6460000276565552
2020-03-02 00:00:00,1.6460000276565552,1.659999966621399,1.6119999885559082
2020-03-03 00:00:00,1.6299999952316284,1.753000020980835,1.5080000162124634
2020-03-04 00:00:00,1.6349999904632568,1.6480000019073486,1.5779999494552612
2020-03-05 00:00:00,1.5709999799728394,1.6050000190734863,1.5360000133514404
2020-03-06 00:00:00,1.215000033378601,1.3450000286102295,1.1970000267028809
2020-03-09 00:00:00,0.9369999766349792,1.0269999504089355,0.8370000123977661
2020-03-10 00:00:00,1.218999981880188,1.2339999675750732,1.0149999856948853
2020-03-11 00:00:00,1.3079999685287476,1.3630000352859497,1.1770000457763672
2020-03-12 00:00:00,1.406999945640564,1.4240000247955322,1.1720000505447388
2020-03-13 00:00:00,1.5520000457763672,1.6299999952316284,1.4140000343322754
2020-03-16 00:00:00,1.3339999914169312,1.5080000162124634,1.284000039100647
2020-03-17 00:00:00,1.5820000171661377,1.5820000171661377,1.3320000171661377
2020-03-18 00:00:00,1.8969999551773071,1.940000057220459,1.5889999866485596
2020-03-19 00:00:00,1.7400000095367432,1.8680000305175781,1.597000002861023
2020-03-20 00:00:00,1.555999994277954,1.6649999618530273,1.4769999980926514
2020-03-23 00:00:00,1.343999981880188,1.534000039100647,1.312999963760376
2020-03-24 00:00:00,1.36899995803833,1.4620000123977661,1.3619999885559082
2020-03-25 00:00:00,1.4229999780654907,1.4299999475479126,1.312999963760376
2020-03-26 00:00:00,1.3949999809265137,1.4040000438690186,1.3179999589920044
2020-03-27 00:00:00,1.3370000123977661,1.3680000305175781,1.2999999523162842
2020-03-30 00:00:00,1.281999945640564,1.2970000505447388,1.1829999685287476
2020-03-31 00:00:00,1.3509999513626099,1.3630000352859497,1.2960000038146973
2020-04-01 00:00:00,1.2890000343322754,1.3079999685287476,1.2230000495910645
2020-04-02 00:00:00,1.2699999809265137,1.2790000438690186,1.2259999513626099
2020-04-03 00:00:00,1.2139999866485596,1.25600004196167,1.1929999589920044
2020-04-06 00:00:00,1.284000039100647,1.2929999828338623,1.2480000257492065
2020-04-07 00:00:00,1.3320000171661377,1.3880000114440918,1.3170000314712524
2020-04-08 00:00:00,1.3639999628067017,1.3639999628067017,1.3209999799728394
2020-04-09 00:00:00,1.3530000448226929,1.3960000276565552,1.3329999446868896
2020-04-13 00:00:00,1.3910000324249268,1.3949999809265137,1.3420000076293945
2020-04-14 00:00:00,1.4119999408721924,1.4170000553131104,1.3760000467300415
2020-04-15 00:00:00,1.274999976158142,1.3289999961853027,1.2580000162124634
2020-04-16 00:00:00,1.2100000381469727,1.246999979019165,1.2020000219345093
2020-04-17 00:00:00,1.2760000228881836,1.277999997138977,1.1829999685287476
2020-04-20 00:00:00,1.2369999885559082,1.2599999904632568,1.2309999465942383
2020-04-21 00:00:00,1.1619999408721924,1.1690000295639038,1.1260000467300415
2020-04-22 00:00:00,1.2200000286102295,1.2380000352859497,1.1740000247955322
2020-04-23 00:00:00,1.2039999961853027,1.2139999866485596,1.1690000295639038
2020-04-24 00:00:00,1.1770000457763672,1.2070000171661377,1.1690000295639038
2020-04-27 00:00:00,1.2510000467300415,1.2569999694824219,1.1950000524520874
2020-04-28 00:00:00,1.2059999704360962,1.2419999837875366,1.190999984741211
2020-04-29 00:00:00,1.2450000047683716,1.253999948501587,1.1820000410079956
2020-04-30 00:00:00,1.2660000324249268,1.281999945640564,1.218999981880188
2020-05-01 00:00:00,1.277999997138977,1.3029999732971191,1.2549999952316284
2020-05-04 00:00:00,1.2970000505447388,1.305999994277954,1.253000020980835
2020-05-05 00:00:00,1.3300000429153442,1.3420000076293945,1.312000036239624
2020-05-06 00:00:00,1.4149999618530273,1.4450000524520874,1.3480000495910645
2020-05-07 00:00:00,1.3220000267028809,1.4049999713897705,1.315999984741211
2020-05-08 00:00:00,1.3860000371932983,1.3880000114440918,1.3140000104904175
2020-05-11 00:00:00,1.4450000524520874,1.4479999542236328,1.378000020980835
2020-05-12 00:00:00,1.38100004196167,1.4210000038146973,1.3589999675750732
2020-05-13 00:00:00,1.340999960899353,1.3630000352859497,1.3170000314712524
2020-05-14 00:00:00,1.2960000038146973,1.3040000200271606,1.2730000019073486
2020-05-15 00:00:00,1.319000005722046,1.3320000171661377,1.2510000467300415
2020-05-18 00:00:00,1.4579999446868896,1.4579999446868896,1.3580000400543213
2020-05-19 00:00:00,1.434999942779541,1.465000033378601,1.4270000457763672
2020-05-20 00:00:00,1.3990000486373901,1.4429999589920044,1.3880000114440918
2020-05-21 00:00:00,1.3990000486373901,1.4019999504089355,1.3680000305175781
2020-05-22 00:00:00,1.371000051498413,1.3919999599456787,1.3580000400543213
2020-05-26 00:00:00,1.4390000104904175,1.4450000524520874,1.4079999923706055
2020-05-27 00:00:00,1.434000015258789,1.4709999561309814,1.4170000553131104
2020-05-28 00:00:00,1.4739999771118164,1.4850000143051147,1.4550000429153442
2020-05-29 00:00:00,1.406999945640564,1.4609999656677246,1.406000018119812
2020-06-01 00:00:00,1.4550000429153442,1.4739999771118164,1.4329999685287476
2020-06-02 00:00:00,1.4789999723434448,1.4930000305175781,1.465000033378601
2020-06-03 00:00:00,1.5509999990463257,1.569000005722046,1.5140000581741333
2020-06-04 00:00:00,1.6239999532699585,1.6269999742507935,1.5299999713897705
2020-06-05 00:00:00,1.6779999732971191,1.7610000371932983,1.6740000247955322
2020-06-08 00:00:00,1.659999966621399,1.7100000381469727,1.6410000324249268
2020-06-09 00:00:00,1.5829999446868896,1.593000054359436,1.5479999780654907
2020-06-10 00:00:00,1.5199999809265137,1.5709999799728394,1.5119999647140503
2020-06-11 00:00:00,1.4010000228881836,1.468000054359436,1.4010000228881836
2020-06-12 00:00:00,1.4500000476837158,1.4670000076293945,1.4149999618530273
2020-06-15 00:00:00,1.4479999542236328,1.465000033378601,1.3940000534057617
2020-06-16 00:00:00,1.5390000343322754,1.5809999704360962,1.5019999742507935
2020-06-17 00:00:00,1.5240000486373901,1.562000036239624,1.5169999599456787
2020-06-18 00:00:00,1.4609999656677246,1.4869999885559082,1.4609999656677246
2020-06-19 00:00:00,1.4700000286102295,1.527999997138977,1.4600000381469727
2020-06-22 00:00:00,1.4609999656677246,1.468000054359436,1.4279999732971191
2020-06-23 00:00:00,1.4889999628067017,1.5049999952316284,1.4739999771118164
2020-06-24 00:00:00,1.4450000524520874,1.5069999694824219,1.4420000314712524
2020-06-25 00:00:00,1.4179999828338623,1.4229999780654907,1.4010000228881836
2020-06-26 00:00:00,1.371999979019165,1.4119999408721924,1.3700000047683716
2020-06-29 00:00:00,1.3910000324249268,1.3990000486373901,1.3730000257492065
2020-06-30 00:00:00,1.409000039100647,1.4279999732971191,1.3650000095367432
2020-07-01 00:00:00,1.4329999685287476,1.465999960899353,1.4220000505447388
2020-07-02 00:00:00,1.4290000200271606,1.4730000495910645,1.4210000038146973
2020-07-06 00:00:00,1.4429999589920044,1.4800000190734863,1.4429999589920044
2020-07-07 00:00:00,1.3899999856948853,1.434999942779541,1.38100004196167
2020-07-08 00:00:00,1.3919999599456787,1.4149999618530273,1.3799999952316284
2020-07-09 00:00:00,1.3079999685287476,1.3949999809265137,1.3009999990463257
2020-07-10 00:00:00,1.3259999752044678,1.3309999704360962,1.2480000257492065
2020-07-13 00:00:00,1.3370000123977661,1.3669999837875366,1.3329999446868896
2020-07-14 00:00:00,1.3020000457763672,1.3209999799728394,1.277999997138977
2020-07-15 00:00:00,1.3309999704360962,1.3569999933242798,1.315999984741211
2020-07-16 00:00:00,1.3009999990463257,1.3170000314712524,1.2920000553131104
2020-07-17 00:00:00,1.3289999961853027,1.3329999446868896,1.2949999570846558
2020-07-20 00:00:00,1.319000005722046,1.3240000009536743,1.2979999780654907
2020-07-21 00:00:00,1.312999963760376,1.3240000009536743,1.2979999780654907
2020-07-22 00:00:00,1.2890000343322754,1.2979999780654907,1.2740000486373901
2020-07-23 00:00:00,1.2489999532699585,1.281000018119812,1.2419999837875366
2020-07-24 00:00:00,1.2389999628067017,1.2640000581741333,1.2280000448226929
2020-07-27 00:00:00,1.2519999742507935,1.253999948501587,1.215999960899353
2020-07-28 00:00:00,1.2230000495910645,1.25600004196167,1.2170000076293945
2020-07-29 00:00:00,1.2419999837875366,1.2580000162124634,1.215999960899353
2020-07-30 00:00:00,1.1979999542236328,1.2139999866485596,1.190000057220459
2020-07-31 00:00:00,1.1979999542236328,1.2319999933242798,1.1859999895095825
2020-08-03 00:00:00,1.2450000047683716,1.25600004196167,1.2300000190734863
2020-08-04 00:00:00,1.190999984741211,1.2109999656677246,1.180999994277954
2020-08-05 00:00:00,1.218999981880188,1.2410000562667847,1.215000033378601
2020-08-06 00:00:00,1.2009999752044678,1.2109999656677246,1.1649999618530273
2020-08-07 00:00:00,1.2289999723434448,1.2419999837875366,1.1859999895095825
2020-08-10 00:00:00,1.2480000257492065,1.253000020980835,1.218000054359436
2020-08-11 00:00:00,1.3480000495910645,1.3539999723434448,1.2879999876022339
2020-08-12 00:00:00,1.3650000095367432,1.3830000162124634,1.3480000495910645
2020-08-13 00:00:00,1.4259999990463257,1.444000005722046,1.3619999885559082
2020-08-14 00:00:00,1.4420000314712524,1.4459999799728394,1.4140000343322754
2020-08-17 00:00:00,1.4240000247955322,1.4359999895095825,1.406999945640564
2020-08-18 00:00:00,1.3980000019073486,1.4229999780654907,1.3910000324249268
2020-08-19 00:00:00,1.4149999618530273,1.437000036239624,1.3639999628067017
2020-08-20 00:00:00,1.3769999742507935,1.3899999856948853,1.3669999837875366
2020-08-21 00:00:00,1.3530000448226929,1.3869999647140503,1.347000002861023
2020-08-24 00:00:00,1.350000023841858,1.3580000400543213,1.3259999752044678
2020-08-25 00:00:00,1.3880000114440918,1.4220000505447388,1.3830000162124634
2020-08-26 00:00:00,1.406000018119812,1.437000036239624,1.4049999713897705
2020-08-27 00:00:00,1.5,1.5019999742507935,1.3650000095367432
2020-08-28 00:00:00,1.5080000162124634,1.5299999713897705,1.4819999933242798
2020-08-31 00:00:00,1.4520000219345093,1.5240000486373901,1.4520000219345093
2020-09-01 00:00:00,1.4249999523162842,1.5089999437332153,1.4210000038146973
2020-09-02 00:00:00,1.375,1.440999984741211,1.371999979019165
2020-09-03 00:00:00,1.340999960899353,1.3940000534057617,1.3220000267028809
2020-09-04 00:00:00,1.4700000286102295,1.4700000286102295,1.3769999742507935
2020-09-08 00:00:00,1.4229999780654907,1.4240000247955322,1.3849999904632568
2020-09-09 00:00:00,1.4579999446868896,1.465000033378601,1.4149999618530273
2020-09-10 00:00:00,1.434000015258789,1.4930000305175781,1.4299999475479126
2020-09-11 00:00:00,1.4170000553131104,1.4450000524520874,1.4119999408721924
2020-09-14 00:00:00,1.409000039100647,1.4220000505447388,1.3980000019073486
2020-09-15 00:00:00,1.4320000410079956,1.440000057220459,1.4190000295639038
2020-09-16 00:00:00,1.4470000267028809,1.465999960899353,1.4049999713897705
2020-09-17 00:00:00,1.4290000200271606,1.440000057220459,1.3930000066757202
2020-09-18 00:00:00,1.4529999494552612,1.4559999704360962,1.4129999876022339
2020-09-21 00:00:00,1.4270000457763672,1.4270000457763672,1.3899999856948853
2020-09-22 00:00:00,1.4140000343322754,1.4359999895095825,1.406000018119812
2020-09-23 00:00:00,1.4249999523162842,1.4490000009536743,1.4190000295639038
2020-09-24 00:00:00,1.4010000228881836,1.4140000343322754,1.3969999551773071
2020-09-25 00:00:00,1.4049999713897705,1.4129999876022339,1.3899999856948853
2020-09-28 00:00:00,1.4229999780654907,1.4249999523162842,1.406000018119812
2020-09-29 00:00:00,1.406000018119812,1.4220000505447388,1.3990000486373901
2020-09-30 00:00:00,1.4509999752044678,1.4869999885559082,1.4160000085830688
2020-10-01 00:00:00,1.4539999961853027,1.496999979019165,1.4450000524520874
2020-10-02 00:00:00,1.4809999465942383,1.4930000305175781,1.4270000457763672
2020-10-05 00:00:00,1.5670000314712524,1.5670000314712524,1.5110000371932983
2020-10-06 00:00:00,1.5360000133514404,1.6089999675750732,1.5230000019073486
2020-10-07 00:00:00,1.5880000591278076,1.593999981880188,1.5529999732971191
2020-10-08 00:00:00,1.565999984741211,1.5800000429153442,1.559999942779541
2020-10-09 00:00:00,1.5740000009536743,1.6089999675750732,1.562000036239624
2020-10-12 00:00:00,1.5740000009536743,1.5740000009536743,1.5740000009536743
2020-10-13 00:00:00,1.5130000114440918,1.5509999990463257,1.5130000114440918
2020-10-14 00:00:00,1.5,1.5069999694824219,1.4830000400543213
2020-10-15 00:00:00,1.5069999694824219,1.5130000114440918,1.4579999446868896
2020-10-16 00:00:00,1.5290000438690186,1.5479999780654907,1.5
2020-10-19 00:00:00,1.5479999780654907,1.5709999799728394,1.5420000553131104
2020-10-20 00:00:00,1.6039999723434448,1.6080000400543213,1.5729999542236328
2020-10-21 00:00:00,1.628999948501587,1.6299999952316284,1.5959999561309814
2020-10-22 00:00:00,1.6579999923706055,1.6670000553131104,1.6069999933242798
2020-10-23 00:00:00,1.6449999809265137,1.690000057220459,1.6380000114440918
2020-10-26 00:00:00,1.593999981880188,1.6109999418258667,1.5789999961853027
2020-10-27 00:00:00,1.5709999799728394,1.5880000591278076,1.5579999685287476
2020-10-28 00:00:00,1.5700000524520874,1.5750000476837158,1.527999997138977
2020-10-29 00:00:00,1.625,1.6339999437332153,1.5499999523162842
2020-10-30 00:00:00,1.6399999856948853,1.6480000019073486,1.5920000076293945
2020-11-02 00:00:00,1.6239999532699585,1.6469999551773071,1.6069999933242798
2020-11-03 00:00:00,1.6549999713897705,1.6790000200271606,1.6469999551773071
2020-11-04 00:00:00,1.5460000038146973,1.565999984741211,1.50600004196167
2020-11-05 00:00:00,1.5440000295639038,1.5670000314712524,1.5089999437332153
2020-11-06 00:00:00,1.5989999771118164,1.61899995803833,1.5540000200271606
2020-11-09 00:00:00,1.7510000467300415,1.7669999599456787,1.690999984741211
2020-11-10 00:00:00,1.7599999904632568,1.7599999904632568,1.725000023841858
2020-11-11 00:00:00,1.7389999628067017,1.7389999628067017,1.7389999628067017
2020-11-12 00:00:00,1.6510000228881836,1.7079999446868896,1.6460000276565552
2020-11-13 00:00:00,1.6480000019073486,1.6519999504089355,1.6260000467300415
2020-11-16 00:00:00,1.659999966621399,1.6790000200271606,1.6469999551773071
2020-11-17 00:00:00,1.6260000467300415,1.6360000371932983,1.6180000305175781
2020-11-18 00:00:00,1.6180000305175781,1.6360000371932983,1.5880000591278076
2020-11-19 00:00:00,1.5779999494552612,1.5920000076293945,1.5579999685287476
2020-11-20 00:00:00,1.531999945640564,1.565000057220459,1.527999997138977
2020-11-23 00:00:00,1.562000036239624,1.569000005722046,1.5470000505447388
2020-11-24 00:00:00,1.6030000448226929,1.6109999418258667,1.5750000476837158
2020-11-25 00:00:00,1.6200000047683716,1.6239999532699585,1.5839999914169312
2020-11-27 00:00:00,1.5740000009536743,1.6030000448226929,1.5709999799728394
2020-11-30 00:00:00,1.5729999542236328,1.590999960899353,1.5640000104904175
2020-12-01 00:00:00,1.6759999990463257,1.684000015258789,1.5950000286102295
2020-12-02 00:00:00,1.7039999961853027,1.7239999771118164,1.659999966621399
2020-12-03 00:00:00,1.6660000085830688,1.6920000314712524,1.6579999923706055
2020-12-04 00:00:00,1.7300000190734863,1.7489999532699585,1.6490000486373901
2020-12-07 00:00:00,1.6859999895095825,1.7070000171661377,1.680999994277954
2020-12-08 00:00:00,1.659000039100647,1.6859999895095825,1.6440000534057617
2020-12-09 00:00:00,1.6890000104904175,1.7109999656677246,1.6679999828338623
2020-12-10 00:00:00,1.6369999647140503,1.684000015258789,1.6339999437332153
2020-12-11 00:00:00,1.6260000467300415,1.6339999437332153,1.6009999513626099
2020-12-14 00:00:00,1.628000020980835,1.6779999732971191,1.6239999532699585
2020-12-15 00:00:00,1.6649999618530273,1.6679999828338623,1.6339999437332153
2020-12-16 00:00:00,1.6660000085830688,1.7070000171661377,1.6549999713897705
2020-12-17 00:00:00,1.6759999990463257,1.6920000314712524,1.6260000467300415
2020-12-18 00:00:00,1.7000000476837158,1.7020000219345093,1.6629999876022339
2020-12-21 00:00:00,1.684000015258789,1.6929999589920044,1.6339999437332153
2020-12-22 00:00:00,1.652999997138977,1.6720000505447388,1.649999976158142
2020-12-23 00:00:00,1.6970000267028809,1.7259999513626099,1.652999997138977
2020-12-24 00:00:00,1.6640000343322754,1.6859999895095825,1.6579999923706055
2020-12-28 00:00:00,1.6690000295639038,1.7109999656677246,1.6679999828338623
2020-12-29 00:00:00,1.6740000247955322,1.6979999542236328,1.6660000085830688
2020-12-30 00:00:00,1.6619999408721924,1.6859999895095825,1.659999966621399
2020-12-31 00:00:00,1.6460000276565552,1.6749999523162842,1.6399999856948853
2021-01-04 00:00:00,1.656000018119812,1.690999984741211,1.6380000114440918
2021-01-05 00:00:00,1.7050000429153442,1.722000002861023,1.6740000247955322
2021-01-06 00:00:00,1.8209999799728394,1.8370000123977661,1.7660000324249268
2021-01-07 00:00:00,1.8450000286102295,1.871999979019165,1.8320000171661377
2021-01-08 00:00:00,1.8630000352859497,1.8930000066757202,1.8320000171661377
2021-01-11 00:00:00,1.8760000467300415,1.8980000019073486,1.8509999513626099
2021-01-12 00:00:00,1.8849999904632568,1.9149999618530273,1.875
2021-01-13 00:00:00,1.8179999589920044,1.8700000047683716,1.8079999685287476
2021-01-14 00:00:00,1.8739999532699585,1.8880000114440918,1.8200000524520874
2021-01-15 00:00:00,1.8530000448226929,1.8660000562667847,1.8350000381469727
2021-01-19 00:00:00,1.840000033378601,1.8630000352859497,1.8350000381469727
2021-01-20 00:00:00,1.8420000076293945,1.8539999723434448,1.8389999866485596
2021-01-21 00:00:00,1.871999979019165,1.8799999952316284,1.8539999723434448
2021-01-22 00:00:00,1.8569999933242798,1.8660000562667847,1.8350000381469727
2021-01-25 00:00:00,1.7979999780654907,1.8250000476837158,1.7890000343322754
2021-01-26 00:00:00,1.8020000457763672,1.815999984741211,1.7920000553131104
2021-01-27 00:00:00,1.777999997138977,1.7879999876022339,1.7619999647140503
2021-01-28 00:00:00,1.8200000524520874,1.8380000591278076,1.7599999904632568
2021-01-29 00:00:00,1.8580000400543213,1.86899995803833,1.8259999752044678
2021-02-01 00:00:00,1.847000002861023,1.8569999933242798,1.8259999752044678
2021-02-02 00:00:00,1.8769999742507935,1.8930000066757202,1.871000051498413
2021-02-03 00:00:00,1.9119999408721924,1.9149999618530273,1.8880000114440918
2021-02-04 00:00:00,1.9329999685287476,1.9509999752044678,1.9270000457763672
2021-02-05 00:00:00,1.9739999771118164,1.9859999418258667,1.9279999732971191
2021-02-08 00:00:00,1.9429999589920044,1.9930000305175781,1.9329999685287476
2021-02-09 00:00:00,1.9470000267028809,1.9509999752044678,1.9190000295639038
2021-02-10 00:00:00,1.9240000247955322,1.968000054359436,1.9190000295639038
2021-02-11 00:00:00,1.9470000267028809,1.9539999961853027,1.909000039100647
2021-02-12 00:00:00,2.003000020980835,2.003999948501587,1.9739999771118164
2021-02-16 00:00:00,2.0899999141693115,2.0940001010894775,2.0510001182556152
2021-02-17 00:00:00,2.069000005722046,2.0959999561309814,2.0320000648498535
2021-02-18 00:00:00,2.0759999752044678,2.1010000705718994,2.056999921798706
2021-02-19 00:00:00,2.140000104904175,2.1549999713897705,2.0910000801086426
2021-02-22 00:00:00,2.180000066757202,2.183000087738037,2.121000051498413
2021-02-23 00:00:00,2.200000047683716,2.2170000076293945,2.1670000553131104
2021-02-24 00:00:00,2.242000102996826,2.2929999828338623,2.2160000801086426
2021-02-25 00:00:00,2.308000087738037,2.4019999504089355,2.2639999389648438
2021-02-26 00:00:00,2.181999921798706,2.250999927520752,2.177000045776367
2021-03-01 00:00:00,2.2200000286102295,2.2339999675750732,2.183000087738037
2021-03-02 00:00:00,2.2160000801086426,2.240000009536743,2.1989998817443848
2021-03-03 00:00:00,2.252000093460083,2.2809998989105225,2.2339999675750732
2021-03-04 00:00:00,2.309000015258789,2.321000099182129,2.246000051498413
2021-03-05 00:00:00,2.2880001068115234,2.3510000705718994,2.2660000324249268
2021-03-08 00:00:00,2.308000087738037,2.318000078201294,2.2790000438690186
2021-03-09 00:00:00,2.259000062942505,2.2809998989105225,2.25
2021-03-10 00:00:00,2.243000030517578,2.2739999294281006,2.234999895095825
2021-03-11 00:00:00,2.2809998989105225,2.3010001182556152,2.244999885559082
2021-03-12 00:00:00,2.4019999504089355,2.4040000438690186,2.3489999771118164
2021-03-15 00:00:00,2.368000030517578,2.384999990463257,2.3499999046325684
2021-03-16 00:00:00,2.3910000324249268,2.3989999294281006,2.3429999351501465
2021-03-17 00:00:00,2.437000036239624,2.4630000591278076,2.4079999923706055
2021-03-18 00:00:00,2.4760000705718994,2.505000114440918,2.4690001010894775
2021-03-19 00:00:00,2.4509999752044678,2.4739999771118164,2.4170000553131104
2021-03-22 00:00:00,2.382999897003174,2.4119999408721924,2.378000020980835
2021-03-23 00:00:00,2.3480000495910645,2.384000062942505,2.3480000495910645
2021-03-24 00:00:00,2.313999891281128,2.3540000915527344,2.312999963760376
2021-03-25 00:00:00,2.3340001106262207,2.3510000705718994,2.2929999828338623
2021-03-26 00:00:00,2.367000102996826,2.3949999809265137,2.3469998836517334
2021-03-29 00:00:00,2.4240000247955322,2.430000066757202,2.3440001010894775
2021-03-30 00:00:00,2.3959999084472656,2.447999954223633,2.378000020980835
2021-03-31 00:00:00,2.424999952316284,2.428999900817871,2.367000102996826
2021-04-01 00:00:00,2.3399999141693115,2.378000020980835,2.3369998931884766
2021-04-05 00:00:00,2.36299991607666,2.3919999599456787,2.359999895095825
2021-04-06 00:00:00,2.315999984741211,2.3510000705718994,2.312000036239624
2021-04-07 00:00:00,2.3350000381469727,2.3440001010894775,2.311000108718872
2021-04-08 00:00:00,2.322000026702881,2.3499999046325684,2.315000057220459
2021-04-09 00:00:00,2.3389999866485596,2.361999988555908,2.313999891281128
2021-04-12 00:00:00,2.3469998836517334,2.3529999256134033,2.3289999961853027
2021-04-13 00:00:00,2.306999921798706,2.36299991607666,2.302999973297119
2021-04-14 00:00:00,2.325000047683716,2.3340001106262207,2.302000045776367
2021-04-15 00:00:00,2.2100000381469727,2.2920000553131104,2.2070000171661377
2021-04-16 00:00:00,2.260999917984009,2.2880001068115234,2.250999927520752
2021-04-19 00:00:00,2.2939999103546143,2.302000045776367,2.2730000019073486
2021-04-20 00:00:00,2.259000062942505,2.309999942779541,2.253999948501587
2021-04-21 00:00:00,2.2639999389648438,2.2799999713897705,2.25
2021-04-22 00:00:00,2.239000082015991,2.2739999294281006,2.2309999465942383
2021-04-23 00:00:00,2.250999927520752,2.2639999389648438,2.2170000076293945
2021-04-26 00:00:00,2.24399995803833,2.2699999809265137,2.2260000705718994
2021-04-27 00:00:00,2.2939999103546143,2.299999952316284,2.243000030517578
2021-04-28 00:00:00,2.299999952316284,2.319999933242798,2.2860000133514404
2021-04-29 00:00:00,2.311000108718872,2.3529999256134033,2.309999942779541
2021-04-30 00:00:00,2.3010001182556152,2.321000099182129,2.2929999828338623
2021-05-03 00:00:00,2.2880001068115234,2.322999954223633,2.253000020980835
2021-05-04 00:00:00,2.2660000324249268,2.2839999198913574,2.2360000610351562
2021-05-05 00:00:00,2.259000062942505,2.2960000038146973,2.255000114440918
2021-05-06 00:00:00,2.2360000610351562,2.2709999084472656,2.2330000400543213
2021-05-07 00:00:00,2.2769999504089355,2.2820000648498535,2.1610000133514404
2021-05-10 00:00:00,2.319000005722046,2.3269999027252197,2.2720000743865967
2021-05-11 00:00:00,2.3510000705718994,2.364000082015991,2.328000068664551
2021-05-12 00:00:00,2.4149999618530273,2.4170000553131104,2.3320000171661377
2021-05-13 00:00:00,2.3959999084472656,2.4110000133514404,2.378000020980835
2021-05-14 00:00:00,2.3550000190734863,2.377000093460083,2.3489999771118164
2021-05-17 00:00:00,2.3550000190734863,2.365000009536743,2.3389999866485596
2021-05-18 00:00:00,2.364000082015991,2.381999969482422,2.3440001010894775
2021-05-19 00:00:00,2.38700008392334,2.4000000953674316,2.3359999656677246
2021-05-20 00:00:00,2.3420000076293945,2.368000030517578,2.328000068664551
2021-05-21 00:00:00,2.3329999446868896,2.3459999561309814,2.321000099182129
2021-05-24 00:00:00,2.302000045776367,2.313999891281128,2.2880001068115234
2021-05-25 00:00:00,2.259999990463257,2.296999931335449,2.256999969482422
2021-05-26 00:00:00,2.259999990463257,2.2750000953674316,2.236999988555908
2021-05-27 00:00:00,2.2899999618530273,2.306999921798706,2.2799999713897705
2021-05-28 00:00:00,2.263000011444092,2.2939999103546143,2.259999990463257
2021-06-01 00:00:00,2.2960000038146973,2.3289999961853027,2.2929999828338623
2021-06-02 00:00:00,2.2799999713897705,2.2899999618530273,2.2709999084472656
2021-06-03 00:00:00,2.2950000762939453,2.308000087738037,2.2720000743865967
2021-06-04 00:00:00,2.239000082015991,2.319999933242798,2.23799991607666
2021-06-07 00:00:00,2.250999927520752,2.259999990463257,2.240999937057495
2021-06-08 00:00:00,2.2090001106262207,2.2209999561309814,2.194999933242798
2021-06-09 00:00:00,2.1689999103546143,2.184000015258789,2.1500000953674316
2021-06-10 00:00:00,2.1530001163482666,2.2109999656677246,2.1530001163482666
2021-06-11 00:00:00,2.1519999504089355,2.1619999408721924,2.1410000324249268
2021-06-14 00:00:00,2.190000057220459,2.194000005722046,2.1459999084472656
2021-06-15 00:00:00,2.1989998817443848,2.2139999866485596,2.181999921798706
2021-06-16 00:00:00,2.2090001106262207,2.2230000495910645,2.1710000038146973
2021-06-17 00:00:00,2.0999999046325684,2.183000087738037,2.049999952316284
2021-06-18 00:00:00,2.0269999504089355,2.114000082015991,2.005000114440918
2021-06-21 00:00:00,2.1040000915527344,2.1080000400543213,2.046999931335449
2021-06-22 00:00:00,2.1050000190734863,2.1489999294281006,2.1010000705718994
2021-06-23 00:00:00,2.111999988555908,2.128000020980835,2.0969998836517334
2021-06-24 00:00:00,2.0950000286102295,2.1080000400543213,2.0850000381469727
2021-06-25 00:00:00,2.1689999103546143,2.177000045776367,2.0859999656677246
2021-06-28 00:00:00,2.0980000495910645,2.140000104904175,2.0869998931884766
2021-06-29 00:00:00,2.0959999561309814,2.13100004196167,2.0950000286102295
2021-06-30 00:00:00,2.065000057220459,2.0799999237060547,2.0480000972747803
2021-07-01 00:00:00,2.0859999656677246,2.0950000286102295,2.063999891281128
2021-07-02 00:00:00,2.0450000762939453,2.072999954223633,2.0339999198913574
2021-07-06 00:00:00,2.003999948501587,2.0439999103546143,1.9730000495910645
2021-07-07 00:00:00,1.944000005722046,1.9639999866485596,1.9190000295639038
2021-07-08 00:00:00,1.909999966621399,1.9299999475479126,1.878000020980835
2021-07-09 00:00:00,1.9819999933242798,1.9900000095367432,1.965000033378601
2021-07-12 00:00:00,1.9930000305175781,2.002000093460083,1.965999960899353
2021-07-13 00:00:00,2.0380001068115234,2.053999900817871,1.9570000171661377
2021-07-14 00:00:00,1.9889999628067017,2.0139999389648438,1.9859999418258667
2021-07-15 00:00:00,1.9199999570846558,1.972000002861023,1.9190000295639038
2021-07-16 00:00:00,1.930999994277954,1.9620000123977661,1.9299999475479126
2021-07-19 00:00:00,1.815000057220459,1.8480000495910645,1.8029999732971191
2021-07-20 00:00:00,1.86899995803833,1.878000020980835,1.7799999713897705
2021-07-21 00:00:00,1.9299999475479126,1.9670000076293945,1.8980000019073486
2021-07-22 00:00:00,1.9019999504089355,1.940999984741211,1.8799999952316284
2021-07-23 00:00:00,1.9249999523162842,1.9500000476837158,1.9190000295639038
2021-07-26 00:00:00,1.9259999990463257,1.9320000410079956,1.8940000534057617
2021-07-27 00:00:00,1.8890000581741333,1.909999966621399,1.8849999904632568
2021-07-28 00:00:00,1.9110000133514404,1.9329999685287476,1.8990000486373901
2021-07-29 00:00:00,1.9160000085830688,1.9320000410079956,1.8990000486373901
2021-07-30 00:00:00,1.8969999551773071,1.906999945640564,1.8860000371932983
2021-08-02 00:00:00,1.8530000448226929,1.9129999876022339,1.8309999704360962
2021-08-03 00:00:00,1.8519999980926514,1.8569999933242798,1.8289999961853027
2021-08-04 00:00:00,1.840000033378601,1.878999948501587,1.8109999895095825
2021-08-05 00:00:00,1.8630000352859497,1.871000051498413,1.8279999494552612
2021-08-06 00:00:00,1.934000015258789,1.9459999799728394,1.8919999599456787
2021-08-09 00:00:00,1.9630000591278076,1.965999960899353,1.9220000505447388
2021-08-10 00:00:00,1.9839999675750732,1.9900000095367432,1.9529999494552612
2021-08-11 00:00:00,1.996999979019165,2.0309998989105225,1.9700000286102295
2021-08-12 00:00:00,2.013000011444092,2.0339999198913574,1.9989999532699585
2021-08-13 00:00:00,1.9479999542236328,2.013000011444092,1.944000005722046
2021-08-16 00:00:00,1.9240000247955322,1.940999984741211,1.8869999647140503
2021-08-17 00:00:00,1.9190000295639038,1.9359999895095825,1.8919999599456787
2021-08-18 00:00:00,1.9140000343322754,1.9390000104904175,1.9049999713897705
2021-08-19 00:00:00,1.8760000467300415,1.8919999599456787,1.8639999628067017
2021-08-20 00:00:00,1.8739999532699585,1.8819999694824219,1.8530000448226929
2021-08-23 00:00:00,1.871999979019165,1.8919999599456787,1.871999979019165
2021-08-24 00:00:00,1.906999945640564,1.909000039100647,1.8849999904632568
2021-08-25 00:00:00,1.9589999914169312,1.968999981880188,1.9040000438690186
2021-08-26 00:00:00,1.940999984741211,1.9769999980926514,1.9359999895095825
2021-08-27 00:00:00,1.9179999828338623,1.940999984741211,1.9160000085830688
2021-08-30 00:00:00,1.899999976158142,1.9299999475479126,1.8990000486373901
2021-08-31 00:00:00,1.9270000457763672,1.9390000104904175,1.8839999437332153
2021-09-01 00:00:00,1.9190000295639038,1.9459999799728394,1.9040000438690186
2021-09-02 00:00:00,1.906999945640564,1.9240000247955322,1.902999997138977
2021-09-03 00:00:00,1.9429999589920044,1.9539999961853027,1.8890000581741333
2021-09-07 00:00:00,1.9839999675750732,1.9980000257492065,1.968000054359436
2021-09-08 00:00:00,1.9529999494552612,1.972000002861023,1.944000005722046
2021-09-09 00:00:00,1.8969999551773071,1.9579999446868896,1.8860000371932983
2021-09-10 00:00:00,1.934000015258789,1.9459999799728394,1.909000039100647
2021-09-13 00:00:00,1.9049999713897705,1.9199999570846558,1.899999976158142
2021-09-14 00:00:00,1.850000023841858,1.9429999589920044,1.8309999704360962
2021-09-15 00:00:00,1.86899995803833,1.8849999904632568,1.8229999542236328
2021-09-16 00:00:00,1.88100004196167,1.8980000019073486,1.8669999837875366
2021-09-17 00:00:00,1.909000039100647,1.9249999523162842,1.8760000467300415
2021-09-20 00:00:00,1.8459999561309814,1.8730000257492065,1.8339999914169312
2021-09-21 00:00:00,1.8569999933242798,1.8760000467300415,1.8480000495910645
2021-09-22 00:00:00,1.8509999513626099,1.8660000562667847,1.8300000429153442
2021-09-23 00:00:00,1.9240000247955322,1.934999942779541,1.8320000171661377
2021-09-24 00:00:00,1.9880000352859497,1.9919999837875366,1.934999942779541
2021-09-27 00:00:00,1.9950000047683716,2.0439999103546143,1.9869999885559082
2021-09-28 00:00:00,2.069999933242798,2.1010000705718994,2.0510001182556152
2021-09-29 00:00:00,2.0899999141693115,2.0999999046325684,2.0390000343322754
2021-09-30 00:00:00,2.0920000076293945,2.1029999256134033,2.072999954223633
2021-10-01 00:00:00,2.058000087738037,2.078000068664551,2.0450000762939453
2021-10-04 00:00:00,2.046999931335449,2.0810000896453857,2.0339999198913574
2021-10-05 00:00:00,2.0980000495910645,2.1029999256134033,2.0510001182556152
2021-10-06 00:00:00,2.0759999752044678,2.1080000400543213,2.059000015258789
2021-10-07 00:00:00,2.131999969482422,2.13700008392334,2.0859999656677246
2021-10-08 00:00:00,2.1619999408721924,2.177000045776367,2.125
2021-10-11 00:00:00,2.1659998893737793,2.1659998893737793,2.1659998893737793
2021-10-12 00:00:00,2.1059999465942383,2.1429998874664307,2.0999999046325684
2021-10-13 00:00:00,2.0409998893737793,2.0940001010894775,2.0309998989105225
2021-10-14 00:00:00,2.0250000953674316,2.059999942779541,2.015000104904175
2021-10-15 00:00:00,2.0510001182556152,2.068000078201294,2.0360000133514404
2021-10-18 00:00:00,2.0169999599456787,2.058000087738037,2.009000062942505
2021-10-19 00:00:00,2.0880000591278076,2.0880000591278076,2.052999973297119
2021-10-20 00:00:00,2.1110000610351562,2.13700008392334,2.078000068664551
2021-10-21 00:00:00,2.128000020980835,2.1500000953674316,2.1110000610351562
2021-10-22 00:00:00,2.0910000801086426,2.131999969482422,2.069000005722046
2021-10-25 00:00:00,2.0850000381469727,2.121999979019165,2.072999954223633
2021-10-26 00:00:00,2.0510001182556152,2.0910000801086426,2.0480000972747803
2021-10-27 00:00:00,1.9420000314712524,2.015000104904175,1.9320000410079956
2021-10-28 00:00:00,1.9630000591278076,1.9780000448226929,1.9240000247955322
2021-10-29 00:00:00,1.9420000314712524,2.00600004196167,1.9329999685287476
2021-11-01 00:00:00,1.968999981880188,1.996999979019165,1.9600000381469727
2021-11-02 00:00:00,1.9600000381469727,1.9830000400543213,1.937000036239624
2021-11-03 00:00:00,1.9859999418258667,2.003000020980835,1.9270000457763672
2021-11-04 00:00:00,1.9639999866485596,2.0250000953674316,1.9490000009536743
2021-11-05 00:00:00,1.8860000371932983,1.9620000123977661,1.88100004196167
2021-11-08 00:00:00,1.8869999647140503,1.9110000133514404,1.8819999694824219
2021-11-09 00:00:00,1.8220000267028809,1.8550000190734863,1.7949999570846558
2021-11-10 00:00:00,1.9179999828338623,1.9830000400543213,1.819000005722046
2021-11-11 00:00:00,1.9160000085830688,1.9160000085830688,1.9160000085830688
2021-11-12 00:00:00,1.9550000429153442,1.968000054359436,1.906999945640564
2021-11-15 00:00:00,2.006999969482422,2.0139999389648438,1.9270000457763672
2021-11-16 00:00:00,2.0179998874664307,2.0230000019073486,1.9769999980926514
2021-11-17 00:00:00,1.996000051498413,2.0490000247955322,1.996000051498413
2021-11-18 00:00:00,1.972000002861023,1.9989999532699585,1.9620000123977661
2021-11-19 00:00:00,1.906999945640564,1.9520000219345093,1.9010000228881836
2021-11-22 00:00:00,1.9780000448226929,1.9780000448226929,1.9290000200271606
2021-11-23 00:00:00,2.0230000019073486,2.0230000019073486,1.9869999885559082
2021-11-24 00:00:00,1.968999981880188,2.0360000133514404,1.9670000076293945
2021-11-26 00:00:00,1.8270000219345093,1.9040000438690186,1.8229999542236328
2021-11-29 00:00:00,1.8799999952316284,1.909999966621399,1.8589999675750732
2021-11-30 00:00:00,1.7869999408721924,1.840000033378601,1.7760000228881836
2021-12-01 00:00:00,1.777999997138977,1.8459999561309814,1.7760000228881836
2021-12-02 00:00:00,1.7690000534057617,1.784000039100647,1.7369999885559082
2021-12-03 00:00:00,1.6779999732971191,1.7940000295639038,1.6779999732971191
2021-12-06 00:00:00,1.7569999694824219,1.7699999809265137,1.690999984741211
2021-12-07 00:00:00,1.7960000038146973,1.7960000038146973,1.7510000467300415
2021-12-08 00:00:00,1.875,1.8880000114440918,1.812000036239624
2021-12-09 00:00:00,1.8660000562667847,1.8940000534057617,1.843999981880188
2021-12-10 00:00:00,1.8839999437332153,1.8869999647140503,1.8380000591278076
2021-12-13 00:00:00,1.812000036239624,1.8589999675750732,1.8009999990463257
2021-12-14 00:00:00,1.8179999589920044,1.86899995803833,1.8040000200271606
2021-12-15 00:00:00,1.8550000190734863,1.8639999628067017,1.8209999799728394
2021-12-16 00:00:00,1.8609999418258667,1.9049999713897705,1.8480000495910645
2021-12-17 00:00:00,1.8179999589920044,1.8370000123977661,1.809000015258789
2021-12-20 00:00:00,1.8489999771118164,1.8519999980926514,1.8079999685287476
2021-12-21 00:00:00,1.8969999551773071,1.9270000457763672,1.878000020980835
2021-12-22 00:00:00,1.8569999933242798,1.88100004196167,1.8530000448226929
2021-12-23 00:00:00,1.9049999713897705,1.9149999618530273,1.8539999723434448
2021-12-27 00:00:00,1.8860000371932983,1.9010000228881836,1.878000020980835
2021-12-28 00:00:00,1.902999997138977,1.9149999618530273,1.8539999723434448
2021-12-29 00:00:00,1.9529999494552612,1.9709999561309814,1.9259999990463257
2021-12-30 00:00:00,1.9249999523162842,1.968999981880188,1.9220000505447388
2021-12-31 00:00:00,1.9049999713897705,1.934000015258789,1.8830000162124634
2022-01-03 00:00:00,2.0160000324249268,2.0250000953674316,1.9170000553131104
2022-01-04 00:00:00,2.0769999027252197,2.1029999256134033,2.0480000972747803
2022-01-05 00:00:00,2.0880000591278076,2.1059999465942383,2.0510001182556152
2022-01-06 00:00:00,2.0929999351501465,2.121000051498413,2.0869998931884766
2022-01-07 00:00:00,2.118000030517578,2.1500000953674316,2.0859999656677246
2022-01-10 00:00:00,2.109999895095825,2.1510000228881836,2.1059999465942383
2022-01-11 00:00:00,2.072999954223633,2.1029999256134033,2.072999954223633
2022-01-12 00:00:00,2.0739998817443848,2.0889999866485596,2.046999931335449
2022-01-13 00:00:00,2.055000066757202,2.0899999141693115,2.052000045776367
2022-01-14 00:00:00,2.114000082015991,2.117000102996826,2.0510001182556152
2022-01-18 00:00:00,2.184000015258789,2.190000057220459,2.13700008392334
2022-01-19 00:00:00,2.138000011444092,2.191999912261963,2.138000011444092
2022-01-20 00:00:00,2.140000104904175,2.1600000858306885,2.13700008392334
2022-01-21 00:00:00,2.063999891281128,2.1050000190734863,2.052000045776367
2022-01-24 00:00:00,2.0829999446868896,2.0859999656677246,2.0399999618530273
2022-01-25 00:00:00,2.128999948501587,2.134999990463257,2.066999912261963
2022-01-26 00:00:00,2.1670000553131104,2.1740000247955322,2.1080000400543213
2022-01-27 00:00:00,2.0910000801086426,2.130000114440918,2.075000047683716
2022-01-28 00:00:00,2.0829999446868896,2.1429998874664307,2.078000068664551
2022-01-31 00:00:00,2.0980000495910645,2.125999927520752,2.0920000076293945
2022-02-01 00:00:00,2.124000072479248,2.1519999504089355,2.0799999237060547
2022-02-02 00:00:00,2.0940001010894775,2.134999990463257,2.061000108718872
2022-02-03 00:00:00,2.1449999809265137,2.184000015258789,2.131999969482422
2022-02-04 00:00:00,2.2330000400543213,2.236999988555908,2.121000051498413
2022-02-07 00:00:00,2.2179999351501465,2.244999885559082,2.2119998931884766
2022-02-08 00:00:00,2.250999927520752,2.2709999084472656,2.23799991607666
2022-02-09 00:00:00,2.2320001125335693,2.246999979019165,2.2139999866485596
2022-02-10 00:00:00,2.309000015258789,2.3459999561309814,2.2309999465942383
2022-02-11 00:00:00,2.256999969482422,2.3529999256134033,2.243000030517578
2022-02-14 00:00:00,2.3010001182556152,2.3299999237060547,2.257999897003174
2022-02-15 00:00:00,2.361999988555908,2.364000082015991,2.3259999752044678
2022-02-16 00:00:00,2.365000009536743,2.38700008392334,2.318000078201294
2022-02-17 00:00:00,2.312000036239624,2.3340001106262207,2.2669999599456787
2022-02-18 00:00:00,2.250999927520752,2.2929999828338623,2.239000082015991
2022-02-22 00:00:00,2.253000020980835,2.2699999809265137,2.2239999771118164
2022-02-23 00:00:00,2.2750000953674316,2.2950000762939453,2.249000072479248
2022-02-24 00:00:00,2.2929999828338623,2.2990000247955322,2.1659998893737793
2022-02-25 00:00:00,2.2960000038146973,2.312000036239624,2.2639999389648438
2022-02-28 00:00:00,2.181999921798706,2.246000051498413,2.171999931335449
2022-03-01 00:00:00,2.1040000915527344,2.1630001068115234,2.069999933242798
2022-03-02 00:00:00,2.2330000400543213,2.2360000610351562,2.125
2022-03-03 00:00:00,2.2269999980926514,2.2679998874664307,2.2039999961853027
2022-03-04 00:00:00,2.1510000228881836,2.1989998817443848,2.128000020980835
2022-03-07 00:00:00,2.1519999504089355,2.2119998931884766,2.131999969482422
2022-03-08 00:00:00,2.24399995803833,2.259000062942505,2.2260000705718994
2022-03-09 00:00:00,2.302000045776367,2.302000045776367,2.253999948501587
2022-03-10 00:00:00,2.3940000534057617,2.4149999618530273,2.3259999752044678
2022-03-11 00:00:00,2.364000082015991,2.3970000743865967,2.3369998931884766
2022-03-14 00:00:00,2.4760000705718994,2.4760000705718994,2.421999931335449
2022-03-15 00:00:00,2.505000114440918,2.505000114440918,2.4260001182556152
2022-03-16 00:00:00,2.4590001106262207,2.5409998893737793,2.4549999237060547
2022-03-17 00:00:00,2.484999895095825,2.4860000610351562,2.4119999408721924
2022-03-18 00:00:00,2.4179999828338623,2.4570000171661377,2.4100000858306885
2022-03-21 00:00:00,2.5339999198913574,2.5339999198913574,2.4609999656677246
2022-03-22 00:00:00,2.5929999351501465,2.6050000190734863,2.566999912261963
2022-03-23 00:00:00,2.5190000534057617,2.628999948501587,2.510999917984009
2022-03-24 00:00:00,2.510999917984009,2.572999954223633,2.502000093460083
2022-03-25 00:00:00,2.6029999256134033,2.6440000534057617,2.510999917984009
2022-03-28 00:00:00,2.572999954223633,2.5840001106262207,2.5209999084472656
2022-03-29 00:00:00,2.5239999294281006,2.571000099182129,2.4839999675750732
2022-03-30 00:00:00,2.4800000190734863,2.5429999828338623,2.4609999656677246
2022-03-31 00:00:00,2.447999954223633,2.4709999561309814,2.437000036239624
2022-04-01 00:00:00,2.4240000247955322,2.5439999103546143,2.4149999618530273
2022-04-04 00:00:00,2.4739999771118164,2.503999948501587,2.438999891281128
2022-04-05 00:00:00,2.5840001106262207,2.5989999771118164,2.502000093460083
2022-04-06 00:00:00,2.631999969482422,2.678999900817871,2.5989999771118164
2022-04-07 00:00:00,2.687000036239624,2.7190001010894775,2.631999969482422
2022-04-08 00:00:00,2.746000051498413,2.759999990463257,2.694999933242798
2022-04-11 00:00:00,2.819999933242798,2.8350000381469727,2.750999927520752
2022-04-12 00:00:00,2.8259999752044678,2.8350000381469727,2.76200008392334
2022-04-13 00:00:00,2.7939999103546143,2.8559999465942383,2.763000011444092
2022-04-14 00:00:00,2.9189999103546143,2.928999900817871,2.796999931335449
2022-04-18 00:00:00,2.953000068664551,2.9690001010894775,2.9030001163482666
2022-04-19 00:00:00,2.990000009536743,3.0179998874664307,2.9700000286102295
2022-04-20 00:00:00,2.878999948501587,2.9649999141693115,2.865000009536743
2022-04-21 00:00:00,2.933000087738037,2.986999988555908,2.885999917984009
2022-04-22 00:00:00,2.944000005722046,2.9570000171661377,2.888000011444092
2022-04-25 00:00:00,2.8940000534057617,2.9119999408721924,2.8570001125335693
2022-04-26 00:00:00,2.86899995803833,2.874000072479248,2.822999954223633
2022-04-27 00:00:00,2.9079999923706055,2.9200000762939453,2.8320000171661377
2022-04-28 00:00:00,2.928999900817871,2.9709999561309814,2.9070000648498535
2022-04-29 00:00:00,2.947000026702881,2.990000009536743,2.9089999198913574
2022-05-02 00:00:00,3.061000108718872,3.065999984741211,2.9800000190734863
2022-05-03 00:00:00,3.00600004196167,3.0199999809265137,2.9679999351501465
2022-05-04 00:00:00,3.003000020980835,3.053999900817871,2.989000082015991
2022-05-05 00:00:00,3.1600000858306885,3.2079999446868896,3.013000011444092
2022-05-06 00:00:00,3.2209999561309814,3.2230000495910645,3.135999917984009
2022-05-09 00:00:00,3.2079999446868896,3.2769999504089355,3.197999954223633
2022-05-10 00:00:00,3.130000114440918,3.138000011444092,3.062999963760376
2022-05-11 00:00:00,3.0439999103546143,3.2139999866485596,3.0380001068115234
2022-05-12 00:00:00,2.984999895095825,3.0329999923706055,2.9739999771118164
2022-05-13 00:00:00,3.0929999351501465,3.0959999561309814,3.0460000038146973
2022-05-16 00:00:00,3.0840001106262207,3.1080000400543213,3.053999900817871
2022-05-17 00:00:00,3.1619999408721924,3.1740000247955322,3.1050000190734863
2022-05-18 00:00:00,3.072000026702881,3.2019999027252197,3.068000078201294
2022-05-19 00:00:00,3.065999984741211,3.075000047683716,2.9749999046325684
2022-05-20 00:00:00,2.996000051498413,3.069000005722046,2.9800000190734863
2022-05-23 00:00:00,3.065000057220459,3.072000026702881,3.009000062942505
2022-05-24 00:00:00,2.9730000495910645,3.0320000648498535,2.940999984741211
2022-05-25 00:00:00,2.9649999141693115,2.992000102996826,2.9240000247955322
2022-05-26 00:00:00,2.990999937057495,3.0269999504089355,2.9670000076293945
2022-05-27 00:00:00,2.9719998836517334,2.9800000190734863,2.940000057220459
2022-05-31 00:00:00,3.056999921798706,3.0850000381469727,3.0260000228881836
2022-06-01 00:00:00,3.0759999752044678,3.1040000915527344,3.0299999713897705
2022-06-02 00:00:00,3.0759999752044678,3.11299991607666,3.0480000972747803
2022-06-03 00:00:00,3.114000082015991,3.1579999923706055,3.0910000801086426
2022-06-06 00:00:00,3.190999984741211,3.196000099182129,3.115000009536743
2022-06-07 00:00:00,3.122999906539917,3.180999994277954,3.1059999465942383
2022-06-08 00:00:00,3.177000045776367,3.186000108718872,3.1389999389648438
2022-06-09 00:00:00,3.1710000038146973,3.2100000381469727,3.1579999923706055
2022-06-10 00:00:00,3.196000099182129,3.23799991607666,3.0980000495910645
2022-06-13 00:00:00,3.367000102996826,3.3889999389648438,3.2679998874664307
2022-06-14 00:00:00,3.431999921798706,3.446000099182129,3.313999891281128
2022-06-15 00:00:00,3.4130001068115234,3.4590001106262207,3.3580000400543213
2022-06-16 00:00:00,3.361999988555908,3.4719998836517334,3.3570001125335693
2022-06-17 00:00:00,3.2939999103546143,3.3340001106262207,3.246000051498413
2022-06-21 00:00:00,3.390000104904175,3.3949999809265137,3.3350000381469727
2022-06-22 00:00:00,3.243000030517578,3.2899999618530273,3.2279999256134033
2022-06-23 00:00:00,3.178999900817871,3.2339999675750732,3.1470000743865967
2022-06-24 00:00:00,3.256999969482422,3.2669999599456787,3.194999933242798
2022-06-27 00:00:00,3.305000066757202,3.3420000076293945,3.2869999408721924
2022-06-28 00:00:00,3.309999942779541,3.36299991607666,3.2909998893737793
2022-06-29 00:00:00,3.2119998931884766,3.302999973297119,3.2119998931884766
2022-06-30 00:00:00,3.11899995803833,3.178999900817871,3.11899995803833
2022-07-01 00:00:00,3.115999937057495,3.1440000534057617,3.0280001163482666
2022-07-05 00:00:00,3.0320000648498535,3.0989999771118164,3.01200008392334
2022-07-06 00:00:00,3.11899995803833,3.134000062942505,2.994999885559082
2022-07-07 00:00:00,3.194000005722046,3.2060000896453857,3.121000051498413
2022-07-08 00:00:00,3.2690000534057617,3.2780001163482666,3.180000066757202
2022-07-11 00:00:00,3.180000066757202,3.2269999980926514,3.1530001163482666
2022-07-12 00:00:00,3.13700008392334,3.1489999294281006,3.0869998931884766
2022-07-13 00:00:00,3.069000005722046,3.2309999465942383,3.069000005722046
2022-07-14 00:00:00,3.1040000915527344,3.1710000038146973,3.0920000076293945
2022-07-15 00:00:00,3.0940001010894775,3.117000102996826,3.062000036239624
2022-07-18 00:00:00,3.134999990463257,3.180000066757202,3.124000072479248
2022-07-19 00:00:00,3.178999900817871,3.2049999237060547,3.134000062942505
2022-07-20 00:00:00,3.1700000762939453,3.188999891281128,3.109999895095825
2022-07-21 00:00:00,3.072999954223633,3.2079999446868896,3.063999891281128
2022-07-22 00:00:00,2.997999906539917,3.0190000534057617,2.9519999027252197
2022-07-25 00:00:00,3.0490000247955322,3.0789999961853027,3.0280001163482666
2022-07-26 00:00:00,3.009000062942505,3.0139999389648438,2.9519999027252197
2022-07-27 00:00:00,3.002000093460083,3.0329999923706055,2.9839999675750732
2022-07-28 00:00:00,3.0390000343322754,3.0940001010894775,2.9700000286102295
2022-07-29 00:00:00,2.9739999771118164,3.063999891281128,2.9560000896453857
2022-08-01 00:00:00,2.924999952316284,3.055999994277954,2.924999952316284
2022-08-02 00:00:00,2.984999895095825,3.0,2.8550000190734863
2022-08-03 00:00:00,2.9769999980926514,3.0799999237060547,2.9769999980926514
2022-08-04 00:00:00,2.9609999656677246,2.986999988555908,2.927999973297119
2022-08-05 00:00:00,3.065000057220459,3.1059999465942383,2.9730000495910645
2022-08-08 00:00:00,2.997999906539917,3.0390000343322754,2.98799991607666
2022-08-09 00:00:00,3.005000114440918,3.0299999713897705,2.990000009536743
2022-08-10 00:00:00,3.0420000553131104,3.061000108718872,2.943000078201294
2022-08-11 00:00:00,3.1730000972747803,3.188999891281128,3.006999969482422
2022-08-12 00:00:00,3.118000030517578,3.1579999923706055,3.111999988555908
2022-08-15 00:00:00,3.0959999561309814,3.0999999046325684,3.052999973297119
2022-08-16 00:00:00,3.11299991607666,3.171999931335449,3.0999999046325684
2022-08-17 00:00:00,3.1459999084472656,3.1649999618530273,3.124000072479248
2022-08-18 00:00:00,3.1389999389648438,3.1549999713897705,3.1040000915527344
2022-08-19 00:00:00,3.2249999046325684,3.2360000610351562,3.196000099182129
2022-08-22 00:00:00,3.242000102996826,3.2679998874664307,3.2019999027252197
2022-08-23 00:00:00,3.25600004196167,3.2869999408721924,3.203000068664551
2022-08-24 00:00:00,3.321000099182129,3.3299999237060547,3.25600004196167
2022-08-25 00:00:00,3.2339999675750732,3.3289999961853027,3.2279999256134033
2022-08-26 00:00:00,3.2049999237060547,3.2850000858306885,3.184000015258789
2022-08-29 00:00:00,3.246999979019165,3.2699999809265137,3.2290000915527344
2022-08-30 00:00:00,3.2200000286102295,3.2639999389648438,3.2039999961853027
2022-08-31 00:00:00,3.255000114440918,3.25600004196167,3.2090001106262207
2022-09-01 00:00:00,3.374000072479248,3.4119999408721924,3.3350000381469727
2022-09-02 00:00:00,3.3440001010894775,3.4100000858306885,3.3359999656677246
2022-09-06 00:00:00,3.4820001125335693,3.48799991607666,3.377000093460083
2022-09-07 00:00:00,3.4059998989105225,3.4830000400543213,3.3919999599456787
2022-09-08 00:00:00,3.441999912261963,3.447999954223633,3.364000082015991
2022-09-09 00:00:00,3.4560000896453857,3.490999937057495,3.424999952316284
2022-09-12 00:00:00,3.513000011444092,3.515000104904175,3.4130001068115234
2022-09-13 00:00:00,3.506999969482422,3.572000026702881,3.4539999961853027
2022-09-14 00:00:00,3.4690001010894775,3.5439999103546143,3.4660000801086426
2022-09-15 00:00:00,3.4800000190734863,3.497999906539917,3.453000068664551
2022-09-16 00:00:00,3.5190000534057617,3.5480000972747803,3.4709999561309814
2022-09-19 00:00:00,3.505000114440918,3.562000036239624,3.486999988555908
2022-09-20 00:00:00,3.5810000896453857,3.615000009536743,3.5369999408721924
2022-09-21 00:00:00,3.5179998874664307,3.622999906539917,3.51200008392334
2022-09-22 00:00:00,3.6389999389648438,3.6559998989105225,3.500999927520752
2022-09-23 00:00:00,3.611999988555908,3.677000045776367,3.565999984741211
2022-09-26 00:00:00,3.697999954223633,3.7290000915527344,3.611999988555908
2022-09-27 00:00:00,3.8289999961853027,3.8469998836517334,3.690000057220459
2022-09-28 00:00:00,3.680999994277954,3.8410000801086426,3.6679999828338623
2022-09-29 00:00:00,3.693000078201294,3.7809998989105225,3.6760001182556152
2022-09-30 00:00:00,3.765000104904175,3.765000104904175,3.6440000534057617
2022-10-03 00:00:00,3.7060000896453857,3.7179999351501465,3.6389999389648438
2022-10-04 00:00:00,3.687000036239624,3.7190001010894775,3.6459999084472656
2022-10-05 00:00:00,3.765000104904175,3.812999963760376,3.740000009536743
2022-10-06 00:00:00,3.7939999103546143,3.815999984741211,3.7330000400543213
2022-10-07 00:00:00,3.8410000801086426,3.877000093460083,3.7850000858306885
2022-10-10 00:00:00,3.8480000495910645,3.8480000495910645,3.8480000495910645
2022-10-11 00:00:00,3.9019999504089355,3.9609999656677246,3.8529999256134033
2022-10-12 00:00:00,3.884000062942505,3.9570000171661377,3.874000072479248
2022-10-13 00:00:00,3.931999921798706,4.01200008392334,3.8459999561309814
2022-10-14 00:00:00,3.9779999256134033,4.0,3.8480000495910645
2022-10-17 00:00:00,4.014999866485596,4.019999980926514,3.9260001182556152
2022-10-18 00:00:00,4.020999908447266,4.098999977111816,4.000999927520752
2022-10-19 00:00:00,4.125999927520752,4.131999969482422,4.071000099182129
2022-10-20 00:00:00,4.216000080108643,4.224999904632568,4.118000030517578
2022-10-21 00:00:00,4.304999828338623,4.382999897003174,4.285999774932861
2022-10-24 00:00:00,4.36299991607666,4.425000190734863,4.296999931335449
2022-10-25 00:00:00,4.263000011444092,4.334000110626221,4.224999904632568
2022-10-26 00:00:00,4.163000106811523,4.215000152587891,4.14300012588501
2022-10-27 00:00:00,4.0920000076293945,4.190000057220459,4.059999942779541
2022-10-28 00:00:00,4.129000186920166,4.170000076293945,4.076000213623047
2022-10-31 00:00:00,4.203999996185303,4.210000038146973,4.130000114440918
2022-11-01 00:00:00,4.124000072479248,4.1479997634887695,4.053999900817871
2022-11-02 00:00:00,4.122000217437744,4.139999866485596,4.059000015258789
2022-11-03 00:00:00,4.1519999504089355,4.229000091552734,4.138999938964844
2022-11-04 00:00:00,4.245999813079834,4.267000198364258,4.182000160217285
2022-11-07 00:00:00,4.313000202178955,4.315000057220459,4.2170000076293945
2022-11-08 00:00:00,4.257999897003174,4.310999870300293,4.23799991607666
2022-11-09 00:00:00,4.320000171661377,4.334000110626221,4.247000217437744
2022-11-10 00:00:00,4.080999851226807,4.281000137329102,4.078000068664551
2022-11-11 00:00:00,4.058000087738037,4.058000087738037,4.058000087738037
2022-11-14 00:00:00,4.058000087738037,4.086999893188477,4.0269999504089355
2022-11-15 00:00:00,3.9820001125335693,4.025000095367432,3.9609999656677246
2022-11-16 00:00:00,3.859999895095825,3.9790000915527344,3.8570001125335693
2022-11-17 00:00:00,3.890000104904175,3.936000108718872,3.877000093460083
2022-11-18 00:00:00,3.927000045776367,3.934000015258789,3.859999895095825
2022-11-21 00:00:00,3.9049999713897705,3.9149999618530273,3.8610000610351562
2022-11-22 00:00:00,3.8299999237060547,3.9019999504089355,3.819000005722046
2022-11-23 00:00:00,3.739000082015991,3.8359999656677246,3.736999988555908
2022-11-25 00:00:00,3.750999927520752,3.7820000648498535,3.742000102996826
2022-11-28 00:00:00,3.75,3.7709999084472656,3.703000068664551
2022-11-29 00:00:00,3.802999973297119,3.813999891281128,3.7339999675750732
2022-11-30 00:00:00,3.822000026702881,3.8469998836517334,3.7799999713897705
2022-12-01 00:00:00,3.635999917984009,3.747999906539917,3.631999969482422
2022-12-02 00:00:00,3.562000036239624,3.703000068664551,3.558000087738037
2022-12-05 00:00:00,3.615999937057495,3.6500000953674316,3.555000066757202
2022-12-06 00:00:00,3.5230000019073486,3.5859999656677246,3.5209999084472656
2022-12-07 00:00:00,3.4149999618530273,3.559999942779541,3.4130001068115234
2022-12-08 00:00:00,3.4549999237060547,3.4779999256134033,3.424999952316284
2022-12-09 00:00:00,3.5490000247955322,3.549999952316284,3.4489998817443848
2022-12-12 00:00:00,3.5759999752044678,3.5980000495910645,3.489000082015991
2022-12-13 00:00:00,3.5280001163482666,3.5480000972747803,3.4549999237060547
2022-12-14 00:00:00,3.5390000343322754,3.5829999446868896,3.5269999504089355
2022-12-15 00:00:00,3.496000051498413,3.565999984741211,3.4539999961853027
2022-12-16 00:00:00,3.5329999923706055,3.5950000286102295,3.51200008392334
2022-12-19 00:00:00,3.622999906539917,3.6579999923706055,3.61299991607666
2022-12-20 00:00:00,3.736999988555908,3.757999897003174,3.7019999027252197
2022-12-21 00:00:00,3.743000030517578,3.7660000324249268,3.691999912261963
2022-12-22 00:00:00,3.7230000495910645,3.75600004196167,3.7190001010894775
2022-12-23 00:00:00,3.8269999027252197,3.8289999961853027,3.759999990463257
2022-12-27 00:00:00,3.944000005722046,3.947000026702881,3.86899995803833
2022-12-28 00:00:00,3.9739999771118164,3.989000082015991,3.8929998874664307
2022-12-29 00:00:00,3.9240000247955322,3.9800000190734863,3.8980000019073486
2022-12-30 00:00:00,3.9749999046325684,3.990000009536743,3.930000066757202
2023-01-03 00:00:00,3.8929998874664307,3.9119999408721924,3.8289999961853027
2023-01-04 00:00:00,3.819999933242798,3.8410000801086426,3.759999990463257
2023-01-05 00:00:00,3.7980000972747803,3.875999927520752,3.7799999713897705
2023-01-06 00:00:00,3.691999912261963,3.8359999656677246,3.677000045776367
2023-01-09 00:00:00,3.6500000953674316,3.7279999256134033,3.6419999599456787
2023-01-10 00:00:00,3.756999969482422,3.7750000953674316,3.688999891281128
2023-01-11 00:00:00,3.678999900817871,3.7160000801086426,3.677000045776367
2023-01-12 00:00:00,3.575000047683716,3.7230000495910645,3.569999933242798
2023-01-13 00:00:00,3.622999906539917,3.631999969482422,3.558000087738037
2023-01-17 00:00:00,3.6470000743865967,3.696000099182129,3.615999937057495
2023-01-18 00:00:00,3.5420000553131104,3.6089999675750732,3.5220000743865967
2023-01-19 00:00:00,3.568000078201294,3.5980000495910645,3.552000045776367
2023-01-20 00:00:00,3.6559998989105225,3.6679999828338623,3.5910000801086426
2023-01-23 00:00:00,3.690999984741211,3.7179999351501465,3.6710000038146973
2023-01-24 00:00:00,3.622999906539917,3.7149999141693115,3.6019999980926514
2023-01-25 00:00:00,3.622999906539917,3.6459999084472656,3.5820000171661377
2023-01-26 00:00:00,3.628000020980835,3.691999912261963,3.5899999141693115
2023-01-27 00:00:00,3.632999897003174,3.677999973297119,3.628000020980835
2023-01-30 00:00:00,3.6600000858306885,3.674999952316284,3.618000030517578
2023-01-31 00:00:00,3.6610000133514404,3.684000015258789,3.621000051498413
2023-02-01 00:00:00,3.546999931335449,3.6449999809265137,3.5339999198913574
2023-02-02 00:00:00,3.555000066757202,3.562999963760376,3.497999906539917
2023-02-03 00:00:00,3.628000020980835,3.6640000343322754,3.5350000858306885
2023-02-06 00:00:00,3.671999931335449,3.688999891281128,3.6510000228881836
2023-02-07 00:00:00,3.7049999237060547,3.7209999561309814,3.6619999408721924
2023-02-08 00:00:00,3.7100000381469727,3.752000093460083,3.687999963760376
2023-02-09 00:00:00,3.74399995803833,3.747999906539917,3.628999948501587
2023-02-10 00:00:00,3.8269999027252197,3.8369998931884766,3.74399995803833
2023-02-13 00:00:00,3.7909998893737793,3.822000026702881,3.7639999389648438
2023-02-14 00:00:00,3.802000045776367,3.8420000076293945,3.7249999046325684
2023-02-15 00:00:00,3.8540000915527344,3.872999906539917,3.7760000228881836
2023-02-16 00:00:00,3.9040000438690186,3.9119999408721924,3.8580000400543213
2023-02-17 00:00:00,3.888000011444092,3.9519999027252197,3.878999948501587
2023-02-21 00:00:00,3.9769999980926514,3.9809999465942383,3.9230000972747803
2023-02-22 00:00:00,3.927999973297119,3.9709999561309814,3.9059998989105225
2023-02-23 00:00:00,3.877000093460083,3.9660000801086426,3.8540000915527344
2023-02-24 00:00:00,3.937999963760376,3.9619998931884766,3.878999948501587
2023-02-27 00:00:00,3.9179999828338623,3.9679999351501465,3.8989999294281006
2023-02-28 00:00:00,3.930999994277954,3.9779999256134033,3.9210000038146973
2023-03-01 00:00:00,3.953000068664551,3.9839999675750732,3.9179999828338623
2023-03-02 00:00:00,4.020999908447266,4.046999931335449,3.996999979019165
2023-03-03 00:00:00,3.88700008392334,3.9509999752044678,3.884000062942505
2023-03-06 00:00:00,3.9130001068115234,3.9189999103546143,3.8239998817443848
2023-03-07 00:00:00,3.888000011444092,3.931999921798706,3.8499999046325684
2023-03-08 00:00:00,3.878000020980835,3.9010000228881836,3.819999933242798
2023-03-09 00:00:00,3.871000051498413,3.921999931335449,3.8469998836517334
2023-03-10 00:00:00,3.700000047683716,3.8480000495910645,3.680000066757202
2023-03-13 00:00:00,3.6659998893737793,3.684999942779541,3.5260000228881836
2023-03-14 00:00:00,3.760999917984009,3.796999931335449,3.690000057220459
2023-03-15 00:00:00,3.687000036239624,3.7260000705718994,3.6029999256134033
2023-03-16 00:00:00,3.7139999866485596,3.7219998836517334,3.5789999961853027
2023-03-17 00:00:00,3.5980000495910645,3.6519999504089355,3.5850000381469727
2023-03-20 00:00:00,3.6630001068115234,3.684000015258789,3.615000009536743
2023-03-21 00:00:00,3.736999988555908,3.747999906539917,3.697999954223633
2023-03-22 00:00:00,3.697999954223633,3.7699999809265137,3.6659998893737793
2023-03-23 00:00:00,3.681999921798706,3.746000051498413,3.6700000762939453
2023-03-24 00:00:00,3.6440000534057617,3.671999931335449,3.61299991607666
2023-03-27 00:00:00,3.759999990463257,3.7660000324249268,3.693000078201294
2023-03-28 00:00:00,3.7829999923706055,3.7899999618530273,3.744999885559082
2023-03-29 00:00:00,3.7780001163482666,3.815000057220459,3.7669999599456787
2023-03-30 00:00:00,3.746000051498413,3.7850000858306885,3.739000082015991
2023-03-31 00:00:00,3.688999891281128,3.744999885559082,3.687999963760376
2023-04-03 00:00:00,3.6440000534057617,3.7009999752044678,3.61299991607666
2023-04-04 00:00:00,3.5940001010894775,3.686000108718872,3.5799999237060547
2023-04-05 00:00:00,3.558000087738037,3.6050000190734863,3.555000066757202
2023-04-06 00:00:00,3.5399999618530273,3.565000057220459,3.5269999504089355
2023-04-10 00:00:00,3.625999927520752,3.6459999084472656,3.569999933242798
2023-04-11 00:00:00,3.621000051498413,3.6470000743865967,3.5980000495910645
2023-04-12 00:00:00,3.6530001163482666,3.7079999446868896,3.5850000381469727
2023-04-13 00:00:00,3.687000036239624,3.690999984741211,3.614000082015991
2023-04-14 00:00:00,3.739000082015991,3.753999948501587,3.694000005722046
2023-04-17 00:00:00,3.805000066757202,3.812999963760376,3.75600004196167
2023-04-18 00:00:00,3.7869999408721924,3.818000078201294,3.7690000534057617
2023-04-19 00:00:00,3.7890000343322754,3.8329999446868896,3.7880001068115234
2023-04-20 00:00:00,3.753000020980835,3.7790000438690186,3.7300000190734863
2023-04-21 00:00:00,3.7780001163482666,3.7860000133514404,3.7239999771118164
2023-04-24 00:00:00,3.7279999256134033,3.753999948501587,3.7190001010894775
2023-04-25 00:00:00,3.6510000228881836,3.681999921798706,3.632999897003174
2023-04-26 00:00:00,3.688999891281128,3.7060000896453857,3.630000114440918
2023-04-27 00:00:00,3.75600004196167,3.7679998874664307,3.7090001106262207
2023-04-28 00:00:00,3.677999973297119,3.7170000076293945,3.6649999618530273
2023-05-01 00:00:00,3.818000078201294,3.821000099182129,3.703000068664551
2023-05-02 00:00:00,3.7330000400543213,3.805000066757202,3.7149999141693115
2023-05-03 00:00:00,3.7149999141693115,3.7239999771118164,3.6630001068115234
2023-05-04 00:00:00,3.7230000495910645,3.753999948501587,3.678999900817871
2023-05-05 00:00:00,3.76200008392334,3.7990000247955322,3.746000051498413
2023-05-08 00:00:00,3.8350000381469727,3.8350000381469727,3.802999973297119
2023-05-09 00:00:00,3.8480000495910645,3.8550000190734863,3.8010001182556152
2023-05-10 00:00:00,3.7990000247955322,3.8389999866485596,3.7909998893737793
2023-05-11 00:00:00,3.747999906539917,3.7699999809265137,3.7170000076293945
2023-05-12 00:00:00,3.7769999504089355,3.7780001163482666,3.7290000915527344
2023-05-15 00:00:00,3.8420000076293945,3.8450000286102295,3.799999952316284
2023-05-16 00:00:00,3.871000051498413,3.9030001163482666,3.8369998931884766
2023-05-17 00:00:00,3.878000020980835,3.888000011444092,3.8350000381469727
2023-05-18 00:00:00,3.9010000228881836,3.9179999828338623,3.8889999389648438
2023-05-19 00:00:00,3.947999954223633,3.9600000381469727,3.9140000343322754
2023-05-22 00:00:00,3.9700000286102295,3.9730000495910645,3.9189999103546143
2023-05-23 00:00:00,3.9509999752044678,4.002999782562256,3.941999912261963
2023-05-24 00:00:00,3.9649999141693115,3.9779999256134033,3.9200000762939453
2023-05-25 00:00:00,4.002999782562256,4.008999824523926,3.9570000171661377
2023-05-26 00:00:00,3.9690001010894775,4.004000186920166,3.9539999961853027
2023-05-30 00:00:00,3.9030001163482666,3.937999963760376,3.880000114440918
2023-05-31 00:00:00,3.8559999465942383,3.9030001163482666,3.8519999980926514
2023-06-01 00:00:00,3.8329999446868896,3.8529999256134033,3.802000045776367
2023-06-02 00:00:00,3.881999969482422,3.885999917984009,3.828000068664551
2023-06-05 00:00:00,3.890000104904175,3.946000099182129,3.861999988555908
2023-06-06 00:00:00,3.874000072479248,3.9200000762939453,3.867000102996826
2023-06-07 00:00:00,3.941999912261963,3.9519999027252197,3.865000009536743
2023-06-08 00:00:00,3.881999969482422,3.9800000190734863,3.88100004196167
2023-06-09 00:00:00,3.88700008392334,3.924999952316284,3.872999906539917
2023-06-12 00:00:00,3.9070000648498535,3.937000036239624,3.8510000705718994
2023-06-13 00:00:00,3.940999984741211,3.944999933242798,3.8369998931884766
2023-06-14 00:00:00,3.88100004196167,3.943000078201294,3.871999979019165
2023-06-15 00:00:00,3.8480000495910645,3.9070000648498535,3.802000045776367
2023-06-16 00:00:00,3.8550000190734863,3.888000011444092,3.8269999027252197
2023-06-20 00:00:00,3.818000078201294,3.861999988555908,3.8010001182556152
2023-06-21 00:00:00,3.808000087738037,3.874000072479248,3.802999973297119
2023-06-22 00:00:00,3.871999979019165,3.880000114440918,3.809999942779541
2023-06-23 00:00:00,3.821000099182129,3.8399999141693115,3.7869999408721924
2023-06-26 00:00:00,3.819000005722046,3.8289999961853027,3.7690000534057617
2023-06-27 00:00:00,3.8399999141693115,3.8499999046325684,3.7860000133514404
2023-06-28 00:00:00,3.802999973297119,3.8499999046325684,3.7950000762939453
2023-06-29 00:00:00,3.9130001068115234,3.927000045776367,3.8320000171661377
2023-06-30 00:00:00,3.8550000190734863,3.9170000553131104,3.8489999771118164
2023-07-03 00:00:00,3.869999885559082,3.881999969482422,3.812000036239624
2023-07-05 00:00:00,3.944000005722046,3.9519999027252197,3.884999990463257
2023-07-06 00:00:00,4.002999782562256,4.021999835968018,3.9549999237060547
2023-07-07 00:00:00,4.033999919891357,4.060999870300293,3.9860000610351562
2023-07-10 00:00:00,4.043000221252441,4.085000038146973,4.025000095367432
2023-07-11 00:00:00,4.019000053405762,4.040999889373779,4.0
2023-07-12 00:00:00,3.9509999752044678,4.020999908447266,3.937000036239624
2023-07-13 00:00:00,3.8949999809265137,3.953000068664551,3.8910000324249268
2023-07-14 00:00:00,3.9230000972747803,3.927000045776367,3.878999948501587
2023-07-17 00:00:00,3.9230000972747803,3.947999954223633,3.8980000019073486
2023-07-18 00:00:00,3.9010000228881836,3.9170000553131104,3.885999917984009
2023-07-19 00:00:00,3.8389999866485596,3.9049999713897705,3.8380000591278076
2023-07-20 00:00:00,3.9100000858306885,3.927999973297119,3.8570001125335693
2023-07-21 00:00:00,3.9070000648498535,3.9070000648498535,3.871000051498413
2023-07-24 00:00:00,3.9200000762939453,3.927000045776367,3.878999948501587
2023-07-25 00:00:00,3.9549999237060547,3.9590001106262207,3.9210000038146973
2023-07-26 00:00:00,3.927999973297119,3.9539999961853027,3.9059998989105225
2023-07-27 00:00:00,4.058000087738037,4.068999767303467,3.937000036239624
2023-07-28 00:00:00,4.03000020980835,4.057000160217285,4.011000156402588
2023-07-31 00:00:00,4.019000053405762,4.0370001792907715,3.989000082015991
2023-08-01 00:00:00,4.105000019073486,4.114999771118164,4.046000003814697
2023-08-02 00:00:00,4.164999961853027,4.208000183105469,4.10099983215332
2023-08-03 00:00:00,4.303999900817871,4.324999809265137,4.247000217437744
2023-08-04 00:00:00,4.214000225067139,4.326000213623047,4.211999893188477
2023-08-07 00:00:00,4.257999897003174,4.270999908447266,4.229000091552734
2023-08-08 00:00:00,4.203999996185303,4.2170000076293945,4.1570000648498535
2023-08-09 00:00:00,4.178999900817871,4.206999778747559,4.164000034332275
2023-08-10 00:00:00,4.241000175476074,4.25600004196167,4.144999980926514
2023-08-11 00:00:00,4.271999835968018,4.290999889373779,4.242000102996826
2023-08-14 00:00:00,4.281000137329102,4.300000190734863,4.239999771118164
2023-08-15 00:00:00,4.318999767303467,4.388999938964844,4.288000106811523
2023-08-16 00:00:00,4.361000061035156,4.361000061035156,4.310999870300293
2023-08-17 00:00:00,4.4120001792907715,4.426000118255615,4.389999866485596
2023-08-18 00:00:00,4.379000186920166,4.4070000648498535,4.35099983215332
2023-08-21 00:00:00,4.455999851226807,4.473999977111816,4.427000045776367
2023-08-22 00:00:00,4.409999847412109,4.455999851226807,4.4039998054504395
2023-08-23 00:00:00,4.283999919891357,4.376999855041504,4.283999919891357
2023-08-24 00:00:00,4.301000118255615,4.308000087738037,4.264999866485596
2023-08-25 00:00:00,4.294000148773193,4.323999881744385,4.267000198364258
2023-08-28 00:00:00,4.290999889373779,4.302999973297119,4.252999782562256
2023-08-29 00:00:00,4.236999988555908,4.313000202178955,4.210999965667725
2023-08-30 00:00:00,4.228000164031982,4.270999908447266,4.214000225067139
2023-08-31 00:00:00,4.203999996185303,4.223999977111816,4.179999828338623
2023-09-01 00:00:00,4.284999847412109,4.313000202178955,4.199999809265137
2023-09-05 00:00:00,4.375999927520752,4.380000114440918,4.328000068664551
2023-09-06 00:00:00,4.359000205993652,4.385000228881836,4.3429999351501465
2023-09-07 00:00:00,4.3520002365112305,4.376999855041504,4.34499979019165
2023-09-08 00:00:00,4.331999778747559,4.361999988555908,4.300000190734863
2023-09-11 00:00:00,4.376999855041504,4.385000228881836,4.359000205993652
2023-09-12 00:00:00,4.3460001945495605,4.382999897003174,4.343999862670898
2023-09-13 00:00:00,4.336999893188477,4.396999835968018,4.327000141143799
2023-09-14 00:00:00,4.385000228881836,4.396999835968018,4.327000141143799
2023-09-15 00:00:00,4.410999774932861,4.421999931335449,4.388999938964844
2023-09-18 00:00:00,4.395999908447266,4.438000202178955,4.39300012588501
2023-09-19 00:00:00,4.427999973297119,4.436999797821045,4.394000053405762
2023-09-20 00:00:00,4.401000022888184,4.427999973297119,4.382999897003174
2023-09-21 00:00:00,4.552000045776367,4.567999839782715,4.502999782562256
2023-09-22 00:00:00,4.520999908447266,4.570000171661377,4.511000156402588
2023-09-25 00:00:00,4.6579999923706055,4.663000106811523,4.599999904632568
2023-09-26 00:00:00,4.696000099182129,4.699999809265137,4.605999946594238
2023-09-27 00:00:00,4.73199987411499,4.739999771118164,4.623000144958496
2023-09-28 00:00:00,4.729000091552734,4.808000087738037,4.715000152587891
2023-09-29 00:00:00,4.710999965667725,4.7129998207092285,4.6479997634887695
2023-10-02 00:00:00,4.795000076293945,4.818999767303467,4.73799991607666
2023-10-03 00:00:00,4.936999797821045,4.949999809265137,4.828000068664551
2023-10-04 00:00:00,4.876999855041504,4.920000076293945,4.85699987411499
2023-10-05 00:00:00,4.886000156402588,4.928999900817871,4.86299991607666
2023-10-06 00:00:00,4.940999984741211,5.052999973297119,4.89900016784668
2023-10-09 00:00:00,4.965000152587891,4.965000152587891,4.965000152587891
2023-10-10 00:00:00,4.830999851226807,4.913000106811523,4.800000190734863
2023-10-11 00:00:00,4.73799991607666,4.769999980926514,4.715000152587891
2023-10-12 00:00:00,4.870999813079834,4.885000228881836,4.684999942779541
2023-10-13 00:00:00,4.78000020980835,4.797999858856201,4.739999771118164
2023-10-16 00:00:00,4.866000175476074,4.883999824523926,4.828999996185303
2023-10-17 00:00:00,4.949999809265137,4.985000133514404,4.9039998054504395
2023-10-18 00:00:00,4.994999885559082,5.0289998054504395,4.938000202178955
2023-10-19 00:00:00,5.103000164031982,5.107999801635742,4.978000164031982
2023-10-20 00:00:00,5.089000225067139,5.144000053405762,5.057000160217285
2023-10-23 00:00:00,4.988999843597412,5.1519999504089355,4.9679999351501465
2023-10-24 00:00:00,4.9629998207092285,5.0229997634887695,4.9629998207092285
2023-10-25 00:00:00,5.0920000076293945,5.0980000495910645,4.974999904632568
2023-10-26 00:00:00,4.98799991607666,5.117000102996826,4.986000061035156
2023-10-27 00:00:00,5.0229997634887695,5.074999809265137,5.006999969482422
2023-10-30 00:00:00,5.034999847412109,5.09499979019165,5.0289998054504395
2023-10-31 00:00:00,5.021999835968018,5.0289998054504395,4.955999851226807
2023-11-01 00:00:00,4.974999904632568,5.078000068664551,4.942999839782715
2023-11-02 00:00:00,4.821000099182129,4.872000217437744,4.789000034332275
2023-11-03 00:00:00,4.751999855041504,4.796000003814697,4.673999786376953
2023-11-06 00:00:00,4.831999778747559,4.836999893188477,4.789999961853027
2023-11-07 00:00:00,4.735000133514404,4.789000034332275,4.706999778747559
2023-11-08 00:00:00,4.656000137329102,4.715000152587891,4.632999897003174
2023-11-09 00:00:00,4.7769999504089355,4.835000038146973,4.675000190734863
2023-11-10 00:00:00,4.732999801635742,4.749000072479248,4.704999923706055
2023-11-13 00:00:00,4.74399995803833,4.808000087738037,4.735000133514404
2023-11-14 00:00:00,4.620999813079834,4.785999774932861,4.593999862670898
2023-11-15 00:00:00,4.691999912261963,4.7170000076293945,4.626999855041504
2023-11-16 00:00:00,4.622000217437744,4.660999774932861,4.60699987411499
2023-11-17 00:00:00,4.5970001220703125,4.625999927520752,4.572999954223633
2023-11-20 00:00:00,4.574999809265137,4.63700008392334,4.559000015258789
2023-11-21 00:00:00,4.579999923706055,4.609000205993652,4.546999931335449
2023-11-22 00:00:00,4.546999931335449,4.578999996185303,4.51800012588501
2023-11-24 00:00:00,4.603000164031982,4.618000030517578,4.589000225067139
2023-11-27 00:00:00,4.5329999923706055,4.598999977111816,4.53000020980835
2023-11-28 00:00:00,4.52400016784668,4.570000171661377,4.51200008392334
2023-11-29 00:00:00,4.451000213623047,4.513000011444092,4.440000057220459
2023-11-30 00:00:00,4.513000011444092,4.515999794006348,4.454999923706055
2023-12-01 00:00:00,4.418000221252441,4.519000053405762,4.3979997634887695
2023-12-04 00:00:00,4.438000202178955,4.459000110626221,4.413000106811523
2023-12-05 00:00:00,4.304999828338623,4.382999897003174,4.301000118255615
2023-12-06 00:00:00,4.223999977111816,4.310999870300293,4.210999965667725
2023-12-07 00:00:00,4.245999813079834,4.281000137329102,4.211999893188477
2023-12-08 00:00:00,4.324999809265137,4.3480000495910645,4.2769999504089355
2023-12-11 00:00:00,4.329999923706055,4.374000072479248,4.317999839782715
2023-12-12 00:00:00,4.303999900817871,4.354000091552734,4.257999897003174
2023-12-13 00:00:00,4.183000087738037,4.295000076293945,4.168000221252441
2023-12-14 00:00:00,4.053999900817871,4.142000198364258,4.031000137329102
2023-12-15 00:00:00,4.0269999504089355,4.073999881744385,4.00600004196167
2023-12-18 00:00:00,4.068999767303467,4.085000038146973,4.019000053405762
2023-12-19 00:00:00,4.034999847412109,4.039999961853027,4.008999824523926
2023-12-20 00:00:00,4.005000114440918,4.048999786376953,3.992000102996826
2023-12-21 00:00:00,4.035999774932861,4.039999961853027,3.9769999980926514
2023-12-22 00:00:00,4.053999900817871,4.071000099182129,3.994999885559082
2023-12-26 00:00:00,4.043000221252441,4.059000015258789,4.0370001792907715
2023-12-27 00:00:00,3.944999933242798,4.005000114440918,3.943000078201294
2023-12-28 00:00:00,3.98799991607666,4.001999855041504,3.944000005722046
2023-12-29 00:00:00,4.019000053405762,4.047999858856201,3.986999988555908
2024-01-02 00:00:00,4.085000038146973,4.118000030517578,4.057000160217285
2024-01-03 00:00:00,4.056000232696533,4.150000095367432,4.046999931335449
2024-01-04 00:00:00,4.13700008392334,4.15500020980835,4.11899995803833
2024-01-05 00:00:00,4.199999809265137,4.232999801635742,4.120999813079834
2024-01-08 00:00:00,4.172999858856201,4.230999946594238,4.144000053405762
2024-01-09 00:00:00,4.184999942779541,4.216000080108643,4.158999919891357
2024-01-10 00:00:00,4.199999809265137,4.210999965667725,4.159999847412109
2024-01-11 00:00:00,4.182000160217285,4.248000144958496,4.163000106811523
2024-01-12 00:00:00,4.197000026702881,4.2220001220703125,4.1539998054504395
2024-01-16 00:00:00,4.302999973297119,4.318999767303467,4.230999946594238
2024-01-17 00:00:00,4.311999797821045,4.343999862670898,4.291999816894531
2024-01-18 00:00:00,4.370999813079834,4.38700008392334,4.311999797821045
2024-01-19 00:00:00,4.353000164031982,4.4029998779296875,4.343999862670898
2024-01-22 00:00:00,4.315999984741211,4.333000183105469,4.288000106811523
2024-01-23 00:00:00,4.377999782562256,4.394999980926514,4.3429999351501465
2024-01-24 00:00:00,4.413000106811523,4.421999931335449,4.326000213623047
2024-01-25 00:00:00,4.380000114440918,4.425000190734863,4.35699987411499
2024-01-26 00:00:00,4.389999866485596,4.4019999504089355,4.35099983215332
2024-01-29 00:00:00,4.335000038146973,4.36299991607666,4.330999851226807
2024-01-30 00:00:00,4.2779998779296875,4.324999809265137,4.271999835968018
2024-01-31 00:00:00,4.215000152587891,4.267000198364258,4.190000057220459
2024-02-01 00:00:00,4.103000164031982,4.177000045776367,4.065999984741211
2024-02-02 00:00:00,4.2270002365112305,4.249000072479248,4.116000175476074
2024-02-05 00:00:00,4.34499979019165,4.355999946594238,4.295000076293945
2024-02-06 00:00:00,4.296000003814697,4.3520002365112305,4.289999961853027
2024-02-07 00:00:00,4.309999942779541,4.328999996185303,4.2820000648498535
2024-02-08 00:00:00,4.375999927520752,4.382999897003174,4.3429999351501465
2024-02-09 00:00:00,4.38100004196167,4.386000156402588,4.333000183105469
2024-02-12 00:00:00,4.369999885559082,4.39900016784668,4.355000019073486
2024-02-13 00:00:00,4.466000080108643,4.466000080108643,4.349999904632568
2024-02-14 00:00:00,4.447999954223633,4.486000061035156,4.427999973297119
2024-02-15 00:00:00,4.421000003814697,4.435999870300293,4.380000114440918
2024-02-16 00:00:00,4.447999954223633,4.478000164031982,4.440000057220459
2024-02-20 00:00:00,4.448999881744385,4.460999965667725,4.421000003814697
2024-02-21 00:00:00,4.492000102996826,4.494999885559082,4.435999870300293
2024-02-22 00:00:00,4.461999893188477,4.505000114440918,4.448999881744385
2024-02-23 00:00:00,4.380000114440918,4.459000110626221,4.369999885559082
2024-02-26 00:00:00,4.418000221252441,4.421000003814697,4.357999801635742
2024-02-27 00:00:00,4.440999984741211,4.446000099182129,4.392000198364258
2024-02-28 00:00:00,4.409999847412109,4.442999839782715,4.40500020980835
2024-02-29 00:00:00,4.375,4.443999767303467,4.35699987411499
2024-03-01 00:00:00,4.326000213623047,4.420000076293945,4.326000213623047
2024-03-04 00:00:00,4.355000019073486,4.38100004196167,4.35099983215332
2024-03-05 00:00:00,4.275000095367432,4.328000068664551,4.257999897003174
2024-03-06 00:00:00,4.239999771118164,4.296000003814697,4.229000091552734
2024-03-07 00:00:00,4.248000144958496,4.27400016784668,4.190000057220459
2024-03-08 00:00:00,4.26200008392334,4.294000148773193,4.2210001945495605
2024-03-11 00:00:00,4.2769999504089355,4.284999847412109,4.242000102996826
2024-03-12 00:00:00,4.311999797821045,4.328000068664551,4.24399995803833
2024-03-13 00:00:00,4.348999977111816,4.359000205993652,4.328999996185303
2024-03-14 00:00:00,4.442999839782715,4.443999767303467,4.3460001945495605
2024-03-15 00:00:00,4.427999973297119,4.449999809265137,4.410999774932861
2024-03-18 00:00:00,4.466000080108643,4.4710001945495605,4.434000015258789
2024-03-19 00:00:00,4.440999984741211,4.464000225067139,4.428999900817871
2024-03-20 00:00:00,4.454999923706055,4.489999771118164,4.410999774932861
2024-03-21 00:00:00,4.441999912261963,4.466000080108643,4.415999889373779
2024-03-22 00:00:00,4.392000198364258,4.400000095367432,4.366000175476074
2024-03-25 00:00:00,4.426000118255615,4.433000087738037,4.395999908447266
2024-03-26 00:00:00,4.400000095367432,4.434999942779541,4.395999908447266
2024-03-27 00:00:00,4.359000205993652,4.395999908447266,4.3520002365112305
2024-03-28 00:00:00,4.348999977111816,4.380000114440918,4.327000141143799
2024-04-01 00:00:00,4.4679999351501465,4.468999862670898,4.392000198364258
2024-04-02 00:00:00,4.508999824523926,4.546000003814697,4.499000072479248
2024-04-03 00:00:00,4.508999824523926,4.570000171661377,4.505000114440918
2024-04-04 00:00:00,4.4720001220703125,4.535999774932861,4.4629998207092285
2024-04-05 00:00:00,4.5320000648498535,4.553999900817871,4.480999946594238
2024-04-08 00:00:00,4.552999973297119,4.60099983215332,4.543000221252441
2024-04-09 00:00:00,4.499000072479248,4.531000137329102,4.494999885559082
2024-04-10 00:00:00,4.635000228881836,4.645999908447266,4.48199987411499
2024-04-11 00:00:00,4.659999847412109,4.684999942779541,4.616000175476074
2024-04-12 00:00:00,4.6020002365112305,4.635000228881836,4.5879998207092285
2024-04-15 00:00:00,4.741000175476074,4.751999855041504,4.675000190734863
2024-04-16 00:00:00,4.757999897003174,4.804999828338623,4.744999885559082
2024-04-17 00:00:00,4.698999881744385,4.767000198364258,4.693999767303467
2024-04-18 00:00:00,4.744999885559082,4.748000144958496,4.701000213623047
2024-04-19 00:00:00,4.710999965667725,4.72599983215332,4.677000045776367
2024-04-22 00:00:00,4.723999977111816,4.749000072479248,4.716000080108643
2024-04-23 00:00:00,4.7230000495910645,4.75600004196167,4.690999984741211
2024-04-24 00:00:00,4.783999919891357,4.800000190734863,4.750999927520752
2024-04-25 00:00:00,4.820000171661377,4.8460001945495605,4.765999794006348
2024-04-26 00:00:00,4.781000137329102,4.796999931335449,4.758999824523926
2024-04-29 00:00:00,4.73799991607666,4.769000053405762,4.734000205993652
2024-04-30 00:00:00,4.789999961853027,4.791999816894531,4.735000133514404
2024-05-01 00:00:00,4.7129998207092285,4.78000020980835,4.702000141143799
2024-05-02 00:00:00,4.7179999351501465,4.785999774932861,4.716000080108643
2024-05-03 00:00:00,4.660999774932861,4.7230000495910645,4.635000228881836
2024-05-06 00:00:00,4.642000198364258,4.675000190734863,4.63100004196167
2024-05-07 00:00:00,4.60699987411499,4.622000217437744,4.568999767303467
2024-05-08 00:00:00,4.631999969482422,4.642000198364258,4.620999813079834
2024-05-09 00:00:00,4.605999946594238,4.676000118255615,4.604000091552734
2024-05-10 00:00:00,4.645999908447266,4.6539998054504395,4.617000102996826
2024-05-13 00:00:00,4.623000144958496,4.632999897003174,4.605000019073486
2024-05-14 00:00:00,4.593999862670898,4.670000076293945,4.5920000076293945
2024-05-15 00:00:00,4.515999794006348,4.585999965667725,4.504000186920166
2024-05-16 00:00:00,4.51800012588501,4.520999908447266,4.4670000076293945
2024-05-17 00:00:00,4.559999942779541,4.563000202178955,4.5329999923706055
2024-05-20 00:00:00,4.572999954223633,4.59499979019165,4.559999942779541
2024-05-21 00:00:00,4.553999900817871,4.572999954223633,4.539000034332275
2024-05-22 00:00:00,4.551000118255615,4.590000152587891,4.538000106811523
2024-05-23 00:00:00,4.579999923706055,4.603000164031982,4.510000228881836
2024-05-24 00:00:00,4.572999954223633,4.604000091552734,4.563000202178955
2024-05-28 00:00:00,4.656000137329102,4.659999847412109,4.565999984741211
2024-05-29 00:00:00,4.74399995803833,4.75600004196167,4.681000232696533
2024-05-30 00:00:00,4.684999942779541,4.72599983215332,4.675000190734863
2024-05-31 00:00:00,4.6519999504089355,4.681000232696533,4.626999855041504
2024-06-03 00:00:00,4.551000118255615,4.61899995803833,4.541999816894531
2024-06-04 00:00:00,4.484000205993652,4.519999980926514,4.466000080108643
2024-06-05 00:00:00,4.440999984741211,4.492000102996826,4.433000087738037
2024-06-06 00:00:00,4.429999828338623,4.4720001220703125,4.427999973297119
2024-06-07 00:00:00,4.547999858856201,4.558000087738037,4.438000202178955
2024-06-10 00:00:00,4.59499979019165,4.605999946594238,4.574999809265137
2024-06-11 00:00:00,4.5370001792907715,4.5920000076293945,4.5329999923706055
2024-06-12 00:00:00,4.449999809265137,4.5329999923706055,4.418000221252441
2024-06-13 00:00:00,4.400000095367432,4.47599983215332,4.392000198364258
2024-06-14 00:00:00,4.35099983215332,4.373000144958496,4.331999778747559
2024-06-17 00:00:00,4.409999847412109,4.434000015258789,4.39900016784668
2024-06-18 00:00:00,4.354000091552734,4.416999816894531,4.35099983215332
2024-06-20 00:00:00,4.392000198364258,4.429999828338623,4.364999771118164
2024-06-21 00:00:00,4.3979997634887695,4.416999816894531,4.361000061035156
2024-06-24 00:00:00,4.377999782562256,4.415999889373779,4.375999927520752
2024-06-25 00:00:00,4.372000217437744,4.390999794006348,4.3429999351501465
2024-06-26 00:00:00,4.447000026702881,4.451000213623047,4.409999847412109
2024-06-27 00:00:00,4.427000045776367,4.4670000076293945,4.415999889373779
2024-06-28 00:00:00,4.501999855041504,4.515999794006348,4.413000106811523
2024-07-01 00:00:00,4.64300012588501,4.65500020980835,4.578000068664551
2024-07-02 00:00:00,4.609000205993652,4.635000228881836,4.5879998207092285
2024-07-03 00:00:00,4.5229997634887695,4.5879998207092285,4.515999794006348
2024-07-05 00:00:00,4.4679999351501465,4.534999847412109,4.465000152587891
2024-07-08 00:00:00,4.458000183105469,4.498000144958496,4.458000183105469
2024-07-09 00:00:00,4.494999885559082,4.51800012588501,4.46999979019165
2024-07-10 00:00:00,4.46999979019165,4.494999885559082,4.4679999351501465
2024-07-11 00:00:00,4.4039998054504395,4.4730000495910645,4.375999927520752
2024-07-12 00:00:00,4.4019999504089355,4.449999809265137,4.3979997634887695
2024-07-15 00:00:00,4.453999996185303,4.4730000495910645,4.431000232696533
2024-07-16 00:00:00,4.374000072479248,4.439000129699707,4.370999813079834
2024-07-17 00:00:00,4.359000205993652,4.4019999504089355,4.359000205993652
2024-07-18 00:00:00,4.406000137329102,4.409999847412109,4.375
2024-07-19 00:00:00,4.449999809265137,4.460999965667725,4.436999797821045
2024-07-22 00:00:00,4.478000164031982,4.495999813079834,4.414000034332275
2024-07-23 00:00:00,4.4710001945495605,4.474999904632568,4.447999954223633
2024-07-24 00:00:00,4.547999858856201,4.552000045776367,4.460000038146973
2024-07-25 00:00:00,4.5,4.519999980926514,4.459000110626221
2024-07-26 00:00:00,4.455999851226807,4.5229997634887695,4.443999767303467
2024-07-29 00:00:00,4.433000087738037,4.439000129699707,4.400000095367432
2024-07-30 00:00:00,4.400000095367432,4.435999870300293,4.386000156402588
2024-07-31 00:00:00,4.36899995803833,4.389999866485596,4.3420000076293945
2024-08-01 00:00:00,4.270999908447266,4.321000099182129,4.254000186920166
2024-08-02 00:00:00,4.109000205993652,4.239999771118164,4.105000019073486
2024-08-05 00:00:00,4.072000026702881,4.119999885559082,3.999000072479248
2024-08-06 00:00:00,4.177000045776367,4.191999912261963,4.091000080108643
2024-08-07 00:00:00,4.261000156402588,4.270999908447266,4.214000225067139
2024-08-08 00:00:00,4.2870001792907715,4.314000129699707,4.236999988555908
2024-08-09 00:00:00,4.224999904632568,4.236999988555908,4.208000183105469
2024-08-12 00:00:00,4.197000026702881,4.247000217437744,4.188000202178955
2024-08-13 00:00:00,4.164999961853027,4.199999809265137,4.1539998054504395
2024-08-14 00:00:00,4.107999801635742,4.164999961853027,4.104000091552734
2024-08-15 00:00:00,4.179999828338623,4.22599983215332,4.135000228881836
2024-08-16 00:00:00,4.14900016784668,4.176000118255615,4.139999866485596
2024-08-19 00:00:00,4.114999771118164,4.151000022888184,4.10099983215332
2024-08-20 00:00:00,4.070000171661377,4.123000144958496,4.065999984741211
2024-08-21 00:00:00,4.051000118255615,4.0970001220703125,4.039999961853027
2024-08-22 00:00:00,4.133999824523926,4.151000022888184,4.093999862670898
2024-08-23 00:00:00,4.1020002365112305,4.127999782562256,4.078999996185303
2024-08-26 00:00:00,4.107999801635742,4.117000102996826,4.071000099182129
2024-08-27 00:00:00,4.127999782562256,4.159999847412109,4.114999771118164
2024-08-28 00:00:00,4.13100004196167,4.133999824523926,4.110000133514404
2024-08-29 00:00:00,4.151000022888184,4.176000118255615,4.120999813079834
2024-08-30 00:00:00,4.196000099182129,4.203000068664551,4.126999855041504
2024-09-03 00:00:00,4.13100004196167,4.205999851226807,4.111000061035156
2024-09-04 00:00:00,4.066999912261963,4.135000228881836,4.065000057220459
2024-09-05 00:00:00,4.0229997634887695,4.070000171661377,4.015999794006348
2024-09-06 00:00:00,4.019999980926514,4.046999931335449,3.9549999237060547
2024-09-09 00:00:00,3.999000072479248,4.051000118255615,3.993000030517578
2024-09-10 00:00:00,3.9549999237060547,4.019000053405762,3.9489998817443848
2024-09-11 00:00:00,3.9630000591278076,3.98799991607666,3.930000066757202
2024-09-12 00:00:00,3.994999885559082,4.020999908447266,3.9600000381469727
2024-09-13 00:00:00,3.9769999980926514,4.014999866485596,3.9719998836517334
2024-09-16 00:00:00,3.937000036239624,3.984999895095825,3.933000087738037
2024-09-17 00:00:00,3.953000068664551,3.9619998931884766,3.9059998989105225
2024-09-18 00:00:00,4.007999897003174,4.01200008392334,3.9690001010894775
2024-09-19 00:00:00,4.072000026702881,4.090000152587891,4.046000003814697
2024-09-20 00:00:00,4.071000099182129,4.090000152587891,4.043000221252441
2024-09-23 00:00:00,4.081999778747559,4.133999824523926,4.072000026702881
2024-09-24 00:00:00,4.089000225067139,4.1539998054504395,4.081999778747559
2024-09-25 00:00:00,4.133999824523926,4.138000011444092,4.107999801635742
2024-09-26 00:00:00,4.124000072479248,4.165999889373779,4.111000061035156
2024-09-27 00:00:00,4.0980000495910645,4.119999885559082,4.085999965667725
2024-09-30 00:00:00,4.133999824523926,4.13700008392334,4.0920000076293945
2024-10-01 00:00:00,4.079999923706055,4.086999893188477,4.033999919891357
2024-10-02 00:00:00,4.131999969482422,4.168000221252441,4.125999927520752
2024-10-03 00:00:00,4.179999828338623,4.179999828338623,4.138999938964844
2024-10-04 00:00:00,4.267000198364258,4.27400016784668,4.190999984741211
2024-10-07 00:00:00,4.306000232696533,4.309000015258789,4.276000022888184
2024-10-08 00:00:00,4.321000099182129,4.341000080108643,4.309000015258789
2024-10-09 00:00:00,4.339000225067139,4.355000019073486,4.313000202178955
2024-10-10 00:00:00,4.386000156402588,4.408999919891357,4.3379998207092285
2024-10-11 00:00:00,4.382999897003174,4.420000076293945,4.373000144958496
2024-10-14 00:00:00,4.408999919891357,4.408999919891357,4.408999919891357
2024-10-15 00:00:00,4.328999996185303,4.369999885559082,4.320000171661377
2024-10-16 00:00:00,4.298999786376953,4.309999942779541,4.2769999504089355
2024-10-17 00:00:00,4.394999980926514,4.396999835968018,4.315000057220459
2024-10-18 00:00:00,4.380000114440918,4.4120001792907715,4.36299991607666
2024-10-21 00:00:00,4.486999988555908,4.489999771118164,4.434000015258789
2024-10-22 00:00:00,4.493000030517578,4.510000228881836,4.465000152587891
2024-10-23 00:00:00,4.515999794006348,4.535999774932861,4.493000030517578
2024-10-24 00:00:00,4.465000152587891,4.517000198364258,4.449999809265137
2024-10-25 00:00:00,4.499000072479248,4.500999927520752,4.447999954223633
2024-10-28 00:00:00,4.53000020980835,4.554999828338623,4.491000175476074
2024-10-29 00:00:00,4.519000053405762,4.583000183105469,4.514999866485596
2024-10-30 00:00:00,4.480000019073486,4.504000186920166,4.431000232696533
2024-10-31 00:00:00,4.4730000495910645,4.519000053405762,4.449999809265137
2024-11-01 00:00:00,4.558000087738037,4.567999839782715,4.433000087738037
2024-11-04 00:00:00,4.49399995803833,4.521999835968018,4.460000038146973
2024-11-05 00:00:00,4.449999809265137,4.521999835968018,4.443999767303467
2024-11-06 00:00:00,4.6020002365112305,4.665999889373779,4.584000110626221
2024-11-07 00:00:00,4.543000221252441,4.620999813079834,4.540999889373779
2024-11-08 00:00:00,4.4770002365112305,4.5229997634887695,4.455999851226807
2024-11-11 00:00:00,4.474999904632568,4.474999904632568,4.474999904632568
2024-11-12 00:00:00,4.577000141143799,4.5879998207092285,4.502999782562256
2024-11-13 00:00:00,4.63700008392334,4.644000053405762,4.513000011444092
2024-11-14 00:00:00,4.583000183105469,4.644000053405762,4.554999828338623
2024-11-15 00:00:00,4.60099983215332,4.656000137329102,4.580999851226807
2024-11-18 00:00:00,4.605999946594238,4.677000045776367,4.579999923706055
2024-11-19 00:00:00,4.565000057220459,4.580999851226807,4.5320000648498535
2024-11-20 00:00:00,4.5920000076293945,4.627999782562256,4.572000026702881
2024-11-21 00:00:00,4.622000217437744,4.627999782562256,4.568999767303467
2024-11-22 00:00:00,4.59499979019165,4.618000030517578,4.568999767303467
2024-11-25 00:00:00,4.447000026702881,4.51800012588501,4.442999839782715
2024-11-26 00:00:00,4.480000019073486,4.507999897003174,4.4730000495910645
2024-11-27 00:00:00,4.427000045776367,4.453999996185303,4.408999919891357
2024-11-29 00:00:00,4.366000175476074,4.4070000648498535,4.361000061035156
2024-12-02 00:00:00,4.361000061035156,4.414000034332275,4.3429999351501465
2024-12-03 00:00:00,4.394000053405762,4.39900016784668,4.3420000076293945
2024-12-04 00:00:00,4.3470001220703125,4.451000213623047,4.341000080108643
2024-12-05 00:00:00,4.335999965667725,4.377999782562256,4.329999923706055
2024-12-06 00:00:00,4.330999851226807,4.354000091552734,4.302999973297119
2024-12-09 00:00:00,4.389999866485596,4.392000198364258,4.35099983215332
2024-12-10 00:00:00,4.4079999923706055,4.432000160217285,4.4039998054504395
2024-12-11 00:00:00,4.479000091552734,4.482999801635742,4.406000137329102
2024-12-12 00:00:00,4.546999931335449,4.554999828338623,4.49399995803833
2024-12-13 00:00:00,4.614999771118164,4.618000030517578,4.559000015258789
2024-12-16 00:00:00,4.607999801635742,4.626999855041504,4.576000213623047
2024-12-17 00:00:00,4.578999996185303,4.630000114440918,4.565999984741211
2024-12-18 00:00:00,4.658999919891357,4.659999847412109,4.583000183105469
2024-12-19 00:00:00,4.739999771118164,4.775000095367432,4.706999778747559
2024-12-20 00:00:00,4.716000080108643,4.739999771118164,4.681000232696533
2024-12-23 00:00:00,4.783999919891357,4.784999847412109,4.729000091552734
2024-12-24 00:00:00,4.764999866485596,4.818999767303467,4.75600004196167
2024-12-26 00:00:00,4.76200008392334,4.818999767303467,4.75600004196167
2024-12-27 00:00:00,4.810999870300293,4.815000057220459,4.76800012588501
2024-12-30 00:00:00,4.763000011444092,4.78000020980835,4.751999855041504
2024-12-31 00:00:00,4.785999774932861,4.802000045776367,4.735000133514404
2025-01-02 00:00:00,4.797999858856201,4.815000057220459,4.735000133514404
2025-01-03 00:00:00,4.814000129699707,4.817999839782715,4.757999897003174
2025-01-06 00:00:00,4.8379998207092285,4.861000061035156,4.798999786376953
2025-01-07 00:00:00,4.909999847412109,4.926000118255615,4.848999977111816
2025-01-08 00:00:00,4.932000160217285,4.961999893188477,4.9029998779296875
2025-01-10 00:00:00,4.965000152587891,5.004000186920166,4.925000190734863
2025-01-13 00:00:00,4.986000061035156,4.992000102996826,4.940999984741211
2025-01-14 00:00:00,4.984000205993652,5.005000114440918,4.949999809265137
2025-01-15 00:00:00,4.879000186920166,4.978000164031982,4.85699987411499
2025-01-16 00:00:00,4.843999862670898,4.910999774932861,4.824999809265137
2025-01-17 00:00:00,4.84499979019165,4.855000019073486,4.802000045776367
2025-01-21 00:00:00,4.802000045776367,4.811999797821045,4.77400016784668
2025-01-22 00:00:00,4.814000129699707,4.833000183105469,4.781000137329102
2025-01-23 00:00:00,4.86899995803833,4.892000198364258,4.839000225067139
2025-01-24 00:00:00,4.8480000495910645,4.890999794006348,4.8420000076293945
2025-01-27 00:00:00,4.769999980926514,4.802000045776367,4.767000198364258
2025-01-28 00:00:00,4.789999961853027,4.815000057220459,4.783999919891357
2025-01-29 00:00:00,4.789999961853027,4.820000171661377,4.75
2025-01-30 00:00:00,4.757999897003174,4.78000020980835,4.734000205993652
2025-01-31 00:00:00,4.813000202178955,4.813000202178955,4.75
2025-02-03 00:00:00,4.770999908447266,4.789000034332275,4.697000026702881
2025-02-04 00:00:00,4.748000144958496,4.831999778747559,4.74399995803833
2025-02-05 00:00:00,4.642000198364258,4.704999923706055,4.625999927520752
2025-02-06 00:00:00,4.650000095367432,4.671000003814697,4.622000217437744
2025-02-07 00:00:00,4.690000057220459,4.714000225067139,4.622000217437744
2025-02-10 00:00:00,4.710999965667725,4.716000080108643,4.672999858856201
2025-02-11 00:00:00,4.75,4.75600004196167,4.732999801635742
2025-02-12 00:00:00,4.835000038146973,4.86299991607666,4.739999771118164
2025-02-13 00:00:00,4.73199987411499,4.822999954223633,4.7220001220703125
2025-02-14 00:00:00,4.692999839782715,4.755000114440918,4.664000034332275
2025-02-18 00:00:00,4.76200008392334,4.764999866485596,4.723999977111816
2025-02-19 00:00:00,4.764999866485596,4.797999858856201,4.750999927520752
2025-02-20 00:00:00,4.73799991607666,4.758999824523926,4.729000091552734
2025-02-21 00:00:00,4.669000148773193,4.735000133514404,4.651000022888184
2025-02-24 00:00:00,4.6479997634887695,4.701000213623047,4.642000198364258
2025-02-25 00:00:00,4.557000160217285,4.598999977111816,4.551000118255615
2025-02-26 00:00:00,4.506999969482422,4.560999870300293,4.505000114440918
2025-02-27 00:00:00,4.553999900817871,4.566999912261963,4.5229997634887695
2025-02-28 00:00:00,4.515999794006348,4.579999923706055,4.50600004196167
2025-03-03 00:00:00,4.464000225067139,4.535999774932861,4.453999996185303
2025-03-04 00:00:00,4.517000198364258,4.521999835968018,4.436999797821045
2025-03-05 00:00:00,4.557000160217285,4.578000068664551,4.5
2025-03-06 00:00:00,4.579999923706055,4.633999824523926,4.565000057220459
2025-03-07 00:00:00,4.616000175476074,4.622000217437744,4.531000137329102
2025-03-10 00:00:00,4.539000034332275,4.559000015258789,4.513999938964844
2025-03-11 00:00:00,4.603000164031982,4.611999988555908,4.521999835968018
2025-03-12 00:00:00,4.632999897003174,4.640999794006348,4.572999954223633
2025-03-13 00:00:00,4.5970001220703125,4.671000003814697,4.580999851226807
2025-03-14 00:00:00,4.614999771118164,4.645999908447266,4.604000091552734
2025-03-17 00:00:00,4.598999977111816,4.625999927520752,4.556000232696533
2025-03-18 00:00:00,4.578999996185303,4.640999794006348,4.568999767303467
2025-03-19 00:00:00,4.567999839782715,4.642000198364258,4.563000202178955
2025-03-20 00:00:00,4.557000160217285,4.560999870300293,4.489999771118164
2025-03-21 00:00:00,4.5960001945495605,4.598999977111816,4.5289998054504395
2025-03-24 00:00:00,4.65500020980835,4.663000106811523,4.624000072479248
2025-03-25 00:00:00,4.656000137329102,4.699999809265137,4.638999938964844
2025-03-26 00:00:00,4.683000087738037,4.706999778747559,4.672999858856201
2025-03-27 00:00:00,4.728000164031982,4.74399995803833,4.711999893188477
2025-03-28 00:00:00,4.632999897003174,4.7230000495910645,4.626999855041504
2025-03-31 00:00:00,4.61299991607666,4.626999855041504,4.561999797821045
2025-04-01 00:00:00,4.515999794006348,4.546000003814697,4.5
2025-04-02 00:00:00,4.552999973297119,4.581999778747559,4.4670000076293945
2025-04-03 00:00:00,4.485000133514404,4.497000217437744,4.436999797821045
2025-04-04 00:00:00,4.388000011444092,4.414999961853027,4.341000080108643
2025-04-07 00:00:00,4.5929999351501465,4.632999897003174,4.434999942779541
2025-04-08 00:00:00,4.715000152587891,4.744999885559082,4.614999771118164
2025-04-09 00:00:00,4.793000221252441,4.932000160217285,4.736000061035156
2025-04-10 00:00:00,4.848999977111816,4.854000091552734,4.75
2025-04-11 00:00:00,4.876999855041504,4.989999771118164,4.817999839782715
2025-04-14 00:00:00,4.797999858856201,4.863999843597412,4.790999889373779
2025-04-15 00:00:00,4.776000022888184,4.8480000495910645,4.758999824523926
2025-04-16 00:00:00,4.747000217437744,4.808000087738037,4.736000061035156
2025-04-17 00:00:00,4.809000015258789,4.828999996185303,4.743000030517578
2025-04-21 00:00:00,4.910999774932861,4.914999961853027,4.843999862670898
2025-04-22 00:00:00,4.879000186920166,4.892000198364258,4.848999977111816
2025-04-23 00:00:00,4.833000183105469,4.8420000076293945,4.714000225067139
2025-04-24 00:00:00,4.764999866485596,4.802999973297119,4.761000156402588
2025-04-25 00:00:00,4.73799991607666,4.744999885559082,4.710999965667725
2025-04-28 00:00:00,4.693999767303467,4.758999824523926,4.690999984741211
2025-04-29 00:00:00,4.6479997634887695,4.7170000076293945,4.64300012588501
2025-04-30 00:00:00,4.681000232696533,4.7210001945495605,4.603000164031982
2025-05-01 00:00:00,4.736999988555908,4.744999885559082,4.650000095367432
2025-05-02 00:00:00,4.795000076293945,4.802999973297119,4.7230000495910645
2025-05-05 00:00:00,4.829999923706055,4.857999801635742,4.795000076293945
2025-05-06 00:00:00,4.813000202178955,4.86899995803833,4.809999942779541
2025-05-07 00:00:00,4.7729997634887695,4.804999828338623,4.758999824523926
2025-05-08 00:00:00,4.835999965667725,4.8460001945495605,4.769999980926514
2025-05-09 00:00:00,4.833000183105469,4.873000144958496,4.818999767303467
2025-05-12 00:00:00,4.888000011444092,4.894999980926514,4.861999988555908
2025-05-13 00:00:00,4.942999839782715,4.960999965667725,4.886000156402588
2025-05-14 00:00:00,4.9670000076293945,4.9710001945495605,4.918000221252441
2025-05-15 00:00:00,4.918000221252441,5.0,4.900000095367432
2025-05-16 00:00:00,4.89900016784668,4.908999919891357,4.85099983215332
2025-05-19 00:00:00,4.940000057220459,5.0370001792907715,4.934000015258789
2025-05-20 00:00:00,4.9670000076293945,4.999000072479248,4.945000171661377
2025-05-21 00:00:00,5.090000152587891,5.0980000495910645,5.0
2025-05-22 00:00:00,5.065000057220459,5.1529998779296875,5.053999900817871
2025-05-23 00:00:00,5.031000137329102,5.057000160217285,5.0
2025-05-27 00:00:00,4.940000057220459,4.994999885559082,4.932000160217285
2025-05-28 00:00:00,4.974999904632568,5.008999824523926,4.940999984741211
2025-05-29 00:00:00,4.922999858856201,4.995999813079834,4.914999961853027
2025-05-30 00:00:00,4.928999900817871,4.949999809265137,4.9019999504089355
2025-06-02 00:00:00,4.994999885559082,5.001999855041504,4.953000068664551
2025-06-03 00:00:00,4.982999801635742,4.997000217437744,4.933000087738037
2025-06-04 00:00:00,4.88700008392334,4.954999923706055,4.86899995803833
2025-06-05 00:00:00,4.883999824523926,4.8979997634887695,4.834000110626221
2025-06-06 00:00:00,4.9629998207092285,4.964000225067139,4.886000156402588
2025-06-09 00:00:00,4.953999996185303,4.991000175476074,4.942999839782715
2025-06-10 00:00:00,4.940000057220459,4.953000068664551,4.9029998779296875
2025-06-11 00:00:00,4.9079999923706055,4.9679999351501465,4.892000198364258
2025-06-12 00:00:00,4.8420000076293945,4.880000114440918,4.836999893188477
2025-06-13 00:00:00,4.914999961853027,4.940999984741211,4.827000141143799
2025-06-16 00:00:00,4.953999996185303,4.955999851226807,4.894000053405762
2025-06-17 00:00:00,4.89300012588501,4.945000171661377,4.880000114440918
2025-06-18 00:00:00,4.894999980926514,4.8979997634887695,4.849999904632568
2025-06-20 00:00:00,4.888999938964844,4.945000171661377,4.875
2025-06-23 00:00:00,4.85699987411499,4.882999897003174,4.828999996185303
2025-06-24 00:00:00,4.828999996185303,4.921999931335449,4.822000026702881
2025-06-25 00:00:00,4.8420000076293945,4.880000114440918,4.841000080108643
2025-06-26 00:00:00,4.815999984741211,4.854000091552734,4.814000129699707
2025-06-27 00:00:00,4.84499979019165,4.853000164031982,4.789999961853027
2025-06-30 00:00:00,4.7789998054504395,4.828999996185303,4.7789998054504395
2025-07-01 00:00:00,4.7789998054504395,4.806000232696533,4.747000217437744
2025-07-02 00:00:00,4.822999954223633,4.8470001220703125,4.808000087738037
2025-07-03 00:00:00,4.861999988555908,4.889999866485596,4.7870001792907715
2025-07-07 00:00:00,4.931000232696533,4.936999797821045,4.875999927520752
2025-07-08 00:00:00,4.943999767303467,4.973999977111816,4.942999839782715
2025-07-09 00:00:00,4.875999927520752,4.949999809265137,4.870999813079834
2025-07-10 00:00:00,4.861000061035156,4.89900016784668,4.859000205993652
2025-07-11 00:00:00,4.956999778747559,4.9629998207092285,4.9039998054504395
2025-07-14 00:00:00,4.9730000495910645,4.989999771118164,4.948999881744385
2025-07-15 00:00:00,5.01800012588501,5.021999835968018,4.933000087738037
2025-07-16 00:00:00,5.013999938964844,5.077000141143799,4.9679999351501465
2025-07-17 00:00:00,5.013999938964844,5.043000221252441,4.980000019073486
2025-07-18 00:00:00,5.000999927520752,5.011000156402588,4.982999801635742
2025-07-21 00:00:00,4.936999797821045,4.947000026702881,4.910999774932861
2025-07-22 00:00:00,4.9019999504089355,4.948999881744385,4.892000198364258
2025-07-23 00:00:00,4.948999881744385,4.964000225067139,4.932000160217285
2025-07-24 00:00:00,4.948999881744385,4.989999771118164,4.934000015258789
2025-07-25 00:00:00,4.928999900817871,4.979000091552734,4.921999931335449
2025-07-28 00:00:00,4.964000225067139,4.966000080108643,4.936999797821045
2025-07-29 00:00:00,4.870999813079834,4.946000099182129,4.86299991607666
2025-07-30 00:00:00,4.910999774932861,4.914999961853027,4.874000072479248
2025-07-31 00:00:00,4.886000156402588,4.890999794006348,4.857999801635742
2025-08-01 00:00:00,4.807000160217285,4.946000099182129,4.801000118255615
2025-08-04 00:00:00,4.796999931335449,4.828000068664551,4.785999774932861
2025-08-05 00:00:00,4.769000053405762,4.814000129699707,4.765999794006348
2025-08-06 00:00:00,4.810999870300293,4.873000144958496,4.795000076293945
2025-08-07 00:00:00,4.815999984741211,4.830999851226807,4.7820000648498535
2025-08-08 00:00:00,4.855000019073486,4.861999988555908,4.829999923706055
2025-08-11 00:00:00,4.841000080108643,4.84499979019165,4.823999881744385
2025-08-12 00:00:00,4.885000228881836,4.906000137329102,4.824999809265137
2025-08-13 00:00:00,4.828000068664551,4.853000164031982,4.817999839782715
2025-08-14 00:00:00,4.882999897003174,4.883999824523926,4.793000221252441
2025-08-15 00:00:00,4.926000118255615,4.934000015258789,4.881999969482422
2025-08-18 00:00:00,4.941999912261963,4.953999996185303,4.890999794006348
2025-08-19 00:00:00,4.9019999504089355,4.922999858856201,4.8979997634887695
2025-08-20 00:00:00,4.9039998054504395,4.9120001792907715,4.882999897003174
2025-08-21 00:00:00,4.923999786376953,4.946000099182129,4.9019999504089355
2025-08-22 00:00:00,4.883999824523926,4.913000106811523,4.86299991607666
2025-08-25 00:00:00,4.888000011444092,4.910999774932861,4.881999969482422
2025-08-26 00:00:00,4.908999919891357,4.941999912261963,4.9029998779296875
2025-08-27 00:00:00,4.913000106811523,4.960000038146973,4.9120001792907715
2025-08-28 00:00:00,4.874000072479248,4.920000076293945,4.870999813079834
2025-08-29 00:00:00,4.916999816894531,4.934000015258789,4.888999938964844
2025-09-02 00:00:00,4.9710001945495605,4.998000144958496,4.954999923706055
2025-09-03 00:00:00,4.892000198364258,4.9710001945495605,4.886000156402588
2025-09-04 00:00:00,4.874000072479248,4.9029998779296875,4.859000205993652
2025-09-05 00:00:00,4.775000095367432,4.885000228881836,4.76800012588501
2025-09-08 00:00:00,4.689000129699707,4.76800012588501,4.685999870300293
2025-09-09 00:00:00,4.7179999351501465,4.739999771118164,4.703000068664551
2025-09-10 00:00:00,4.677999973297119,4.742000102996826,4.668000221252441
2025-09-11 00:00:00,4.651000022888184,4.708000183105469,4.638000011444092
2025-09-12 00:00:00,4.678999900817871,4.706999778747559,4.669000148773193
2025-09-15 00:00:00,4.656000137329102,4.681000232696533,4.642000198364258
2025-09-16 00:00:00,4.645999908447266,4.686999797821045,4.640999794006348
2025-09-17 00:00:00,4.675000190734863,4.684000015258789,4.605999946594238
2025-09-18 00:00:00,4.71999979019165,4.75,4.669000148773193
2025-09-19 00:00:00,4.75600004196167,4.761000156402588,4.730999946594238
2025-09-22 00:00:00,4.761000156402588,4.7789998054504395,4.748000144958496
2025-09-23 00:00:00,4.73799991607666,4.765999794006348,4.7270002365112305
2025-09-24 00:00:00,4.757999897003174,4.769999980926514,4.73799991607666
2025-09-25 00:00:00,4.751999855041504,4.784999847412109,4.742000102996826
2025-09-26 00:00:00,4.765999794006348,4.771999835968018,4.7170000076293945
2025-09-29 00:00:00,4.703999996185303,4.734000205993652,4.701000213623047
2025-09-30 00:00:00,4.73199987411499,4.736999988555908,4.681000232696533
2025-10-01 00:00:00,4.715000152587891,4.7270002365112305,4.688000202178955
2025-10-02 00:00:00,4.695000171661377,4.730000019073486,4.684999942779541
2025-10-03 00:00:00,4.714000225067139,4.715000152587891,4.676000118255615
2025-10-06 00:00:00,4.757999897003174,4.763000011444092,4.72599983215332
2025-10-07 00:00:00,4.72599983215332,4.763000011444092,4.711999893188477
2025-10-08 00:00:00,4.723999977111816,4.730999946594238,4.685999870300293
2025-10-09 00:00:00,4.732999801635742,4.739999771118164,4.710999965667725
2025-10-10 00:00:00,4.633999824523926,4.684999942779541,4.625999927520752
2025-10-13 00:00:00,4.63100004196167,4.63100004196167,4.63100004196167
2025-10-14 00:00:00,4.623000144958496,4.646999835968018,4.610000133514404
2025-10-15 00:00:00,4.638999938964844,4.645999908447266,4.591000080108643
2025-10-16 00:00:00,4.583000183105469,4.644000053405762,4.579999923706055
2025-10-17 00:00:00,4.603000164031982,4.616000175476074,4.591000080108643
2025-10-20 00:00:00,4.576000213623047,4.5980000495910645,4.574999809265137
2025-10-21 00:00:00,4.547999858856201,4.565999984741211,4.5329999923706055
2025-10-22 00:00:00,4.539000034332275,4.557000160217285,4.5279998779296875
2025-10-23 00:00:00,4.572999954223633,4.5929999351501465,4.559000015258789
2025-10-24 00:00:00,4.585000038146973,4.61899995803833,4.553999900817871
2025-10-27 00:00:00,4.570000171661377,4.611999988555908,4.565999984741211
2025-10-28 00:00:00,4.546999931335449,4.565999984741211,4.535999774932861
2025-10-29 00:00:00,4.599999904632568,4.604000091552734,4.552000045776367
2025-10-30 00:00:00,4.646999835968018,4.664000034332275,4.619999885559082
2025-10-31 00:00:00,4.670000076293945,4.671000003814697,4.640999794006348
2025-11-03 00:00:00,4.689000129699707,4.705999851226807,4.678999900817871
2025-11-04 00:00:00,4.670000076293945,4.688000202178955,4.6620001792907715
2025-11-05 00:00:00,4.736000061035156,4.74399995803833,4.673999786376953
2025-11-06 00:00:00,4.688000202178955,4.7220001220703125,4.676000118255615
2025-11-07 00:00:00,4.699999809265137,4.716000080108643,4.677000045776367
2025-11-10 00:00:00,4.702000141143799,4.738999843597412,4.692999839782715
2025-11-11 00:00:00,4.710000038146973,4.710000038146973,4.710000038146973
2025-11-12 00:00:00,4.660999774932861,4.690000057220459,4.6479997634887695
2025-11-13 00:00:00,4.702000141143799,4.703999996185303,4.673999786376953
2025-11-14 00:00:00,4.747000217437744,4.750999927520752,4.668000221252441
2025-11-17 00:00:00,4.736000061035156,4.749000072479248,4.7210001945495605
2025-11-18 00:00:00,4.743000030517578,4.756999969482422,4.706999778747559
2025-11-19 00:00:00,4.751999855041504,4.755000114440918,4.7230000495910645
2025-11-20 00:00:00,4.73199987411499,4.7769999504089355,4.7170000076293945
2025-11-21 00:00:00,4.715000152587891,4.734000205993652,4.698999881744385
2025-11-24 00:00:00,4.677999973297119,4.697000026702881,4.673999786376953
2025-11-25 00:00:00,4.6579999923706055,4.676000118255615,4.638000011444092
2025-11-26 00:00:00,4.644000053405762,4.691999912261963,4.642000198364258
2025-11-28 00:00:00,4.664999961853027,4.686999797821045,4.636000156402588
2025-12-01 00:00:00,4.74399995803833,4.750999927520752,4.705999851226807
2025-12-02 00:00:00,4.741000175476074,4.769000053405762,4.735000133514404
2025-12-03 00:00:00,4.724999904632568,4.751999855041504,4.7230000495910645
2025-12-04 00:00:00,4.764999866485596,4.767000198364258,4.73799991607666
2025-12-05 00:00:00,4.791999816894531,4.800000190734863,4.758999824523926
2025-12-08 00:00:00,4.815999984741211,4.835000038146973,4.789000034332275
2025-12-09 00:00:00,4.809000015258789,4.814000129699707,4.775000095367432
2025-12-10 00:00:00,4.796999931335449,4.822000026702881,4.770999908447266
2025-12-11 00:00:00,4.789999961853027,4.794000148773193,4.749000072479248
2025-12-15 00:00:00,4.848999977111816,4.849999904632568,4.817999839782715
