Price,Close,High,Low
Ticker,^N225,^N225,^N225
Date,,,
1988-01-04 00:00:00,21217.0390625,21217.0390625,21217.0390625
1988-01-05 00:00:00,21575.279296875,21575.279296875,21575.279296875
1988-01-06 00:00:00,22790.5,22790.5,22790.5
1988-01-07 00:00:00,22792.130859375,22792.130859375,22792.130859375
1988-01-08 00:00:00,22872.560546875,22872.560546875,22872.560546875
1988-01-11 00:00:00,22578.4296875,22578.4296875,22578.4296875
1988-01-12 00:00:00,22625.05078125,22625.05078125,22625.05078125
1988-01-13 00:00:00,22324.990234375,22324.990234375,22324.990234375
1988-01-14 00:00:00,22603.650390625,22603.650390625,22603.650390625
1988-01-18 00:00:00,22910.19921875,22910.19921875,22910.19921875
1988-01-19 00:00:00,22898.169921875,22898.169921875,22898.169921875
1988-01-20 00:00:00,22843.140625,22843.140625,22843.140625
1988-01-21 00:00:00,22710.259765625,22710.259765625,22710.259765625
1988-01-22 00:00:00,22876.580078125,22876.580078125,22876.580078125
1988-01-25 00:00:00,23318.400390625,23318.400390625,23318.400390625
1988-01-26 00:00:00,23498.759765625,23498.759765625,23498.759765625
1988-01-27 00:00:00,23335.91015625,23335.91015625,23335.91015625
1988-01-28 00:00:00,23587.25,23587.25,23587.25
1988-01-29 00:00:00,23622.3203125,23622.3203125,23622.3203125
1988-02-01 00:00:00,23732.3203125,23732.3203125,23732.3203125
1988-02-02 00:00:00,23672.2109375,23672.2109375,23672.2109375
1988-02-03 00:00:00,23595.369140625,23595.369140625,23595.369140625
1988-02-04 00:00:00,23709.099609375,23709.099609375,23709.099609375
1988-02-05 00:00:00,23650.80078125,23650.80078125,23650.80078125
1988-02-08 00:00:00,23771.599609375,23771.599609375,23771.599609375
1988-02-09 00:00:00,23662.26953125,23662.26953125,23662.26953125
1988-02-10 00:00:00,23771.880859375,23771.880859375,23771.880859375
1988-02-12 00:00:00,23981.939453125,23981.939453125,23981.939453125
1988-02-15 00:00:00,24207.470703125,24207.470703125,24207.470703125
1988-02-16 00:00:00,24345.66015625,24345.66015625,24345.66015625
1988-02-17 00:00:00,24429.94921875,24429.94921875,24429.94921875
1988-02-18 00:00:00,24675.359375,24675.359375,24675.359375
1988-02-19 00:00:00,24773.41015625,24773.41015625,24773.41015625
1988-02-22 00:00:00,24846.7109375,24846.7109375,24846.7109375
1988-02-23 00:00:00,24949.44921875,24949.44921875,24949.44921875
1988-02-24 00:00:00,24968.650390625,24968.650390625,24968.650390625
1988-02-25 00:00:00,25100.66015625,25100.66015625,25100.66015625
1988-02-26 00:00:00,25165.1796875,25165.1796875,25165.1796875
1988-02-29 00:00:00,25242.810546875,25242.810546875,25242.810546875
1988-03-01 00:00:00,25435.900390625,25435.900390625,25435.900390625
1988-03-02 00:00:00,25682.8203125,25682.8203125,25682.8203125
1988-03-03 00:00:00,25596.310546875,25596.310546875,25596.310546875
1988-03-04 00:00:00,25615.619140625,25615.619140625,25615.619140625
1988-03-07 00:00:00,25616.580078125,25616.580078125,25616.580078125
1988-03-08 00:00:00,25465.73046875,25465.73046875,25465.73046875
1988-03-09 00:00:00,25605.390625,25605.390625,25605.390625
1988-03-10 00:00:00,25617.8203125,25617.8203125,25617.8203125
1988-03-11 00:00:00,25543.73046875,25543.73046875,25543.73046875
1988-03-14 00:00:00,25433.509765625,25433.509765625,25433.509765625
1988-03-15 00:00:00,25475.669921875,25475.669921875,25475.669921875
1988-03-16 00:00:00,25704.4296875,25704.4296875,25704.4296875
1988-03-17 00:00:00,25872.2890625,25872.2890625,25872.2890625
1988-03-18 00:00:00,25966.259765625,25966.259765625,25966.259765625
1988-03-22 00:00:00,25842.75,25842.75,25842.75
1988-03-23 00:00:00,25895.23046875,25895.23046875,25895.23046875
1988-03-24 00:00:00,25781.279296875,25781.279296875,25781.279296875
1988-03-25 00:00:00,25626.7109375,25626.7109375,25626.7109375
1988-03-28 00:00:00,25622.7109375,25622.7109375,25622.7109375
1988-03-29 00:00:00,25953.08984375,25953.08984375,25953.08984375
1988-03-30 00:00:00,26320.0703125,26320.0703125,26320.0703125
1988-03-31 00:00:00,26260.259765625,26260.259765625,26260.259765625
1988-04-01 00:00:00,26104.220703125,26104.220703125,26104.220703125
1988-04-04 00:00:00,26335.2890625,26335.2890625,26335.2890625
1988-04-05 00:00:00,26315.349609375,26315.349609375,26315.349609375
1988-04-06 00:00:00,26511.169921875,26511.169921875,26511.169921875
1988-04-07 00:00:00,26769.220703125,26769.220703125,26769.220703125
1988-04-08 00:00:00,26748.890625,26926.41015625,26700.919921875
1988-04-11 00:00:00,26924.869140625,26998.359375,26761.220703125
1988-04-12 00:00:00,26930.83984375,26985.740234375,26845.01953125
1988-04-13 00:00:00,26985.55078125,26995.279296875,26922.560546875
1988-04-14 00:00:00,27111.349609375,27123.189453125,26969.369140625
1988-04-15 00:00:00,26893.5703125,27103.9296875,26774.130859375
1988-04-18 00:00:00,26671.44921875,26984.109375,26671.44921875
1988-04-19 00:00:00,26657.0,26676.83984375,26444.810546875
1988-04-20 00:00:00,26864.08984375,26894.240234375,26662.779296875
1988-04-21 00:00:00,26828.16015625,26870.740234375,26790.7890625
1988-04-22 00:00:00,26837.119140625,26909.939453125,26827.779296875
1988-04-25 00:00:00,27213.44921875,27262.279296875,27066.560546875
1988-04-26 00:00:00,27246.76953125,27339.140625,27190.51953125
1988-04-27 00:00:00,27191.970703125,27327.490234375,27165.9609375
1988-04-28 00:00:00,27434.119140625,27434.310546875,27206.509765625
1988-05-02 00:00:00,27669.720703125,27670.6796875,27520.7109375
1988-05-06 00:00:00,27534.390625,27671.16015625,27518.98046875
1988-05-09 00:00:00,27264.30078125,27555.380859375,27261.609375
1988-05-10 00:00:00,27412.25,27412.830078125,27166.919921875
1988-05-11 00:00:00,27161.05078125,27501.9296875,27154.58984375
1988-05-12 00:00:00,27212.580078125,27275.380859375,26928.8203125
1988-05-13 00:00:00,27468.310546875,27471.58984375,27235.890625
1988-05-16 00:00:00,27759.869140625,27764.30078125,27473.80078125
1988-05-17 00:00:00,27819.98046875,27967.25,27714.7890625
1988-05-18 00:00:00,27767.580078125,27814.779296875,27754.380859375
1988-05-19 00:00:00,27373.240234375,27759.490234375,27371.890625
1988-05-20 00:00:00,27393.849609375,27529.5703125,27305.140625
1988-05-23 00:00:00,27249.759765625,27393.1796875,27145.060546875
1988-05-24 00:00:00,27312.66015625,27348.580078125,27179.16015625
1988-05-25 00:00:00,27443.650390625,27479.189453125,27319.009765625
1988-05-26 00:00:00,27428.240234375,27641.490234375,27403.869140625
1988-05-27 00:00:00,27290.490234375,27461.8203125,27289.140625
1988-05-30 00:00:00,27223.099609375,27238.619140625,26961.8203125
1988-05-31 00:00:00,27416.69921875,27417.5703125,27214.330078125
1988-06-01 00:00:00,27703.91015625,27795.990234375,27427.7890625
1988-06-02 00:00:00,27869.359375,27943.119140625,27720.30078125
1988-06-03 00:00:00,27821.5390625,27904.83984375,27803.220703125
1988-06-06 00:00:00,27996.240234375,28059.970703125,27912.939453125
1988-06-07 00:00:00,27967.3203125,28056.98046875,27919.490234375
1988-06-08 00:00:00,27912.650390625,28024.19921875,27880.16015625
1988-06-09 00:00:00,28072.01953125,28173.5390625,27927.5
1988-06-10 00:00:00,27920.359375,28089.279296875,27882.859375
1988-06-13 00:00:00,28036.5390625,28047.720703125,27916.119140625
1988-06-14 00:00:00,28061.80078125,28085.810546875,27926.240234375
1988-06-15 00:00:00,28093.51953125,28294.060546875,28081.759765625
1988-06-16 00:00:00,28147.3203125,28228.310546875,28108.94921875
1988-06-17 00:00:00,28342.4609375,28394.720703125,28175.1796875
1988-06-20 00:00:00,28139.029296875,28390.380859375,28127.169921875
1988-06-21 00:00:00,27925.5703125,28109.140625,27915.16015625
1988-06-22 00:00:00,27860.779296875,28199.9609375,27833.490234375
1988-06-23 00:00:00,27732.9296875,28008.580078125,27692.630859375
1988-06-24 00:00:00,27750.390625,27878.900390625,27711.05078125
1988-06-27 00:00:00,27435.009765625,27598.140625,27385.619140625
1988-06-28 00:00:00,27398.08984375,27443.69921875,27177.5390625
1988-06-29 00:00:00,27607.330078125,27692.1796875,27422.73046875
1988-06-30 00:00:00,27769.400390625,27820.4296875,27636.900390625
1988-07-01 00:00:00,27503.529296875,27828.259765625,27478.5
1988-07-04 00:00:00,27360.390625,27471.05078125,27276.220703125
1988-07-05 00:00:00,27577.169921875,27585.0,27362.330078125
1988-07-06 00:00:00,27766.599609375,27767.5703125,27584.23046875
1988-07-07 00:00:00,27728.130859375,27817.33984375,27634.580078125
1988-07-08 00:00:00,27917.080078125,27946.939453125,27733.83984375
1988-07-11 00:00:00,27985.990234375,28044.169921875,27880.9296875
1988-07-12 00:00:00,28099.83984375,28101.9609375,27992.4609375
1988-07-13 00:00:00,28020.099609375,28178.80078125,27909.150390625
1988-07-14 00:00:00,28084.080078125,28132.599609375,27950.51953125
1988-07-15 00:00:00,27913.7890625,28206.919921875,27895.91015625
1988-07-18 00:00:00,27662.119140625,27975.0703125,27591.08984375
1988-07-19 00:00:00,27149.029296875,27645.890625,27109.310546875
1988-07-20 00:00:00,27553.98046875,27571.66015625,27113.369140625
1988-07-21 00:00:00,27676.140625,27676.140625,27416.740234375
1988-07-22 00:00:00,27285.009765625,27668.69921875,27272.740234375
1988-07-25 00:00:00,27183.529296875,27390.640625,27179.669921875
1988-07-26 00:00:00,27303.759765625,27347.060546875,27208.94921875
1988-07-27 00:00:00,27738.5703125,27750.560546875,27322.33984375
1988-07-28 00:00:00,27796.08984375,27939.669921875,27752.880859375
1988-07-29 00:00:00,27911.630859375,28042.439453125,27817.849609375
1988-08-01 00:00:00,28326.310546875,28409.169921875,28234.4609375
1988-08-02 00:00:00,28366.330078125,28381.029296875,28244.609375
1988-08-03 00:00:00,28348.44921875,28389.640625,28309.2890625
1988-08-04 00:00:00,28292.66015625,28475.6796875,28246.25
1988-08-05 00:00:00,28423.380859375,28428.599609375,28300.98046875
1988-08-08 00:00:00,28253.119140625,28393.890625,28217.73046875
1988-08-09 00:00:00,28170.359375,28295.1796875,28126.080078125
1988-08-10 00:00:00,27554.869140625,28155.759765625,27469.98046875
1988-08-11 00:00:00,27784.98046875,27832.44921875,27470.66015625
1988-08-12 00:00:00,27833.509765625,27956.98046875,27787.970703125
1988-08-15 00:00:00,27901.2890625,27958.140625,27849.66015625
1988-08-16 00:00:00,27896.55078125,27903.220703125,27780.619140625
1988-08-17 00:00:00,28178.859375,28181.48046875,27930.099609375
1988-08-18 00:00:00,28129.359375,28323.01953125,28120.759765625
1988-08-19 00:00:00,28209.419921875,28219.9609375,28144.349609375
1988-08-22 00:00:00,28079.1796875,28281.5390625,28000.099609375
1988-08-23 00:00:00,27919.94921875,28032.490234375,27851.490234375
1988-08-24 00:00:00,27799.669921875,28004.16015625,27772.990234375
1988-08-25 00:00:00,27870.439453125,27937.9296875,27744.849609375
1988-08-26 00:00:00,27565.41015625,27822.19921875,27523.5390625
1988-08-29 00:00:00,27379.099609375,27826.650390625,27358.2109375
1988-08-30 00:00:00,27511.650390625,27514.55078125,27265.779296875
1988-08-31 00:00:00,27365.94921875,27613.560546875,27310.44921875
1988-09-01 00:00:00,26934.259765625,27329.400390625,26701.439453125
1988-09-02 00:00:00,27116.5,27123.560546875,26881.66015625
1988-09-05 00:00:00,27341.580078125,27644.490234375,27336.560546875
1988-09-06 00:00:00,27320.509765625,27449.48046875,27210.9609375
1988-09-07 00:00:00,27504.009765625,27516.390625,27349.419921875
1988-09-08 00:00:00,27740.109375,27744.169921875,27512.51953125
1988-09-09 00:00:00,27647.099609375,27873.5390625,27628.640625
1988-09-12 00:00:00,27756.740234375,27758.970703125,27638.7890625
1988-09-13 00:00:00,27794.16015625,27914.240234375,27711.109375
1988-09-14 00:00:00,27805.669921875,27899.740234375,27766.509765625
1988-09-16 00:00:00,27866.380859375,27878.470703125,27794.740234375
1988-09-19 00:00:00,27901.0,28034.029296875,27883.880859375
1988-09-20 00:00:00,27548.580078125,27878.470703125,27532.439453125
1988-09-21 00:00:00,27712.66015625,27713.330078125,27291.400390625
1988-09-22 00:00:00,27428.310546875,27804.509765625,27375.51953125
1988-09-26 00:00:00,27333.75,27439.810546875,27185.830078125
1988-09-27 00:00:00,27499.560546875,27499.560546875,27331.009765625
1988-09-28 00:00:00,27752.009765625,27813.890625,27538.939453125
1988-09-29 00:00:00,27700.130859375,27853.359375,27638.740234375
1988-09-30 00:00:00,27923.669921875,27926.580078125,27721.560546875
1988-10-03 00:00:00,27545.529296875,27775.580078125,27495.6796875
1988-10-04 00:00:00,27501.01953125,27531.759765625,27333.240234375
1988-10-05 00:00:00,27405.490234375,27582.779296875,27246.33984375
1988-10-06 00:00:00,27172.33984375,27395.7890625,27078.560546875
1988-10-07 00:00:00,27258.26953125,27260.5,26962.560546875
1988-10-11 00:00:00,27469.599609375,27579.9609375,27293.470703125
1988-10-12 00:00:00,27409.369140625,27456.7890625,27218.80078125
1988-10-13 00:00:00,27273.30078125,27374.0703125,27209.099609375
1988-10-14 00:00:00,27306.5703125,27371.5390625,27215.890625
1988-10-17 00:00:00,27268.740234375,27366.890625,27232.369140625
1988-10-18 00:00:00,27141.98046875,27265.150390625,27090.0
1988-10-19 00:00:00,27293.669921875,27301.51953125,27160.119140625
1988-10-20 00:00:00,27390.55078125,27428.5703125,27306.1796875
1988-10-21 00:00:00,27401.419921875,27582.2890625,27392.490234375
1988-10-24 00:00:00,27281.5390625,27377.849609375,27258.0703125
1988-10-25 00:00:00,27421.490234375,27422.359375,27267.2890625
1988-10-26 00:00:00,27620.599609375,27706.619140625,27425.859375
1988-10-27 00:00:00,27722.919921875,27766.75,27628.83984375
1988-10-28 00:00:00,27741.33984375,27757.640625,27602.4609375
1988-10-31 00:00:00,27982.5390625,28045.779296875,27832.80078125
1988-11-01 00:00:00,28013.669921875,28095.240234375,27964.7890625
1988-11-02 00:00:00,27985.259765625,28108.720703125,27959.650390625
1988-11-04 00:00:00,27953.25,28063.23046875,27798.1796875
1988-11-07 00:00:00,27866.359375,28043.9296875,27865.76953125
1988-11-08 00:00:00,28007.26953125,28008.150390625,27767.4296875
1988-11-09 00:00:00,28212.779296875,28249.05078125,28015.23046875
1988-11-10 00:00:00,28166.419921875,28317.91015625,28164.779296875
1988-11-11 00:00:00,28489.5703125,28493.44921875,28194.060546875
1988-11-14 00:00:00,28520.900390625,28531.470703125,28402.48046875
1988-11-15 00:00:00,28829.41015625,28854.4296875,28530.599609375
1988-11-16 00:00:00,28996.119140625,29013.380859375,28827.759765625
1988-11-17 00:00:00,29076.810546875,29119.869140625,28832.990234375
1988-11-18 00:00:00,29180.19921875,29224.7109375,29086.119140625
1988-11-21 00:00:00,29284.259765625,29357.2890625,29179.419921875
1988-11-22 00:00:00,29430.119140625,29433.130859375,29221.220703125
1988-11-24 00:00:00,29340.029296875,29479.099609375,29281.44921875
1988-11-25 00:00:00,29406.650390625,29438.26953125,29274.4609375
1988-11-28 00:00:00,28983.3203125,29340.41015625,28979.73046875
1988-11-29 00:00:00,29318.30078125,29318.30078125,28930.26953125
1988-11-30 00:00:00,29578.900390625,29579.869140625,29338.08984375
1988-12-01 00:00:00,29541.4609375,29683.740234375,29531.759765625
1988-12-02 00:00:00,29532.25,29618.849609375,29522.259765625
1988-12-05 00:00:00,29614.6796875,29655.900390625,29438.66015625
1988-12-06 00:00:00,29669.380859375,29767.630859375,29619.439453125
1988-12-07 00:00:00,30050.8203125,30050.8203125,29675.400390625
1988-12-08 00:00:00,29758.900390625,30025.990234375,29747.55078125
1988-12-09 00:00:00,29793.419921875,29802.25,29728.9296875
1988-12-12 00:00:00,29672.2890625,29847.830078125,29620.109375
1988-12-13 00:00:00,29597.810546875,29689.75,29542.8203125
1988-12-14 00:00:00,29754.73046875,29772.189453125,29622.25
1988-12-15 00:00:00,29705.75,29794.689453125,29678.5
1988-12-16 00:00:00,29536.7109375,29727.1796875,29292.2109375
1988-12-19 00:00:00,29470.080078125,29630.099609375,29384.150390625
1988-12-20 00:00:00,29567.939453125,29623.41015625,29464.16015625
1988-12-21 00:00:00,29698.189453125,29698.189453125,29519.150390625
1988-12-22 00:00:00,29774.609375,29825.720703125,29684.900390625
1988-12-23 00:00:00,29686.259765625,29957.810546875,29635.529296875
1988-12-26 00:00:00,29868.009765625,29872.189453125,29697.349609375
1988-12-27 00:00:00,30050.9296875,30084.75,29891.919921875
1988-12-28 00:00:00,30159.0,30264.359375,30073.76953125
1989-01-04 00:00:00,30243.66015625,30272.720703125,30165.51953125
1989-01-05 00:00:00,30183.7890625,30397.509765625,30082.810546875
1989-01-06 00:00:00,30209.5390625,30312.5703125,30099.130859375
1989-01-09 00:00:00,30678.390625,30678.390625,30223.349609375
1989-01-10 00:00:00,31006.509765625,31006.509765625,30680.33984375
1989-01-11 00:00:00,31143.44921875,31243.26953125,30903.880859375
1989-01-12 00:00:00,31143.44921875,31155.01953125,31047.4296875
1989-01-13 00:00:00,31298.380859375,31321.01953125,31147.73046875
1989-01-17 00:00:00,31227.51953125,31317.23046875,31150.83984375
1989-01-18 00:00:00,31354.55078125,31365.150390625,31237.5390625
1989-01-19 00:00:00,31311.400390625,31463.69921875,31110.41015625
1989-01-20 00:00:00,31170.380859375,31275.150390625,31073.869140625
1989-01-23 00:00:00,31332.880859375,31332.880859375,31199.140625
1989-01-24 00:00:00,31557.6796875,31559.4296875,31349.890625
1989-01-25 00:00:00,31567.7890625,31663.91015625,31487.41015625
1989-01-26 00:00:00,31511.810546875,31586.349609375,31430.169921875
1989-01-27 00:00:00,31646.130859375,31683.44921875,31531.150390625
1989-01-30 00:00:00,31567.5,31743.220703125,31545.630859375
1989-01-31 00:00:00,31581.30078125,31581.880859375,31487.01953125
1989-02-01 00:00:00,31360.6796875,31581.490234375,31303.720703125
1989-02-02 00:00:00,31498.30078125,31515.109375,31361.939453125
1989-02-03 00:00:00,31685.779296875,31688.2109375,31517.25
1989-02-06 00:00:00,31828.75,31856.25,31686.169921875
1989-02-07 00:00:00,31880.650390625,31965.689453125,31822.919921875
1989-02-08 00:00:00,32065.119140625,32066.08984375,31892.509765625
1989-02-09 00:00:00,32078.4296875,32270.48046875,32064.240234375
1989-02-10 00:00:00,32131.990234375,32131.990234375,31963.55078125
1989-02-13 00:00:00,31985.3203125,32126.5390625,31952.080078125
1989-02-14 00:00:00,31982.890625,32076.779296875,31936.33984375
1989-02-15 00:00:00,32149.48046875,32171.830078125,31996.310546875
1989-02-16 00:00:00,32083.580078125,32354.75,31996.5
1989-02-17 00:00:00,32173.390625,32257.650390625,32081.44921875
1989-02-20 00:00:00,32177.080078125,32302.650390625,32092.0390625
1989-02-21 00:00:00,31980.080078125,32253.669921875,31949.94921875
1989-02-22 00:00:00,32311.9296875,32312.619140625,32006.939453125
1989-02-23 00:00:00,32452.490234375,32508.609375,32286.16015625
1989-02-27 00:00:00,32285.76953125,32597.900390625,32281.30078125
1989-02-28 00:00:00,31985.599609375,32352.19921875,31951.560546875
1989-03-01 00:00:00,31964.30078125,32281.490234375,31780.859375
1989-03-02 00:00:00,32073.73046875,32106.599609375,31805.369140625
1989-03-03 00:00:00,32000.099609375,32317.869140625,31901.859375
1989-03-06 00:00:00,31876.859375,32015.849609375,31685.9296875
1989-03-07 00:00:00,31937.939453125,31993.390625,31736.599609375
1989-03-08 00:00:00,31837.66015625,32119.150390625,31806.5390625
1989-03-09 00:00:00,31656.44921875,31891.16015625,31590.80078125
1989-03-10 00:00:00,31701.779296875,31704.109375,31484.189453125
1989-03-13 00:00:00,31552.9609375,31693.509765625,31427.0
1989-03-14 00:00:00,31724.349609375,31735.73046875,31516.390625
1989-03-15 00:00:00,32100.48046875,32102.619140625,31757.419921875
1989-03-16 00:00:00,32098.240234375,32282.94921875,32067.5
1989-03-17 00:00:00,32021.009765625,32223.810546875,31946.890625
1989-03-20 00:00:00,31654.80078125,31999.509765625,31629.80078125
1989-03-22 00:00:00,31443.240234375,31788.349609375,31343.55078125
1989-03-23 00:00:00,31588.66015625,31656.44921875,31413.76953125
1989-03-24 00:00:00,31568.51953125,31699.830078125,31477.970703125
1989-03-27 00:00:00,31512.400390625,31717.150390625,31505.19921875
1989-03-28 00:00:00,32306.359375,32308.330078125,31521.529296875
1989-03-29 00:00:00,32737.279296875,32738.060546875,32317.5390625
1989-03-30 00:00:00,32826.12890625,32912.8203125,32656.759765625
1989-03-31 00:00:00,32838.6796875,32963.7109375,32677.55078125
1989-04-03 00:00:00,33042.0703125,33077.078125,32847.30859375
1989-04-04 00:00:00,33312.25,33340.30078125,33065.7109375
1989-04-05 00:00:00,33360.7890625,33412.9609375,33239.578125
1989-04-06 00:00:00,32995.78125,33334.41015625,32839.26953125
1989-04-07 00:00:00,33185.05078125,33218.19921875,33025.30078125
1989-04-10 00:00:00,32999.01953125,33223.5,32909.78125
1989-04-11 00:00:00,33249.578125,33307.25,32939.58984375
1989-04-12 00:00:00,33256.44921875,33434.73828125,33136.51171875
1989-04-13 00:00:00,33063.94140625,33336.1796875,32951.05859375
1989-04-14 00:00:00,33150.44140625,33151.21875,32925.26953125
1989-04-17 00:00:00,33308.328125,33402.46875,33189.26953125
1989-04-18 00:00:00,33321.66015625,33361.76953125,33217.12109375
1989-04-19 00:00:00,33363.828125,33414.44140625,33286.4609375
1989-04-20 00:00:00,33185.1484375,33397.26953125,33048.3515625
1989-04-21 00:00:00,33029.80859375,33153.37890625,32780.51953125
1989-04-24 00:00:00,32805.921875,33115.12890625,32703.830078125
1989-04-25 00:00:00,33244.78125,33318.03125,32854.26953125
1989-04-26 00:00:00,33434.9296875,33446.01171875,33157.69140625
1989-04-27 00:00:00,33500.828125,33565.0703125,33425.3203125
1989-04-28 00:00:00,33713.3515625,33737.671875,33552.12109375
1989-05-01 00:00:00,33793.171875,33880.75,33721.578125
1989-05-02 00:00:00,33954.98828125,33977.73828125,33821.12109375
1989-05-08 00:00:00,34135.23828125,34170.5390625,33979.80078125
1989-05-09 00:00:00,34031.87109375,34174.859375,33948.421875
1989-05-10 00:00:00,33992.3515625,34153.5703125,33988.23046875
1989-05-11 00:00:00,34081.48828125,34082.48046875,33971.4609375
1989-05-12 00:00:00,33866.328125,34093.8515625,33839.359375
1989-05-15 00:00:00,33716.2890625,33864.1796875,33612.23828125
1989-05-16 00:00:00,33926.44921875,33931.3515625,33740.21875
1989-05-17 00:00:00,33992.44921875,34039.71875,33946.8515625
1989-05-18 00:00:00,33856.328125,33999.21875,33768.26953125
1989-05-19 00:00:00,34001.9609375,34006.5703125,33803.859375
1989-05-22 00:00:00,34067.859375,34124.05859375,34002.75
1989-05-23 00:00:00,33816.609375,34043.3515625,33582.4296875
1989-05-24 00:00:00,33851.8203125,33933.80078125,33706.87109375
1989-05-25 00:00:00,34005.390625,34006.37109375,33858.58984375
1989-05-26 00:00:00,34191.62109375,34191.62109375,34023.9296875
1989-05-29 00:00:00,34160.828125,34337.94140625,34102.28125
1989-05-30 00:00:00,34076.890625,34162.01171875,33990.19140625
1989-05-31 00:00:00,34266.75,34268.7109375,34004.8984375
1989-06-01 00:00:00,33981.3515625,34327.80078125,33932.0390625
1989-06-02 00:00:00,33667.421875,34065.421875,33627.96875
1989-06-05 00:00:00,33457.078125,33809.0,33408.0703125
1989-06-06 00:00:00,33452.01171875,33574.359375,33247.73046875
1989-06-07 00:00:00,33626.890625,33676.890625,33398.5
1989-06-08 00:00:00,33718.2890625,33838.30078125,33657.4609375
1989-06-09 00:00:00,33639.98046875,33812.23046875,33581.48828125
1989-06-12 00:00:00,33398.01171875,33614.69140625,33315.19921875
1989-06-13 00:00:00,33213.55078125,33555.51171875,33135.05078125
1989-06-14 00:00:00,33402.98828125,33408.16015625,33017.76953125
1989-06-15 00:00:00,32913.08984375,33524.55859375,32913.08984375
1989-06-16 00:00:00,33055.171875,33195.0,32605.599609375
1989-06-19 00:00:00,33013.1796875,33051.359375,32858.30859375
1989-06-20 00:00:00,33233.46875,33282.78125,33007.51953125
1989-06-21 00:00:00,33345.28125,33376.53125,33177.421875
1989-06-22 00:00:00,33324.96875,33427.3984375,33262.1796875
1989-06-23 00:00:00,33530.7109375,33702.28125,33398.30078125
1989-06-26 00:00:00,33625.8203125,33692.8984375,33524.94921875
1989-06-27 00:00:00,33469.2109375,33646.3984375,33445.171875
1989-06-28 00:00:00,33245.6015625,33430.609375,32952.01171875
1989-06-29 00:00:00,32956.30859375,33223.03125,32922.5
1989-06-30 00:00:00,32948.69140625,32949.859375,32642.19921875
1989-07-03 00:00:00,33236.421875,33236.421875,32696.5390625
1989-07-04 00:00:00,33190.37890625,33279.51953125,33181.1015625
1989-07-05 00:00:00,33309.7109375,33358.2890625,33221.26953125
1989-07-06 00:00:00,33423.48046875,33516.03125,33347.828125
1989-07-07 00:00:00,33703.96875,33713.83984375,33480.26171875
1989-07-10 00:00:00,33676.01953125,33843.328125,33629.01171875
1989-07-11 00:00:00,33746.76953125,33799.16015625,33664.96875
1989-07-12 00:00:00,33701.51953125,33816.16015625,33693.01953125
1989-07-13 00:00:00,33631.16015625,33778.33984375,33627.828125
1989-07-14 00:00:00,33574.76953125,33699.078125,33538.69921875
1989-07-17 00:00:00,33456.21875,33593.62890625,33414.6796875
1989-07-18 00:00:00,33343.73046875,33465.30078125,33308.640625
1989-07-19 00:00:00,33557.171875,33558.05078125,33343.53125
1989-07-20 00:00:00,33664.87109375,33700.94140625,33584.25
1989-07-21 00:00:00,33899.4296875,33971.4609375,33619.328125
1989-07-24 00:00:00,34093.328125,34095.19140625,33866.69140625
1989-07-25 00:00:00,34538.8984375,34542.51171875,34155.7890625
1989-07-26 00:00:00,34515.828125,34771.2109375,34511.140625
1989-07-27 00:00:00,34785.28125,34788.01953125,34538.69921875
1989-07-28 00:00:00,34705.62890625,34945.55859375,34686.078125
1989-07-31 00:00:00,34953.87109375,34954.75,34722.9296875
1989-08-01 00:00:00,34898.4609375,34963.55078125,34767.1015625
1989-08-02 00:00:00,34899.33984375,35015.9296875,34851.25
1989-08-03 00:00:00,34779.80859375,34929.53125,34699.46875
1989-08-04 00:00:00,34741.98828125,34746.6796875,34660.28125
1989-08-07 00:00:00,34630.37890625,34758.69921875,34556.0
1989-08-08 00:00:00,34759.48046875,34761.33984375,34530.7890625
1989-08-09 00:00:00,34859.26953125,34861.421875,34737.1015625
1989-08-10 00:00:00,34719.80078125,34911.16015625,34708.55859375
1989-08-11 00:00:00,34712.9609375,34831.69921875,34624.51171875
1989-08-14 00:00:00,34671.62109375,34724.87890625,34590.3984375
1989-08-15 00:00:00,34810.69140625,34812.94140625,34631.83984375
1989-08-16 00:00:00,35084.1484375,35086.1015625,34819.2890625
1989-08-17 00:00:00,35090.109375,35191.55859375,34985.5390625
1989-08-18 00:00:00,35063.140625,35126.078125,34951.328125
1989-08-21 00:00:00,35140.828125,35191.16015625,35068.12109375
1989-08-22 00:00:00,35114.3515625,35157.73828125,35011.0390625
1989-08-23 00:00:00,34893.28125,35178.8515625,34848.80859375
1989-08-24 00:00:00,34786.55078125,34957.578125,34662.53125
1989-08-25 00:00:00,34739.9296875,34892.01171875,34639.4609375
1989-08-28 00:00:00,34607.41015625,34749.3203125,34492.5703125
1989-08-29 00:00:00,34687.6484375,34687.6484375,34505.859375
1989-08-30 00:00:00,34471.66015625,34758.98828125,34423.28125
1989-08-31 00:00:00,34431.19921875,34515.5390625,34244.4296875
1989-09-01 00:00:00,34348.21875,34491.109375,34220.0
1989-09-04 00:00:00,34483.78125,34558.640625,34305.51171875
1989-09-05 00:00:00,34441.94921875,34635.0703125,34338.44921875
1989-09-06 00:00:00,34271.30859375,34435.69140625,34117.87109375
1989-09-07 00:00:00,34152.55859375,34299.75,34110.5390625
1989-09-08 00:00:00,34115.80859375,34315.6796875,34106.921875
1989-09-11 00:00:00,34113.66015625,34165.171875,33955.140625
1989-09-12 00:00:00,34332.87890625,34332.87890625,34091.37890625
1989-09-13 00:00:00,34286.94140625,34345.48046875,34185.58984375
1989-09-14 00:00:00,34401.87890625,34410.48046875,34261.921875
1989-09-18 00:00:00,34472.5390625,34525.41015625,34385.16015625
1989-09-19 00:00:00,34471.0703125,34581.01953125,34368.16015625
1989-09-20 00:00:00,34470.578125,34559.80859375,34448.1015625
1989-09-21 00:00:00,34745.01953125,34758.5,34536.6484375
1989-09-22 00:00:00,34771.7890625,34865.23046875,34732.51171875
1989-09-25 00:00:00,34960.7109375,34990.12890625,34834.05078125
1989-09-26 00:00:00,35444.8203125,35444.8203125,34974.9609375
1989-09-27 00:00:00,35370.5703125,35654.078125,35308.3515625
1989-09-28 00:00:00,35689.98046875,35689.98046875,35398.359375
1989-09-29 00:00:00,35636.76171875,35778.03125,35537.26953125
1989-10-02 00:00:00,35622.96875,35771.1796875,35612.6015625
1989-10-03 00:00:00,35366.37109375,35603.3984375,35293.48046875
1989-10-04 00:00:00,35382.80078125,35418.80078125,35337.80078125
1989-10-05 00:00:00,35522.98828125,35536.87890625,35381.73046875
1989-10-06 00:00:00,35209.3515625,35507.921875,35051.0703125
1989-10-09 00:00:00,35376.3515625,35405.19921875,35229.109375
1989-10-11 00:00:00,35240.0703125,35399.0390625,35005.76953125
1989-10-12 00:00:00,34795.05078125,35219.53125,34795.05078125
1989-10-13 00:00:00,35116.01953125,35118.9609375,34844.16015625
1989-10-16 00:00:00,34468.69140625,35075.62109375,34460.87109375
1989-10-17 00:00:00,34996.078125,35183.578125,34508.421875
1989-10-18 00:00:00,35107.55859375,35152.0390625,34991.671875
1989-10-19 00:00:00,35374.21875,35392.140625,35129.30859375
1989-10-20 00:00:00,35486.37890625,35611.37890625,35418.58984375
1989-10-23 00:00:00,35585.51953125,35670.05859375,35513.62109375
1989-10-24 00:00:00,35526.55078125,35651.16015625,35449.26171875
1989-10-25 00:00:00,35442.3984375,35645.46875,35442.3984375
1989-10-26 00:00:00,35678.48828125,35697.109375,35451.94140625
1989-10-27 00:00:00,35527.2890625,35742.96875,35374.71875
1989-10-30 00:00:00,35417.44140625,35523.171875,35335.8203125
1989-10-31 00:00:00,35549.44140625,35583.33984375,35413.12890625
1989-11-01 00:00:00,35564.4296875,35640.37109375,35453.2109375
1989-11-02 00:00:00,35494.859375,35555.7109375,35360.80078125
1989-11-06 00:00:00,35434.0,35573.25,35411.4609375
1989-11-07 00:00:00,35270.4609375,35371.08984375,35098.78125
1989-11-08 00:00:00,35595.58984375,35628.609375,35319.3515625
1989-11-09 00:00:00,35657.421875,35690.25,35466.62890625
1989-11-10 00:00:00,35663.19921875,35741.5,35595.48828125
1989-11-13 00:00:00,35750.12109375,35799.7109375,35677.609375
1989-11-14 00:00:00,35768.640625,35775.98828125,35696.71875
1989-11-15 00:00:00,35852.23046875,35976.78125,35805.390625
1989-11-16 00:00:00,35876.33984375,35953.16015625,35833.12109375
1989-11-17 00:00:00,35963.73828125,36025.48046875,35900.23828125
1989-11-20 00:00:00,35893.578125,35974.91015625,35882.01953125
1989-11-21 00:00:00,36059.87109375,36059.87109375,35920.23828125
1989-11-22 00:00:00,36286.921875,36387.6484375,36097.98828125
1989-11-24 00:00:00,36484.46875,36486.4296875,36304.75
1989-11-27 00:00:00,36881.53125,36883.19140625,36487.69921875
1989-11-28 00:00:00,36985.30078125,36987.16015625,36825.578125
1989-11-29 00:00:00,37021.4609375,37128.859375,36935.91015625
1989-11-30 00:00:00,37268.7890625,37268.7890625,37019.2109375
1989-12-01 00:00:00,37132.6796875,37332.578125,37058.6015625
1989-12-04 00:00:00,37303.87109375,37312.58984375,37124.44921875
1989-12-05 00:00:00,37494.171875,37548.4609375,37326.8984375
1989-12-06 00:00:00,37654.2890625,37654.2890625,37299.359375
1989-12-07 00:00:00,37858.109375,37858.109375,37549.53125
1989-12-08 00:00:00,37724.05859375,37880.16015625,37624.7890625
1989-12-11 00:00:00,37752.671875,37840.37109375,37688.0
1989-12-12 00:00:00,37803.53125,37899.94921875,37676.0390625
1989-12-13 00:00:00,38062.421875,38062.421875,37830.87109375
1989-12-14 00:00:00,38180.69921875,38201.5703125,37993.73046875
1989-12-15 00:00:00,38271.0390625,38272.91015625,38063.109375
1989-12-18 00:00:00,38586.1796875,38586.1796875,38304.4609375
1989-12-19 00:00:00,38439.1015625,38559.53125,38250.46875
1989-12-20 00:00:00,38512.0,38571.78125,38310.53125
1989-12-21 00:00:00,38215.48046875,38539.640625,38195.98046875
1989-12-22 00:00:00,38040.37109375,38428.421875,37862.62109375
1989-12-25 00:00:00,38423.62109375,38466.62890625,37905.140625
1989-12-26 00:00:00,38681.30859375,38786.12890625,38470.2890625
1989-12-27 00:00:00,38801.62890625,38884.2890625,38708.9609375
1989-12-28 00:00:00,38876.94140625,38920.37890625,38678.171875
1989-12-29 00:00:00,38915.87109375,38957.44140625,38827.7109375
1990-01-04 00:00:00,38712.87890625,38950.76953125,38705.140625
1990-01-05 00:00:00,38274.76171875,38786.62109375,38090.51171875
1990-01-08 00:00:00,38294.9609375,38564.23046875,38121.1015625
1990-01-09 00:00:00,37951.4609375,38296.62890625,37729.8515625
1990-01-10 00:00:00,37696.51171875,37927.62890625,37460.2890625
1990-01-11 00:00:00,38170.12890625,38170.12890625,37604.328125
1990-01-12 00:00:00,37516.76953125,38129.5390625,37516.76953125
1990-01-16 00:00:00,36850.359375,37469.41015625,36657.96875
1990-01-17 00:00:00,36821.140625,37285.44921875,36821.140625
1990-01-18 00:00:00,36729.4609375,37003.4296875,36521.37890625
1990-01-19 00:00:00,36836.5390625,36839.671875,36365.171875
1990-01-22 00:00:00,37257.01171875,37257.01171875,36851.25
1990-01-23 00:00:00,37378.01953125,37379.48828125,37018.0390625
1990-01-24 00:00:00,36778.98046875,37462.83984375,36683.26953125
1990-01-25 00:00:00,36969.109375,37081.78125,36766.12890625
1990-01-26 00:00:00,36874.0703125,37088.0703125,36845.71875
1990-01-29 00:00:00,37173.69921875,37224.7890625,36912.51171875
1990-01-30 00:00:00,37215.671875,37336.109375,37192.23046875
1990-01-31 00:00:00,37188.94921875,37208.078125,36957.23046875
1990-02-01 00:00:00,37206.421875,37332.19140625,37124.890625
1990-02-02 00:00:00,37650.1484375,37665.05859375,37256.05859375
1990-02-05 00:00:00,37631.41015625,37732.26953125,37583.44140625
1990-02-06 00:00:00,37666.828125,37886.69140625,37642.890625
1990-02-07 00:00:00,37301.87109375,37692.9296875,37255.671875
1990-02-08 00:00:00,37516.23828125,37516.23828125,37180.80859375
1990-02-09 00:00:00,37288.140625,37509.0703125,37192.87890625
1990-02-13 00:00:00,37107.03125,37350.9296875,37093.98828125
1990-02-14 00:00:00,37155.890625,37183.26171875,37018.25
1990-02-15 00:00:00,37471.98828125,37585.3984375,37186.3984375
1990-02-16 00:00:00,37460.3203125,37673.5,37405.46875
1990-02-19 00:00:00,37222.6015625,37610.51953125,37097.421875
1990-02-20 00:00:00,36895.51953125,37157.55859375,36868.140625
1990-02-21 00:00:00,35734.328125,36865.98828125,35694.890625
1990-02-22 00:00:00,35826.83984375,36148.33984375,35087.7109375
1990-02-23 00:00:00,34890.96875,35803.28125,34840.98046875
1990-02-26 00:00:00,33321.87109375,34863.078125,32443.1796875
1990-02-27 00:00:00,33897.94921875,34000.69140625,32793.23828125
1990-02-28 00:00:00,34591.98828125,34755.71875,33950.19921875
1990-03-01 00:00:00,33829.578125,34587.859375,33829.578125
1990-03-02 00:00:00,34057.55859375,34092.23046875,33771.140625
1990-03-05 00:00:00,33845.19921875,34118.05859375,33751.69140625
1990-03-06 00:00:00,33791.078125,33989.390625,33729.890625
1990-03-07 00:00:00,33362.33984375,33807.390625,33180.0390625
1990-03-08 00:00:00,33690.890625,33938.609375,32971.421875
1990-03-09 00:00:00,33993.12109375,34319.80859375,33724.08984375
1990-03-12 00:00:00,33368.23046875,34005.69921875,33366.26953125
1990-03-13 00:00:00,32620.5703125,33317.8515625,32620.5703125
1990-03-14 00:00:00,32352.130859375,32761.810546875,32279.5390625
1990-03-15 00:00:00,32671.640625,32720.169921875,32364.599609375
1990-03-16 00:00:00,32616.439453125,32918.28125,32471.66015625
1990-03-19 00:00:00,31263.240234375,32721.439453125,31198.2109375
1990-03-20 00:00:00,30807.189453125,31551.029296875,30570.080078125
1990-03-22 00:00:00,29843.33984375,30775.859375,28830.369140625
1990-03-23 00:00:00,30372.16015625,30372.16015625,29597.390625
1990-03-26 00:00:00,31840.490234375,31840.490234375,30378.16015625
1990-03-27 00:00:00,31825.9609375,32164.359375,31367.619140625
1990-03-28 00:00:00,31263.5703125,31799.609375,31107.2109375
1990-03-29 00:00:00,31026.16015625,31437.609375,30876.599609375
1990-03-30 00:00:00,29980.44921875,31002.0703125,29827.640625
1990-04-02 00:00:00,28002.0703125,29979.9609375,28002.0703125
1990-04-03 00:00:00,28759.720703125,28791.2109375,27678.1796875
1990-04-04 00:00:00,28442.939453125,29143.33984375,28090.23046875
1990-04-05 00:00:00,28249.060546875,28423.490234375,27251.0390625
1990-04-06 00:00:00,29278.779296875,29278.779296875,28274.23046875
1990-04-09 00:00:00,30397.9296875,30524.189453125,29297.73046875
1990-04-10 00:00:00,29624.6796875,30382.919921875,29624.6796875
1990-04-11 00:00:00,29440.279296875,30003.060546875,29340.1796875
1990-04-12 00:00:00,29623.19921875,29687.9609375,29127.640625
1990-04-13 00:00:00,29213.919921875,29586.279296875,28953.5
1990-04-16 00:00:00,28463.1796875,29153.009765625,28396.349609375
1990-04-17 00:00:00,28461.599609375,28861.30078125,28335.9296875
1990-04-18 00:00:00,29249.060546875,29250.349609375,28426.55078125
1990-04-19 00:00:00,29945.41015625,30034.44921875,29296.25
1990-04-20 00:00:00,29835.439453125,30200.490234375,29624.6796875
1990-04-23 00:00:00,29679.0703125,29953.41015625,29520.630859375
1990-04-24 00:00:00,29501.380859375,29629.91015625,29285.08984375
1990-04-25 00:00:00,29564.359375,29710.859375,29433.26953125
1990-04-26 00:00:00,29424.580078125,29679.5703125,29424.580078125
1990-04-27 00:00:00,29584.80078125,29636.720703125,29437.01953125
1990-05-01 00:00:00,29689.830078125,29691.01953125,29519.25
1990-05-02 00:00:00,30173.640625,30173.640625,29736.029296875
1990-05-07 00:00:00,30956.26953125,30956.66015625,30211.55078125
1990-05-08 00:00:00,30970.580078125,31039.880859375,30729.51953125
1990-05-09 00:00:00,30945.609375,31110.759765625,30834.75
1990-05-10 00:00:00,30980.259765625,31260.810546875,30957.16015625
1990-05-11 00:00:00,31512.140625,31513.130859375,31013.23046875
1990-05-14 00:00:00,32042.650390625,32071.080078125,31541.94921875
1990-05-15 00:00:00,31997.0390625,32323.30078125,31888.939453125
1990-05-16 00:00:00,31967.619140625,32083.119140625,31905.630859375
1990-05-17 00:00:00,32061.599609375,32178.6796875,31881.640625
1990-05-18 00:00:00,32013.720703125,32203.16015625,31870.48046875
1990-05-21 00:00:00,31765.05078125,31987.359375,31605.330078125
1990-05-22 00:00:00,31938.30078125,31938.30078125,31599.69921875
1990-05-23 00:00:00,32176.509765625,32316.779296875,31989.73046875
1990-05-24 00:00:00,32311.75,32328.919921875,32069.5
1990-05-25 00:00:00,32793.87890625,32838.890625,32340.380859375
1990-05-28 00:00:00,33191.609375,33224.19140625,32838.80078125
1990-05-29 00:00:00,32817.671875,33203.75,32776.6015625
1990-05-30 00:00:00,32926.26171875,33002.37109375,32465.349609375
1990-05-31 00:00:00,33130.80078125,33227.94140625,32876.51171875
1990-06-01 00:00:00,32891.12109375,33110.37109375,32831.390625
1990-06-04 00:00:00,32925.37109375,33081.9296875,32898.21875
1990-06-05 00:00:00,32921.62109375,33054.19921875,32855.6796875
1990-06-06 00:00:00,32953.5,33052.3203125,32838.98828125
1990-06-07 00:00:00,33192.5,33217.37109375,32937.01953125
1990-06-08 00:00:00,32993.2890625,33344.921875,32951.0390625
1990-06-11 00:00:00,32540.1796875,32963.96875,32487.9609375
1990-06-12 00:00:00,32322.310546875,32593.98046875,32284.599609375
1990-06-13 00:00:00,32371.76953125,32466.0390625,32190.51953125
1990-06-14 00:00:00,32668.109375,32755.970703125,32408.880859375
1990-06-15 00:00:00,32538.400390625,32714.310546875,32536.919921875
1990-06-18 00:00:00,32376.80078125,32634.349609375,32306.3203125
1990-06-19 00:00:00,32040.380859375,32324.189453125,31913.8203125
1990-06-20 00:00:00,32087.759765625,32182.330078125,32005.630859375
1990-06-21 00:00:00,32087.26953125,32316.880859375,31922.509765625
1990-06-22 00:00:00,31694.5703125,32040.380859375,31644.51953125
1990-06-25 00:00:00,31124.189453125,31637.7109375,31124.189453125
1990-06-26 00:00:00,31571.76953125,31572.849609375,31086.33984375
1990-06-27 00:00:00,32312.75,32312.75,31600.01953125
1990-06-28 00:00:00,32106.189453125,32338.830078125,31931.150390625
1990-06-29 00:00:00,31940.240234375,32342.98046875,31934.109375
1990-07-02 00:00:00,32160.23046875,32160.23046875,31766.080078125
1990-07-03 00:00:00,32414.599609375,32414.599609375,32133.94921875
1990-07-04 00:00:00,32445.919921875,32627.380859375,32398.69921875
1990-07-05 00:00:00,32351.669921875,32590.640625,32351.669921875
1990-07-06 00:00:00,32445.119140625,32482.26953125,32272.150390625
1990-07-09 00:00:00,32538.279296875,32608.7109375,32417.9609375
1990-07-10 00:00:00,32152.4296875,32552.900390625,32152.4296875
1990-07-11 00:00:00,32294.1796875,32456.779296875,32144.130859375
1990-07-12 00:00:00,32575.3203125,32577.7890625,32266.3203125
1990-07-13 00:00:00,32644.369140625,32767.859375,32524.05078125
1990-07-16 00:00:00,33021.73046875,33021.73046875,32677.859375
1990-07-17 00:00:00,33172.28125,33177.7109375,32968.78125
1990-07-18 00:00:00,33048.109375,33186.80078125,32971.94921875
1990-07-19 00:00:00,33055.62109375,33077.55078125,32847.87109375
1990-07-20 00:00:00,32421.51953125,33022.71875,32416.76953125
1990-07-23 00:00:00,31894.7890625,32421.119140625,31781.58984375
1990-07-24 00:00:00,31702.4609375,31924.029296875,31504.30078125
1990-07-25 00:00:00,31701.26953125,31845.900390625,31650.69921875
1990-07-26 00:00:00,31369.75,31794.529296875,31327.669921875
1990-07-27 00:00:00,30863.48046875,31341.400390625,30377.94921875
1990-07-30 00:00:00,30442.94921875,30846.490234375,30296.55078125
1990-07-31 00:00:00,31035.66015625,31040.69921875,30504.490234375
1990-08-01 00:00:00,30837.990234375,31371.529296875,30656.8203125
1990-08-02 00:00:00,30245.1796875,30799.9609375,29929.26953125
1990-08-03 00:00:00,29515.759765625,30221.76953125,29515.759765625
1990-08-06 00:00:00,28599.529296875,29486.119140625,28272.650390625
1990-08-07 00:00:00,27653.0703125,28598.5390625,27240.939453125
1990-08-08 00:00:00,28509.140625,28521.580078125,27572.560546875
1990-08-09 00:00:00,27615.73046875,28502.419921875,27615.73046875
1990-08-10 00:00:00,27329.55078125,27919.189453125,27168.23046875
1990-08-13 00:00:00,26176.4296875,27282.130859375,25913.759765625
1990-08-14 00:00:00,26672.529296875,26788.80078125,25949.220703125
1990-08-15 00:00:00,28112.119140625,28158.849609375,26716.880859375
1990-08-16 00:00:00,27549.439453125,28097.109375,27436.330078125
1990-08-17 00:00:00,26786.720703125,27526.8203125,26651.779296875
1990-08-20 00:00:00,26490.470703125,26923.5390625,26456.08984375
1990-08-21 00:00:00,26297.83984375,26956.140625,26297.83984375
1990-08-22 00:00:00,25210.91015625,26254.369140625,24844.509765625
1990-08-23 00:00:00,23737.630859375,25198.759765625,23649.2109375
1990-08-24 00:00:00,24165.759765625,24484.5390625,23547.26953125
1990-08-27 00:00:00,25141.759765625,25141.759765625,24183.439453125
1990-08-28 00:00:00,25710.759765625,25913.66015625,25145.7109375
1990-08-29 00:00:00,24894.7890625,25700.98046875,24854.98046875
1990-08-30 00:00:00,25669.9609375,25673.3203125,24750.76953125
1990-08-31 00:00:00,25978.369140625,26183.439453125,25560.900390625
1990-09-03 00:00:00,25420.4296875,26163.490234375,25417.859375
1990-09-04 00:00:00,24907.640625,25459.83984375,24803.01953125
1990-09-05 00:00:00,24078.33984375,24888.26953125,23640.51953125
1990-09-06 00:00:00,23811.91015625,24268.30078125,23620.369140625
1990-09-07 00:00:00,23962.0703125,24045.140625,23405.7109375
1990-09-10 00:00:00,25080.900390625,25080.900390625,23997.23046875
1990-09-11 00:00:00,24604.66015625,25064.009765625,24470.7109375
1990-09-12 00:00:00,25216.140625,25288.060546875,24463.599609375
1990-09-13 00:00:00,25075.080078125,25487.80078125,25012.349609375
1990-09-14 00:00:00,24897.4609375,25064.2109375,24834.240234375
1990-09-17 00:00:00,24365.599609375,24888.669921875,24286.48046875
1990-09-18 00:00:00,23884.8203125,24331.029296875,23308.310546875
1990-09-19 00:00:00,23726.169921875,24131.2890625,23726.169921875
1990-09-20 00:00:00,23602.98046875,23836.41015625,23432.1796875
1990-09-21 00:00:00,23777.830078125,23782.080078125,23049.990234375
1990-09-25 00:00:00,23359.3203125,23762.029296875,23218.5
1990-09-26 00:00:00,22250.619140625,23518.4296875,22250.619140625
1990-09-27 00:00:00,21771.91015625,22311.890625,21531.76953125
1990-09-28 00:00:00,20983.5,21756.19921875,20671.009765625
1990-10-01 00:00:00,20221.859375,21075.5,19781.69921875
1990-10-02 00:00:00,22898.41015625,22899.400390625,20221.859375
1990-10-03 00:00:00,22849.390625,23462.890625,22578.01953125
1990-10-04 00:00:00,22278.189453125,22829.029296875,22260.099609375
1990-10-05 00:00:00,22827.650390625,23139.740234375,22308.4296875
1990-10-08 00:00:00,23630.0,23630.0,22857.58984375
1990-10-09 00:00:00,23495.109375,23971.439453125,23361.69921875
1990-10-11 00:00:00,22585.630859375,23479.689453125,22521.19921875
1990-10-12 00:00:00,22390.16015625,22557.169921875,22131.830078125
1990-10-15 00:00:00,23109.19921875,23109.19921875,22404.08984375
1990-10-16 00:00:00,23606.099609375,23819.48046875,23143.41015625
1990-10-17 00:00:00,23859.359375,24053.939453125,23551.4609375
1990-10-18 00:00:00,24367.080078125,24367.080078125,23763.359375
1990-10-19 00:00:00,24481.490234375,25003.169921875,24363.919921875
1990-10-22 00:00:00,25070.859375,25232.380859375,24489.509765625
1990-10-23 00:00:00,25298.30078125,25432.900390625,25083.529296875
1990-10-24 00:00:00,24876.880859375,25271.279296875,24677.259765625
1990-10-25 00:00:00,25352.630859375,25485.849609375,24907.560546875
1990-10-26 00:00:00,25005.640625,25323.26953125,24866.080078125
1990-10-29 00:00:00,25329.310546875,25393.25,25004.259765625
1990-10-30 00:00:00,25242.400390625,25328.51953125,24885.1796875
1990-10-31 00:00:00,25194.099609375,25444.919921875,25144.7109375
1990-11-01 00:00:00,24295.16015625,25159.94921875,24204.689453125
1990-11-02 00:00:00,24194.990234375,24385.029296875,23671.98046875
1990-11-05 00:00:00,24385.330078125,24575.369140625,24232.009765625
1990-11-06 00:00:00,23965.75,24645.25,23867.66015625
1990-11-07 00:00:00,23500.25,23938.33984375,23401.4609375
1990-11-08 00:00:00,22969.810546875,23444.029296875,22833.7109375
1990-11-09 00:00:00,22931.80078125,22946.94921875,22482.0390625
1990-11-13 00:00:00,23973.669921875,23974.0703125,22938.73046875
1990-11-14 00:00:00,23937.439453125,24045.830078125,23629.51953125
1990-11-15 00:00:00,23487.48046875,23959.7109375,23453.23046875
1990-11-16 00:00:00,23171.630859375,23455.41015625,22874.390625
1990-11-19 00:00:00,23518.16015625,23518.16015625,23176.6796875
1990-11-20 00:00:00,23205.48046875,23478.669921875,23202.810546875
1990-11-21 00:00:00,22816.990234375,23158.169921875,22615.259765625
1990-11-22 00:00:00,23400.279296875,23400.279296875,22821.439453125
1990-11-26 00:00:00,23762.859375,23766.08984375,23416.779296875
1990-11-27 00:00:00,23623.509765625,23737.140625,23533.439453125
1990-11-28 00:00:00,23053.880859375,23767.060546875,23046.25
1990-11-29 00:00:00,22712.599609375,23030.900390625,22265.599609375
1990-11-30 00:00:00,22454.630859375,22684.0390625,21933.990234375
1990-12-03 00:00:00,22725.990234375,23033.740234375,22456.869140625
1990-12-04 00:00:00,21862.609375,22679.05078125,21862.41015625
1990-12-05 00:00:00,22193.720703125,22250.640625,21626.640625
1990-12-06 00:00:00,22553.099609375,22609.130859375,22238.80078125
1990-12-07 00:00:00,23522.490234375,23538.240234375,22592.310546875
1990-12-10 00:00:00,23784.669921875,23862.41015625,23350.869140625
1990-12-11 00:00:00,23956.970703125,24006.16015625,23433.5
1990-12-12 00:00:00,23999.41015625,24325.83984375,23893.2109375
1990-12-13 00:00:00,24642.970703125,24642.970703125,24036.279296875
1990-12-14 00:00:00,24349.5,24637.490234375,24173.669921875
1990-12-17 00:00:00,24087.91015625,24326.91015625,24017.109375
1990-12-18 00:00:00,24424.01953125,24424.01953125,24093.880859375
1990-12-19 00:00:00,24876.779296875,25063.859375,24473.2109375
1990-12-20 00:00:00,24524.939453125,24853.41015625,24515.939453125
1990-12-21 00:00:00,24119.599609375,24494.619140625,23963.919921875
1990-12-25 00:00:00,23767.880859375,24089.9296875,23767.880859375
1990-12-26 00:00:00,23887.560546875,23975.630859375,23695.470703125
1990-12-27 00:00:00,23940.69921875,24263.630859375,23865.83984375
1990-12-28 00:00:00,23848.7109375,24055.2890625,23770.720703125
1991-01-04 00:00:00,24069.1796875,24109.890625,23796.359375
1991-01-07 00:00:00,23736.5703125,24036.990234375,23735.58984375
1991-01-08 00:00:00,22897.83984375,23707.69921875,22859.279296875
1991-01-09 00:00:00,22969.26953125,23098.740234375,22662.490234375
1991-01-10 00:00:00,23047.359375,23184.75,22711.91015625
1991-01-11 00:00:00,23241.01953125,23241.01953125,22855.759765625
1991-01-14 00:00:00,23213.23046875,23238.869140625,22911.150390625
1991-01-16 00:00:00,22442.69921875,23140.23046875,22382.23046875
1991-01-17 00:00:00,23446.810546875,23446.810546875,22099.51953125
1991-01-18 00:00:00,23808.30078125,24050.30078125,23322.5390625
1991-01-21 00:00:00,23352.189453125,23755.259765625,23352.189453125
1991-01-22 00:00:00,23253.650390625,23497.41015625,23201.6796875
1991-01-23 00:00:00,23050.099609375,23173.2109375,22951.560546875
1991-01-24 00:00:00,23269.009765625,23394.560546875,23114.390625
1991-01-25 00:00:00,23573.25,23607.990234375,23342.990234375
1991-01-28 00:00:00,23569.439453125,23574.919921875,23463.150390625
1991-01-29 00:00:00,23460.119140625,23608.5,23422.240234375
1991-01-30 00:00:00,23409.609375,23554.759765625,23405.400390625
1991-01-31 00:00:00,23293.140625,23654.689453125,23222.369140625
1991-02-01 00:00:00,23156.69921875,23270.630859375,22859.650390625
1991-02-04 00:00:00,23287.359375,23294.01953125,23134.6796875
1991-02-05 00:00:00,23821.5703125,23821.869140625,23367.0390625
1991-02-06 00:00:00,23952.0390625,24310.849609375,23877.0703125
1991-02-07 00:00:00,24104.4296875,24162.279296875,23926.30078125
1991-02-08 00:00:00,24296.080078125,24384.0703125,24091.609375
1991-02-12 00:00:00,24935.009765625,25074.2890625,24333.0703125
1991-02-13 00:00:00,25139.470703125,25225.80078125,24881.470703125
1991-02-14 00:00:00,25356.369140625,25406.279296875,25184.990234375
1991-02-15 00:00:00,25343.740234375,25344.51953125,25010.470703125
1991-02-18 00:00:00,26230.009765625,26230.009765625,25378.390625
1991-02-19 00:00:00,26166.98046875,26481.75,26051.779296875
1991-02-20 00:00:00,26198.7890625,26340.3203125,25836.060546875
1991-02-21 00:00:00,26024.369140625,26217.189453125,25954.2890625
1991-02-22 00:00:00,25902.810546875,26264.560546875,25902.810546875
1991-02-25 00:00:00,26462.759765625,26466.76953125,25852.109375
1991-02-26 00:00:00,26282.9609375,26709.80078125,26255.4609375
1991-02-27 00:00:00,26094.25,26229.130859375,25986.689453125
1991-02-28 00:00:00,26409.220703125,26623.669921875,26176.759765625
1991-03-01 00:00:00,25881.5703125,26389.25,25856.7109375
1991-03-04 00:00:00,25976.01953125,26028.970703125,25812.5703125
1991-03-05 00:00:00,25913.48046875,26148.869140625,25896.740234375
1991-03-06 00:00:00,26382.990234375,26389.939453125,25981.69921875
1991-03-07 00:00:00,26397.9609375,26478.119140625,26244.30078125
1991-03-08 00:00:00,26607.51953125,26607.51953125,26379.470703125
1991-03-11 00:00:00,26669.369140625,26753.83984375,26610.16015625
1991-03-12 00:00:00,26727.419921875,26744.5390625,26605.66015625
1991-03-13 00:00:00,26418.3203125,26692.080078125,26389.060546875
1991-03-14 00:00:00,26542.330078125,26591.470703125,26366.44921875
1991-03-15 00:00:00,26843.099609375,27003.4296875,26521.880859375
1991-03-18 00:00:00,27146.91015625,27270.330078125,26916.220703125
1991-03-19 00:00:00,27006.66015625,27193.310546875,26926.890625
1991-03-20 00:00:00,26449.349609375,26903.099609375,26448.5703125
1991-03-22 00:00:00,26613.189453125,26782.720703125,26513.75
1991-03-25 00:00:00,26645.7890625,26802.779296875,26602.619140625
1991-03-26 00:00:00,26339.380859375,26708.060546875,26323.400390625
1991-03-27 00:00:00,26104.650390625,26609.4296875,26104.650390625
1991-03-28 00:00:00,26206.919921875,26316.30078125,25785.970703125
1991-03-29 00:00:00,26292.0390625,26339.779296875,26085.41015625
1991-04-01 00:00:00,26007.400390625,26237.7890625,25914.2890625
1991-04-02 00:00:00,26252.0,26274.580078125,25913.599609375
1991-04-03 00:00:00,26780.060546875,26803.4296875,26322.7109375
1991-04-04 00:00:00,26689.810546875,26792.6796875,26608.439453125
1991-04-05 00:00:00,26767.330078125,26787.259765625,26598.189453125
1991-04-08 00:00:00,26607.650390625,26825.330078125,26591.48046875
1991-04-09 00:00:00,26317.390625,26586.740234375,26317.390625
1991-04-10 00:00:00,26268.859375,26369.759765625,26190.55078125
1991-04-11 00:00:00,26425.189453125,26444.130859375,26211.0703125
1991-04-12 00:00:00,26582.5,26606.669921875,26392.5390625
1991-04-15 00:00:00,26695.529296875,26896.140625,26620.080078125
1991-04-16 00:00:00,26813.30078125,26894.26953125,26615.349609375
1991-04-17 00:00:00,26980.369140625,27092.01953125,26859.349609375
1991-04-18 00:00:00,26798.900390625,27042.900390625,26699.669921875
1991-04-19 00:00:00,26541.970703125,26753.130859375,26516.8203125
1991-04-22 00:00:00,26237.009765625,26492.44921875,26237.009765625
1991-04-23 00:00:00,26491.5703125,26568.890625,26078.310546875
1991-04-24 00:00:00,26330.2109375,26585.66015625,26329.220703125
1991-04-25 00:00:00,26038.859375,26341.849609375,26037.869140625
1991-04-26 00:00:00,26123.6796875,26256.0390625,25994.279296875
1991-04-30 00:00:00,26111.25,26258.609375,26094.08984375
1991-05-01 00:00:00,26489.0,26529.83984375,26193.609375
1991-05-02 00:00:00,26477.859375,26648.580078125,26414.439453125
1991-05-07 00:00:00,26342.140625,26523.619140625,26326.359375
1991-05-08 00:00:00,26309.7890625,26367.990234375,26178.220703125
1991-05-09 00:00:00,26438.5,26470.359375,26290.359375
1991-05-10 00:00:00,26274.2890625,26449.060546875,26212.640625
1991-05-13 00:00:00,26093.19921875,26338.490234375,26092.220703125
1991-05-14 00:00:00,26030.080078125,26283.4609375,26030.080078125
1991-05-15 00:00:00,25822.470703125,26001.6796875,25741.689453125
1991-05-16 00:00:00,25520.26953125,25771.380859375,25497.48046875
1991-05-17 00:00:00,25701.939453125,25789.130859375,25582.900390625
1991-05-20 00:00:00,25523.029296875,25738.73046875,25330.69921875
1991-05-21 00:00:00,25481.2109375,25556.470703125,25227.640625
1991-05-22 00:00:00,25398.66015625,25768.51953125,25398.66015625
1991-05-23 00:00:00,25643.650390625,25721.26953125,25350.8203125
1991-05-24 00:00:00,25529.140625,25741.099609375,25451.330078125
1991-05-27 00:00:00,25425.880859375,25638.130859375,25353.490234375
1991-05-28 00:00:00,25390.669921875,25517.41015625,25340.9609375
1991-05-29 00:00:00,25495.41015625,25649.76953125,25456.75
1991-05-30 00:00:00,25647.400390625,25719.990234375,25555.76953125
1991-05-31 00:00:00,25789.619140625,25901.470703125,25716.740234375
1991-06-03 00:00:00,25912.609375,26017.16015625,25745.33984375
1991-06-04 00:00:00,25556.859375,25817.630859375,25539.5
1991-06-05 00:00:00,25289.5703125,25625.41015625,25271.4296875
1991-06-06 00:00:00,24984.119140625,25299.240234375,24912.119140625
1991-06-07 00:00:00,25035.109375,25212.55078125,25027.3203125
1991-06-10 00:00:00,24598.380859375,25001.080078125,24598.380859375
1991-06-11 00:00:00,24662.58984375,24721.26953125,24460.30078125
1991-06-12 00:00:00,24482.689453125,24876.3203125,24482.689453125
1991-06-13 00:00:00,24808.169921875,24808.169921875,24334.349609375
1991-06-14 00:00:00,25093.890625,25135.810546875,24824.5390625
1991-06-17 00:00:00,24943.08984375,25100.310546875,24892.400390625
1991-06-18 00:00:00,24685.470703125,24885.390625,24649.369140625
1991-06-19 00:00:00,23996.75,24657.4609375,23894.9609375
1991-06-20 00:00:00,24082.259765625,24218.26953125,23885.2890625
1991-06-21 00:00:00,24275.080078125,24427.75,24048.4296875
1991-06-24 00:00:00,23765.4609375,24263.0390625,23763.390625
1991-06-25 00:00:00,23907.419921875,23907.419921875,23435.55078125
1991-06-26 00:00:00,23766.380859375,24122.580078125,23743.580078125
1991-06-27 00:00:00,23543.029296875,23834.779296875,23391.140625
1991-06-28 00:00:00,23290.9609375,23716.25,23214.5703125
1991-07-01 00:00:00,24108.759765625,24180.419921875,23376.529296875
1991-07-02 00:00:00,23995.759765625,24322.439453125,23995.759765625
1991-07-03 00:00:00,23373.470703125,23924.30078125,23343.560546875
1991-07-04 00:00:00,23135.609375,23315.0390625,22901.5
1991-07-05 00:00:00,22898.33984375,23364.0,22898.33984375
1991-07-08 00:00:00,22176.169921875,22970.490234375,22175.2890625
1991-07-09 00:00:00,22608.9609375,22668.48046875,21731.150390625
1991-07-10 00:00:00,23121.30078125,23179.23046875,22519.740234375
1991-07-11 00:00:00,22937.919921875,23089.810546875,22877.7109375
1991-07-12 00:00:00,23137.779296875,23153.279296875,22963.580078125
1991-07-15 00:00:00,23459.0390625,23522.80078125,23193.939453125
1991-07-16 00:00:00,23375.150390625,23598.30078125,23374.16015625
1991-07-17 00:00:00,23060.69921875,23307.640625,23047.369140625
1991-07-18 00:00:00,22908.7109375,23045.099609375,22659.890625
1991-07-19 00:00:00,22866.359375,23063.759765625,22840.599609375
1991-07-22 00:00:00,22705.2890625,23005.630859375,22705.2890625
1991-07-23 00:00:00,22758.98046875,22841.7890625,22540.560546875
1991-07-24 00:00:00,23297.470703125,23297.470703125,22779.01953125
1991-07-25 00:00:00,23332.7109375,23441.1796875,23211.7109375
1991-07-26 00:00:00,23519.0703125,23675.400390625,23101.279296875
1991-07-29 00:00:00,23443.580078125,23664.919921875,23418.080078125
1991-07-30 00:00:00,23872.630859375,23956.130859375,23466.900390625
1991-07-31 00:00:00,24120.75,24156.51953125,23905.4296875
1991-08-01 00:00:00,24072.73046875,24074.310546875,23855.830078125
1991-08-02 00:00:00,24027.970703125,24047.83984375,23821.98046875
1991-08-05 00:00:00,23833.25,24084.310546875,23830.189453125
1991-08-06 00:00:00,23464.9609375,23789.26953125,23463.380859375
1991-08-07 00:00:00,23691.01953125,23703.5703125,23430.9609375
1991-08-08 00:00:00,23482.4609375,23839.1796875,23475.0390625
1991-08-09 00:00:00,23434.619140625,23539.08984375,23372.740234375
1991-08-12 00:00:00,22985.669921875,23414.55078125,22985.669921875
1991-08-13 00:00:00,22872.0,23113.970703125,22843.73046875
1991-08-14 00:00:00,23393.30078125,23393.30078125,22903.630859375
1991-08-15 00:00:00,23018.6796875,23365.029296875,23018.6796875
1991-08-16 00:00:00,22814.369140625,23138.880859375,22797.5703125
1991-08-19 00:00:00,21456.759765625,22778.58984375,21454.779296875
1991-08-20 00:00:00,21687.060546875,21872.0,21309.48046875
1991-08-21 00:00:00,22051.599609375,22441.33984375,21746.369140625
1991-08-22 00:00:00,22515.76953125,22683.400390625,22110.80078125
1991-08-23 00:00:00,22065.33984375,22481.9609375,22024.609375
1991-08-26 00:00:00,21592.26953125,22064.5390625,21533.560546875
1991-08-27 00:00:00,21641.30078125,21872.390625,21459.23046875
1991-08-28 00:00:00,21621.630859375,21802.310546875,21572.2109375
1991-08-29 00:00:00,22002.169921875,22057.4296875,21708.01953125
1991-08-30 00:00:00,22335.869140625,22350.0,22059.109375
1991-09-02 00:00:00,22469.009765625,22594.439453125,22175.05078125
1991-09-03 00:00:00,22469.80078125,22597.2109375,22419.0
1991-09-04 00:00:00,22402.689453125,22462.490234375,22311.849609375
1991-09-05 00:00:00,22499.650390625,22620.640625,22369.669921875
1991-09-06 00:00:00,22692.599609375,22998.91015625,22489.470703125
1991-09-09 00:00:00,22573.98046875,22954.240234375,22573.98046875
1991-09-10 00:00:00,22411.580078125,22612.4296875,22355.5390625
1991-09-11 00:00:00,22504.7890625,22573.890625,22270.140625
1991-09-12 00:00:00,22530.19921875,22722.55078125,22504.890625
1991-09-13 00:00:00,23134.4296875,23134.4296875,22557.76953125
1991-09-17 00:00:00,23443.609375,23559.650390625,23182.169921875
1991-09-18 00:00:00,23317.779296875,23499.060546875,23258.5703125
1991-09-19 00:00:00,23332.310546875,23581.599609375,23219.830078125
1991-09-20 00:00:00,23192.740234375,23554.91015625,23179.400390625
1991-09-24 00:00:00,23333.69921875,23462.2890625,23182.859375
1991-09-25 00:00:00,23577.419921875,23623.91015625,23403.650390625
1991-09-26 00:00:00,23968.080078125,23973.73046875,23536.580078125
1991-09-27 00:00:00,23969.470703125,24157.609375,23927.33984375
1991-09-30 00:00:00,23916.439453125,24045.900390625,23862.41015625
1991-10-01 00:00:00,24377.009765625,24441.6796875,23861.669921875
1991-10-02 00:00:00,24375.109375,24476.560546875,24323.33984375
1991-10-03 00:00:00,24711.439453125,24746.23046875,24261.76953125
1991-10-04 00:00:00,24596.900390625,24702.55078125,24439.98046875
1991-10-07 00:00:00,24330.830078125,24559.51953125,24311.740234375
1991-10-08 00:00:00,24155.619140625,24387.109375,24155.619140625
1991-10-09 00:00:00,24485.259765625,24485.259765625,24114.640625
1991-10-11 00:00:00,24157.720703125,24466.76953125,24139.330078125
1991-10-14 00:00:00,23860.669921875,24234.779296875,23860.669921875
1991-10-15 00:00:00,24307.650390625,24307.650390625,23916.029296875
1991-10-16 00:00:00,24334.669921875,24423.5390625,24221.380859375
1991-10-17 00:00:00,24439.849609375,24643.109375,24344.6796875
1991-10-18 00:00:00,24894.8203125,24897.919921875,24486.390625
1991-10-21 00:00:00,25016.810546875,25101.48046875,24918.330078125
1991-10-22 00:00:00,24954.66015625,24994.0,24755.099609375
1991-10-23 00:00:00,24799.939453125,24891.109375,24716.369140625
1991-10-24 00:00:00,24949.259765625,25087.869140625,24837.5703125
1991-10-25 00:00:00,24906.4296875,24973.580078125,24819.859375
1991-10-28 00:00:00,24901.720703125,25023.51953125,24864.08984375
1991-10-29 00:00:00,25140.609375,25254.5,25000.099609375
1991-10-30 00:00:00,24981.1796875,25254.80078125,24981.1796875
1991-10-31 00:00:00,25222.279296875,25222.779296875,24957.26953125
1991-11-01 00:00:00,25044.240234375,25167.130859375,24948.259765625
1991-11-05 00:00:00,24950.859375,25100.6796875,24886.810546875
1991-11-06 00:00:00,24750.19921875,24910.529296875,24721.6796875
1991-11-07 00:00:00,24446.759765625,24844.98046875,24446.759765625
1991-11-08 00:00:00,24486.490234375,24678.33984375,24389.109375
1991-11-11 00:00:00,24232.990234375,24437.849609375,24232.990234375
1991-11-12 00:00:00,24667.73046875,24689.150390625,24259.109375
1991-11-13 00:00:00,24416.23046875,24814.349609375,24416.23046875
1991-11-14 00:00:00,24176.5390625,24549.640625,24089.169921875
1991-11-15 00:00:00,24099.1796875,24244.5,23993.2890625
1991-11-18 00:00:00,23400.119140625,24010.91015625,23309.94921875
1991-11-19 00:00:00,23326.859375,23673.240234375,23325.859375
1991-11-20 00:00:00,23199.859375,23334.869140625,23018.310546875
1991-11-21 00:00:00,23177.83984375,23378.5,22997.80078125
1991-11-22 00:00:00,23117.390625,23209.76953125,22925.0390625
1991-11-25 00:00:00,22868.689453125,23077.9609375,22762.810546875
1991-11-26 00:00:00,23112.08984375,23162.9296875,22895.01953125
1991-11-27 00:00:00,22973.279296875,23307.849609375,22973.279296875
1991-11-28 00:00:00,22780.419921875,22938.650390625,22634.91015625
1991-11-29 00:00:00,22687.349609375,22965.0703125,22538.330078125
1991-12-02 00:00:00,21992.2890625,22645.51953125,21992.2890625
1991-12-03 00:00:00,22166.830078125,22364.58984375,21923.240234375
1991-12-04 00:00:00,22669.439453125,22737.390625,22181.55078125
1991-12-05 00:00:00,22459.169921875,22650.220703125,22403.119140625
1991-12-06 00:00:00,22445.060546875,22494.900390625,22336.169921875
1991-12-09 00:00:00,22352.880859375,22435.05078125,22251.30078125
1991-12-10 00:00:00,21953.060546875,22349.580078125,21832.76953125
1991-12-11 00:00:00,21502.900390625,21900.720703125,21123.900390625
1991-12-12 00:00:00,21712.5703125,22034.529296875,21552.439453125
1991-12-13 00:00:00,22754.900390625,22758.609375,21716.0703125
1991-12-16 00:00:00,22836.669921875,22893.8203125,22546.83984375
1991-12-17 00:00:00,22736.2890625,22996.099609375,22735.7890625
1991-12-18 00:00:00,22629.900390625,22670.140625,22402.3203125
1991-12-19 00:00:00,21991.189453125,22551.939453125,21973.880859375
1991-12-20 00:00:00,21777.119140625,22200.9609375,21768.009765625
1991-12-24 00:00:00,21664.529296875,22244.099609375,21452.259765625
1991-12-25 00:00:00,22461.169921875,22464.48046875,21705.6796875
1991-12-26 00:00:00,22555.0703125,22813.310546875,22356.150390625
1991-12-27 00:00:00,22437.3203125,22809.69921875,22388.619140625
1991-12-30 00:00:00,22983.76953125,23022.349609375,22507.970703125
1992-01-06 00:00:00,23801.1796875,23801.779296875,23030.66015625
1992-01-07 00:00:00,23566.390625,23901.890625,23514.279296875
1992-01-08 00:00:00,22715.0,23539.529296875,22704.6796875
1992-01-09 00:00:00,23113.640625,23114.5390625,22544.33984375
1992-01-10 00:00:00,22381.900390625,23018.240234375,22203.029296875
1992-01-13 00:00:00,21696.859375,22299.630859375,21596.94921875
1992-01-14 00:00:00,21775.130859375,22019.939453125,21662.990234375
1992-01-16 00:00:00,21612.189453125,22134.880859375,21500.55078125
1992-01-17 00:00:00,21321.369140625,21660.2890625,21145.7109375
1992-01-20 00:00:00,20913.8203125,21381.0,20684.740234375
1992-01-21 00:00:00,20858.30078125,21241.310546875,20638.0390625
1992-01-22 00:00:00,21534.119140625,21534.119140625,20702.98046875
1992-01-23 00:00:00,21580.720703125,21794.169921875,21440.529296875
1992-01-24 00:00:00,21072.150390625,21527.810546875,21008.919921875
1992-01-27 00:00:00,21007.109375,21078.869140625,20859.609375
1992-01-28 00:00:00,21390.51953125,21420.779296875,21027.66015625
1992-01-29 00:00:00,21362.259765625,21581.01953125,21218.060546875
1992-01-30 00:00:00,21557.669921875,21779.140625,21334.30078125
1992-01-31 00:00:00,22023.05078125,22343.220703125,21620.400390625
1992-02-03 00:00:00,22139.58984375,22340.919921875,21973.94921875
1992-02-04 00:00:00,21999.599609375,22116.5390625,21836.16015625
1992-02-05 00:00:00,21936.369140625,22135.580078125,21844.669921875
1992-02-06 00:00:00,22104.919921875,22284.80078125,21975.05078125
1992-02-07 00:00:00,22107.119140625,22373.080078125,22103.419921875
1992-02-10 00:00:00,21819.51953125,22054.109375,21819.51953125
1992-02-12 00:00:00,21541.640625,21781.439453125,21475.599609375
1992-02-13 00:00:00,21391.01953125,21596.650390625,21349.330078125
1992-02-14 00:00:00,20883.859375,21405.849609375,20883.859375
1992-02-17 00:00:00,21324.98046875,21325.6796875,20574.009765625
1992-02-18 00:00:00,20872.029296875,21294.01953125,20807.400390625
1992-02-19 00:00:00,20618.30078125,20793.76953125,20485.720703125
1992-02-20 00:00:00,20771.919921875,20837.359375,20621.0
1992-02-21 00:00:00,21291.810546875,21291.810546875,20849.98046875
1992-02-24 00:00:00,20973.240234375,21286.69921875,20890.369140625
1992-02-25 00:00:00,21025.55078125,21093.900390625,20743.560546875
1992-02-26 00:00:00,21364.76953125,21376.689453125,20940.0703125
1992-02-27 00:00:00,21333.69921875,21547.650390625,21302.740234375
1992-02-28 00:00:00,21338.810546875,21375.189453125,21241.109375
1992-03-02 00:00:00,21487.8203125,21550.859375,21342.619140625
1992-03-03 00:00:00,21051.7109375,21529.609375,21051.7109375
1992-03-04 00:00:00,21105.419921875,21112.240234375,20862.7109375
1992-03-05 00:00:00,20864.419921875,21112.439453125,20864.419921875
1992-03-06 00:00:00,20992.990234375,21113.5390625,20841.470703125
1992-03-09 00:00:00,20797.6796875,20989.779296875,20696.060546875
1992-03-10 00:00:00,20854.58984375,20854.58984375,20627.01953125
1992-03-11 00:00:00,20592.140625,20811.30078125,20567.58984375
1992-03-12 00:00:00,20561.880859375,20713.900390625,20331.599609375
1992-03-13 00:00:00,20456.060546875,20590.740234375,20168.150390625
1992-03-16 00:00:00,19837.16015625,20442.529296875,19790.16015625
1992-03-17 00:00:00,19917.630859375,19990.6796875,19687.939453125
1992-03-18 00:00:00,19764.310546875,19878.140625,19490.529296875
1992-03-19 00:00:00,20185.08984375,20213.94921875,19732.83984375
1992-03-23 00:00:00,20239.599609375,20434.7109375,20160.240234375
1992-03-24 00:00:00,19891.5703125,20199.51953125,19866.3203125
1992-03-25 00:00:00,20226.779296875,20230.1796875,19813.810546875
1992-03-26 00:00:00,19885.490234375,20350.66015625,19885.2890625
1992-03-27 00:00:00,19636.990234375,19942.7890625,19587.109375
1992-03-30 00:00:00,19669.310546875,19807.310546875,19445.91015625
1992-03-31 00:00:00,19345.94921875,19914.689453125,19343.33984375
1992-04-01 00:00:00,18581.7890625,19325.470703125,18562.630859375
1992-04-02 00:00:00,18286.029296875,18804.400390625,18023.580078125
1992-04-03 00:00:00,18559.7109375,18559.7109375,17846.55078125
1992-04-06 00:00:00,18436.369140625,18670.810546875,18376.859375
1992-04-07 00:00:00,17791.55078125,18449.8203125,17775.390625
1992-04-08 00:00:00,17175.529296875,17742.669921875,16892.310546875
1992-04-09 00:00:00,16598.150390625,17585.509765625,16598.150390625
1992-04-10 00:00:00,17850.66015625,17850.66015625,16622.240234375
1992-04-13 00:00:00,17236.650390625,17938.380859375,17153.25
1992-04-14 00:00:00,17439.580078125,17607.689453125,16879.970703125
1992-04-15 00:00:00,17948.009765625,18041.44921875,17492.470703125
1992-04-16 00:00:00,17959.759765625,18192.890625,17769.26953125
1992-04-17 00:00:00,17580.689453125,17916.900390625,17490.060546875
1992-04-20 00:00:00,17071.359375,17548.0703125,16935.669921875
1992-04-21 00:00:00,16787.330078125,17124.55078125,16682.859375
1992-04-22 00:00:00,16839.119140625,16930.75,16572.4609375
1992-04-23 00:00:00,17402.05078125,17431.05078125,16832.5
1992-04-24 00:00:00,17542.44921875,17563.029296875,17120.630859375
1992-04-27 00:00:00,17450.51953125,17615.720703125,17301.080078125
1992-04-28 00:00:00,17527.400390625,17606.779296875,17379.16015625
1992-04-30 00:00:00,17390.7109375,17581.7890625,17363.810546875
1992-05-01 00:00:00,17303.390625,17453.73046875,17273.380859375
1992-05-06 00:00:00,17878.66015625,17929.650390625,17325.76953125
1992-05-07 00:00:00,18410.880859375,18410.880859375,17653.75
1992-05-08 00:00:00,18375.94921875,18500.0,18172.419921875
1992-05-11 00:00:00,18608.08984375,18666.69921875,18407.869140625
1992-05-12 00:00:00,18508.529296875,18716.580078125,18468.890625
1992-05-13 00:00:00,18768.5703125,18803.7890625,18425.830078125
1992-05-14 00:00:00,18804.599609375,19003.609375,18804.08984375
1992-05-15 00:00:00,18074.26953125,18762.75,18034.01953125
1992-05-18 00:00:00,18443.099609375,18458.05078125,18128.16015625
1992-05-19 00:00:00,18754.109375,18775.7890625,18479.529296875
1992-05-20 00:00:00,18674.9296875,18927.640625,18635.890625
1992-05-21 00:00:00,18691.2890625,18760.740234375,18552.990234375
1992-05-22 00:00:00,18221.0,18621.5390625,18191.390625
1992-05-25 00:00:00,18555.0,18555.0,18221.69921875
1992-05-26 00:00:00,18204.640625,18519.669921875,18203.529296875
1992-05-27 00:00:00,17822.560546875,18167.099609375,17648.029296875
1992-05-28 00:00:00,17931.25,17944.19921875,17686.0703125
1992-05-29 00:00:00,18347.75,18363.509765625,17968.08984375
1992-06-01 00:00:00,18004.109375,18502.609375,18003.310546875
1992-06-02 00:00:00,18125.55078125,18308.109375,17953.330078125
1992-06-03 00:00:00,18188.6796875,18316.939453125,18118.4296875
1992-06-04 00:00:00,17964.0703125,18182.259765625,17892.609375
1992-06-05 00:00:00,17790.0390625,17900.0390625,17724.310546875
1992-06-08 00:00:00,17655.060546875,17795.560546875,17390.310546875
1992-06-09 00:00:00,17845.0390625,17861.5,17550.279296875
1992-06-10 00:00:00,17742.869140625,17972.19921875,17576.0703125
1992-06-11 00:00:00,17709.05078125,17885.689453125,17648.939453125
1992-06-12 00:00:00,17383.6796875,17784.9296875,17331.490234375
1992-06-15 00:00:00,16953.23046875,17339.419921875,16926.23046875
1992-06-16 00:00:00,16953.529296875,17132.580078125,16864.91015625
1992-06-17 00:00:00,16445.80078125,16923.3203125,16444.69921875
1992-06-18 00:00:00,16045.5595703125,16403.650390625,16030.91015625
1992-06-19 00:00:00,16519.869140625,16544.66015625,16088.51953125
1992-06-22 00:00:00,15921.2197265625,16649.640625,15885.7900390625
1992-06-23 00:00:00,16106.990234375,16215.3798828125,15860.900390625
1992-06-24 00:00:00,15853.669921875,16313.330078125,15816.0400390625
1992-06-25 00:00:00,16143.7197265625,16217.8798828125,15733.1396484375
1992-06-26 00:00:00,15812.73046875,16227.2197265625,15759.740234375
1992-06-29 00:00:00,15741.26953125,15881.76953125,15641.6103515625
1992-06-30 00:00:00,15951.73046875,16060.919921875,15785.1298828125
1992-07-01 00:00:00,16325.0703125,16326.0703125,15731.830078125
1992-07-02 00:00:00,16757.630859375,16802.7890625,16239.759765625
1992-07-03 00:00:00,16717.779296875,16956.0390625,16617.720703125
1992-07-06 00:00:00,16657.0703125,16852.169921875,16624.75
1992-07-07 00:00:00,16459.55078125,16709.859375,16420.810546875
1992-07-08 00:00:00,16600.259765625,16600.259765625,16271.6796875
1992-07-09 00:00:00,16848.66015625,16927.240234375,16571.759765625
1992-07-10 00:00:00,16783.720703125,17023.890625,16715.580078125
1992-07-13 00:00:00,17201.73046875,17201.73046875,16742.26953125
1992-07-14 00:00:00,17064.630859375,17258.73046875,16961.759765625
1992-07-15 00:00:00,17116.919921875,17274.490234375,17092.130859375
1992-07-16 00:00:00,16987.66015625,17097.650390625,16917.69921875
1992-07-17 00:00:00,16548.0703125,16969.2890625,16548.0703125
1992-07-20 00:00:00,15884.48046875,16489.859375,15854.3798828125
1992-07-21 00:00:00,16002.41015625,16055.2998046875,15770.669921875
1992-07-22 00:00:00,15541.9501953125,16059.6103515625,15432.3603515625
1992-07-23 00:00:00,16039.9404296875,16084.2998046875,15333.0
1992-07-24 00:00:00,15497.7900390625,16014.5498046875,15490.5703125
1992-07-27 00:00:00,15373.33984375,15974.3095703125,15288.33984375
1992-07-28 00:00:00,15426.6396484375,15510.5400390625,15200.8203125
1992-07-29 00:00:00,15095.9501953125,15605.98046875,15024.58984375
1992-07-30 00:00:00,15555.599609375,15586.3095703125,15152.349609375
1992-07-31 00:00:00,15910.2802734375,15967.1796875,15469.08984375
1992-08-03 00:00:00,15709.4501953125,15954.4404296875,15665.400390625
1992-08-04 00:00:00,15692.58984375,15957.4501953125,15600.759765625
1992-08-05 00:00:00,15983.6396484375,16074.4697265625,15718.08984375
1992-08-06 00:00:00,15926.4404296875,16138.5,15808.6103515625
1992-08-07 00:00:00,15518.26953125,15882.080078125,15451.3203125
1992-08-10 00:00:00,15066.33984375,15470.7900390625,14929.5498046875
1992-08-11 00:00:00,14822.5595703125,15172.7197265625,14777.900390625
1992-08-12 00:00:00,14773.7900390625,14906.16015625,14658.5703125
1992-08-13 00:00:00,14768.169921875,15018.0703125,14717.3798828125
1992-08-14 00:00:00,14820.25,14928.5400390625,14657.26953125
1992-08-17 00:00:00,14929.5498046875,15122.83984375,14854.580078125
1992-08-18 00:00:00,14309.41015625,14909.5703125,14309.41015625
1992-08-19 00:00:00,14650.740234375,14807.009765625,14194.400390625
1992-08-20 00:00:00,15267.759765625,15546.4697265625,14677.6396484375
1992-08-21 00:00:00,16216.8798828125,16216.8798828125,15294.5595703125
1992-08-24 00:00:00,16627.9609375,17182.9609375,16166.400390625
1992-08-25 00:00:00,16380.76953125,16823.669921875,16322.259765625
1992-08-26 00:00:00,16541.650390625,16663.189453125,16332.400390625
1992-08-27 00:00:00,17555.0,17596.44921875,16617.3203125
1992-08-28 00:00:00,17970.7890625,18168.810546875,17241.76953125
1992-08-31 00:00:00,18061.119140625,18119.630859375,17711.16015625
1992-09-01 00:00:00,17740.060546875,18059.2109375,17699.720703125
1992-09-02 00:00:00,17587.720703125,17688.380859375,17477.919921875
1992-09-03 00:00:00,18386.490234375,18461.66015625,17396.4296875
1992-09-04 00:00:00,18555.30078125,18833.5,18425.73046875
1992-09-07 00:00:00,18440.1796875,18916.69921875,18440.1796875
1992-09-08 00:00:00,18282.419921875,18756.3203125,18279.41015625
1992-09-09 00:00:00,18875.55078125,18897.630859375,18208.25
1992-09-10 00:00:00,18908.470703125,19284.119140625,18894.220703125
1992-09-11 00:00:00,18107.689453125,18902.849609375,18097.55078125
1992-09-14 00:00:00,18471.400390625,18552.7890625,18149.33984375
1992-09-16 00:00:00,17944.69921875,18422.8203125,17853.5703125
1992-09-17 00:00:00,18116.51953125,18204.740234375,17804.599609375
1992-09-18 00:00:00,18166.80078125,18273.580078125,17758.130859375
1992-09-21 00:00:00,18066.240234375,18414.08984375,18050.48046875
1992-09-22 00:00:00,18282.720703125,18450.619140625,17993.98046875
1992-09-24 00:00:00,18609.94921875,18701.94921875,18325.640625
1992-09-25 00:00:00,18394.759765625,18610.849609375,18393.9609375
1992-09-28 00:00:00,17972.609375,18397.470703125,17972.609375
1992-09-29 00:00:00,17748.08984375,18066.2109375,17565.2109375
1992-09-30 00:00:00,17399.080078125,17909.7109375,17398.98046875
1992-10-01 00:00:00,17369.91015625,17554.560546875,17104.2109375
1992-10-02 00:00:00,17324.0703125,17573.919921875,17324.0703125
1992-10-05 00:00:00,17101.5,17265.19921875,16962.2890625
1992-10-06 00:00:00,17268.099609375,17318.66015625,16901.599609375
1992-10-07 00:00:00,17111.740234375,17531.08984375,17111.740234375
1992-10-08 00:00:00,17335.509765625,17335.509765625,17049.75
1992-10-09 00:00:00,17059.779296875,17275.130859375,16973.8203125
1992-10-12 00:00:00,17302.009765625,17307.01953125,17086.66015625
1992-10-13 00:00:00,17490.669921875,17577.630859375,17341.3203125
1992-10-14 00:00:00,17344.029296875,17714.0390625,17344.029296875
1992-10-15 00:00:00,17628.490234375,17628.490234375,17309.830078125
1992-10-16 00:00:00,17369.810546875,17617.150390625,17300.5
1992-10-19 00:00:00,16903.810546875,17331.58984375,16833.69921875
1992-10-20 00:00:00,16987.66015625,17050.25,16821.359375
1992-10-21 00:00:00,17141.51953125,17141.51953125,16863.689453125
1992-10-22 00:00:00,17013.0390625,17178.5390625,17013.0390625
1992-10-23 00:00:00,17117.650390625,17117.650390625,16944.4296875
1992-10-26 00:00:00,17011.330078125,17153.759765625,17011.330078125
1992-10-27 00:00:00,17185.259765625,17215.650390625,16997.890625
1992-10-28 00:00:00,17068.41015625,17306.01953125,17068.30078125
1992-10-29 00:00:00,16937.7109375,17069.2109375,16927.380859375
1992-10-30 00:00:00,16767.400390625,16926.48046875,16675.23046875
1992-11-02 00:00:00,16853.359375,16853.359375,16616.75
1992-11-04 00:00:00,17065.19921875,17065.19921875,16771.720703125
1992-11-05 00:00:00,17031.58984375,17122.669921875,16903.009765625
1992-11-06 00:00:00,16869.810546875,17022.5703125,16818.4609375
1992-11-09 00:00:00,16417.05078125,16825.48046875,16416.44921875
1992-11-10 00:00:00,16437.109375,16518.4609375,16347.33984375
1992-11-11 00:00:00,16318.150390625,16481.94921875,16279.740234375
1992-11-12 00:00:00,16376.9296875,16449.44921875,16089.3701171875
1992-11-13 00:00:00,16330.7900390625,16457.169921875,16174.7197265625
1992-11-16 00:00:00,16162.990234375,16314.9404296875,16122.9697265625
1992-11-17 00:00:00,15993.48046875,16100.900390625,15941.9296875
1992-11-18 00:00:00,16778.83984375,16851.44921875,16011.330078125
1992-11-19 00:00:00,16871.310546875,17007.8203125,16801.810546875
1992-11-20 00:00:00,17033.599609375,17188.369140625,16679.640625
1992-11-24 00:00:00,17096.08984375,17246.83984375,17080.0390625
1992-11-25 00:00:00,17302.009765625,17303.009765625,17025.98046875
1992-11-26 00:00:00,17479.0390625,17601.91015625,17226.98046875
1992-11-27 00:00:00,17470.609375,17569.2109375,17368.609375
1992-11-30 00:00:00,17683.650390625,17683.650390625,17457.5703125
1992-12-01 00:00:00,17313.0390625,17704.009765625,17307.720703125
1992-12-02 00:00:00,17393.6796875,17408.830078125,17254.759765625
1992-12-03 00:00:00,17260.080078125,17508.3203125,17205.3203125
1992-12-04 00:00:00,17295.689453125,17301.099609375,17186.859375
1992-12-07 00:00:00,17207.119140625,17326.380859375,17175.130859375
1992-12-08 00:00:00,17281.849609375,17332.69921875,17135.810546875
1992-12-09 00:00:00,17406.220703125,17498.400390625,17325.880859375
1992-12-10 00:00:00,17501.30078125,17704.7109375,17466.80078125
1992-12-11 00:00:00,17441.01953125,17635.310546875,17424.669921875
1992-12-14 00:00:00,17289.970703125,17421.970703125,17255.470703125
1992-12-15 00:00:00,17480.740234375,17554.859375,17220.560546875
1992-12-16 00:00:00,17268.7109375,17601.19921875,17266.400390625
1992-12-17 00:00:00,17437.91015625,17544.130859375,17209.529296875
1992-12-18 00:00:00,17680.740234375,17712.0390625,17508.01953125
1992-12-21 00:00:00,17645.439453125,17787.560546875,17597.58984375
1992-12-22 00:00:00,17690.669921875,17690.669921875,17563.58984375
1992-12-24 00:00:00,17648.849609375,17734.900390625,17587.759765625
1992-12-25 00:00:00,17557.0390625,17670.310546875,17528.140625
1992-12-28 00:00:00,17188.619140625,17538.880859375,17162.740234375
1992-12-29 00:00:00,17285.640625,17312.130859375,17146.48046875
1992-12-30 00:00:00,16924.94921875,17254.0390625,16891.939453125
1993-01-04 00:00:00,16994.080078125,17034.009765625,16875.08984375
1993-01-05 00:00:00,16842.580078125,17013.33984375,16688.470703125
1993-01-06 00:00:00,16782.880859375,16862.44921875,16650.349609375
1993-01-07 00:00:00,16780.98046875,17058.189453125,16724.189453125
1993-01-08 00:00:00,16634.689453125,16805.66015625,16634.490234375
1993-01-11 00:00:00,16589.55078125,16698.30078125,16532.060546875
1993-01-12 00:00:00,16681.05078125,16734.01953125,16585.529296875
1993-01-13 00:00:00,16517.91015625,16688.970703125,16440.05078125
1993-01-14 00:00:00,16515.599609375,16568.98046875,16437.83984375
1993-01-18 00:00:00,16617.240234375,16625.259765625,16502.259765625
1993-01-19 00:00:00,16798.640625,16798.740234375,16645.23046875
1993-01-20 00:00:00,16510.1796875,16841.779296875,16507.369140625
1993-01-21 00:00:00,16538.6796875,16585.529296875,16374.1298828125
1993-01-22 00:00:00,16336.8095703125,16540.880859375,16335.8095703125
1993-01-25 00:00:00,16287.4501953125,16374.9404296875,16266.7802734375
1993-01-26 00:00:00,16492.630859375,16535.470703125,16216.1103515625
1993-01-27 00:00:00,16509.6796875,16645.9296875,16398.2109375
1993-01-28 00:00:00,17063.41015625,17086.7890625,16471.759765625
1993-01-29 00:00:00,17023.779296875,17177.689453125,16950.439453125
1993-02-01 00:00:00,17133.640625,17133.640625,16957.560546875
1993-02-02 00:00:00,17186.310546875,17241.599609375,17145.779296875
1993-02-03 00:00:00,17222.029296875,17419.1796875,17214.2109375
1993-02-04 00:00:00,17190.630859375,17390.7890625,17171.869140625
1993-02-05 00:00:00,17332.900390625,17413.669921875,17223.640625
1993-02-08 00:00:00,17281.73046875,17393.19921875,17247.8203125
1993-02-09 00:00:00,17022.26953125,17261.560546875,16976.720703125
1993-02-10 00:00:00,17089.900390625,17092.0,16897.859375
1993-02-12 00:00:00,16851.509765625,17120.400390625,16851.509765625
1993-02-15 00:00:00,17117.990234375,17117.990234375,16829.0390625
1993-02-16 00:00:00,16916.3203125,17172.369140625,16916.3203125
1993-02-17 00:00:00,17009.630859375,17014.849609375,16760.810546875
1993-02-18 00:00:00,16982.140625,17156.720703125,16974.619140625
1993-02-19 00:00:00,17010.029296875,17023.580078125,16887.529296875
1993-02-22 00:00:00,16820.609375,17058.58984375,16820.609375
1993-02-23 00:00:00,16863.150390625,16925.150390625,16794.119140625
1993-02-24 00:00:00,16798.939453125,16930.26953125,16750.880859375
1993-02-25 00:00:00,16907.390625,16926.060546875,16779.470703125
1993-02-26 00:00:00,16953.349609375,16985.55078125,16884.8203125
1993-03-01 00:00:00,16879.599609375,16971.0,16821.310546875
1993-03-02 00:00:00,16864.25,16922.75,16796.529296875
1993-03-03 00:00:00,16853.919921875,16949.330078125,16811.98046875
1993-03-04 00:00:00,16759.609375,16840.669921875,16721.48046875
1993-03-05 00:00:00,16817.69921875,16885.119140625,16746.4609375
1993-03-08 00:00:00,17686.470703125,17727.30078125,16855.619140625
1993-03-09 00:00:00,17848.30078125,18047.16015625,17724.890625
1993-03-10 00:00:00,17858.630859375,18036.720703125,17824.119140625
1993-03-11 00:00:00,17904.7890625,18104.650390625,17735.4296875
1993-03-12 00:00:00,18037.51953125,18043.94921875,17823.51953125
1993-03-15 00:00:00,18086.1796875,18169.16015625,17957.16015625
1993-03-16 00:00:00,17968.30078125,18117.08984375,17945.220703125
1993-03-17 00:00:00,18173.369140625,18242.69921875,17953.44921875
1993-03-18 00:00:00,18727.900390625,18788.30078125,18234.369140625
1993-03-19 00:00:00,18537.169921875,18835.9609375,18503.16015625
1993-03-22 00:00:00,18784.390625,18784.390625,18559.849609375
1993-03-23 00:00:00,18491.619140625,18734.720703125,18489.51953125
1993-03-24 00:00:00,18450.689453125,18643.619140625,18423.400390625
1993-03-25 00:00:00,18764.919921875,18877.5,18471.9609375
1993-03-26 00:00:00,18788.69921875,18897.609375,18676.669921875
1993-03-29 00:00:00,19048.380859375,19126.380859375,18829.55078125
1993-03-30 00:00:00,18963.16015625,19089.140625,18853.240234375
1993-03-31 00:00:00,18591.44921875,19059.529296875,18550.890625
1993-04-01 00:00:00,19099.08984375,19135.830078125,18526.650390625
1993-04-02 00:00:00,19446.939453125,19750.9296875,19136.029296875
1993-04-05 00:00:00,19759.4609375,19820.599609375,19357.900390625
1993-04-06 00:00:00,19486.80078125,19748.919921875,19386.7109375
1993-04-07 00:00:00,19829.23046875,20054.509765625,19506.580078125
1993-04-08 00:00:00,19967.26953125,20041.16015625,19721.009765625
1993-04-09 00:00:00,19892.1796875,20126.08984375,19728.33984375
1993-04-12 00:00:00,19882.140625,19940.369140625,19724.529296875
1993-04-13 00:00:00,20740.2890625,20753.740234375,19902.419921875
1993-04-14 00:00:00,20533.380859375,20874.7109375,20470.330078125
1993-04-15 00:00:00,20675.83984375,20675.83984375,20394.140625
1993-04-16 00:00:00,20297.859375,20743.19921875,20225.779296875
1993-04-19 00:00:00,20112.33984375,20254.08984375,19890.470703125
1993-04-20 00:00:00,19828.4296875,20332.19921875,19806.650390625
1993-04-21 00:00:00,19773.009765625,20008.130859375,19672.01953125
1993-04-22 00:00:00,19591.310546875,20116.859375,19557.779296875
1993-04-23 00:00:00,19704.150390625,19785.060546875,19554.859375
1993-04-26 00:00:00,19623.630859375,19845.599609375,19562.900390625
1993-04-27 00:00:00,20206.7109375,20267.83984375,19642.609375
1993-04-28 00:00:00,20454.5703125,20716.390625,20268.650390625
1993-04-30 00:00:00,20919.1796875,20919.1796875,20502.060546875
1993-05-06 00:00:00,20622.029296875,20941.970703125,20611.48046875
1993-05-07 00:00:00,20811.359375,20811.359375,20491.919921875
1993-05-10 00:00:00,21054.7109375,21062.640625,20668.310546875
1993-05-11 00:00:00,20940.369140625,21224.779296875,20932.33984375
1993-05-12 00:00:00,20615.19921875,20939.869140625,20416.119140625
1993-05-13 00:00:00,20532.779296875,20780.140625,20457.380859375
1993-05-14 00:00:00,20474.150390625,20670.51953125,20401.669921875
1993-05-17 00:00:00,20565.509765625,20689.490234375,20520.029296875
1993-05-18 00:00:00,20229.390625,20502.4609375,20155.099609375
1993-05-19 00:00:00,20380.7890625,20380.7890625,20128.69921875
1993-05-20 00:00:00,20330.390625,20535.7890625,20122.779296875
1993-05-21 00:00:00,20557.470703125,20653.849609375,20297.759765625
1993-05-24 00:00:00,20476.16015625,20691.19921875,20453.5703125
1993-05-25 00:00:00,20631.759765625,20730.75,20482.580078125
1993-05-26 00:00:00,20895.990234375,20895.990234375,20527.9609375
1993-05-27 00:00:00,20852.630859375,21105.91015625,20786.470703125
1993-05-28 00:00:00,20843.689453125,20939.66015625,20746.609375
1993-05-31 00:00:00,20552.349609375,20829.5390625,20516.8203125
1993-06-01 00:00:00,20591.41015625,20687.98046875,20469.830078125
1993-06-02 00:00:00,20691.69921875,20823.91015625,20561.58984375
1993-06-03 00:00:00,21076.0,21186.330078125,20692.80078125
1993-06-04 00:00:00,20882.240234375,21222.76953125,20841.6796875
1993-06-07 00:00:00,20844.189453125,21101.80078125,20829.5390625
1993-06-08 00:00:00,20575.240234375,20842.490234375,20575.240234375
1993-06-10 00:00:00,20493.3203125,20618.310546875,20399.560546875
1993-06-11 00:00:00,20500.94921875,20760.060546875,20451.560546875
1993-06-14 00:00:00,20397.349609375,20560.080078125,20351.470703125
1993-06-15 00:00:00,20045.880859375,20393.23046875,20045.880859375
1993-06-16 00:00:00,19902.419921875,20103.0,19820.900390625
1993-06-17 00:00:00,19925.509765625,19950.009765625,19647.419921875
1993-06-18 00:00:00,19804.5390625,19913.9609375,19678.140625
1993-06-21 00:00:00,19212.4296875,19742.400390625,19039.55078125
1993-06-22 00:00:00,19538.30078125,19619.51953125,19141.05078125
1993-06-23 00:00:00,19492.51953125,19617.509765625,19368.140625
1993-06-24 00:00:00,19685.0703125,19729.650390625,19501.4609375
1993-06-25 00:00:00,19659.5703125,19845.0,19485.7890625
1993-06-28 00:00:00,19886.759765625,19976.609375,19675.130859375
1993-06-29 00:00:00,19543.419921875,19854.9296875,19543.419921875
1993-06-30 00:00:00,19590.0,19616.810546875,19433.990234375
1993-07-01 00:00:00,19924.609375,19924.609375,19638.7890625
1993-07-02 00:00:00,19621.4609375,19932.189453125,19561.060546875
1993-07-05 00:00:00,19623.060546875,19676.0703125,19545.44921875
1993-07-06 00:00:00,19829.779296875,19833.380859375,19589.66015625
1993-07-07 00:00:00,19720.669921875,19828.880859375,19634.259765625
1993-07-08 00:00:00,19688.669921875,19784.6796875,19675.76953125
1993-07-09 00:00:00,19877.390625,19946.7890625,19699.970703125
1993-07-12 00:00:00,19980.0,20011.69921875,19889.890625
1993-07-13 00:00:00,20180.419921875,20243.01953125,19967.599609375
1993-07-14 00:00:00,20139.109375,20233.3203125,20030.30078125
1993-07-15 00:00:00,20158.01953125,20394.640625,20144.2109375
1993-07-16 00:00:00,20331.529296875,20352.5390625,20106.310546875
1993-07-19 00:00:00,20150.919921875,20350.33984375,20089.7109375
1993-07-20 00:00:00,20038.0,20123.109375,19977.400390625
1993-07-21 00:00:00,20080.91015625,20117.7109375,19972.599609375
1993-07-22 00:00:00,20115.810546875,20152.8203125,20049.599609375
1993-07-23 00:00:00,19734.5703125,20049.80078125,19733.76953125
1993-07-26 00:00:00,19822.080078125,19836.6796875,19707.970703125
1993-07-27 00:00:00,19891.390625,19952.0,19777.48046875
1993-07-28 00:00:00,19829.580078125,19958.0,19792.6796875
1993-07-29 00:00:00,20456.849609375,20473.75,19842.6796875
1993-07-30 00:00:00,20380.140625,20545.75,20361.33984375
1993-08-02 00:00:00,20343.529296875,20412.640625,20231.3203125
1993-08-03 00:00:00,20357.640625,20599.359375,20357.640625
1993-08-04 00:00:00,20497.55078125,20667.869140625,20298.9296875
1993-08-05 00:00:00,20425.640625,20557.4609375,20376.240234375
1993-08-06 00:00:00,20357.939453125,20379.740234375,20244.8203125
1993-08-09 00:00:00,20493.05078125,20553.060546875,20339.830078125
1993-08-10 00:00:00,20493.75,20655.26953125,20476.349609375
1993-08-11 00:00:00,20732.5703125,20756.080078125,20489.05078125
1993-08-12 00:00:00,20765.279296875,20939.390625,20708.470703125
1993-08-13 00:00:00,20745.169921875,20921.890625,20686.76953125
1993-08-16 00:00:00,20901.490234375,20904.689453125,20548.849609375
1993-08-17 00:00:00,20841.98046875,21025.599609375,20749.470703125
1993-08-18 00:00:00,20773.1796875,20964.19921875,20732.669921875
1993-08-19 00:00:00,20687.470703125,20903.08984375,20603.560546875
1993-08-20 00:00:00,20607.259765625,20859.490234375,20586.560546875
1993-08-23 00:00:00,20414.140625,20595.259765625,20384.439453125
1993-08-24 00:00:00,20431.83984375,20469.849609375,20344.830078125
1993-08-25 00:00:00,20521.44921875,20542.349609375,20412.240234375
1993-08-26 00:00:00,20591.759765625,20594.560546875,20482.94921875
1993-08-27 00:00:00,20791.6796875,20863.390625,20579.560546875
1993-08-30 00:00:00,20912.689453125,20924.08984375,20747.669921875
1993-08-31 00:00:00,21026.599609375,21029.69921875,20831.080078125
1993-09-01 00:00:00,20953.30078125,20968.0,20837.48046875
1993-09-02 00:00:00,20983.19921875,21045.900390625,20921.2890625
1993-09-03 00:00:00,21116.2109375,21281.029296875,20984.5
1993-09-06 00:00:00,21060.810546875,21249.919921875,21055.91015625
1993-09-07 00:00:00,20962.099609375,21065.810546875,20880.189453125
1993-09-08 00:00:00,20918.189453125,20996.5,20816.779296875
1993-09-09 00:00:00,20825.580078125,20943.7890625,20756.279296875
1993-09-10 00:00:00,20817.98046875,20846.580078125,20686.470703125
1993-09-13 00:00:00,21148.109375,21164.119140625,20850.08984375
1993-09-14 00:00:00,20947.7890625,21171.720703125,20924.689453125
1993-09-16 00:00:00,20502.150390625,20938.689453125,20501.94921875
1993-09-17 00:00:00,20391.0390625,20532.650390625,20305.330078125
1993-09-20 00:00:00,20266.029296875,20407.5390625,20211.51953125
1993-09-21 00:00:00,20466.650390625,20564.859375,20347.4296875
1993-09-22 00:00:00,20174.619140625,20380.740234375,20112.109375
1993-09-24 00:00:00,20307.529296875,20324.630859375,20225.8203125
1993-09-27 00:00:00,20094.109375,20384.439453125,20000.0
1993-09-28 00:00:00,20172.720703125,20299.23046875,20128.91015625
1993-09-29 00:00:00,20077.41015625,20156.720703125,19927.689453125
1993-09-30 00:00:00,20105.7109375,20158.3203125,20032.19921875
1993-10-01 00:00:00,20283.130859375,20328.130859375,20056.310546875
1993-10-04 00:00:00,20264.4296875,20283.9296875,20151.3203125
1993-10-05 00:00:00,20321.9296875,20410.0390625,20237.8203125
1993-10-06 00:00:00,20500.25,20529.55078125,20312.9296875
1993-10-07 00:00:00,20265.630859375,20494.44921875,20262.830078125
1993-10-08 00:00:00,20378.640625,20405.0390625,20180.01953125
1993-10-12 00:00:00,20137.310546875,20376.33984375,20116.7109375
1993-10-13 00:00:00,20038.400390625,20167.220703125,19997.900390625
1993-10-14 00:00:00,20082.810546875,20096.91015625,19911.890625
1993-10-15 00:00:00,20174.419921875,20338.830078125,20097.009765625
1993-10-18 00:00:00,20072.2109375,20265.529296875,20071.509765625
1993-10-19 00:00:00,20069.91015625,20204.01953125,20042.400390625
1993-10-20 00:00:00,20173.419921875,20221.720703125,20054.2109375
1993-10-21 00:00:00,20179.419921875,20219.720703125,20108.810546875
1993-10-22 00:00:00,20264.830078125,20377.83984375,20223.8203125
1993-10-25 00:00:00,20309.330078125,20473.849609375,20271.830078125
1993-10-26 00:00:00,20023.599609375,20344.529296875,20019.900390625
1993-10-27 00:00:00,19838.779296875,20012.80078125,19686.970703125
1993-10-28 00:00:00,19479.44921875,19863.08984375,19443.5390625
1993-10-29 00:00:00,19702.970703125,19744.26953125,19500.94921875
1993-11-01 00:00:00,19438.240234375,19656.970703125,19375.240234375
1993-11-02 00:00:00,19381.240234375,19549.150390625,19342.029296875
1993-11-04 00:00:00,18949.7890625,19433.240234375,18949.7890625
1993-11-05 00:00:00,18590.4609375,18941.689453125,18470.349609375
1993-11-08 00:00:00,18625.16015625,18671.669921875,18380.83984375
1993-11-09 00:00:00,18125.7109375,18661.669921875,18048.5
1993-11-10 00:00:00,18121.7109375,18227.919921875,17818.279296875
1993-11-11 00:00:00,18158.51953125,18328.630859375,18076.41015625
1993-11-12 00:00:00,18493.55078125,18592.259765625,18104.2109375
1993-11-15 00:00:00,18074.609375,18506.94921875,17952.19921875
1993-11-16 00:00:00,18246.119140625,18467.25,17877.689453125
1993-11-17 00:00:00,18108.7109375,18344.23046875,18030.80078125
1993-11-18 00:00:00,18166.3203125,18336.630859375,18117.7109375
1993-11-19 00:00:00,17941.189453125,18337.73046875,17941.189453125
1993-11-22 00:00:00,17384.83984375,17905.58984375,17254.529296875
1993-11-24 00:00:00,17067.109375,17544.849609375,16993.900390625
1993-11-25 00:00:00,17222.919921875,17410.0390625,17003.30078125
1993-11-26 00:00:00,16726.369140625,17351.740234375,16675.76953125
1993-11-29 00:00:00,16078.7099609375,16688.5703125,15671.9697265625
1993-11-30 00:00:00,16406.5390625,16505.150390625,16004.0
1993-12-01 00:00:00,17125.310546875,17168.220703125,16429.939453125
1993-12-02 00:00:00,17458.75,17887.2890625,17073.810546875
1993-12-03 00:00:00,17459.349609375,17468.849609375,17177.3203125
1993-12-06 00:00:00,16840.380859375,17425.140625,16783.48046875
1993-12-07 00:00:00,16903.490234375,17128.810546875,16791.279296875
1993-12-08 00:00:00,16507.94921875,16892.58984375,16216.8203125
1993-12-09 00:00:00,17061.91015625,17089.009765625,16545.150390625
1993-12-10 00:00:00,17257.4296875,17534.849609375,16786.6796875
1993-12-13 00:00:00,17327.330078125,17563.359375,17123.810546875
1993-12-14 00:00:00,17308.73046875,17415.740234375,17263.4296875
1993-12-15 00:00:00,17489.150390625,17536.150390625,17169.51953125
1993-12-16 00:00:00,17789.279296875,17911.990234375,17514.349609375
1993-12-17 00:00:00,18051.91015625,18052.2109375,17724.0703125
1993-12-20 00:00:00,17404.240234375,18025.80078125,17383.439453125
1993-12-21 00:00:00,17315.4296875,17484.349609375,17158.3203125
1993-12-22 00:00:00,17445.740234375,17453.150390625,17296.330078125
1993-12-24 00:00:00,17141.109375,17434.5390625,17037.099609375
1993-12-27 00:00:00,16819.880859375,17081.509765625,16633.66015625
1993-12-28 00:00:00,17131.2109375,17147.609375,16853.990234375
1993-12-29 00:00:00,17272.029296875,17342.130859375,17036.30078125
1993-12-30 00:00:00,17417.240234375,17417.240234375,17309.23046875
1994-01-04 00:00:00,17369.740234375,17424.83984375,17242.3203125
1994-01-05 00:00:00,17783.48046875,17793.1796875,17376.5390625
1994-01-06 00:00:00,17881.990234375,18027.69921875,17792.580078125
1994-01-07 00:00:00,18124.009765625,18131.41015625,17787.48046875
1994-01-10 00:00:00,18443.439453125,18567.060546875,18186.51953125
1994-01-11 00:00:00,18485.25,18671.669921875,18373.0390625
1994-01-12 00:00:00,18793.880859375,18807.080078125,18301.9296875
1994-01-13 00:00:00,18577.259765625,18823.380859375,18548.75
1994-01-14 00:00:00,18973.69921875,19043.80078125,18473.349609375
1994-01-17 00:00:00,18725.369140625,18911.890625,18646.060546875
1994-01-18 00:00:00,18514.55078125,18810.279296875,18514.55078125
1994-01-19 00:00:00,19039.400390625,19118.810546875,18515.650390625
1994-01-20 00:00:00,19183.919921875,19341.73046875,19025.69921875
1994-01-21 00:00:00,19307.4296875,19337.9296875,19065.810546875
1994-01-24 00:00:00,18353.240234375,19294.4296875,18320.330078125
1994-01-25 00:00:00,18648.359375,18662.26953125,18427.439453125
1994-01-26 00:00:00,19138.2109375,19155.51953125,18691.470703125
1994-01-27 00:00:00,18891.7890625,19324.73046875,18811.779296875
1994-01-28 00:00:00,18757.880859375,18869.58984375,18657.169921875
1994-01-31 00:00:00,20229.119140625,20229.119140625,18790.779296875
1994-02-01 00:00:00,20416.33984375,20509.94921875,20237.51953125
1994-02-02 00:00:00,20250.029296875,20399.240234375,20099.41015625
1994-02-03 00:00:00,20174.8203125,20433.0390625,19935.189453125
1994-02-04 00:00:00,20301.4296875,20301.4296875,20034.80078125
1994-02-07 00:00:00,20014.400390625,20254.9296875,20012.19921875
1994-02-08 00:00:00,20251.23046875,20526.44921875,20080.509765625
1994-02-09 00:00:00,19841.380859375,20236.3203125,19650.970703125
1994-02-10 00:00:00,19990.69921875,20007.0,19787.279296875
1994-02-14 00:00:00,19459.25,19938.990234375,19368.240234375
1994-02-15 00:00:00,18974.599609375,19406.439453125,18768.98046875
1994-02-16 00:00:00,19052.109375,19267.029296875,19032.400390625
1994-02-17 00:00:00,18931.390625,19026.5,18809.98046875
1994-02-18 00:00:00,18959.599609375,19078.41015625,18873.08984375
1994-02-21 00:00:00,19393.939453125,19415.140625,18826.6796875
1994-02-22 00:00:00,19342.630859375,19561.560546875,19327.130859375
1994-02-23 00:00:00,19341.830078125,19466.94921875,19323.9296875
1994-02-24 00:00:00,19765.48046875,19792.279296875,19389.240234375
1994-02-25 00:00:00,19803.380859375,19890.890625,19579.16015625
1994-02-28 00:00:00,19997.19921875,20117.2109375,19848.580078125
1994-03-01 00:00:00,20216.619140625,20240.919921875,20052.609375
1994-03-02 00:00:00,19744.76953125,20159.01953125,19724.26953125
1994-03-03 00:00:00,19605.859375,19771.6796875,19531.650390625
1994-03-04 00:00:00,19966.0,20052.109375,19627.9609375
1994-03-07 00:00:00,19811.880859375,20279.130859375,19768.6796875
1994-03-08 00:00:00,19898.390625,20090.7109375,19826.279296875
1994-03-09 00:00:00,19839.1796875,19894.2890625,19665.669921875
1994-03-10 00:00:00,20090.7109375,20114.41015625,19880.58984375
1994-03-11 00:00:00,20115.310546875,20256.23046875,20017.099609375
1994-03-14 00:00:00,20526.150390625,20580.9609375,20157.720703125
1994-03-15 00:00:00,20508.849609375,20654.169921875,20458.849609375
1994-03-16 00:00:00,20677.76953125,20781.98046875,20518.05078125
1994-03-17 00:00:00,20592.16015625,20692.970703125,20449.439453125
1994-03-18 00:00:00,20469.44921875,20655.669921875,20440.140625
1994-03-22 00:00:00,20253.529296875,20458.55078125,20202.419921875
1994-03-23 00:00:00,19962.099609375,20322.029296875,19937.990234375
1994-03-24 00:00:00,20037.900390625,20075.810546875,19870.08984375
1994-03-25 00:00:00,19836.48046875,19973.400390625,19771.6796875
1994-03-28 00:00:00,19941.7890625,20062.91015625,19725.55078125
1994-03-29 00:00:00,19709.740234375,19969.189453125,19653.029296875
1994-03-30 00:00:00,19559.91015625,19640.529296875,19288.859375
1994-03-31 00:00:00,19111.919921875,19547.009765625,19082.8203125
1994-04-01 00:00:00,19277.16015625,19378.080078125,19161.630859375
1994-04-04 00:00:00,19122.220703125,19232.849609375,18896.48046875
1994-04-05 00:00:00,19563.2109375,19580.3203125,19184.0390625
1994-04-06 00:00:00,19696.740234375,19878.279296875,19636.330078125
1994-04-07 00:00:00,19890.98046875,19946.08984375,19587.720703125
1994-04-08 00:00:00,19934.990234375,19973.2890625,19520.900390625
1994-04-11 00:00:00,19898.080078125,19999.30078125,19867.470703125
1994-04-12 00:00:00,19648.330078125,19884.779296875,19647.630859375
1994-04-13 00:00:00,20060.41015625,20103.419921875,19672.23046875
1994-04-14 00:00:00,19987.19921875,20169.130859375,19847.970703125
1994-04-15 00:00:00,20164.630859375,20282.16015625,20050.2109375
1994-04-18 00:00:00,20277.359375,20494.599609375,20222.439453125
1994-04-19 00:00:00,20192.33984375,20300.66015625,20119.419921875
1994-04-20 00:00:00,19882.1796875,20222.640625,19850.369140625
1994-04-21 00:00:00,19799.359375,19934.890625,19793.560546875
1994-04-22 00:00:00,19964.390625,20071.509765625,19833.26953125
1994-04-25 00:00:00,19709.140625,19921.48046875,19628.330078125
1994-04-26 00:00:00,19628.9296875,19718.0390625,19512.400390625
1994-04-27 00:00:00,19729.150390625,19813.859375,19612.8203125
1994-04-28 00:00:00,19725.25,19762.94921875,19644.529296875
1994-05-02 00:00:00,19570.2109375,19648.529296875,19488.900390625
1994-05-06 00:00:00,19862.470703125,19907.98046875,19620.8203125
1994-05-09 00:00:00,19786.9609375,19820.859375,19721.0390625
1994-05-10 00:00:00,19917.779296875,19962.689453125,19753.05078125
1994-05-11 00:00:00,20150.130859375,20219.83984375,20001.099609375
1994-05-12 00:00:00,20224.240234375,20260.349609375,20118.720703125
1994-05-13 00:00:00,20270.75,20360.369140625,20221.0390625
1994-05-16 00:00:00,20188.439453125,20397.98046875,20174.4296875
1994-05-17 00:00:00,20133.529296875,20174.9296875,20067.41015625
1994-05-18 00:00:00,20152.73046875,20285.9609375,19965.7890625
1994-05-19 00:00:00,20221.33984375,20302.4609375,20034.2109375
1994-05-20 00:00:00,20342.169921875,20438.390625,20255.150390625
1994-05-23 00:00:00,20568.7109375,20574.91015625,20328.0703125
1994-05-24 00:00:00,20622.119140625,20748.75,20501.0
1994-05-25 00:00:00,20663.630859375,20700.939453125,20509.900390625
1994-05-26 00:00:00,20495.80078125,20689.640625,20489.30078125
1994-05-27 00:00:00,20777.16015625,20824.560546875,20510.099609375
1994-05-30 00:00:00,20838.970703125,20932.189453125,20817.16015625
1994-05-31 00:00:00,20973.58984375,21048.609375,20857.0703125
1994-06-01 00:00:00,21053.109375,21090.720703125,20896.380859375
1994-06-02 00:00:00,21009.0,21198.740234375,20965.689453125
1994-06-03 00:00:00,20954.189453125,20954.189453125,20802.4609375
1994-06-06 00:00:00,20726.650390625,20954.7890625,20707.5390625
1994-06-07 00:00:00,21042.7109375,21053.7109375,20735.05078125
1994-06-08 00:00:00,21261.94921875,21273.75,20930.2890625
1994-06-09 00:00:00,21402.779296875,21455.490234375,21263.94921875
1994-06-10 00:00:00,21395.1796875,21559.810546875,21355.369140625
1994-06-13 00:00:00,21552.810546875,21573.2109375,21271.55078125
1994-06-14 00:00:00,21353.970703125,21495.69921875,21304.16015625
1994-06-15 00:00:00,21282.9609375,21496.599609375,21234.650390625
1994-06-16 00:00:00,21367.470703125,21389.98046875,21273.94921875
1994-06-17 00:00:00,21503.30078125,21572.41015625,21398.6796875
1994-06-20 00:00:00,21152.029296875,21515.599609375,21125.630859375
1994-06-21 00:00:00,20813.16015625,21076.220703125,20759.44921875
1994-06-22 00:00:00,20581.3203125,20742.650390625,20371.369140625
1994-06-23 00:00:00,21040.2109375,21068.009765625,20637.4296875
1994-06-24 00:00:00,20766.75,20998.30078125,20755.44921875
1994-06-27 00:00:00,20300.9609375,20649.529296875,20168.529296875
1994-06-28 00:00:00,20639.23046875,20732.55078125,20356.26953125
1994-06-29 00:00:00,20481.0,20599.119140625,20420.48046875
1994-06-30 00:00:00,20643.9296875,20684.140625,20246.44921875
1994-07-01 00:00:00,20543.41015625,20618.220703125,20274.94921875
1994-07-04 00:00:00,20631.9296875,20703.140625,20573.2109375
1994-07-05 00:00:00,20834.369140625,20907.580078125,20650.029296875
1994-07-06 00:00:00,20629.029296875,20878.779296875,20627.4296875
1994-07-07 00:00:00,20620.01953125,20724.240234375,20594.119140625
1994-07-08 00:00:00,20526.509765625,20691.83984375,20440.08984375
1994-07-11 00:00:00,20473.08984375,20534.509765625,20369.0703125
1994-07-12 00:00:00,20400.48046875,20419.48046875,20294.060546875
1994-07-13 00:00:00,20540.41015625,20558.810546875,20368.76953125
1994-07-14 00:00:00,20718.0390625,20780.259765625,20565.41015625
1994-07-15 00:00:00,20770.150390625,20877.98046875,20718.140625
1994-07-18 00:00:00,20717.640625,20816.4609375,20688.33984375
1994-07-19 00:00:00,20775.16015625,20851.869140625,20736.349609375
1994-07-20 00:00:00,20780.759765625,20872.369140625,20736.94921875
1994-07-21 00:00:00,20622.919921875,20767.650390625,20608.720703125
1994-07-22 00:00:00,20462.890625,20673.529296875,20427.2890625
1994-07-25 00:00:00,20297.66015625,20427.390625,20224.0390625
1994-07-26 00:00:00,20345.369140625,20390.880859375,20241.75
1994-07-27 00:00:00,20137.23046875,20333.26953125,20103.919921875
1994-07-28 00:00:00,20247.849609375,20262.55078125,19993.69921875
1994-07-29 00:00:00,20449.390625,20517.099609375,20318.16015625
1994-08-01 00:00:00,20271.349609375,20423.779296875,20271.349609375
1994-08-02 00:00:00,20660.130859375,20661.9296875,20339.169921875
1994-08-03 00:00:00,20632.73046875,20729.25,20592.220703125
1994-08-04 00:00:00,20676.83984375,20700.939453125,20565.2109375
1994-08-05 00:00:00,20521.69921875,20680.939453125,20467.490234375
1994-08-08 00:00:00,20635.830078125,20638.9296875,20502.19921875
1994-08-09 00:00:00,20590.220703125,20774.75,20583.220703125
1994-08-10 00:00:00,20770.25,20770.25,20584.8203125
1994-08-11 00:00:00,20821.359375,20845.26953125,20690.240234375
1994-08-12 00:00:00,20663.830078125,20825.0703125,20643.029296875
1994-08-15 00:00:00,20626.330078125,20747.44921875,20626.330078125
1994-08-16 00:00:00,20786.359375,20842.169921875,20657.23046875
1994-08-17 00:00:00,20824.560546875,20875.779296875,20791.9609375
1994-08-18 00:00:00,20862.76953125,20862.76953125,20772.150390625
1994-08-19 00:00:00,20512.69921875,20803.359375,20501.19921875
1994-08-22 00:00:00,20394.580078125,20538.2109375,20380.48046875
1994-08-23 00:00:00,20380.779296875,20503.099609375,20316.560546875
1994-08-24 00:00:00,20511.599609375,20511.599609375,20311.9609375
1994-08-25 00:00:00,20443.2890625,20603.619140625,20443.2890625
1994-08-26 00:00:00,20471.490234375,20554.310546875,20416.279296875
1994-08-29 00:00:00,20600.419921875,20722.83984375,20518.80078125
1994-08-30 00:00:00,20592.119140625,20629.9296875,20503.69921875
1994-08-31 00:00:00,20628.529296875,20628.529296875,20533.509765625
1994-09-01 00:00:00,20642.9296875,20700.5390625,20617.51953125
1994-09-02 00:00:00,20653.830078125,20675.5390625,20615.51953125
1994-09-05 00:00:00,20409.1796875,20645.23046875,20395.98046875
1994-09-06 00:00:00,20393.98046875,20529.7109375,20331.369140625
1994-09-07 00:00:00,20023.80078125,20364.470703125,20023.80078125
1994-09-08 00:00:00,19917.779296875,20108.419921875,19917.779296875
1994-09-09 00:00:00,19897.880859375,20150.9296875,19853.169921875
1994-09-12 00:00:00,19917.279296875,19973.390625,19882.580078125
1994-09-13 00:00:00,20046.109375,20097.01953125,19826.369140625
1994-09-14 00:00:00,19919.380859375,20040.7109375,19906.080078125
1994-09-16 00:00:00,19796.259765625,19972.58984375,19795.259765625
1994-09-19 00:00:00,19554.109375,19794.359375,19543.41015625
1994-09-20 00:00:00,19837.26953125,19842.169921875,19601.720703125
1994-09-21 00:00:00,19885.380859375,19961.58984375,19691.439453125
1994-09-22 00:00:00,19833.669921875,19907.580078125,19760.05078125
1994-09-26 00:00:00,19814.359375,19922.380859375,19780.4609375
1994-09-27 00:00:00,19468.890625,19822.16015625,19414.080078125
1994-09-28 00:00:00,19507.599609375,19614.220703125,19443.689453125
1994-09-29 00:00:00,19615.119140625,19732.25,19559.009765625
1994-09-30 00:00:00,19563.810546875,19719.0390625,19519.69921875
1994-10-03 00:00:00,19650.029296875,19672.529296875,19571.009765625
1994-10-04 00:00:00,19568.609375,19651.830078125,19525.7109375
1994-10-05 00:00:00,19751.55078125,19752.55078125,19487.69921875
1994-10-06 00:00:00,19655.23046875,19748.44921875,19645.4296875
1994-10-07 00:00:00,19744.75,19753.650390625,19689.83984375
1994-10-11 00:00:00,19821.4609375,19894.880859375,19790.4609375
1994-10-12 00:00:00,20089.720703125,20115.220703125,19846.76953125
1994-10-13 00:00:00,20148.830078125,20176.640625,20042.810546875
1994-10-14 00:00:00,19969.2890625,20107.119140625,19964.490234375
1994-10-17 00:00:00,19958.2890625,20055.41015625,19907.6796875
1994-10-18 00:00:00,19992.400390625,20020.599609375,19946.990234375
1994-10-19 00:00:00,19868.869140625,20023.400390625,19863.26953125
1994-10-20 00:00:00,19991.900390625,19991.900390625,19875.279296875
1994-10-21 00:00:00,19899.080078125,19933.7890625,19784.859375
1994-10-24 00:00:00,19852.369140625,19952.890625,19830.5703125
1994-10-25 00:00:00,19732.150390625,19831.869140625,19732.150390625
1994-10-26 00:00:00,19746.349609375,19770.75,19705.939453125
1994-10-27 00:00:00,19796.359375,19919.880859375,19724.439453125
1994-10-28 00:00:00,19805.16015625,19904.080078125,19725.650390625
1994-10-31 00:00:00,19989.599609375,20000.69921875,19855.470703125
1994-11-01 00:00:00,19916.48046875,19929.490234375,19836.970703125
1994-11-02 00:00:00,19750.650390625,19891.779296875,19713.939453125
1994-11-04 00:00:00,19811.560546875,19872.869140625,19768.94921875
1994-11-07 00:00:00,19619.220703125,19755.150390625,19593.919921875
1994-11-08 00:00:00,19609.01953125,19637.9296875,19543.7109375
1994-11-09 00:00:00,19423.880859375,19654.330078125,19331.369140625
1994-11-10 00:00:00,19264.849609375,19456.689453125,19238.05078125
1994-11-11 00:00:00,19284.359375,19288.16015625,19132.23046875
1994-11-14 00:00:00,19261.44921875,19298.9609375,19115.720703125
1994-11-15 00:00:00,19391.6796875,19432.58984375,19314.759765625
1994-11-16 00:00:00,19306.66015625,19444.2890625,19252.150390625
1994-11-17 00:00:00,19336.5703125,19372.669921875,19277.4609375
1994-11-18 00:00:00,19302.560546875,19332.0703125,19199.240234375
1994-11-21 00:00:00,19121.720703125,19315.16015625,19121.720703125
1994-11-22 00:00:00,18962.990234375,19052.009765625,18905.48046875
1994-11-24 00:00:00,18701.240234375,18877.080078125,18688.740234375
1994-11-25 00:00:00,18666.9296875,18847.0703125,18666.130859375
1994-11-28 00:00:00,18811.359375,18811.359375,18727.75
1994-11-29 00:00:00,18926.490234375,18928.58984375,18826.369140625
1994-11-30 00:00:00,19075.619140625,19134.029296875,18943.7890625
1994-12-01 00:00:00,19013.599609375,19111.419921875,18961.7890625
1994-12-02 00:00:00,18998.30078125,19080.220703125,18946.990234375
1994-12-05 00:00:00,19305.66015625,19305.66015625,19067.009765625
1994-12-06 00:00:00,19340.470703125,19342.26953125,19242.849609375
1994-12-07 00:00:00,19174.23046875,19305.560546875,19138.830078125
1994-12-08 00:00:00,19180.0390625,19288.359375,19135.330078125
1994-12-09 00:00:00,18978.30078125,19240.150390625,18972.2890625
1994-12-12 00:00:00,18975.099609375,19071.609375,18959.08984375
1994-12-13 00:00:00,18875.48046875,19017.099609375,18822.560546875
1994-12-14 00:00:00,18931.490234375,18957.58984375,18887.6796875
1994-12-15 00:00:00,19121.119140625,19177.5390625,18964.189453125
1994-12-16 00:00:00,19163.4296875,19163.4296875,19012.099609375
1994-12-19 00:00:00,19270.849609375,19336.169921875,19160.029296875
1994-12-20 00:00:00,19406.98046875,19417.880859375,19193.640625
1994-12-21 00:00:00,19340.669921875,19454.7890625,19277.259765625
1994-12-22 00:00:00,19633.529296875,19633.529296875,19400.580078125
1994-12-26 00:00:00,19726.75,19726.75,19600.3203125
1994-12-27 00:00:00,19711.359375,19801.30078125,19628.41015625
1994-12-28 00:00:00,19665.529296875,19813.91015625,19599.400390625
1994-12-29 00:00:00,19752.98046875,19763.779296875,19509.150390625
1994-12-30 00:00:00,19723.060546875,19833.220703125,19679.33984375
1995-01-04 00:00:00,19684.0390625,19724.759765625,19641.220703125
1995-01-05 00:00:00,19616.109375,19717.759765625,19518.16015625
1995-01-06 00:00:00,19519.4609375,19586.490234375,19417.2109375
1995-01-09 00:00:00,19444.919921875,19523.859375,19434.119140625
1995-01-10 00:00:00,19501.44921875,19543.669921875,19369.279296875
1995-01-11 00:00:00,19548.470703125,19603.19921875,19480.439453125
1995-01-12 00:00:00,19410.009765625,19546.869140625,19344.169921875
1995-01-13 00:00:00,19331.169921875,19408.30078125,19265.23046875
1995-01-17 00:00:00,19241.3203125,19361.98046875,19087.939453125
1995-01-18 00:00:00,19223.310546875,19321.359375,19201.099609375
1995-01-19 00:00:00,19075.740234375,19297.75,18977.990234375
1995-01-20 00:00:00,18840.220703125,19034.220703125,18754.279296875
1995-01-23 00:00:00,17785.490234375,18817.91015625,17778.7890625
1995-01-24 00:00:00,18060.73046875,18138.76953125,17698.75
1995-01-25 00:00:00,18159.48046875,18412.609375,18095.75
1995-01-26 00:00:00,18070.83984375,18407.400390625,18017.310546875
1995-01-27 00:00:00,18104.349609375,18257.130859375,17937.76953125
1995-01-30 00:00:00,18752.880859375,18818.509765625,18137.26953125
1995-01-31 00:00:00,18649.8203125,18854.830078125,18582.890625
1995-02-01 00:00:00,18739.470703125,18868.9296875,18609.900390625
1995-02-02 00:00:00,18604.30078125,18719.859375,18521.16015625
1995-02-03 00:00:00,18538.970703125,18645.919921875,18436.619140625
1995-02-06 00:00:00,18667.23046875,18672.140625,18573.2890625
1995-02-07 00:00:00,18500.55078125,18656.4296875,18499.650390625
1995-02-08 00:00:00,18290.25,18477.240234375,18137.0703125
1995-02-09 00:00:00,18099.55078125,18338.669921875,18099.55078125
1995-02-10 00:00:00,18291.349609375,18299.94921875,18010.810546875
1995-02-13 00:00:00,18313.859375,18428.310546875,18283.140625
1995-02-14 00:00:00,18138.470703125,18277.439453125,18065.130859375
1995-02-15 00:00:00,17991.0,18093.44921875,17905.94921875
1995-02-16 00:00:00,17780.58984375,17970.689453125,17742.369140625
1995-02-17 00:00:00,18020.509765625,18200.599609375,17617.810546875
1995-02-20 00:00:00,17956.48046875,18108.849609375,17920.759765625
1995-02-21 00:00:00,18096.25,18194.5,17946.5703125
1995-02-22 00:00:00,18106.650390625,18270.5390625,18106.55078125
1995-02-23 00:00:00,17830.01953125,18080.33984375,17553.279296875
1995-02-24 00:00:00,17472.939453125,17849.619140625,17472.939453125
1995-02-27 00:00:00,16808.69921875,17465.330078125,16518.4609375
1995-02-28 00:00:00,17053.4296875,17164.779296875,16847.919921875
1995-03-01 00:00:00,16618.7109375,17017.91015625,16478.939453125
1995-03-02 00:00:00,16963.1796875,17161.880859375,16655.73046875
1995-03-03 00:00:00,17039.619140625,17122.4609375,16792.30078125
1995-03-06 00:00:00,17040.720703125,17134.470703125,16849.919921875
1995-03-07 00:00:00,16955.279296875,17104.650390625,16954.380859375
1995-03-08 00:00:00,16621.310546875,16889.5390625,16538.369140625
1995-03-09 00:00:00,16763.080078125,16839.3203125,16675.83984375
1995-03-10 00:00:00,16358.3798828125,16799.5,16258.1298828125
1995-03-13 00:00:00,16477.640625,16477.640625,16081.0400390625
1995-03-14 00:00:00,16245.8203125,16456.130859375,16199.2001953125
1995-03-15 00:00:00,16666.830078125,16698.75,16225.2099609375
1995-03-16 00:00:00,16355.6796875,16632.8203125,16308.5498046875
1995-03-17 00:00:00,16251.23046875,16488.439453125,16070.5400390625
1995-03-20 00:00:00,16129.9599609375,16217.41015625,15980.3896484375
1995-03-22 00:00:00,15904.849609375,16244.8203125,15901.9501953125
1995-03-23 00:00:00,15813.41015625,15926.8603515625,15681.1396484375
1995-03-24 00:00:00,15749.76953125,15804.599609375,15424.1103515625
1995-03-27 00:00:00,16096.25,16232.2197265625,15812.6103515625
1995-03-28 00:00:00,16681.73046875,16681.73046875,16097.8798828125
1995-03-29 00:00:00,16460.73046875,16704.26953125,16365.8603515625
1995-03-30 00:00:00,16512.220703125,16607.890625,16327.08984375
1995-03-31 00:00:00,16139.9501953125,16848.130859375,16095.26953125
1995-04-03 00:00:00,15381.2900390625,16079.6396484375,15271.7900390625
1995-04-04 00:00:00,15630.5302734375,15755.4599609375,15256.0595703125
1995-04-05 00:00:00,15882.490234375,15901.6201171875,15477.9599609375
1995-04-06 00:00:00,15815.8701171875,15949.1103515625,15698.0595703125
1995-04-07 00:00:00,15719.5,15783.1103515625,15635.1396484375
1995-04-10 00:00:00,16163.08984375,16212.2802734375,15583.650390625
1995-04-11 00:00:00,16268.8798828125,16365.4599609375,16109.2001953125
1995-04-12 00:00:00,16344.919921875,16434.48046875,16233.919921875
1995-04-13 00:00:00,16438.7890625,16563.609375,16274.990234375
1995-04-14 00:00:00,16047.8896484375,16530.44921875,16047.7900390625
1995-04-17 00:00:00,16304.150390625,16304.5498046875,15892.91015625
1995-04-18 00:00:00,16225.1103515625,16322.6796875,16153.2802734375
1995-04-19 00:00:00,16376.080078125,16424.060546875,15976.8603515625
1995-04-20 00:00:00,16643.060546875,16665.30078125,16430.369140625
1995-04-21 00:00:00,16968.240234375,16968.240234375,16699.560546875
1995-04-24 00:00:00,16804.05078125,16981.0703125,16779.099609375
1995-04-25 00:00:00,16910.5390625,17110.400390625,16837.2109375
1995-04-26 00:00:00,16826.490234375,16932.080078125,16712.98046875
1995-04-27 00:00:00,16883.990234375,16989.48046875,16808.560546875
1995-04-28 00:00:00,16806.75,16869.470703125,16740.4296875
1995-05-01 00:00:00,16811.4609375,16838.609375,16708.169921875
1995-05-02 00:00:00,17088.66015625,17116.009765625,16733.720703125
1995-05-08 00:00:00,17103.689453125,17189.5390625,17071.830078125
1995-05-09 00:00:00,16958.220703125,17166.599609375,16936.990234375
1995-05-10 00:00:00,16826.490234375,16956.3203125,16799.640625
1995-05-11 00:00:00,16461.73046875,16872.869140625,16461.73046875
1995-05-12 00:00:00,16420.759765625,16683.830078125,16387.30078125
1995-05-15 00:00:00,16609.69921875,16636.349609375,16363.4501953125
1995-05-16 00:00:00,16388.900390625,16606.189453125,16384.990234375
1995-05-17 00:00:00,16471.349609375,16516.330078125,16359.4501953125
1995-05-18 00:00:00,16312.5595703125,16527.44921875,16205.4697265625
1995-05-19 00:00:00,16140.849609375,16267.1796875,16043.1796875
1995-05-22 00:00:00,15789.1201171875,16102.2802734375,15712.080078125
1995-05-23 00:00:00,15916.150390625,15916.150390625,15743.5400390625
1995-05-24 00:00:00,15970.75,16006.1103515625,15807.650390625
1995-05-25 00:00:00,15579.4404296875,16033.16015625,15559.3095703125
1995-05-26 00:00:00,15694.25,15713.1796875,15406.0302734375
1995-05-29 00:00:00,15574.0302734375,15607.990234375,15419.9599609375
1995-05-30 00:00:00,15762.9697265625,15823.6796875,15572.830078125
1995-05-31 00:00:00,15436.7900390625,15745.9404296875,15292.4296875
1995-06-01 00:00:00,15594.5703125,15647.4697265625,15420.16015625
1995-06-02 00:00:00,15849.1298828125,16015.9296875,15626.4296875
1995-06-05 00:00:00,15897.3203125,15921.259765625,15740.0302734375
1995-06-06 00:00:00,15660.990234375,15923.3603515625,15607.58984375
1995-06-07 00:00:00,15679.6201171875,15734.01953125,15557.099609375
1995-06-08 00:00:00,15442.2998046875,15630.0302734375,15356.4404296875
1995-06-09 00:00:00,15044.1796875,15414.650390625,14978.3603515625
1995-06-12 00:00:00,14813.4599609375,15030.150390625,14741.9404296875
1995-06-13 00:00:00,14599.6796875,14931.7802734375,14582.0498046875
1995-06-14 00:00:00,14660.490234375,14801.4404296875,14624.2197265625
1995-06-15 00:00:00,14867.259765625,14867.259765625,14376.080078125
1995-06-16 00:00:00,14703.169921875,15021.0400390625,14656.1796875
1995-06-19 00:00:00,14700.0595703125,14848.5302734375,14700.0595703125
1995-06-20 00:00:00,14665.7001953125,14865.8603515625,14527.5498046875
1995-06-21 00:00:00,14951.2099609375,14982.5703125,14665.2001953125
1995-06-22 00:00:00,14926.3701171875,14953.8203125,14792.9296875
1995-06-23 00:00:00,15265.1796875,15265.3798828125,14986.7802734375
1995-06-26 00:00:00,15145.3603515625,15378.48046875,15145.3603515625
1995-06-27 00:00:00,14759.0498046875,15163.33984375,14745.2099609375
1995-06-28 00:00:00,14618.0703125,14755.240234375,14536.75
1995-06-29 00:00:00,14507.169921875,14904.740234375,14445.400390625
1995-06-30 00:00:00,14517.400390625,14624.08984375,14451.8203125
1995-07-03 00:00:00,14485.41015625,14519.400390625,14295.900390625
1995-07-04 00:00:00,14755.740234375,14768.98046875,14471.8701171875
1995-07-05 00:00:00,14830.4404296875,14888.2001953125,14674.51953125
1995-07-06 00:00:00,15256.8896484375,15256.8896484375,14759.849609375
1995-07-07 00:00:00,16213.080078125,16389.349609375,15308.830078125
1995-07-10 00:00:00,16242.66015625,16703.30078125,16242.66015625
1995-07-11 00:00:00,16588.189453125,16588.189453125,15955.3798828125
1995-07-12 00:00:00,16605.740234375,16833.94921875,16511.98046875
1995-07-13 00:00:00,16505.669921875,16768.880859375,16435.380859375
1995-07-14 00:00:00,16517.69921875,16591.30078125,16425.05078125
1995-07-17 00:00:00,16842.470703125,16941.5390625,16573.849609375
1995-07-18 00:00:00,16574.349609375,17018.349609375,16574.349609375
1995-07-19 00:00:00,16422.439453125,16518.099609375,16239.75
1995-07-20 00:00:00,16453.419921875,16453.419921875,16182.1904296875
1995-07-21 00:00:00,16589.08984375,16613.060546875,16481.80078125
1995-07-24 00:00:00,16591.5,16643.740234375,16374.41015625
1995-07-25 00:00:00,16148.400390625,16572.25,16148.400390625
1995-07-26 00:00:00,16387.25,16387.25,16157.9296875
1995-07-27 00:00:00,16625.189453125,16695.279296875,16307.6298828125
1995-07-28 00:00:00,16649.44921875,16726.359375,16434.0703125
1995-07-31 00:00:00,16677.529296875,16918.779296875,16594.19921875
1995-08-01 00:00:00,16358.5703125,16644.740234375,16324.8798828125
1995-08-02 00:00:00,16720.75,16796.44921875,16274.33984375
1995-08-03 00:00:00,16893.7109375,17160.029296875,16799.16015625
1995-08-04 00:00:00,16741.19921875,16956.48046875,16642.4296875
1995-08-07 00:00:00,16615.4609375,16873.359375,16507.0703125
1995-08-08 00:00:00,16838.970703125,16853.5,16512.1796875
1995-08-09 00:00:00,16789.330078125,16931.41015625,16713.73046875
1995-08-10 00:00:00,16728.970703125,16788.130859375,16546.0703125
1995-08-11 00:00:00,16792.33984375,16855.91015625,16700.58984375
1995-08-14 00:00:00,16916.5703125,17004.2109375,16819.310546875
1995-08-15 00:00:00,17452.720703125,17452.720703125,16869.150390625
1995-08-16 00:00:00,18158.73046875,18299.7109375,17521.7109375
1995-08-17 00:00:00,18149.69921875,18266.720703125,18020.25
1995-08-18 00:00:00,18032.490234375,18094.859375,17913.26953125
1995-08-21 00:00:00,17871.05078125,17999.900390625,17722.55078125
1995-08-22 00:00:00,17877.76953125,18028.580078125,17818.109375
1995-08-23 00:00:00,17731.98046875,17933.419921875,17665.80078125
1995-08-24 00:00:00,17921.990234375,17945.25,17599.919921875
1995-08-25 00:00:00,17770.6796875,17919.98046875,17688.359375
1995-08-28 00:00:00,17847.2890625,17897.220703125,17580.869140625
1995-08-29 00:00:00,18135.16015625,18185.099609375,17825.330078125
1995-08-30 00:00:00,17983.859375,18241.650390625,17955.6796875
1995-08-31 00:00:00,18117.220703125,18159.830078125,17894.009765625
1995-09-01 00:00:00,18120.73046875,18152.810546875,17908.849609375
1995-09-04 00:00:00,17748.51953125,18115.509765625,17637.619140625
1995-09-05 00:00:00,17794.0390625,17843.6796875,17503.359375
1995-09-06 00:00:00,17620.380859375,17898.830078125,17620.380859375
1995-09-07 00:00:00,17621.1796875,17713.529296875,17511.6796875
1995-09-08 00:00:00,18279.55078125,18501.349609375,17642.83984375
1995-09-11 00:00:00,18486.109375,18570.140625,18194.73046875
1995-09-12 00:00:00,18472.169921875,18673.919921875,18442.189453125
1995-09-13 00:00:00,18614.259765625,18653.76953125,18421.0390625
1995-09-14 00:00:00,18758.55078125,18790.73046875,18604.23046875
1995-09-18 00:00:00,18319.16015625,18847.890625,18319.16015625
1995-09-19 00:00:00,18474.380859375,18481.400390625,18230.3203125
1995-09-20 00:00:00,18198.640625,18638.51953125,18141.98046875
1995-09-21 00:00:00,18034.7890625,18142.990234375,17948.66015625
1995-09-22 00:00:00,17713.9296875,17958.390625,17666.30078125
1995-09-25 00:00:00,17566.4296875,17854.509765625,17566.4296875
1995-09-26 00:00:00,17921.98046875,17921.98046875,17595.3203125
1995-09-27 00:00:00,18262.4296875,18262.4296875,17764.939453125
1995-09-28 00:00:00,18022.859375,18295.23046875,18022.859375
1995-09-29 00:00:00,17913.060546875,18139.08984375,17883.0703125
1995-10-02 00:00:00,17739.83984375,17950.1796875,17683.83984375
1995-10-03 00:00:00,18142.990234375,18159.720703125,17737.25
1995-10-04 00:00:00,18145.080078125,18346.55078125,18056.19921875
1995-10-05 00:00:00,18220.41015625,18267.0390625,18100.640625
1995-10-06 00:00:00,18506.279296875,18547.4296875,18183.240234375
1995-10-09 00:00:00,18176.26953125,18504.380859375,18168.689453125
1995-10-11 00:00:00,17891.189453125,18155.5390625,17891.189453125
1995-10-12 00:00:00,17971.400390625,18051.609375,17840.970703125
1995-10-13 00:00:00,17880.830078125,17976.2890625,17777.099609375
1995-10-16 00:00:00,18016.439453125,18140.990234375,17914.91015625
1995-10-17 00:00:00,17916.599609375,18071.33984375,17840.970703125
1995-10-18 00:00:00,17895.970703125,17917.599609375,17746.41015625
1995-10-19 00:00:00,17955.359375,18049.619140625,17908.4296875
1995-10-20 00:00:00,18157.330078125,18218.609375,17973.400390625
1995-10-23 00:00:00,18156.240234375,18173.080078125,18024.91015625
1995-10-24 00:00:00,18014.25,18261.4609375,18014.05078125
1995-10-25 00:00:00,17970.810546875,18048.619140625,17944.900390625
1995-10-26 00:00:00,17726.6796875,17976.08984375,17681.75
1995-10-27 00:00:00,17337.189453125,17698.58984375,17337.189453125
1995-10-30 00:00:00,17509.169921875,17515.640625,17364.990234375
1995-10-31 00:00:00,17654.640625,17684.0390625,17357.810546875
1995-11-01 00:00:00,17474.490234375,17622.66015625,17408.9296875
1995-11-02 00:00:00,18028.80078125,18039.859375,17532.6796875
1995-11-06 00:00:00,18036.970703125,18252.390625,17970.7109375
1995-11-07 00:00:00,18021.220703125,18073.5390625,17936.029296875
1995-11-08 00:00:00,17863.2890625,17983.66015625,17851.240234375
1995-11-09 00:00:00,17821.0390625,18127.83984375,17821.0390625
1995-11-10 00:00:00,17843.560546875,17893.1796875,17737.25
1995-11-13 00:00:00,17789.4609375,17890.58984375,17692.009765625
1995-11-14 00:00:00,17802.509765625,17888.69921875,17766.0390625
1995-11-15 00:00:00,17682.740234375,17882.8203125,17655.240234375
1995-11-16 00:00:00,17939.51953125,17942.109375,17685.9296875
1995-11-17 00:00:00,18151.16015625,18174.76953125,17986.75
1995-11-20 00:00:00,18383.8203125,18445.0,18189.01953125
1995-11-21 00:00:00,18384.3203125,18459.83984375,18250.900390625
1995-11-22 00:00:00,18239.83984375,18372.16015625,18213.330078125
1995-11-24 00:00:00,18215.23046875,18256.48046875,18146.869140625
1995-11-27 00:00:00,18543.140625,18689.51953125,18230.5703125
1995-11-28 00:00:00,18688.419921875,18744.720703125,18540.349609375
1995-11-29 00:00:00,18533.98046875,18738.0390625,18470.109375
1995-11-30 00:00:00,18744.419921875,18846.75,18578.119140625
1995-12-01 00:00:00,18833.099609375,18985.849609375,18695.890625
1995-12-04 00:00:00,18897.369140625,19062.1796875,18889.0
1995-12-05 00:00:00,18879.529296875,18977.580078125,18822.83984375
1995-12-06 00:00:00,19067.859375,19118.0703125,18888.80078125
1995-12-07 00:00:00,19412.3203125,19443.80078125,19084.0
1995-12-08 00:00:00,19286.970703125,19453.869140625,19158.9296875
1995-12-11 00:00:00,19226.779296875,19377.939453125,19162.01953125
1995-12-12 00:00:00,19312.76953125,19390.0,19233.759765625
1995-12-13 00:00:00,19283.48046875,19438.720703125,19275.509765625
1995-12-14 00:00:00,19499.30078125,19548.23046875,19267.939453125
1995-12-15 00:00:00,19346.55078125,19499.599609375,19293.33984375
1995-12-18 00:00:00,19311.080078125,19417.599609375,19298.919921875
1995-12-19 00:00:00,19140.490234375,19242.029296875,19077.119140625
1995-12-20 00:00:00,19448.58984375,19537.66015625,19200.880859375
1995-12-21 00:00:00,19653.25,19658.4296875,19432.83984375
1995-12-22 00:00:00,19744.419921875,19808.7890625,19669.689453125
1995-12-25 00:00:00,19775.41015625,19831.310546875,19724.490234375
1995-12-26 00:00:00,19904.720703125,19904.720703125,19690.55078125
1995-12-27 00:00:00,20011.759765625,20011.759765625,19924.560546875
1995-12-28 00:00:00,19873.130859375,20023.51953125,19867.849609375
1995-12-29 00:00:00,19868.150390625,19940.099609375,19821.7109375
1996-01-04 00:00:00,20618.0,20647.900390625,19945.6796875
1996-01-05 00:00:00,20669.029296875,20669.8203125,20455.75
1996-01-08 00:00:00,20563.580078125,20667.029296875,20471.400390625
1996-01-09 00:00:00,20652.080078125,20652.580078125,20454.16015625
1996-01-10 00:00:00,20612.3203125,20675.69921875,20459.33984375
1996-01-11 00:00:00,20377.919921875,20547.640625,20260.41015625
1996-01-12 00:00:00,20287.419921875,20542.16015625,20208.08984375
1996-01-16 00:00:00,20567.0703125,20567.0703125,20303.470703125
1996-01-17 00:00:00,20570.259765625,20754.33984375,20569.759765625
1996-01-18 00:00:00,20370.0390625,20537.169921875,20297.890625
1996-01-19 00:00:00,20365.759765625,20377.01953125,20156.26953125
1996-01-22 00:00:00,20196.529296875,20391.869140625,20088.5
1996-01-23 00:00:00,20080.919921875,20363.859375,20040.66015625
1996-01-24 00:00:00,20312.740234375,20312.83984375,19984.849609375
1996-01-25 00:00:00,20414.689453125,20457.640625,20289.01953125
1996-01-26 00:00:00,20663.83984375,20693.240234375,20257.8203125
1996-01-29 00:00:00,20589.19921875,20686.859375,20532.490234375
1996-01-30 00:00:00,20722.439453125,20796.689453125,20602.25
1996-01-31 00:00:00,20812.740234375,21021.630859375,20786.630859375
1996-02-01 00:00:00,20935.119140625,20942.689453125,20761.2109375
1996-02-02 00:00:00,20904.029296875,21068.669921875,20874.23046875
1996-02-05 00:00:00,20653.380859375,20882.19921875,20623.880859375
1996-02-06 00:00:00,20751.150390625,20767.7890625,20555.609375
1996-02-07 00:00:00,20943.490234375,21039.26953125,20642.119140625
1996-02-08 00:00:00,21118.30078125,21150.390625,20911.0
1996-02-09 00:00:00,20934.8203125,21156.76953125,20892.369140625
1996-02-13 00:00:00,20784.23046875,21056.310546875,20783.0390625
1996-02-14 00:00:00,20943.58984375,21041.560546875,20800.080078125
1996-02-15 00:00:00,20886.189453125,21010.359375,20751.05078125
1996-02-16 00:00:00,20802.76953125,20834.759765625,20580.630859375
1996-02-19 00:00:00,20721.25,20760.01953125,20632.05078125
1996-02-20 00:00:00,20655.669921875,20668.029296875,20409.91015625
1996-02-21 00:00:00,20372.23046875,20655.26953125,20322.30078125
1996-02-22 00:00:00,20340.939453125,20436.619140625,20310.740234375
1996-02-23 00:00:00,20300.380859375,20499.69921875,20266.58984375
1996-02-26 00:00:00,20480.26953125,20480.26953125,20294.30078125
1996-02-27 00:00:00,20000.400390625,20426.650390625,19977.48046875
1996-02-28 00:00:00,19919.970703125,20211.380859375,19878.91015625
1996-02-29 00:00:00,20125.369140625,20129.16015625,19902.529296875
1996-03-01 00:00:00,20168.630859375,20249.55078125,19936.220703125
1996-03-04 00:00:00,20063.880859375,20221.849609375,20061.890625
1996-03-05 00:00:00,20183.869140625,20303.869140625,20069.759765625
1996-03-06 00:00:00,20241.1796875,20300.6796875,19946.48046875
1996-03-07 00:00:00,19957.150390625,20200.51953125,19916.98046875
1996-03-08 00:00:00,20155.869140625,20164.5390625,19822.80078125
1996-03-11 00:00:00,19796.2890625,20056.41015625,19747.759765625
1996-03-12 00:00:00,19950.26953125,20008.0703125,19854.30078125
1996-03-13 00:00:00,19734.69921875,19932.029296875,19627.5703125
1996-03-14 00:00:00,19923.66015625,19923.66015625,19708.58984375
1996-03-15 00:00:00,20190.849609375,20247.259765625,19960.140625
1996-03-18 00:00:00,20285.130859375,20352.30078125,20223.740234375
1996-03-19 00:00:00,20442.599609375,20614.91015625,20333.369140625
1996-03-21 00:00:00,20727.529296875,20745.759765625,20470.69921875
1996-03-22 00:00:00,20700.919921875,20810.640625,20599.66015625
1996-03-25 00:00:00,20915.439453125,20946.529296875,20745.91015625
1996-03-26 00:00:00,21014.76953125,21290.390625,20942.73046875
1996-03-27 00:00:00,21329.98046875,21329.98046875,20992.359375
1996-03-28 00:00:00,21295.8203125,21432.98046875,21199.4609375
1996-03-29 00:00:00,21406.849609375,21486.330078125,21250.19921875
1996-04-01 00:00:00,21560.390625,21757.83984375,21451.0703125
1996-04-02 00:00:00,21600.080078125,21640.98046875,21464.9296875
1996-04-03 00:00:00,21464.73046875,21754.51953125,21349.6796875
1996-04-04 00:00:00,21471.16015625,21568.830078125,21397.2109375
1996-04-05 00:00:00,21695.83984375,21728.19921875,21497.390625
1996-04-08 00:00:00,21424.240234375,21635.650390625,21398.109375
1996-04-09 00:00:00,21744.169921875,21818.130859375,21508.33984375
1996-04-10 00:00:00,21791.69921875,21870.6796875,21772.7109375
1996-04-11 00:00:00,21694.4296875,21782.359375,21649.419921875
1996-04-12 00:00:00,21660.470703125,21799.5390625,21579.48046875
1996-04-15 00:00:00,21883.0390625,21922.9296875,21704.880859375
1996-04-16 00:00:00,21868.169921875,22077.869140625,21866.359375
1996-04-17 00:00:00,21816.220703125,22007.83984375,21801.849609375
1996-04-18 00:00:00,21812.5,21843.150390625,21694.939453125
1996-04-19 00:00:00,21883.83984375,21931.369140625,21679.66015625
1996-04-22 00:00:00,22123.890625,22123.890625,21912.6796875
1996-04-23 00:00:00,22119.880859375,22216.5390625,22104.80078125
1996-04-24 00:00:00,22282.05078125,22330.490234375,22151.330078125
1996-04-25 00:00:00,22230.099609375,22345.060546875,22209.19921875
1996-04-26 00:00:00,22235.029296875,22347.869140625,22230.609375
1996-04-30 00:00:00,22041.30078125,22162.880859375,21953.48046875
1996-05-01 00:00:00,21815.009765625,22087.3203125,21772.7109375
1996-05-02 00:00:00,21662.380859375,21783.359375,21516.779296875
1996-05-07 00:00:00,21495.279296875,21624.30078125,21430.5703125
1996-05-08 00:00:00,21728.599609375,21728.599609375,21432.48046875
1996-05-09 00:00:00,21411.880859375,21744.369140625,21298.330078125
1996-05-10 00:00:00,21420.119140625,21476.990234375,21320.83984375
1996-05-13 00:00:00,21171.8203125,21504.01953125,21170.720703125
1996-05-14 00:00:00,21301.05078125,21311.390625,21174.240234375
1996-05-15 00:00:00,22055.970703125,22060.7890625,21371.380859375
1996-05-16 00:00:00,22147.2109375,22251.41015625,22082.189453125
1996-05-17 00:00:00,21916.599609375,22131.73046875,21815.109375
1996-05-20 00:00:00,21979.0,22311.2890625,21977.390625
1996-05-21 00:00:00,22091.740234375,22196.0390625,21892.580078125
1996-05-22 00:00:00,21958.0,22195.740234375,21839.9296875
1996-05-23 00:00:00,21724.080078125,22014.869140625,21631.830078125
1996-05-24 00:00:00,21798.4296875,21808.48046875,21620.880859375
1996-05-27 00:00:00,21699.759765625,21863.0390625,21557.48046875
1996-05-28 00:00:00,21944.529296875,21992.560546875,21753.51953125
1996-05-29 00:00:00,22021.5,22145.19921875,21877.2109375
1996-05-30 00:00:00,21886.349609375,21991.16015625,21836.2109375
1996-05-31 00:00:00,21956.189453125,22051.75,21887.16015625
1996-06-03 00:00:00,21588.51953125,21971.66015625,21588.51953125
1996-06-04 00:00:00,21858.119140625,21866.9609375,21641.279296875
1996-06-05 00:00:00,21881.4296875,21985.9296875,21784.359375
1996-06-06 00:00:00,21804.4609375,22032.9609375,21804.4609375
1996-06-07 00:00:00,21751.810546875,21800.439453125,21672.4296875
1996-06-10 00:00:00,21719.150390625,21733.419921875,21641.279296875
1996-06-11 00:00:00,21817.619140625,21862.83984375,21593.650390625
1996-06-12 00:00:00,22104.80078125,22130.630859375,21883.240234375
1996-06-13 00:00:00,22082.400390625,22205.2890625,22042.400390625
1996-06-14 00:00:00,22289.390625,22480.91015625,22127.310546875
1996-06-17 00:00:00,22245.380859375,22519.390625,22245.380859375
1996-06-18 00:00:00,22332.400390625,22429.560546875,22264.26953125
1996-06-19 00:00:00,22367.359375,22504.119140625,22224.779296875
1996-06-20 00:00:00,22437.30078125,22437.30078125,22133.33984375
1996-06-21 00:00:00,22530.650390625,22598.98046875,22404.240234375
1996-06-24 00:00:00,22603.19921875,22701.5703125,22503.919921875
1996-06-25 00:00:00,22597.169921875,22659.16015625,22516.880859375
1996-06-26 00:00:00,22666.80078125,22750.69921875,22572.849609375
1996-06-27 00:00:00,22501.609375,22657.359375,22439.41015625
1996-06-28 00:00:00,22530.75,22613.0390625,22460.91015625
1996-07-01 00:00:00,22455.490234375,22600.080078125,22416.0
1996-07-02 00:00:00,22347.970703125,22485.23046875,22269.900390625
1996-07-03 00:00:00,22379.01953125,22389.5703125,22247.58984375
1996-07-04 00:00:00,22292.91015625,22354.19921875,22203.880859375
1996-07-05 00:00:00,22232.419921875,22374.400390625,22217.5390625
1996-07-08 00:00:00,21924.939453125,22148.109375,21801.75
1996-07-09 00:00:00,21919.8203125,21976.990234375,21843.75
1996-07-10 00:00:00,21778.939453125,22041.80078125,21757.5390625
1996-07-11 00:00:00,21892.580078125,21900.01953125,21716.83984375
1996-07-12 00:00:00,21656.44921875,21807.0703125,21558.48046875
1996-07-15 00:00:00,21753.419921875,21753.419921875,21549.240234375
1996-07-16 00:00:00,21406.349609375,21636.759765625,21362.939453125
1996-07-17 00:00:00,21412.880859375,21567.01953125,21281.94921875
1996-07-18 00:00:00,21566.419921875,21573.55078125,21428.359375
1996-07-19 00:00:00,21476.2890625,21702.0703125,21464.73046875
1996-07-22 00:00:00,21005.630859375,21476.189453125,21005.630859375
1996-07-23 00:00:00,21163.689453125,21164.189453125,20832.900390625
1996-07-24 00:00:00,20631.029296875,21114.150390625,20627.609375
1996-07-25 00:00:00,20883.83984375,20978.80078125,20638.16015625
1996-07-26 00:00:00,21124.900390625,21124.900390625,20876.91015625
1996-07-29 00:00:00,20967.5390625,21284.869140625,20963.830078125
1996-07-30 00:00:00,20880.330078125,20910.869140625,20789.990234375
1996-07-31 00:00:00,20692.830078125,20862.740234375,20653.240234375
1996-08-01 00:00:00,20984.830078125,21092.33984375,20524.8203125
1996-08-02 00:00:00,20940.41015625,21148.810546875,20940.41015625
1996-08-05 00:00:00,21077.470703125,21188.099609375,21019.80078125
1996-08-06 00:00:00,20744.880859375,20992.66015625,20741.9609375
1996-08-07 00:00:00,20477.58984375,20827.970703125,20452.970703125
1996-08-08 00:00:00,20731.310546875,20772.109375,20531.44921875
1996-08-09 00:00:00,20551.05078125,20734.830078125,20492.259765625
1996-08-12 00:00:00,20666.599609375,20666.900390625,20448.650390625
1996-08-13 00:00:00,20864.94921875,20864.94921875,20643.390625
1996-08-14 00:00:00,20981.109375,20981.109375,20728.80078125
1996-08-15 00:00:00,20968.25,21105.7109375,20913.48046875
1996-08-16 00:00:00,20834.0,20966.83984375,20824.259765625
1996-08-19 00:00:00,21106.41015625,21152.73046875,20847.76953125
1996-08-20 00:00:00,21127.009765625,21163.1796875,20971.359375
1996-08-21 00:00:00,21275.01953125,21391.080078125,21215.4296875
1996-08-22 00:00:00,21363.240234375,21386.44921875,21239.849609375
1996-08-23 00:00:00,21228.80078125,21398.009765625,21188.19921875
1996-08-26 00:00:00,20883.740234375,21212.720703125,20879.720703125
1996-08-27 00:00:00,20910.26953125,21022.41015625,20827.970703125
1996-08-28 00:00:00,20709.810546875,21039.7890625,20660.76953125
1996-08-29 00:00:00,20553.16015625,20706.990234375,20503.619140625
1996-08-30 00:00:00,20166.900390625,20481.41015625,20092.240234375
1996-09-02 00:00:00,20107.109375,20230.099609375,20082.189453125
1996-09-03 00:00:00,20198.150390625,20289.990234375,19920.01953125
1996-09-04 00:00:00,20201.869140625,20307.0703125,20066.01953125
1996-09-05 00:00:00,20379.8203125,20487.240234375,20214.9296875
1996-09-06 00:00:00,20152.529296875,20365.55078125,20123.2890625
1996-09-09 00:00:00,20202.26953125,20372.990234375,20159.359375
1996-09-10 00:00:00,20559.58984375,20561.08984375,20268.58984375
1996-09-11 00:00:00,20571.0390625,20579.98046875,20425.439453125
1996-09-12 00:00:00,20443.9296875,20529.939453125,20375.400390625
1996-09-13 00:00:00,20842.640625,20924.140625,20473.26953125
1996-09-17 00:00:00,21310.58984375,21365.859375,20929.060546875
1996-09-18 00:00:00,21156.75,21311.80078125,21094.9609375
1996-09-19 00:00:00,21322.849609375,21332.599609375,21023.41015625
1996-09-20 00:00:00,21112.240234375,21310.08984375,21112.240234375
1996-09-24 00:00:00,21171.990234375,21247.75,21040.830078125
1996-09-25 00:00:00,21350.669921875,21350.669921875,21150.23046875
1996-09-26 00:00:00,21461.369140625,21579.560546875,21369.439453125
1996-09-27 00:00:00,21547.01953125,21603.91015625,21422.939453125
1996-09-30 00:00:00,21556.400390625,21590.439453125,21494.310546875
1996-10-01 00:00:00,21462.970703125,21563.689453125,21430.23046875
1996-10-02 00:00:00,21498.599609375,21509.6796875,21413.259765625
1996-10-03 00:00:00,21331.5,21548.2109375,21297.9609375
1996-10-04 00:00:00,21148.029296875,21267.419921875,21059.990234375
1996-10-07 00:00:00,21161.009765625,21161.009765625,21031.939453125
1996-10-08 00:00:00,21038.529296875,21205.529296875,20968.9609375
1996-10-09 00:00:00,20870.830078125,20983.23046875,20813.640625
1996-10-11 00:00:00,20968.16015625,21008.08984375,20805.94921875
1996-10-14 00:00:00,21029.25,21058.0,20905.369140625
1996-10-15 00:00:00,21429.9296875,21429.9296875,21094.529296875
1996-10-16 00:00:00,21397.189453125,21478.0390625,21364.240234375
1996-10-17 00:00:00,21423.740234375,21462.76953125,21330.109375
1996-10-18 00:00:00,21612.30078125,21788.580078125,21457.98046875
1996-10-21 00:00:00,21302.94921875,21606.91015625,21299.560546875
1996-10-22 00:00:00,21123.6796875,21245.759765625,21022.759765625
1996-10-23 00:00:00,21082.150390625,21089.740234375,20791.48046875
1996-10-24 00:00:00,21003.490234375,21114.689453125,20855.560546875
1996-10-25 00:00:00,20739.970703125,20942.900390625,20700.0390625
1996-10-28 00:00:00,20885.41015625,20907.369140625,20738.169921875
1996-10-29 00:00:00,20958.080078125,21054.900390625,20919.640625
1996-10-30 00:00:00,20681.669921875,21000.900390625,20632.9609375
1996-10-31 00:00:00,20466.859375,20738.5703125,20449.990234375
1996-11-01 00:00:00,20633.060546875,20695.44921875,20388.099609375
1996-11-05 00:00:00,20592.330078125,20690.16015625,20494.009765625
1996-11-06 00:00:00,20991.51953125,21095.330078125,20644.939453125
1996-11-07 00:00:00,20771.109375,21142.240234375,20756.83984375
1996-11-08 00:00:00,21201.0390625,21226.689453125,20770.41015625
1996-11-11 00:00:00,21065.080078125,21262.529296875,21033.240234375
1996-11-12 00:00:00,21206.4296875,21251.44921875,21098.01953125
1996-11-13 00:00:00,20979.439453125,21229.390625,20923.240234375
1996-11-14 00:00:00,21031.0390625,21084.05078125,20935.919921875
1996-11-15 00:00:00,20929.73046875,21159.609375,20919.640625
1996-11-18 00:00:00,20796.369140625,20940.2109375,20773.310546875
1996-11-19 00:00:00,20956.1796875,20956.1796875,20732.779296875
1996-11-20 00:00:00,21189.9609375,21217.509765625,20997.009765625
1996-11-21 00:00:00,21143.33984375,21301.259765625,21105.109375
1996-11-22 00:00:00,21216.109375,21216.109375,21021.4609375
1996-11-25 00:00:00,21293.5703125,21369.140625,21196.94921875
1996-11-26 00:00:00,21418.25,21459.76953125,21254.439453125
1996-11-27 00:00:00,21345.279296875,21460.5703125,21258.73046875
1996-11-28 00:00:00,21035.5390625,21289.880859375,21035.5390625
1996-11-29 00:00:00,21020.359375,21155.220703125,20977.5390625
1996-12-02 00:00:00,20674.689453125,21067.6796875,20674.689453125
1996-12-03 00:00:00,20630.560546875,20762.529296875,20478.740234375
1996-12-04 00:00:00,20659.91015625,20677.080078125,20524.9609375
1996-12-05 00:00:00,20943.900390625,20976.5390625,20668.5
1996-12-06 00:00:00,20276.69921875,21001.900390625,20171.689453125
1996-12-09 00:00:00,20603.7109375,20669.990234375,20396.689453125
1996-12-10 00:00:00,20822.119140625,20853.560546875,20675.6796875
1996-12-11 00:00:00,20568.380859375,20755.740234375,20466.66015625
1996-12-12 00:00:00,20501.19921875,20504.490234375,20321.3203125
1996-12-13 00:00:00,20341.390625,20452.490234375,19951.689453125
1996-12-16 00:00:00,20422.0390625,20472.05078125,20291.080078125
1996-12-17 00:00:00,20413.4609375,20500.900390625,20230.880859375
1996-12-18 00:00:00,20093.029296875,20415.94921875,20093.029296875
1996-12-19 00:00:00,19570.669921875,20098.619140625,19560.390625
1996-12-20 00:00:00,19690.4609375,19822.619140625,19555.900390625
1996-12-24 00:00:00,19161.7109375,19699.740234375,19161.7109375
1996-12-25 00:00:00,19549.41015625,19555.599609375,19211.720703125
1996-12-26 00:00:00,19291.580078125,19542.51953125,18819.919921875
1996-12-27 00:00:00,19369.0390625,19423.640625,19161.109375
1996-12-30 00:00:00,19361.349609375,19391.7890625,19108.5
1997-01-06 00:00:00,19446.0,19500.900390625,19203.529296875
1997-01-07 00:00:00,18896.189453125,19443.5,18895.990234375
1997-01-08 00:00:00,18680.380859375,18998.30078125,18555.80078125
1997-01-09 00:00:00,18073.869140625,18726.490234375,18071.970703125
1997-01-10 00:00:00,17303.650390625,18057.69921875,17123.580078125
1997-01-13 00:00:00,18118.7890625,18151.9296875,17019.560546875
1997-01-14 00:00:00,18093.130859375,18182.26953125,17545.51953125
1997-01-16 00:00:00,18144.33984375,18317.630859375,17970.849609375
1997-01-17 00:00:00,18090.0390625,18446.599609375,17969.55078125
1997-01-20 00:00:00,17480.33984375,18108.599609375,17237.26953125
1997-01-21 00:00:00,17358.16015625,17572.470703125,17282.689453125
1997-01-22 00:00:00,18013.880859375,18065.98046875,17440.7109375
1997-01-23 00:00:00,17909.4609375,18128.5703125,17878.01953125
1997-01-24 00:00:00,17689.359375,17893.890625,17541.23046875
1997-01-27 00:00:00,17334.900390625,17664.599609375,17280.19921875
1997-01-28 00:00:00,17796.5703125,17796.5703125,17195.25
1997-01-29 00:00:00,18335.30078125,18335.30078125,17664.5
1997-01-30 00:00:00,17864.0390625,18365.640625,17781.890625
1997-01-31 00:00:00,18330.009765625,18610.19921875,17948.890625
1997-02-03 00:00:00,18085.94921875,18307.94921875,18077.060546875
1997-02-04 00:00:00,18314.330078125,18629.26953125,18158.3203125
1997-02-05 00:00:00,18185.970703125,18307.349609375,17901.48046875
1997-02-06 00:00:00,18038.4296875,18257.0390625,17875.220703125
1997-02-07 00:00:00,17867.0390625,18266.619140625,17792.470703125
1997-02-10 00:00:00,18181.169921875,18268.3203125,17843.380859375
1997-02-11 00:00:00,18314.0,18629.0,18158.0
1997-02-12 00:00:00,18409.9609375,18520.759765625,18240.169921875
1997-02-13 00:00:00,18688.060546875,18854.759765625,18505.08984375
1997-02-14 00:00:00,18722.0,18880.609375,18608.5
1997-02-17 00:00:00,18750.650390625,18854.4609375,18653.919921875
1997-02-18 00:00:00,18470.75,18727.58984375,18470.75
1997-02-19 00:00:00,18599.119140625,18674.189453125,18329.009765625
1997-02-20 00:00:00,19051.7109375,19101.220703125,18686.859375
1997-02-21 00:00:00,19034.5390625,19173.490234375,18965.16015625
1997-02-24 00:00:00,18896.990234375,19229.490234375,18859.849609375
1997-02-25 00:00:00,19070.0703125,19097.8203125,18775.900390625
1997-02-26 00:00:00,18990.919921875,19216.509765625,18894.890625
1997-02-27 00:00:00,19021.560546875,19024.859375,18854.9609375
1997-02-28 00:00:00,18557.0,19006.890625,18540.4296875
1997-03-03 00:00:00,18429.130859375,18517.169921875,18345.580078125
1997-03-04 00:00:00,18564.779296875,18688.859375,18497.109375
1997-03-05 00:00:00,18273.509765625,18657.3203125,18208.23046875
1997-03-06 00:00:00,18041.330078125,18435.01953125,17977.140625
1997-03-07 00:00:00,18198.740234375,18198.740234375,17836.990234375
1997-03-10 00:00:00,18113.890625,18195.94921875,17935.619140625
1997-03-11 00:00:00,18267.720703125,18267.720703125,18088.939453125
1997-03-12 00:00:00,18183.26953125,18326.2109375,18010.279296875
1997-03-13 00:00:00,17900.48046875,18144.140625,17900.48046875
1997-03-14 00:00:00,17923.640625,17940.310546875,17616.7890625
1997-03-17 00:00:00,18053.5,18084.05078125,17863.849609375
1997-03-18 00:00:00,18445.19921875,18445.19921875,18072.869140625
1997-03-19 00:00:00,18493.7109375,18554.599609375,18378.619140625
1997-03-21 00:00:00,18633.16015625,18633.66015625,18423.140625
1997-03-24 00:00:00,18043.8203125,18750.25,18043.8203125
1997-03-25 00:00:00,18439.609375,18548.609375,18116.990234375
1997-03-26 00:00:00,18472.44921875,18528.25,18189.119140625
1997-03-27 00:00:00,18210.419921875,18594.259765625,18002.599609375
1997-03-28 00:00:00,18189.720703125,18233.619140625,18057.7109375
1997-03-31 00:00:00,18003.400390625,18204.8203125,17793.1796875
1997-04-01 00:00:00,17869.58984375,17934.7890625,17529.05078125
1997-04-02 00:00:00,18037.30078125,18047.900390625,17707.0703125
1997-04-03 00:00:00,18129.310546875,18182.419921875,17973.30078125
1997-04-04 00:00:00,17860.58984375,18136.2109375,17765.880859375
1997-04-07 00:00:00,17715.669921875,17990.80078125,17663.76953125
1997-04-08 00:00:00,18021.69921875,18035.099609375,17626.259765625
1997-04-09 00:00:00,17703.369140625,18006.5,17703.369140625
1997-04-10 00:00:00,17485.75,17933.58984375,17479.05078125
1997-04-11 00:00:00,17846.98046875,17868.990234375,17447.640625
1997-04-14 00:00:00,17692.470703125,17826.880859375,17547.349609375
1997-04-15 00:00:00,17933.58984375,18000.599609375,17712.0703125
1997-04-16 00:00:00,18031.19921875,18093.91015625,17959.19921875
1997-04-17 00:00:00,18093.41015625,18100.310546875,17970.099609375
1997-04-18 00:00:00,18352.140625,18370.0390625,18073.009765625
1997-04-21 00:00:00,18551.66015625,18560.66015625,18399.5390625
1997-04-22 00:00:00,18544.44921875,18731.669921875,18489.849609375
1997-04-23 00:00:00,18735.470703125,18842.380859375,18617.759765625
1997-04-24 00:00:00,18698.0703125,18982.69921875,18664.869140625
1997-04-25 00:00:00,18612.859375,18848.580078125,18571.359375
1997-04-28 00:00:00,18670.369140625,18684.0703125,18545.05078125
1997-04-30 00:00:00,19151.119140625,19194.8203125,18764.080078125
1997-05-01 00:00:00,19275.330078125,19588.359375,19222.419921875
1997-05-02 00:00:00,19514.75,19515.94921875,19187.720703125
1997-05-06 00:00:00,20180.919921875,20222.51953125,19616.759765625
1997-05-07 00:00:00,20048.900390625,20237.3203125,19952.099609375
1997-05-08 00:00:00,20061.810546875,20107.2109375,19925.390625
1997-05-09 00:00:00,19802.779296875,20145.009765625,19757.1796875
1997-05-12 00:00:00,20143.509765625,20148.2109375,19560.060546875
1997-05-13 00:00:00,20129.109375,20452.349609375,20119.609375
1997-05-14 00:00:00,20209.720703125,20209.720703125,20030.099609375
1997-05-15 00:00:00,20056.310546875,20162.220703125,19854.990234375
1997-05-16 00:00:00,20324.73046875,20347.529296875,20080.609375
1997-05-19 00:00:00,20489.75,20561.66015625,20205.619140625
1997-05-20 00:00:00,20332.830078125,20612.259765625,20245.220703125
1997-05-21 00:00:00,19841.98046875,20322.4296875,19763.880859375
1997-05-22 00:00:00,19877.390625,19938.890625,19687.369140625
1997-05-23 00:00:00,20009.0,20066.810546875,19906.990234375
1997-05-26 00:00:00,20043.5,20154.51953125,19989.099609375
1997-05-27 00:00:00,19889.890625,20149.009765625,19848.380859375
1997-05-28 00:00:00,20351.33984375,20351.640625,19928.490234375
1997-05-29 00:00:00,20312.23046875,20366.83984375,20125.109375
1997-05-30 00:00:00,20068.810546875,20390.439453125,20029.099609375
1997-06-02 00:00:00,20451.849609375,20451.849609375,20040.69921875
1997-06-03 00:00:00,20563.16015625,20671.970703125,20432.140625
1997-06-04 00:00:00,20611.560546875,20707.76953125,20512.25
1997-06-05 00:00:00,20488.150390625,20605.9609375,20423.0390625
1997-06-06 00:00:00,20485.75,20540.650390625,20362.640625
1997-06-09 00:00:00,20223.8203125,20526.55078125,20223.8203125
1997-06-10 00:00:00,20532.55078125,20582.16015625,20227.919921875
1997-06-11 00:00:00,20289.9296875,20633.859375,20282.4296875
1997-06-12 00:00:00,20564.4609375,20696.869140625,20340.4296875
1997-06-13 00:00:00,20528.349609375,20815.48046875,20451.75
1997-06-16 00:00:00,20681.0703125,20778.080078125,20549.349609375
1997-06-17 00:00:00,20593.66015625,20720.669921875,20558.759765625
1997-06-18 00:00:00,20497.849609375,20620.359375,20428.740234375
1997-06-19 00:00:00,20507.849609375,20591.4609375,20400.140625
1997-06-20 00:00:00,20385.5390625,20575.9609375,20356.5390625
1997-06-23 00:00:00,20436.140625,20461.55078125,20380.0390625
1997-06-24 00:00:00,20341.9296875,20383.33984375,20215.119140625
1997-06-25 00:00:00,20679.26953125,20736.169921875,20419.240234375
1997-06-26 00:00:00,20624.759765625,20910.7890625,20624.66015625
1997-06-27 00:00:00,20523.75,20742.669921875,20523.75
1997-06-30 00:00:00,20604.9609375,20683.5703125,20493.05078125
1997-07-01 00:00:00,20175.51953125,20561.560546875,20142.509765625
1997-07-02 00:00:00,20196.419921875,20247.419921875,19975.5
1997-07-03 00:00:00,20121.41015625,20252.130859375,20079.91015625
1997-07-04 00:00:00,19968.0,20122.810546875,19907.390625
1997-07-07 00:00:00,19705.169921875,19931.890625,19678.26953125
1997-07-08 00:00:00,19853.890625,19926.7890625,19731.970703125
1997-07-09 00:00:00,19697.169921875,19963.599609375,19495.849609375
1997-07-10 00:00:00,19754.779296875,19820.580078125,19608.759765625
1997-07-11 00:00:00,19875.490234375,19892.58984375,19642.859375
1997-07-14 00:00:00,20228.720703125,20228.720703125,19909.08984375
1997-07-15 00:00:00,20069.41015625,20242.619140625,20037.400390625
1997-07-16 00:00:00,20358.740234375,20435.640625,20139.310546875
1997-07-17 00:00:00,20519.25,20584.9609375,20308.73046875
1997-07-18 00:00:00,20249.3203125,20545.150390625,20248.119140625
1997-07-22 00:00:00,20157.01953125,20280.330078125,20055.609375
1997-07-23 00:00:00,20130.509765625,20324.029296875,19999.80078125
1997-07-24 00:00:00,20286.23046875,20290.23046875,20164.3203125
1997-07-25 00:00:00,20389.5390625,20389.5390625,20303.73046875
1997-07-28 00:00:00,20575.259765625,20600.66015625,20420.240234375
1997-07-29 00:00:00,20402.740234375,20698.669921875,20402.740234375
1997-07-30 00:00:00,20212.8203125,20418.83984375,20170.8203125
1997-07-31 00:00:00,20331.4296875,20332.529296875,20041.19921875
1997-08-01 00:00:00,19804.380859375,20399.140625,19797.580078125
1997-08-04 00:00:00,19668.0703125,19930.490234375,19456.94921875
1997-08-05 00:00:00,19514.44921875,19767.580078125,19362.439453125
1997-08-06 00:00:00,19702.0703125,19703.5703125,19233.119140625
1997-08-07 00:00:00,19475.849609375,19772.1796875,19366.140625
1997-08-08 00:00:00,19604.4609375,19641.759765625,19256.130859375
1997-08-11 00:00:00,18824.1796875,19462.349609375,18824.1796875
1997-08-12 00:00:00,19099.109375,19257.23046875,18917.490234375
1997-08-13 00:00:00,19008.599609375,19154.01953125,18801.6796875
1997-08-14 00:00:00,19222.619140625,19268.9296875,18988.900390625
1997-08-15 00:00:00,19326.029296875,19466.349609375,19312.73046875
1997-08-18 00:00:00,19041.099609375,19213.119140625,18835.48046875
1997-08-19 00:00:00,18961.0,19246.01953125,18803.1796875
1997-08-20 00:00:00,19252.23046875,19252.23046875,18905.689453125
1997-08-21 00:00:00,19157.119140625,19394.140625,19124.509765625
1997-08-22 00:00:00,18650.169921875,19073.609375,18576.060546875
1997-08-25 00:00:00,18656.169921875,18740.5703125,18550.359375
1997-08-26 00:00:00,18814.98046875,18866.7890625,18538.44921875
1997-08-27 00:00:00,18441.939453125,18755.380859375,18432.33984375
1997-08-28 00:00:00,18451.44921875,18586.259765625,18385.740234375
1997-08-29 00:00:00,18229.419921875,18328.73046875,17973.900390625
1997-09-01 00:00:00,17974.30078125,18270.9296875,17884.7890625
1997-09-02 00:00:00,18232.51953125,18244.8203125,17967.80078125
1997-09-03 00:00:00,18735.169921875,18749.26953125,18348.630859375
1997-09-04 00:00:00,18615.060546875,18713.470703125,18572.66015625
1997-09-05 00:00:00,18650.169921875,18671.0703125,18454.650390625
1997-09-08 00:00:00,18633.859375,18775.080078125,18633.859375
1997-09-09 00:00:00,18695.970703125,18732.869140625,18513.55078125
1997-09-10 00:00:00,18704.76953125,18723.5703125,18574.66015625
1997-09-11 00:00:00,18282.23046875,18625.560546875,18188.720703125
1997-09-12 00:00:00,17965.80078125,18215.619140625,17803.48046875
1997-09-16 00:00:00,17974.5,18037.099609375,17872.689453125
1997-09-17 00:00:00,17683.26953125,18176.119140625,17563.66015625
1997-09-18 00:00:00,17930.08984375,17981.5,17660.869140625
1997-09-19 00:00:00,18058.2109375,18075.91015625,17762.6796875
1997-09-22 00:00:00,18201.3203125,18303.73046875,17960.400390625
1997-09-24 00:00:00,18420.080078125,18420.080078125,18139.16015625
1997-09-25 00:00:00,18341.9609375,18439.759765625,18183.720703125
1997-09-26 00:00:00,17994.7109375,18353.650390625,17933.369140625
1997-09-29 00:00:00,17987.2109375,17992.2109375,17680.919921875
1997-09-30 00:00:00,17887.7109375,18053.55078125,17850.05078125
1997-10-01 00:00:00,17842.16015625,17936.859375,17522.279296875
1997-10-02 00:00:00,17455.0390625,17875.51953125,17415.1796875
1997-10-03 00:00:00,17647.44921875,17685.609375,17402.19921875
1997-10-06 00:00:00,17824.779296875,17854.44921875,17635.859375
1997-10-07 00:00:00,17511.189453125,17889.7109375,17478.720703125
1997-10-08 00:00:00,17619.1796875,17718.380859375,17531.0703125
1997-10-09 00:00:00,17376.919921875,17627.5703125,17330.669921875
1997-10-13 00:00:00,17204.69921875,17318.380859375,17151.75
1997-10-14 00:00:00,17306.390625,17418.880859375,16967.73046875
1997-10-15 00:00:00,17331.369140625,17426.970703125,17186.310546875
1997-10-16 00:00:00,17707.490234375,17763.740234375,17184.3203125
1997-10-17 00:00:00,17478.419921875,17591.109375,17383.8203125
1997-10-20 00:00:00,17294.509765625,17454.849609375,17230.76953125
1997-10-21 00:00:00,17210.08984375,17554.55078125,17209.58984375
1997-10-22 00:00:00,17687.609375,17694.310546875,17267.130859375
1997-10-23 00:00:00,17151.55078125,17646.55078125,17151.55078125
1997-10-24 00:00:00,17363.740234375,17494.310546875,16863.5390625
1997-10-27 00:00:00,17038.359375,17262.240234375,16905.689453125
1997-10-28 00:00:00,16312.6904296875,17018.779296875,16218.3798828125
1997-10-29 00:00:00,16857.0390625,16920.080078125,16385.810546875
1997-10-30 00:00:00,16364.9404296875,16828.369140625,16302.0
1997-10-31 00:00:00,16458.939453125,16635.259765625,16082.3203125
1997-11-04 00:00:00,16500.099609375,16640.9609375,16400.80078125
1997-11-05 00:00:00,16448.05078125,16525.169921875,16289.8095703125
1997-11-06 00:00:00,16533.869140625,16633.669921875,16422.279296875
1997-11-07 00:00:00,15836.3603515625,16464.240234375,15823.580078125
1997-11-10 00:00:00,15697.2001953125,15912.490234375,15564.5400390625
1997-11-11 00:00:00,15867.23046875,15867.23046875,15647.650390625
1997-11-12 00:00:00,15434.169921875,15864.0400390625,15359.4404296875
1997-11-13 00:00:00,15427.26953125,15603.2998046875,15083.2197265625
1997-11-14 00:00:00,15082.51953125,15371.830078125,14966.1298828125
1997-11-17 00:00:00,16283.3203125,16283.3203125,15153.849609375
1997-11-18 00:00:00,16726.5703125,17006.08984375,16089.8095703125
1997-11-19 00:00:00,15842.4599609375,16600.19921875,15745.650390625
1997-11-20 00:00:00,16308.490234375,16544.560546875,15831.4697265625
1997-11-21 00:00:00,16721.580078125,16808.990234375,16419.98046875
1997-11-25 00:00:00,15867.5302734375,16607.890625,15774.330078125
1997-11-26 00:00:00,16045.5498046875,16378.6201171875,15926.4697265625
1997-11-27 00:00:00,16603.19921875,16630.470703125,16117.080078125
1997-11-28 00:00:00,16636.259765625,16785.41015625,16590.7109375
1997-12-01 00:00:00,17007.58984375,17117.779296875,16486.310546875
1997-12-02 00:00:00,16910.2890625,17074.130859375,16847.650390625
1997-12-03 00:00:00,16585.509765625,16860.740234375,16582.619140625
1997-12-04 00:00:00,16306.7900390625,16588.91015625,16248.75
1997-12-05 00:00:00,16424.48046875,16597.0,16348.25
1997-12-08 00:00:00,16131.5703125,16515.6796875,16110.2900390625
1997-12-09 00:00:00,16686.509765625,16686.509765625,16184.7197265625
1997-12-10 00:00:00,16478.119140625,16676.119140625,16408.890625
1997-12-11 00:00:00,16050.150390625,16396.69921875,16025.26953125
1997-12-12 00:00:00,15904.2998046875,16153.349609375,15738.3603515625
1997-12-15 00:00:00,15909.3896484375,15909.3896484375,15642.8603515625
1997-12-16 00:00:00,15985.2099609375,16130.3701171875,15802.599609375
1997-12-17 00:00:00,16541.060546875,16816.6796875,15795.2001953125
1997-12-18 00:00:00,16161.6396484375,16455.640625,16100.7998046875
1997-12-19 00:00:00,15314.8896484375,16104.7998046875,15170.830078125
1997-12-22 00:00:00,14799.400390625,15280.2197265625,14569.4296875
1997-12-24 00:00:00,14924.98046875,15013.1904296875,14681.8203125
1997-12-25 00:00:00,15300.099609375,15729.5703125,14940.0595703125
1997-12-26 00:00:00,14802.599609375,15364.0400390625,14779.419921875
1997-12-29 00:00:00,14775.2197265625,14852.9501953125,14488.2099609375
1997-12-30 00:00:00,15258.740234375,15259.33984375,14838.4599609375
1998-01-05 00:00:00,14956.83984375,15307.1904296875,14956.83984375
1998-01-06 00:00:00,14896.400390625,15066.73046875,14714.08984375
1998-01-07 00:00:00,15028.169921875,15038.16015625,14847.650390625
1998-01-08 00:00:00,15019.1796875,15608.3896484375,15018.6796875
1998-01-09 00:00:00,14995.099609375,15065.5302734375,14724.2802734375
1998-01-12 00:00:00,14664.4404296875,14909.2900390625,14628.669921875
1998-01-13 00:00:00,14755.9404296875,14900.900390625,14546.25
1998-01-14 00:00:00,15121.98046875,15148.9501953125,14866.23046875
1998-01-16 00:00:00,16046.4501953125,16062.5400390625,15193.1103515625
1998-01-19 00:00:00,16262.0400390625,16461.439453125,16155.33984375
1998-01-20 00:00:00,16366.5302734375,16430.26953125,16077.2197265625
1998-01-21 00:00:00,16684.419921875,16752.349609375,16458.939453125
1998-01-22 00:00:00,16405.689453125,16712.2890625,16397.30078125
1998-01-23 00:00:00,16789.109375,16797.099609375,16402.400390625
1998-01-26 00:00:00,17073.330078125,17352.94921875,16835.16015625
1998-01-27 00:00:00,16981.619140625,17158.33984375,16907.689453125
1998-01-28 00:00:00,16973.830078125,17258.939453125,16973.830078125
1998-01-29 00:00:00,17014.58984375,17106.689453125,16926.169921875
1998-01-30 00:00:00,16628.470703125,17011.08984375,16627.5703125
1998-02-02 00:00:00,16776.8203125,16908.689453125,16640.759765625
1998-02-03 00:00:00,17022.98046875,17144.060546875,16903.5
1998-02-04 00:00:00,16882.619140625,17073.73046875,16795.5
1998-02-05 00:00:00,17003.30078125,17051.150390625,16770.9296875
1998-02-06 00:00:00,17040.060546875,17133.869140625,16980.919921875
1998-02-09 00:00:00,17205.0,17223.779296875,17053.05078125
1998-02-10 00:00:00,17205.08984375,17256.240234375,17161.740234375
1998-02-12 00:00:00,17174.9296875,17252.44921875,17069.23046875
1998-02-13 00:00:00,16791.009765625,17161.140625,16711.08984375
1998-02-16 00:00:00,16775.51953125,16775.720703125,16589.41015625
1998-02-17 00:00:00,16790.7109375,16790.91015625,16587.7109375
1998-02-18 00:00:00,16613.890625,16853.849609375,16592.509765625
1998-02-19 00:00:00,16616.48046875,16866.330078125,16547.55078125
1998-02-20 00:00:00,16756.240234375,16799.19921875,16501.599609375
1998-02-23 00:00:00,16609.490234375,16716.580078125,16609.490234375
1998-02-24 00:00:00,16198.0,16633.869140625,16167.330078125
1998-02-25 00:00:00,16360.6396484375,16360.6396484375,15932.4697265625
1998-02-26 00:00:00,16501.69921875,16548.849609375,16277.6201171875
1998-02-27 00:00:00,16831.669921875,16831.669921875,16561.33984375
1998-03-02 00:00:00,17264.33984375,17276.119140625,16901.0
1998-03-03 00:00:00,17168.330078125,17325.669921875,17062.740234375
1998-03-04 00:00:00,17095.599609375,17212.689453125,17025.5703125
1998-03-05 00:00:00,16848.55078125,17010.58984375,16844.9609375
1998-03-06 00:00:00,17131.970703125,17190.91015625,16864.33984375
1998-03-09 00:00:00,16972.529296875,17352.349609375,16972.529296875
1998-03-10 00:00:00,16982.8203125,17062.740234375,16901.099609375
1998-03-11 00:00:00,16756.140625,16948.94921875,16745.55078125
1998-03-12 00:00:00,16575.220703125,16749.849609375,16575.220703125
1998-03-13 00:00:00,17060.140625,17128.970703125,16554.75
1998-03-16 00:00:00,16861.140625,17062.5390625,16792.009765625
1998-03-17 00:00:00,16997.19921875,17061.83984375,16844.16015625
1998-03-18 00:00:00,16619.6796875,17022.279296875,16500.099609375
1998-03-19 00:00:00,16679.01953125,16768.529296875,16559.939453125
1998-03-20 00:00:00,16830.470703125,16878.919921875,16470.029296875
1998-03-23 00:00:00,16868.830078125,17045.55078125,16764.439453125
1998-03-24 00:00:00,16606.390625,16768.529296875,16550.75
1998-03-25 00:00:00,16658.33984375,16938.66015625,16574.529296875
1998-03-26 00:00:00,16980.619140625,17111.58984375,16668.529296875
1998-03-27 00:00:00,16739.259765625,17076.419921875,16736.759765625
1998-03-30 00:00:00,16263.0400390625,17009.890625,16238.5595703125
1998-03-31 00:00:00,16527.169921875,16584.619140625,16178.2197265625
1998-04-01 00:00:00,16241.66015625,16440.759765625,16147.75
1998-04-02 00:00:00,15702.900390625,16215.2802734375,15634.4697265625
1998-04-03 00:00:00,15517.7802734375,15955.33984375,15465.1298828125
1998-04-06 00:00:00,15705.990234375,15768.0302734375,15488.3095703125
1998-04-07 00:00:00,15978.7197265625,15978.7197265625,15602.2998046875
1998-04-08 00:00:00,16376.6201171875,16475.01953125,15962.1396484375
1998-04-09 00:00:00,16536.66015625,16623.779296875,16271.23046875
1998-04-10 00:00:00,16481.119140625,16520.48046875,16266.330078125
1998-04-13 00:00:00,16317.580078125,16400.900390625,16277.0703125
1998-04-14 00:00:00,16277.3203125,16414.08984375,16188.3603515625
1998-04-15 00:00:00,16299.2998046875,16404.0,16292.1103515625
1998-04-16 00:00:00,15883.76953125,16416.73046875,15875.0703125
1998-04-17 00:00:00,15703.7998046875,15853.91015625,15464.7998046875
1998-04-20 00:00:00,15697.099609375,15729.76953125,15598.9501953125
1998-04-21 00:00:00,15825.669921875,15927.2197265625,15582.6201171875
1998-04-22 00:00:00,15761.5400390625,15832.3701171875,15601.25
1998-04-23 00:00:00,15761.6904296875,15906.490234375,15650.849609375
1998-04-24 00:00:00,16011.240234375,16200.849609375,15833.9697265625
1998-04-27 00:00:00,15649.9501953125,15968.73046875,15645.2998046875
1998-04-28 00:00:00,15395.4296875,15625.3701171875,15334.4697265625
1998-04-30 00:00:00,15641.259765625,15647.650390625,15483.1796875
1998-05-01 00:00:00,15601.099609375,15665.7802734375,15463.599609375
1998-05-06 00:00:00,15243.83984375,15536.9599609375,15129.0703125
1998-05-07 00:00:00,15143.0302734375,15244.099609375,15020.0498046875
1998-05-08 00:00:00,15149.0,15209.8095703125,15096.7197265625
1998-05-11 00:00:00,15381.900390625,15433.8701171875,15213.33984375
1998-05-12 00:00:00,15322.48046875,15446.2001953125,15306.919921875
1998-05-13 00:00:00,15343.8095703125,15343.8095703125,15162.8896484375
1998-05-14 00:00:00,15307.6904296875,15448.4501953125,15294.509765625
1998-05-15 00:00:00,15242.8603515625,15412.83984375,15213.2900390625
1998-05-18 00:00:00,15384.4697265625,15405.0,15069.6796875
1998-05-19 00:00:00,15551.650390625,15582.8701171875,15309.1904296875
1998-05-20 00:00:00,15652.9501953125,15788.009765625,15578.8701171875
1998-05-21 00:00:00,15845.25,15972.8798828125,15695.25
1998-05-22 00:00:00,15801.650390625,15915.23046875,15736.16015625
1998-05-25 00:00:00,15783.1201171875,15812.5400390625,15733.1201171875
1998-05-26 00:00:00,15884.8203125,15942.16015625,15788.91015625
1998-05-27 00:00:00,15664.2900390625,15824.5302734375,15549.900390625
1998-05-28 00:00:00,15796.5498046875,15891.7099609375,15639.009765625
1998-05-29 00:00:00,15670.7802734375,15790.3095703125,15604.7001953125
1998-06-01 00:00:00,15321.0302734375,15702.0498046875,15321.0302734375
1998-06-02 00:00:00,15554.4501953125,15554.4501953125,15353.2001953125
1998-06-03 00:00:00,15347.0,15525.6201171875,15256.08984375
1998-06-04 00:00:00,15426.4697265625,15522.7802734375,15292.91015625
1998-06-05 00:00:00,15323.4296875,15440.8603515625,15276.01953125
1998-06-08 00:00:00,15294.7099609375,15357.8896484375,15254.0
1998-06-09 00:00:00,15530.169921875,15530.169921875,15316.4296875
1998-06-10 00:00:00,15339.259765625,15520.3798828125,15298.7998046875
1998-06-11 00:00:00,15014.0400390625,15285.009765625,15002.5498046875
1998-06-12 00:00:00,15022.330078125,15060.6904296875,14784.51953125
1998-06-15 00:00:00,14825.169921875,14964.33984375,14789.3095703125
1998-06-16 00:00:00,14720.3798828125,14917.580078125,14614.740234375
1998-06-17 00:00:00,14715.3798828125,14899.849609375,14673.2802734375
1998-06-18 00:00:00,15361.5400390625,15398.2001953125,14825.169921875
1998-06-19 00:00:00,15267.98046875,15351.4501953125,15194.009765625
1998-06-22 00:00:00,15309.08984375,15413.7900390625,15246.25
1998-06-23 00:00:00,15054.599609375,15320.48046875,15054.599609375
1998-06-24 00:00:00,15123.1796875,15210.490234375,15000.150390625
1998-06-25 00:00:00,15132.2197265625,15205.0400390625,15075.3701171875
1998-06-26 00:00:00,15210.0400390625,15233.9697265625,14977.669921875
1998-06-29 00:00:00,15365.73046875,15424.5302734375,15230.76953125
1998-06-30 00:00:00,15830.26953125,15830.4697265625,15462.240234375
1998-07-01 00:00:00,16362.8896484375,16362.8896484375,15739.759765625
1998-07-02 00:00:00,16471.580078125,16743.359375,16432.619140625
1998-07-03 00:00:00,16511.240234375,16625.419921875,16289.66015625
1998-07-06 00:00:00,16350.4501953125,16488.509765625,16350.4501953125
1998-07-07 00:00:00,16416.279296875,16531.220703125,16354.349609375
1998-07-08 00:00:00,16530.970703125,16635.859375,16497.30078125
1998-07-09 00:00:00,16446.94921875,16492.509765625,16370.080078125
1998-07-10 00:00:00,16090.0595703125,16531.470703125,16066.0302734375
1998-07-13 00:00:00,16360.3896484375,16360.3896484375,15804.349609375
1998-07-14 00:00:00,16488.91015625,16489.41015625,16331.3701171875
1998-07-15 00:00:00,16614.140625,16614.140625,16435.4609375
1998-07-16 00:00:00,16731.919921875,16756.890625,16498.25
1998-07-17 00:00:00,16570.779296875,16732.0703125,16569.779296875
1998-07-21 00:00:00,16556.689453125,16698.150390625,16407.740234375
1998-07-22 00:00:00,16293.0595703125,16460.689453125,16286.5595703125
1998-07-23 00:00:00,16188.009765625,16320.5302734375,16158.4404296875
1998-07-24 00:00:00,16361.8896484375,16418.380859375,16091.41015625
1998-07-27 00:00:00,15944.3603515625,16281.9697265625,15944.259765625
1998-07-28 00:00:00,16114.5400390625,16180.26953125,15958.1904296875
1998-07-29 00:00:00,16158.08984375,16282.3203125,16047.25
1998-07-30 00:00:00,16201.599609375,16311.5400390625,16190.7099609375
1998-07-31 00:00:00,16378.9697265625,16399.900390625,16286.6103515625
1998-08-03 00:00:00,16165.080078125,16303.599609375,16104.5498046875
1998-08-04 00:00:00,16023.580078125,16180.919921875,16004.25
1998-08-05 00:00:00,15992.16015625,16019.330078125,15817.0302734375
1998-08-06 00:00:00,15876.2197265625,16075.7197265625,15834.76953125
1998-08-07 00:00:00,15829.169921875,16037.259765625,15797.2998046875
1998-08-10 00:00:00,15626.419921875,15800.349609375,15595.7001953125
1998-08-11 00:00:00,15406.990234375,15630.0703125,15310.58984375
1998-08-12 00:00:00,15378.9697265625,15534.0703125,15269.830078125
1998-08-13 00:00:00,15382.01953125,15476.3203125,15239.7099609375
1998-08-14 00:00:00,15123.9296875,15355.08984375,15049.4501953125
1998-08-17 00:00:00,14794.66015625,15137.66015625,14655.6904296875
1998-08-18 00:00:00,15063.7900390625,15102.900390625,14845.75
1998-08-19 00:00:00,15406.33984375,15416.48046875,15161.83984375
1998-08-20 00:00:00,15391.41015625,15445.75,15236.259765625
1998-08-21 00:00:00,15298.2001953125,15416.8798828125,15226.6201171875
1998-08-24 00:00:00,14988.3603515625,15145.25,14859.33984375
1998-08-25 00:00:00,15072.9296875,15226.9697265625,15070.23046875
1998-08-26 00:00:00,14866.0302734375,15113.0400390625,14866.0302734375
1998-08-27 00:00:00,14413.7900390625,14794.41015625,14378.669921875
1998-08-28 00:00:00,13915.6298828125,14289.2099609375,13792.759765625
1998-08-31 00:00:00,14107.8896484375,14224.1796875,13845.150390625
1998-09-01 00:00:00,14369.6298828125,14369.830078125,13664.740234375
1998-09-02 00:00:00,14376.6201171875,14589.41015625,14287.16015625
1998-09-03 00:00:00,14261.240234375,14368.2802734375,14207.83984375
1998-09-04 00:00:00,14042.91015625,14185.8603515625,14042.91015625
1998-09-07 00:00:00,14790.0595703125,14790.0595703125,13912.6904296875
1998-09-08 00:00:00,14913.490234375,15294.259765625,14766.9296875
1998-09-09 00:00:00,14755.5400390625,15099.849609375,14629.6201171875
1998-09-10 00:00:00,14666.0302734375,14902.0,14530.919921875
1998-09-11 00:00:00,13916.98046875,14551.25,13725.6201171875
1998-09-14 00:00:00,14227.3701171875,14329.919921875,13844.3095703125
1998-09-16 00:00:00,14197.7001953125,14375.5703125,14176.01953125
1998-09-17 00:00:00,13859.1396484375,14279.76953125,13784.0703125
1998-09-18 00:00:00,13983.1201171875,14006.08984375,13697.75
1998-09-21 00:00:00,13597.2998046875,13875.76953125,13580.7197265625
1998-09-22 00:00:00,13789.8095703125,13871.48046875,13521.1298828125
1998-09-24 00:00:00,14205.7802734375,14297.5,13896.7900390625
1998-09-25 00:00:00,13723.83984375,14057.849609375,13678.4697265625
1998-09-28 00:00:00,13909.3701171875,14121.4697265625,13687.0302734375
1998-09-29 00:00:00,13821.4296875,13952.349609375,13553.01953125
1998-09-30 00:00:00,13406.3896484375,13966.76953125,13406.3896484375
1998-10-01 00:00:00,13197.1201171875,13558.4501953125,13018.75
1998-10-02 00:00:00,13223.6904296875,13320.23046875,12973.240234375
1998-10-05 00:00:00,12948.1201171875,13185.98046875,12910.26953125
1998-10-06 00:00:00,13021.6396484375,13216.2802734375,12927.7802734375
1998-10-07 00:00:00,13825.6103515625,13825.6103515625,13095.900390625
1998-10-08 00:00:00,13026.0595703125,13749.009765625,12987.91015625
1998-10-09 00:00:00,12879.9697265625,13301.5302734375,12787.900390625
1998-10-12 00:00:00,13555.009765625,13572.8701171875,12977.8203125
1998-10-13 00:00:00,13242.7900390625,13591.8203125,13241.2001953125
1998-10-14 00:00:00,13070.73046875,13454.0400390625,13057.0498046875
1998-10-15 00:00:00,12995.3701171875,13184.6396484375,12892.9599609375
1998-10-16 00:00:00,13280.5400390625,13309.990234375,13109.330078125
1998-10-19 00:00:00,13567.2001953125,13786.3603515625,13263.1796875
1998-10-20 00:00:00,13808.0498046875,13808.83984375,13483.240234375
1998-10-21 00:00:00,14216.330078125,14366.8896484375,13921.3603515625
1998-10-22 00:00:00,14295.5595703125,14742.4404296875,14245.76953125
1998-10-23 00:00:00,14144.7001953125,14523.48046875,14042.6298828125
1998-10-26 00:00:00,13843.4599609375,14054.8603515625,13806.3603515625
1998-10-27 00:00:00,13820.6796875,14054.8603515625,13762.4404296875
1998-10-28 00:00:00,13516.0703125,13920.8095703125,13516.0703125
1998-10-29 00:00:00,13668.7197265625,13727.01953125,13432.099609375
1998-10-30 00:00:00,13564.509765625,13835.5595703125,13454.6396484375
1998-11-02 00:00:00,13952.75,13952.75,13648.2802734375
1998-11-04 00:00:00,14527.8095703125,14527.8095703125,14095.650390625
1998-11-05 00:00:00,14341.3701171875,14625.150390625,14180.7099609375
1998-11-06 00:00:00,14121.9697265625,14308.990234375,14121.9697265625
1998-11-09 00:00:00,14194.5400390625,14362.66015625,14063.26953125
1998-11-10 00:00:00,14108.08984375,14270.0498046875,14099.23046875
1998-11-11 00:00:00,14428.01953125,14428.01953125,14065.509765625
1998-11-12 00:00:00,14075.0595703125,14418.080078125,14075.0595703125
1998-11-13 00:00:00,14268.2099609375,14268.2099609375,13984.6796875
1998-11-16 00:00:00,14428.26953125,14450.5595703125,14205.1298828125
1998-11-17 00:00:00,14413.0,14480.5,14276.8095703125
1998-11-18 00:00:00,14599.23046875,14701.4501953125,14383.3603515625
1998-11-19 00:00:00,14354.4599609375,14642.9599609375,14354.41015625
1998-11-20 00:00:00,14779.9404296875,14779.9404296875,14461.2001953125
1998-11-24 00:00:00,15164.6396484375,15164.6396484375,14904.2001953125
1998-11-25 00:00:00,15073.4697265625,15124.599609375,14942.099609375
1998-11-26 00:00:00,15207.76953125,15219.8095703125,15043.7197265625
1998-11-27 00:00:00,15069.3896484375,15320.23046875,15069.3896484375
1998-11-30 00:00:00,14883.7001953125,15139.8701171875,14883.1103515625
1998-12-01 00:00:00,14835.41015625,14931.16015625,14763.8798828125
1998-12-02 00:00:00,14986.6201171875,15011.08984375,14781.7802734375
1998-12-03 00:00:00,14697.080078125,14875.599609375,14589.6298828125
1998-12-04 00:00:00,14639.9697265625,14654.2001953125,14536.009765625
1998-12-07 00:00:00,14723.490234375,14748.91015625,14650.419921875
1998-12-08 00:00:00,14808.2001953125,14916.08984375,14775.01953125
1998-12-09 00:00:00,14931.900390625,14931.900390625,14700.66015625
1998-12-10 00:00:00,14807.7998046875,15007.009765625,14807.400390625
1998-12-11 00:00:00,14405.6396484375,14729.9501953125,14382.0595703125
1998-12-14 00:00:00,14111.6201171875,14349.1796875,14103.8603515625
1998-12-15 00:00:00,14011.1904296875,14192.599609375,13965.2802734375
1998-12-16 00:00:00,14096.2998046875,14157.5302734375,14016.8095703125
1998-12-17 00:00:00,14126.990234375,14169.3203125,13917.330078125
1998-12-18 00:00:00,14194.2900390625,14269.5,14078.1396484375
1998-12-21 00:00:00,14152.9501953125,14158.8203125,14038.7001953125
1998-12-22 00:00:00,13779.4501953125,14185.5400390625,13722.099609375
1998-12-24 00:00:00,13706.73046875,13815.2099609375,13657.0302734375
1998-12-25 00:00:00,13797.9501953125,13918.23046875,13768.650390625
1998-12-28 00:00:00,13709.0595703125,13894.5498046875,13703.2900390625
1998-12-29 00:00:00,13846.900390625,13846.900390625,13664.7900390625
1998-12-30 00:00:00,13842.169921875,13913.5498046875,13812.8701171875
1999-01-04 00:00:00,13415.8896484375,13779.0498046875,13415.8896484375
1999-01-05 00:00:00,13232.740234375,13437.0302734375,13122.6103515625
1999-01-06 00:00:00,13468.4599609375,13475.6298828125,13216.1796875
1999-01-07 00:00:00,13536.5595703125,13854.16015625,13516.41015625
1999-01-08 00:00:00,13391.8095703125,13507.0595703125,13328.33984375
1999-01-11 00:00:00,13368.48046875,13452.8896484375,13224.6298828125
1999-01-12 00:00:00,13360.9697265625,13535.66015625,13212.2998046875
1999-01-13 00:00:00,13403.599609375,13444.33984375,13313.76953125
1999-01-14 00:00:00,13738.8603515625,13738.8603515625,13369.080078125
1999-01-18 00:00:00,13805.0595703125,13964.1904296875,13754.580078125
1999-01-19 00:00:00,13770.4404296875,13883.009765625,13756.9599609375
1999-01-20 00:00:00,14028.0498046875,14028.0498046875,13738.9599609375
1999-01-21 00:00:00,14245.419921875,14331.23046875,14009.4501953125
1999-01-22 00:00:00,14154.400390625,14407.23046875,14154.400390625
1999-01-25 00:00:00,14208.8095703125,14251.08984375,14076.349609375
1999-01-26 00:00:00,14382.009765625,14501.4404296875,14251.2900390625
1999-01-27 00:00:00,14450.0595703125,14526.2099609375,14370.51953125
1999-01-28 00:00:00,14342.3203125,14522.330078125,14331.76953125
1999-01-29 00:00:00,14499.25,14628.8798828125,14413.900390625
1999-02-01 00:00:00,14465.1796875,14641.41015625,14356.2998046875
1999-02-02 00:00:00,14349.830078125,14459.8095703125,14285.9599609375
1999-02-03 00:00:00,14161.3095703125,14250.5498046875,14089.08984375
1999-02-04 00:00:00,14086.849609375,14255.669921875,13925.1396484375
1999-02-05 00:00:00,13898.080078125,14049.6904296875,13769.25
1999-02-08 00:00:00,13992.490234375,14024.919921875,13770.8896484375
1999-02-09 00:00:00,13902.66015625,14015.5703125,13885.7900390625
1999-02-10 00:00:00,13952.400390625,13971.150390625,13795.6103515625
1999-02-12 00:00:00,13973.6904296875,14062.919921875,13925.240234375
1999-02-15 00:00:00,14054.7197265625,14101.2197265625,14003.23046875
1999-02-16 00:00:00,14232.6396484375,14358.6796875,14095.25
1999-02-17 00:00:00,14158.669921875,14407.330078125,14146.6396484375
1999-02-18 00:00:00,14146.7900390625,14168.5703125,14041.9296875
1999-02-19 00:00:00,14098.0400390625,14179.76953125,14045.169921875
1999-02-22 00:00:00,14256.669921875,14314.3203125,14096.7001953125
1999-02-23 00:00:00,14500.650390625,14500.650390625,14284.26953125
1999-02-24 00:00:00,14355.4501953125,14534.8203125,14326.150390625
1999-02-25 00:00:00,14470.4501953125,14470.4501953125,14363.8095703125
1999-02-26 00:00:00,14367.5400390625,14494.580078125,14363.3095703125
1999-03-01 00:00:00,14221.75,14468.8603515625,14221.599609375
1999-03-02 00:00:00,13921.0595703125,14306.009765625,13921.0595703125
1999-03-03 00:00:00,14170.3603515625,14170.4599609375,13927.73046875
1999-03-04 00:00:00,14183.4501953125,14224.73046875,14121.01953125
1999-03-05 00:00:00,14894.0,14895.3896484375,14256.01953125
1999-03-08 00:00:00,14779.0498046875,15116.099609375,14779.0498046875
1999-03-09 00:00:00,15096.7001953125,15096.7001953125,14842.169921875
1999-03-10 00:00:00,15480.0,15484.6298828125,15134.0498046875
1999-03-11 00:00:00,15502.1396484375,15840.23046875,15417.0302734375
1999-03-12 00:00:00,15488.8603515625,15709.009765625,15408.3798828125
1999-03-15 00:00:00,15779.599609375,15790.240234375,15404.099609375
1999-03-16 00:00:00,16072.8203125,16082.0703125,15591.6201171875
1999-03-17 00:00:00,16268.1103515625,16269.2001953125,15977.8701171875
1999-03-18 00:00:00,15717.919921875,16303.1201171875,15717.919921875
1999-03-19 00:00:00,16378.7802734375,16421.810546875,15804.169921875
1999-03-23 00:00:00,16019.099609375,16437.23046875,15988.41015625
1999-03-24 00:00:00,15515.4697265625,15947.5703125,15515.4697265625
1999-03-25 00:00:00,15986.0400390625,16061.01953125,15591.41015625
1999-03-26 00:00:00,16016.990234375,16181.08984375,15905.66015625
1999-03-29 00:00:00,16008.83984375,16185.7998046875,16002.2802734375
1999-03-30 00:00:00,15859.1201171875,16184.5400390625,15805.6904296875
1999-03-31 00:00:00,15836.58984375,16027.26953125,15651.349609375
1999-04-01 00:00:00,16327.5595703125,16449.970703125,15813.41015625
1999-04-02 00:00:00,16290.1904296875,16453.5,16243.4599609375
1999-04-05 00:00:00,16334.7802734375,16634.7890625,16231.1298828125
1999-04-06 00:00:00,16479.7109375,16484.26953125,16084.7099609375
1999-04-07 00:00:00,16554.5,16563.19921875,16341.25
1999-04-08 00:00:00,16846.689453125,16866.66015625,16483.51953125
1999-04-09 00:00:00,16855.630859375,17166.060546875,16827.9296875
1999-04-12 00:00:00,16507.400390625,16797.080078125,16507.400390625
1999-04-13 00:00:00,16715.16015625,16855.669921875,16617.05078125
1999-04-14 00:00:00,16764.6796875,16799.169921875,16436.189453125
1999-04-15 00:00:00,16727.080078125,16844.970703125,16589.359375
1999-04-16 00:00:00,16851.580078125,16979.060546875,16754.310546875
1999-04-19 00:00:00,16674.2109375,16858.279296875,16583.640625
1999-04-20 00:00:00,16697.109375,16749.05078125,16526.529296875
1999-04-21 00:00:00,16495.01953125,16736.060546875,16454.33984375
1999-04-22 00:00:00,16665.880859375,16665.880859375,16484.080078125
1999-04-23 00:00:00,16923.25,16923.25,16715.859375
1999-04-26 00:00:00,16918.509765625,17143.490234375,16915.150390625
1999-04-27 00:00:00,16957.26953125,17069.720703125,16934.51953125
1999-04-28 00:00:00,16942.240234375,17149.91015625,16881.599609375
1999-04-30 00:00:00,16701.529296875,16953.130859375,16701.529296875
1999-05-06 00:00:00,17300.609375,17300.609375,16762.779296875
1999-05-07 00:00:00,16946.51953125,17281.529296875,16929.6796875
1999-05-10 00:00:00,16977.009765625,17078.98046875,16931.630859375
1999-05-11 00:00:00,16743.1796875,17003.439453125,16736.900390625
1999-05-12 00:00:00,16947.359375,17104.490234375,16782.560546875
1999-05-13 00:00:00,16851.25,16958.01953125,16792.98046875
1999-05-14 00:00:00,16810.390625,16960.76953125,16750.669921875
1999-05-17 00:00:00,16421.01953125,16750.91015625,16420.970703125
1999-05-18 00:00:00,16378.6201171875,16582.189453125,16291.1201171875
1999-05-19 00:00:00,16128.1796875,16354.599609375,16111.98046875
1999-05-20 00:00:00,16199.990234375,16297.3095703125,15946.66015625
1999-05-21 00:00:00,16292.98046875,16303.830078125,16138.8798828125
1999-05-24 00:00:00,16390.490234375,16409.759765625,16157.2197265625
1999-05-25 00:00:00,16214.23046875,16305.5,16175.98046875
1999-05-26 00:00:00,16230.51953125,16334.8701171875,16070.8798828125
1999-05-27 00:00:00,16177.1904296875,16330.76953125,16012.1904296875
1999-05-28 00:00:00,15972.6796875,16118.259765625,15886.6201171875
1999-05-31 00:00:00,16111.650390625,16111.650390625,15901.7998046875
1999-06-01 00:00:00,16408.5,16408.5,16026.9501953125
1999-06-02 00:00:00,16417.990234375,16458.33984375,16304.990234375
1999-06-03 00:00:00,16227.5,16418.919921875,16127.900390625
1999-06-04 00:00:00,16300.75,16368.150390625,16169.8798828125
1999-06-07 00:00:00,16475.890625,16576.509765625,16318.4404296875
1999-06-08 00:00:00,16562.919921875,16571.119140625,16469.83984375
1999-06-09 00:00:00,16622.5,16713.259765625,16450.759765625
1999-06-10 00:00:00,17102.619140625,17130.359375,16627.80078125
1999-06-11 00:00:00,17198.55078125,17483.380859375,17070.599609375
1999-06-14 00:00:00,17188.8203125,17384.900390625,17168.5703125
1999-06-15 00:00:00,17282.0,17339.5703125,16990.55078125
1999-06-16 00:00:00,17210.1796875,17346.23046875,17144.189453125
1999-06-17 00:00:00,17470.44921875,17550.130859375,17268.44921875
1999-06-18 00:00:00,17431.259765625,17650.380859375,17431.259765625
1999-06-21 00:00:00,17738.849609375,17747.0390625,17485.900390625
1999-06-22 00:00:00,17777.619140625,17828.2109375,17662.939453125
1999-06-23 00:00:00,17586.75,17843.529296875,17580.05078125
1999-06-24 00:00:00,17628.3203125,17700.4609375,17528.900390625
1999-06-25 00:00:00,17436.51953125,17673.509765625,17430.419921875
1999-06-28 00:00:00,17610.580078125,17688.029296875,17501.119140625
1999-06-29 00:00:00,17782.7890625,17825.7890625,17649.310546875
1999-06-30 00:00:00,17529.740234375,17958.33984375,17529.740234375
1999-07-01 00:00:00,17860.75,17972.029296875,17607.599609375
1999-07-02 00:00:00,17932.470703125,18066.279296875,17875.169921875
1999-07-05 00:00:00,18135.060546875,18243.140625,18001.16015625
1999-07-06 00:00:00,18050.73046875,18159.55078125,17960.720703125
1999-07-07 00:00:00,17958.900390625,18158.380859375,17949.73046875
1999-07-08 00:00:00,17967.650390625,18045.560546875,17887.1796875
1999-07-09 00:00:00,17937.73046875,17989.19921875,17813.4609375
1999-07-12 00:00:00,18274.1796875,18274.1796875,17843.390625
1999-07-13 00:00:00,18181.08984375,18343.25,18172.25
1999-07-14 00:00:00,18357.859375,18455.599609375,18165.919921875
1999-07-15 00:00:00,18431.859375,18459.509765625,18269.51953125
1999-07-16 00:00:00,18248.30078125,18623.150390625,18248.30078125
1999-07-19 00:00:00,18532.580078125,18532.580078125,18288.369140625
1999-07-21 00:00:00,18257.51953125,18458.580078125,18182.91015625
1999-07-22 00:00:00,17730.33984375,18221.0703125,17665.0390625
1999-07-23 00:00:00,17534.439453125,17657.169921875,17414.359375
1999-07-26 00:00:00,17491.33984375,17663.220703125,17491.33984375
1999-07-27 00:00:00,17462.720703125,17613.240234375,17367.080078125
1999-07-28 00:00:00,17579.91015625,17729.6796875,17508.66015625
1999-07-29 00:00:00,17869.919921875,17957.369140625,17633.33984375
1999-07-30 00:00:00,17861.859375,17959.279296875,17677.140625
1999-08-02 00:00:00,17825.69921875,17909.890625,17726.05078125
1999-08-03 00:00:00,17969.9296875,17969.9296875,17597.740234375
1999-08-04 00:00:00,17685.380859375,17913.619140625,17631.810546875
1999-08-05 00:00:00,17358.189453125,17638.9296875,17210.0390625
1999-08-06 00:00:00,17084.240234375,17345.529296875,17046.119140625
1999-08-09 00:00:00,17190.44921875,17313.970703125,17095.5
1999-08-10 00:00:00,17202.08984375,17203.390625,17040.720703125
1999-08-11 00:00:00,17211.16015625,17361.8203125,17097.41015625
1999-08-12 00:00:00,17422.970703125,17476.6796875,17280.7890625
1999-08-13 00:00:00,17435.169921875,17493.94921875,17284.69921875
1999-08-16 00:00:00,17826.029296875,17937.2109375,17499.119140625
1999-08-17 00:00:00,17860.08984375,17916.080078125,17766.689453125
1999-08-18 00:00:00,17892.259765625,18082.470703125,17827.890625
1999-08-19 00:00:00,17879.740234375,17923.30078125,17665.970703125
1999-08-20 00:00:00,18098.109375,18123.2890625,17907.51953125
1999-08-23 00:00:00,18233.55078125,18384.859375,18133.19921875
1999-08-24 00:00:00,18095.41015625,18397.9296875,18095.41015625
1999-08-25 00:00:00,17855.16015625,18164.990234375,17795.080078125
1999-08-26 00:00:00,17666.2890625,17995.490234375,17666.2890625
1999-08-27 00:00:00,17599.369140625,17816.669921875,17567.859375
1999-08-30 00:00:00,17918.970703125,17925.0703125,17642.05078125
1999-08-31 00:00:00,17436.560546875,17886.19921875,17425.490234375
1999-09-01 00:00:00,17802.48046875,17819.599609375,17479.5703125
1999-09-02 00:00:00,17631.25,17800.80078125,17630.3203125
1999-09-03 00:00:00,17629.990234375,17716.740234375,17559.400390625
1999-09-06 00:00:00,17756.509765625,17839.7109375,17664.060546875
1999-09-07 00:00:00,17707.5,17858.130859375,17651.939453125
1999-09-08 00:00:00,17641.380859375,17710.01953125,17509.73046875
1999-09-09 00:00:00,17677.560546875,17859.7109375,17677.279296875
1999-09-10 00:00:00,17711.01953125,17831.599609375,17589.05078125
1999-09-13 00:00:00,17909.2890625,17988.58984375,17735.599609375
1999-09-14 00:00:00,17777.220703125,17880.990234375,17610.310546875
1999-09-16 00:00:00,17291.58984375,17703.970703125,17058.130859375
1999-09-17 00:00:00,17342.26953125,17391.150390625,17118.310546875
1999-09-20 00:00:00,17575.259765625,17662.8203125,17418.23046875
1999-09-21 00:00:00,17932.7890625,17932.7890625,17558.740234375
1999-09-22 00:00:00,17325.759765625,17842.869140625,17248.919921875
1999-09-24 00:00:00,16871.73046875,17290.009765625,16652.0390625
1999-09-27 00:00:00,16821.060546875,17039.419921875,16820.9296875
1999-09-28 00:00:00,17325.69921875,17388.69921875,16892.4609375
1999-09-29 00:00:00,17282.279296875,17313.3203125,17071.01953125
1999-09-30 00:00:00,17605.4609375,17771.2109375,17307.220703125
1999-10-01 00:00:00,17712.560546875,17886.390625,17510.2890625
1999-10-04 00:00:00,17763.7109375,17888.859375,17675.279296875
1999-10-05 00:00:00,17784.150390625,17985.470703125,17775.94921875
1999-10-06 00:00:00,17896.419921875,17926.130859375,17734.30078125
1999-10-07 00:00:00,18136.55078125,18228.390625,17985.9609375
1999-10-08 00:00:00,18062.1796875,18164.669921875,17915.150390625
1999-10-12 00:00:00,18090.810546875,18221.689453125,18084.490234375
1999-10-13 00:00:00,17754.490234375,18030.91015625,17754.490234375
1999-10-14 00:00:00,17780.259765625,17941.509765625,17702.240234375
1999-10-15 00:00:00,17601.5703125,17808.439453125,17511.109375
1999-10-18 00:00:00,17275.330078125,17568.919921875,17194.029296875
1999-10-19 00:00:00,17254.169921875,17377.279296875,17178.470703125
1999-10-20 00:00:00,17534.7109375,17560.25,17297.66015625
1999-10-21 00:00:00,17448.26953125,17605.41015625,17325.76953125
1999-10-22 00:00:00,17438.80078125,17607.66015625,17432.189453125
1999-10-25 00:00:00,17648.7890625,17787.73046875,17494.9296875
1999-10-26 00:00:00,17671.7890625,17751.830078125,17578.73046875
1999-10-27 00:00:00,17382.359375,17655.779296875,17360.830078125
1999-10-28 00:00:00,17413.7109375,17525.880859375,17403.26953125
1999-10-29 00:00:00,17942.080078125,17947.5703125,17467.890625
1999-11-01 00:00:00,17996.919921875,18119.939453125,17952.9609375
1999-11-02 00:00:00,17991.9609375,18058.419921875,17857.109375
1999-11-04 00:00:00,18348.130859375,18377.73046875,18067.359375
1999-11-05 00:00:00,18354.900390625,18491.310546875,18173.970703125
1999-11-08 00:00:00,18240.98046875,18481.51953125,18179.779296875
1999-11-09 00:00:00,18292.16015625,18498.05078125,18259.41015625
1999-11-10 00:00:00,18567.869140625,18622.779296875,18214.7890625
1999-11-11 00:00:00,18327.279296875,18659.55078125,18310.259765625
1999-11-12 00:00:00,18258.55078125,18483.5,18245.69921875
1999-11-15 00:00:00,18198.08984375,18519.51953125,18198.08984375
1999-11-16 00:00:00,18155.140625,18289.41015625,18090.919921875
1999-11-17 00:00:00,18274.8203125,18509.69921875,18071.25
1999-11-18 00:00:00,18532.810546875,18686.869140625,18292.30078125
1999-11-19 00:00:00,18570.83984375,18837.009765625,18570.83984375
1999-11-22 00:00:00,18822.119140625,18848.73046875,18607.05078125
1999-11-24 00:00:00,18896.2109375,19036.080078125,18664.01953125
1999-11-25 00:00:00,18721.779296875,19020.900390625,18649.310546875
1999-11-26 00:00:00,18914.5,19002.25,18675.05078125
1999-11-29 00:00:00,18850.26953125,18909.890625,18722.890625
1999-11-30 00:00:00,18558.23046875,18864.859375,18477.720703125
1999-12-01 00:00:00,18495.94921875,18718.919921875,18465.8203125
1999-12-02 00:00:00,18514.41015625,18684.19921875,18339.849609375
1999-12-03 00:00:00,18368.140625,18610.76953125,18349.609375
1999-12-06 00:00:00,18507.19921875,18664.490234375,18380.69921875
1999-12-07 00:00:00,18593.9609375,18657.439453125,18466.400390625
1999-12-08 00:00:00,18401.19921875,18604.91015625,18383.890625
1999-12-09 00:00:00,18260.720703125,18405.759765625,18081.779296875
1999-12-10 00:00:00,18271.849609375,18416.0703125,18212.990234375
1999-12-13 00:00:00,18205.080078125,18284.98046875,18150.7109375
1999-12-14 00:00:00,18165.55078125,18210.1796875,18039.609375
1999-12-15 00:00:00,18138.359375,18302.830078125,18030.720703125
1999-12-16 00:00:00,18111.310546875,18187.5,18006.3203125
1999-12-17 00:00:00,18095.119140625,18255.919921875,18095.119140625
1999-12-20 00:00:00,18175.490234375,18272.25,18060.349609375
1999-12-21 00:00:00,18080.380859375,18168.099609375,18024.640625
1999-12-22 00:00:00,18461.9296875,18461.9296875,18164.33984375
1999-12-24 00:00:00,18584.94921875,18777.0390625,18496.4609375
1999-12-27 00:00:00,18546.900390625,18666.619140625,18472.599609375
1999-12-28 00:00:00,18783.51953125,18816.69921875,18480.7890625
1999-12-29 00:00:00,18810.580078125,18886.0390625,18729.080078125
1999-12-30 00:00:00,18934.33984375,18960.330078125,18722.509765625
2000-01-04 00:00:00,19002.859375,19187.609375,18937.44921875
2000-01-05 00:00:00,18542.55078125,19003.509765625,18221.8203125
2000-01-06 00:00:00,18168.26953125,18582.740234375,18168.26953125
2000-01-07 00:00:00,18193.41015625,18285.73046875,18068.099609375
2000-01-11 00:00:00,18850.919921875,18887.560546875,18246.099609375
2000-01-12 00:00:00,18677.419921875,18811.869140625,18626.919921875
2000-01-13 00:00:00,18833.2890625,18845.029296875,18667.1796875
2000-01-14 00:00:00,18956.55078125,19058.01953125,18733.830078125
2000-01-17 00:00:00,19437.23046875,19442.580078125,19025.619140625
2000-01-18 00:00:00,19196.5703125,19412.470703125,19145.169921875
2000-01-19 00:00:00,18897.75,19181.869140625,18897.75
2000-01-20 00:00:00,19008.009765625,19167.029296875,18921.109375
2000-01-21 00:00:00,18878.08984375,18994.890625,18713.169921875
2000-01-24 00:00:00,19056.7109375,19124.5703125,18877.130859375
2000-01-25 00:00:00,18895.529296875,19131.189453125,18815.369140625
2000-01-26 00:00:00,19111.189453125,19145.900390625,18982.83984375
2000-01-27 00:00:00,19209.720703125,19238.080078125,18971.6796875
2000-01-28 00:00:00,19434.779296875,19595.830078125,19237.490234375
2000-01-31 00:00:00,19539.69921875,19539.69921875,19224.470703125
2000-02-01 00:00:00,19423.380859375,19553.6796875,19266.9609375
2000-02-02 00:00:00,19578.91015625,19860.259765625,19522.330078125
2000-02-03 00:00:00,19786.419921875,19878.830078125,19648.349609375
2000-02-04 00:00:00,19763.130859375,20011.91015625,19752.119140625
2000-02-07 00:00:00,19945.4296875,19948.599609375,19780.560546875
2000-02-08 00:00:00,19868.880859375,19983.439453125,19834.810546875
2000-02-09 00:00:00,20007.76953125,20046.140625,19925.640625
2000-02-10 00:00:00,19710.01953125,19915.560546875,19710.01953125
2000-02-14 00:00:00,19556.4609375,19748.419921875,19556.4609375
2000-02-15 00:00:00,19367.830078125,19689.16015625,19331.05078125
2000-02-16 00:00:00,19599.1796875,19612.599609375,19300.140625
2000-02-17 00:00:00,19791.400390625,19803.689453125,19518.080078125
2000-02-18 00:00:00,19789.029296875,19862.939453125,19670.05078125
2000-02-21 00:00:00,19543.75,19763.509765625,19543.75
2000-02-22 00:00:00,19390.580078125,19712.369140625,19353.400390625
2000-02-23 00:00:00,19519.55078125,19527.7890625,19373.0390625
2000-02-24 00:00:00,19571.439453125,19698.94921875,19558.0390625
2000-02-25 00:00:00,19817.880859375,19817.880859375,19539.0
2000-02-28 00:00:00,19720.099609375,19904.859375,19713.859375
2000-02-29 00:00:00,19959.51953125,19978.75,19747.01953125
2000-03-01 00:00:00,20081.669921875,20165.509765625,20007.640625
2000-03-02 00:00:00,20065.109375,20202.9609375,19903.2890625
2000-03-03 00:00:00,19927.5390625,20034.599609375,19859.419921875
2000-03-06 00:00:00,19796.349609375,20160.029296875,19742.580078125
2000-03-07 00:00:00,19944.240234375,19944.240234375,19704.23046875
2000-03-08 00:00:00,19766.80078125,19856.369140625,19692.0390625
2000-03-09 00:00:00,19662.330078125,19885.5390625,19614.8203125
2000-03-10 00:00:00,19750.400390625,19982.439453125,19686.5
2000-03-13 00:00:00,19189.9296875,19760.349609375,19060.080078125
2000-03-14 00:00:00,19141.83984375,19335.220703125,18956.25
2000-03-15 00:00:00,19078.599609375,19120.060546875,18765.880859375
2000-03-16 00:00:00,19253.23046875,19313.1796875,18892.259765625
2000-03-17 00:00:00,19566.3203125,19573.48046875,19335.599609375
2000-03-21 00:00:00,19602.359375,19602.359375,19455.109375
2000-03-22 00:00:00,19733.58984375,19734.4296875,19602.880859375
2000-03-23 00:00:00,19704.599609375,19762.30078125,19568.76953125
2000-03-24 00:00:00,19958.080078125,20012.41015625,19697.5703125
2000-03-27 00:00:00,20281.029296875,20295.689453125,19880.109375
2000-03-28 00:00:00,20374.33984375,20388.1796875,20014.080078125
2000-03-29 00:00:00,20706.650390625,20809.1796875,20406.560546875
2000-03-30 00:00:00,20441.5,20809.7890625,20439.439453125
2000-03-31 00:00:00,20337.3203125,20550.099609375,20259.349609375
2000-04-03 00:00:00,20726.990234375,20726.990234375,20271.919921875
2000-04-04 00:00:00,20594.9296875,20747.8203125,20536.330078125
2000-04-05 00:00:00,20462.76953125,20654.630859375,20311.7890625
2000-04-06 00:00:00,20223.609375,20556.970703125,20171.619140625
2000-04-07 00:00:00,20252.810546875,20463.669921875,20252.810546875
2000-04-10 00:00:00,20619.060546875,20640.109375,20368.810546875
2000-04-11 00:00:00,20522.51953125,20656.869140625,20516.939453125
2000-04-12 00:00:00,20833.2109375,20833.2109375,20436.740234375
2000-04-13 00:00:00,20526.419921875,20736.400390625,20385.16015625
2000-04-14 00:00:00,20434.6796875,20604.369140625,20330.890625
2000-04-17 00:00:00,19008.640625,20341.5,18603.869140625
2000-04-18 00:00:00,18969.51953125,19330.400390625,18547.380859375
2000-04-19 00:00:00,19086.619140625,19192.630859375,18794.48046875
2000-04-20 00:00:00,18959.3203125,19382.439453125,18959.3203125
2000-04-21 00:00:00,18252.6796875,19269.060546875,18091.099609375
2000-04-24 00:00:00,18480.150390625,18987.33984375,18247.48046875
2000-04-25 00:00:00,18272.330078125,18630.30078125,18176.830078125
2000-04-26 00:00:00,18134.310546875,18439.1796875,17948.359375
2000-04-27 00:00:00,18019.169921875,18245.439453125,18012.41015625
2000-04-28 00:00:00,17973.69921875,18137.009765625,17926.4296875
2000-05-01 00:00:00,18403.080078125,18403.080078125,17979.25
2000-05-02 00:00:00,18439.359375,18586.16015625,18428.919921875
2000-05-08 00:00:00,18199.9609375,18475.44921875,18189.80078125
2000-05-09 00:00:00,17844.5390625,18152.369140625,17804.0390625
2000-05-10 00:00:00,17701.470703125,17803.439453125,17393.58984375
2000-05-11 00:00:00,16882.4609375,17605.650390625,16779.419921875
2000-05-12 00:00:00,17357.859375,17362.19921875,16963.869140625
2000-05-15 00:00:00,17313.689453125,17396.44921875,17192.7109375
2000-05-16 00:00:00,17551.25,17558.509765625,17283.51953125
2000-05-17 00:00:00,17404.029296875,17691.390625,17348.880859375
2000-05-18 00:00:00,17031.630859375,17365.08984375,16971.8203125
2000-05-19 00:00:00,16858.169921875,16960.2890625,16572.05078125
2000-05-22 00:00:00,16386.009765625,16802.66015625,16174.400390625
2000-05-23 00:00:00,16318.73046875,16493.69921875,16169.9296875
2000-05-24 00:00:00,16044.4404296875,16261.330078125,15876.33984375
2000-05-25 00:00:00,16247.8203125,16374.0595703125,16090.3603515625
2000-05-26 00:00:00,16008.1396484375,16219.01953125,15870.25
2000-05-29 00:00:00,16245.4404296875,16245.4404296875,16028.759765625
2000-05-30 00:00:00,16228.900390625,16485.5390625,16210.0400390625
2000-05-31 00:00:00,16332.4501953125,16538.669921875,16224.0595703125
2000-06-01 00:00:00,16694.30078125,16694.30078125,16320.080078125
2000-06-02 00:00:00,16800.060546875,16941.419921875,16682.25
2000-06-05 00:00:00,17201.7890625,17261.869140625,16842.0390625
2000-06-06 00:00:00,17170.080078125,17207.150390625,17064.919921875
2000-06-07 00:00:00,17144.9609375,17206.98046875,17019.25
2000-06-08 00:00:00,17004.33984375,17250.830078125,16979.30078125
2000-06-09 00:00:00,16861.91015625,17004.720703125,16785.76953125
2000-06-12 00:00:00,16980.609375,17018.640625,16791.869140625
2000-06-13 00:00:00,16914.94921875,16950.9296875,16768.859375
2000-06-14 00:00:00,16654.419921875,16920.2109375,16477.98046875
2000-06-15 00:00:00,16338.7001953125,16635.240234375,16334.9599609375
2000-06-16 00:00:00,16318.3095703125,16480.080078125,16289.919921875
2000-06-19 00:00:00,16591.349609375,16627.5390625,16359.9599609375
2000-06-20 00:00:00,16907.55078125,16907.55078125,16645.990234375
2000-06-21 00:00:00,17210.080078125,17212.380859375,16854.2109375
2000-06-22 00:00:00,17106.009765625,17364.259765625,17092.439453125
2000-06-23 00:00:00,16963.2109375,17214.470703125,16899.0
2000-06-26 00:00:00,16925.400390625,16975.0703125,16761.58984375
2000-06-27 00:00:00,17279.060546875,17285.470703125,16969.48046875
2000-06-28 00:00:00,17370.169921875,17421.0703125,17230.0390625
2000-06-29 00:00:00,17475.900390625,17511.3203125,17383.009765625
2000-06-30 00:00:00,17411.05078125,17510.0703125,17305.810546875
2000-07-03 00:00:00,17614.66015625,17636.669921875,17451.650390625
2000-07-04 00:00:00,17470.150390625,17661.109375,17434.0703125
2000-07-05 00:00:00,17435.94921875,17576.279296875,17364.69921875
2000-07-06 00:00:00,17282.369140625,17402.7109375,17154.580078125
2000-07-07 00:00:00,17398.240234375,17483.470703125,17290.4609375
2000-07-10 00:00:00,17572.6796875,17594.66015625,17421.560546875
2000-07-11 00:00:00,17504.359375,17573.689453125,17436.580078125
2000-07-12 00:00:00,17342.130859375,17541.98046875,17210.1796875
2000-07-13 00:00:00,17036.900390625,17348.33984375,17009.650390625
2000-07-14 00:00:00,17142.900390625,17176.19921875,17019.5
2000-07-17 00:00:00,17286.830078125,17476.859375,17150.169921875
2000-07-18 00:00:00,16945.0703125,17349.58984375,16834.01953125
2000-07-19 00:00:00,16983.5703125,17015.470703125,16703.009765625
2000-07-21 00:00:00,16811.490234375,17098.740234375,16800.58984375
2000-07-24 00:00:00,16547.119140625,16767.19921875,16370.5
2000-07-25 00:00:00,16573.58984375,16573.58984375,16341.51953125
2000-07-26 00:00:00,16502.609375,16563.7109375,16400.220703125
2000-07-27 00:00:00,16182.009765625,16457.69921875,16027.33984375
2000-07-28 00:00:00,15838.5703125,16134.1904296875,15815.5302734375
2000-07-31 00:00:00,15727.490234375,15854.66015625,15394.7099609375
2000-08-01 00:00:00,16099.669921875,16099.669921875,15773.7197265625
2000-08-02 00:00:00,16206.1904296875,16211.5498046875,16054.66015625
2000-08-03 00:00:00,15814.4404296875,16185.7197265625,15725.98046875
2000-08-04 00:00:00,15667.3603515625,15897.25,15557.330078125
2000-08-07 00:00:00,16002.7099609375,16039.400390625,15666.8095703125
2000-08-08 00:00:00,15820.1103515625,16073.2001953125,15755.2197265625
2000-08-09 00:00:00,16034.599609375,16034.599609375,15778.8603515625
2000-08-10 00:00:00,15975.650390625,16053.6103515625,15946.599609375
2000-08-11 00:00:00,16117.5,16125.66015625,15888.5595703125
2000-08-14 00:00:00,16153.91015625,16227.349609375,16055.0703125
2000-08-15 00:00:00,16298.2900390625,16309.5,16131.48046875
2000-08-16 00:00:00,16356.0302734375,16409.130859375,16249.9404296875
2000-08-17 00:00:00,16161.0302734375,16356.1396484375,16079.740234375
2000-08-18 00:00:00,16280.490234375,16280.490234375,16118.8896484375
2000-08-21 00:00:00,16040.1796875,16257.33984375,15945.919921875
2000-08-22 00:00:00,16454.740234375,16454.740234375,15985.2001953125
2000-08-23 00:00:00,16436.650390625,16544.80078125,16351.419921875
2000-08-24 00:00:00,16670.8203125,16778.01953125,16433.359375
2000-08-25 00:00:00,16911.330078125,16926.220703125,16603.689453125
2000-08-28 00:00:00,17181.119140625,17209.16015625,16840.509765625
2000-08-29 00:00:00,17141.75,17210.80078125,17004.009765625
2000-08-30 00:00:00,16901.669921875,17131.359375,16895.359375
2000-08-31 00:00:00,16861.259765625,17056.5390625,16769.490234375
2000-09-01 00:00:00,16739.779296875,17018.51953125,16700.359375
2000-09-04 00:00:00,16688.2109375,16883.310546875,16661.48046875
2000-09-05 00:00:00,16452.26953125,16712.330078125,16401.279296875
2000-09-06 00:00:00,16399.869140625,16531.810546875,16364.9501953125
2000-09-07 00:00:00,16300.4599609375,16397.099609375,16243.1796875
2000-09-08 00:00:00,16501.55078125,16540.919921875,16239.259765625
2000-09-11 00:00:00,16130.900390625,16477.529296875,16089.0
2000-09-12 00:00:00,16040.23046875,16133.1904296875,15885.3203125
2000-09-13 00:00:00,16190.51953125,16306.400390625,16080.5703125
2000-09-14 00:00:00,16213.2802734375,16311.0400390625,16144.1103515625
2000-09-18 00:00:00,16061.16015625,16174.919921875,15965.7099609375
2000-09-19 00:00:00,16124.1904296875,16124.1904296875,15774.7197265625
2000-09-20 00:00:00,16458.310546875,16523.26953125,16146.0400390625
2000-09-21 00:00:00,16311.0498046875,16460.490234375,16290.7900390625
2000-09-22 00:00:00,15818.25,16270.419921875,15785.6298828125
2000-09-25 00:00:00,15992.900390625,16144.1904296875,15850.5595703125
2000-09-26 00:00:00,15928.6201171875,16038.0703125,15905.3701171875
2000-09-27 00:00:00,15639.9501953125,15907.1904296875,15621.8798828125
2000-09-28 00:00:00,15626.9599609375,15888.349609375,15625.8701171875
2000-09-29 00:00:00,15747.259765625,15898.0703125,15663.7099609375
2000-10-02 00:00:00,15902.509765625,15902.509765625,15514.0400390625
2000-10-03 00:00:00,15912.08984375,15956.4501953125,15779.5400390625
2000-10-04 00:00:00,16149.080078125,16153.669921875,15808.66015625
2000-10-05 00:00:00,16099.259765625,16192.7802734375,16052.1201171875
2000-10-06 00:00:00,15994.240234375,16084.0498046875,15884.650390625
2000-10-10 00:00:00,15827.7197265625,15958.1201171875,15792.3603515625
2000-10-11 00:00:00,15513.5703125,15795.150390625,15424.7099609375
2000-10-12 00:00:00,15550.6396484375,15580.3203125,15392.740234375
2000-10-13 00:00:00,15330.3095703125,15516.150390625,15101.6396484375
2000-10-16 00:00:00,15512.3203125,15688.169921875,15366.8095703125
2000-10-17 00:00:00,15340.2197265625,15545.0595703125,15340.2197265625
2000-10-18 00:00:00,14872.48046875,15324.349609375,14832.9697265625
2000-10-19 00:00:00,14811.080078125,15027.1298828125,14707.8798828125
2000-10-20 00:00:00,15198.73046875,15314.9697265625,14842.8095703125
2000-10-23 00:00:00,15097.9599609375,15224.8095703125,15035.240234375
2000-10-24 00:00:00,15148.1904296875,15229.4599609375,15066.599609375
2000-10-25 00:00:00,14840.4697265625,15108.4599609375,14840.4697265625
2000-10-26 00:00:00,14858.4296875,14858.4296875,14577.2001953125
2000-10-27 00:00:00,14582.2001953125,14989.41015625,14582.2001953125
2000-10-30 00:00:00,14464.5595703125,14715.66015625,14425.2197265625
2000-10-31 00:00:00,14539.599609375,14566.0498046875,14333.16015625
2000-11-01 00:00:00,14872.3896484375,14888.0302734375,14557.4501953125
2000-11-02 00:00:00,14837.7802734375,14961.6904296875,14767.9599609375
2000-11-06 00:00:00,15371.4404296875,15371.4404296875,14887.3603515625
2000-11-07 00:00:00,15340.330078125,15422.150390625,15259.7802734375
2000-11-08 00:00:00,15399.6396484375,15602.3896484375,15219.1103515625
2000-11-09 00:00:00,15060.0498046875,15270.16015625,14997.91015625
2000-11-10 00:00:00,14988.5400390625,15015.1904296875,14873.51953125
2000-11-13 00:00:00,14664.6396484375,14824.7099609375,14461.16015625
2000-11-14 00:00:00,14660.0400390625,14685.01953125,14549.73046875
2000-11-15 00:00:00,14799.1396484375,14958.330078125,14769.259765625
2000-11-16 00:00:00,14587.0302734375,14857.48046875,14551.66015625
2000-11-17 00:00:00,14544.2998046875,14601.169921875,14420.3603515625
2000-11-20 00:00:00,14531.650390625,14577.73046875,14450.6298828125
2000-11-21 00:00:00,14408.4599609375,14414.58984375,14211.0302734375
2000-11-22 00:00:00,14301.3095703125,14464.0,14172.6396484375
2000-11-24 00:00:00,14315.349609375,14430.1103515625,14229.650390625
2000-11-27 00:00:00,14720.3896484375,14746.8798828125,14412.4296875
2000-11-28 00:00:00,14658.8701171875,14788.41015625,14573.26953125
2000-11-29 00:00:00,14507.6396484375,14606.3603515625,14438.5595703125
2000-11-30 00:00:00,14648.509765625,14683.5,14385.16015625
2000-12-01 00:00:00,14835.330078125,14984.3701171875,14596.3896484375
2000-12-04 00:00:00,14954.73046875,15067.1904296875,14899.08984375
2000-12-05 00:00:00,14695.0498046875,15068.9697265625,14695.0498046875
2000-12-06 00:00:00,14889.3701171875,15109.6396484375,14842.9501953125
2000-12-07 00:00:00,14720.3603515625,14834.419921875,14720.3603515625
2000-12-08 00:00:00,14696.509765625,14769.4404296875,14622.830078125
2000-12-11 00:00:00,15015.7001953125,15051.33984375,14775.9296875
2000-12-12 00:00:00,15114.6396484375,15270.8896484375,15071.7001953125
2000-12-13 00:00:00,15168.6796875,15273.400390625,14989.849609375
2000-12-14 00:00:00,14927.1904296875,15117.6904296875,14883.349609375
2000-12-15 00:00:00,14552.2900390625,14832.3896484375,14552.2900390625
2000-12-18 00:00:00,14483.900390625,14566.2099609375,14384.599609375
2000-12-19 00:00:00,14132.3701171875,14461.6396484375,14132.3701171875
2000-12-20 00:00:00,13914.4296875,14082.6396484375,13801.98046875
2000-12-21 00:00:00,13423.2099609375,13780.7099609375,13182.509765625
2000-12-22 00:00:00,13427.080078125,13517.23046875,13338.1103515625
2000-12-25 00:00:00,13931.6103515625,13931.6103515625,13597.5703125
2000-12-26 00:00:00,14007.849609375,14019.73046875,13794.4296875
2000-12-27 00:00:00,13981.490234375,13981.490234375,13797.740234375
2000-12-28 00:00:00,13946.9599609375,13990.26953125,13866.1796875
2000-12-29 00:00:00,13785.6904296875,13966.8203125,13781.1201171875
2001-01-04 00:00:00,13691.490234375,13990.5703125,13667.6796875
2001-01-05 00:00:00,13867.6103515625,13947.0595703125,13725.4599609375
2001-01-09 00:00:00,13610.509765625,13732.849609375,13460.8203125
2001-01-10 00:00:00,13432.650390625,13593.16015625,13349.150390625
2001-01-11 00:00:00,13201.0703125,13436.6103515625,13123.8095703125
2001-01-12 00:00:00,13347.740234375,13451.9501953125,13246.2001953125
2001-01-15 00:00:00,13506.23046875,13573.5498046875,13441.51953125
2001-01-16 00:00:00,13584.4501953125,13598.2001953125,13442.08984375
2001-01-17 00:00:00,13667.6298828125,13688.900390625,13476.5498046875
2001-01-18 00:00:00,13873.919921875,13931.91015625,13723.2099609375
2001-01-19 00:00:00,13989.1201171875,14186.6201171875,13947.919921875
2001-01-22 00:00:00,14032.419921875,14039.400390625,13841.0302734375
2001-01-23 00:00:00,13984.66015625,14060.23046875,13913.099609375
2001-01-24 00:00:00,13893.580078125,14034.1103515625,13857.830078125
2001-01-25 00:00:00,13803.3798828125,13879.830078125,13730.169921875
2001-01-26 00:00:00,13696.0595703125,13750.23046875,13626.0498046875
2001-01-29 00:00:00,13845.2802734375,13908.400390625,13721.8603515625
2001-01-30 00:00:00,13826.650390625,13910.7099609375,13713.5498046875
2001-01-31 00:00:00,13843.5498046875,13855.740234375,13726.509765625
2001-02-01 00:00:00,13779.5498046875,13779.5498046875,13667.9296875
2001-02-02 00:00:00,13703.6298828125,13862.2900390625,13703.6298828125
2001-02-05 00:00:00,13385.51953125,13588.6396484375,13367.91015625
2001-02-06 00:00:00,13269.849609375,13379.4404296875,13240.3701171875
2001-02-07 00:00:00,13366.009765625,13373.7802734375,13268.6103515625
2001-02-08 00:00:00,13138.23046875,13336.33984375,12966.830078125
2001-02-09 00:00:00,13422.830078125,13460.3896484375,13135.01953125
2001-02-13 00:00:00,13274.7001953125,13461.1103515625,13247.9501953125
2001-02-14 00:00:00,13284.0595703125,13405.51953125,13119.33984375
2001-02-15 00:00:00,13327.3896484375,13416.5498046875,13273.669921875
2001-02-16 00:00:00,13175.490234375,13349.080078125,13166.4599609375
2001-02-19 00:00:00,13119.58984375,13137.099609375,12950.740234375
2001-02-20 00:00:00,13248.3603515625,13248.3603515625,13073.240234375
2001-02-21 00:00:00,13100.080078125,13185.23046875,13084.5498046875
2001-02-22 00:00:00,13073.3603515625,13125.33984375,12861.330078125
2001-02-23 00:00:00,13246.0,13272.8095703125,13048.5400390625
2001-02-26 00:00:00,13201.1396484375,13315.8603515625,13170.990234375
2001-02-27 00:00:00,13059.8603515625,13262.2197265625,13041.330078125
2001-02-28 00:00:00,12883.5400390625,13040.3095703125,12784.169921875
2001-03-01 00:00:00,12681.66015625,12844.349609375,12528.5
2001-03-02 00:00:00,12261.7998046875,12594.4599609375,12261.7998046875
2001-03-05 00:00:00,12322.16015625,12389.08984375,12133.900390625
2001-03-06 00:00:00,12687.740234375,12687.740234375,12351.1396484375
2001-03-07 00:00:00,12723.8896484375,12824.1904296875,12539.75
2001-03-08 00:00:00,12650.5595703125,12756.9697265625,12584.099609375
2001-03-09 00:00:00,12627.900390625,12667.2099609375,12500.509765625
2001-03-12 00:00:00,12171.3701171875,12509.669921875,12171.3701171875
2001-03-13 00:00:00,11819.7001953125,12044.7802734375,11710.330078125
2001-03-14 00:00:00,11843.58984375,12004.3798828125,11793.26953125
2001-03-15 00:00:00,12152.830078125,12152.830078125,11433.8798828125
2001-03-16 00:00:00,12232.98046875,12374.4501953125,12071.490234375
2001-03-19 00:00:00,12190.9697265625,12544.6796875,12143.669921875
2001-03-21 00:00:00,13103.9404296875,13103.9404296875,12100.9697265625
2001-03-22 00:00:00,12853.9697265625,13237.330078125,12853.9697265625
2001-03-23 00:00:00,13214.5400390625,13242.7197265625,12866.01953125
2001-03-26 00:00:00,13862.3095703125,13862.3095703125,13296.98046875
2001-03-27 00:00:00,13638.330078125,13829.4697265625,13536.5302734375
2001-03-28 00:00:00,13765.509765625,13867.580078125,13567.7099609375
2001-03-29 00:00:00,13072.3603515625,13620.0703125,13072.3603515625
2001-03-30 00:00:00,12999.7001953125,13457.900390625,12992.4501953125
2001-04-02 00:00:00,12937.8603515625,13089.4697265625,12781.33984375
2001-04-03 00:00:00,13124.4697265625,13357.9599609375,12970.669921875
2001-04-04 00:00:00,13242.7802734375,13242.7802734375,12874.759765625
2001-04-05 00:00:00,13381.3798828125,13555.4599609375,13323.16015625
2001-04-06 00:00:00,13383.759765625,13674.580078125,13284.7900390625
2001-04-09 00:00:00,12841.759765625,13304.3603515625,12841.759765625
2001-04-10 00:00:00,12620.26953125,12893.849609375,12579.5595703125
2001-04-11 00:00:00,13174.9296875,13208.650390625,12724.4697265625
2001-04-12 00:00:00,13352.4404296875,13452.599609375,13126.2099609375
2001-04-13 00:00:00,13385.7197265625,13578.6396484375,13291.2001953125
2001-04-16 00:00:00,13254.8896484375,13451.01953125,13217.6396484375
2001-04-17 00:00:00,13067.08984375,13203.6103515625,13019.599609375
2001-04-18 00:00:00,13641.7900390625,13705.8603515625,13170.08984375
2001-04-19 00:00:00,13868.2802734375,14099.490234375,13789.4697265625
2001-04-20 00:00:00,13765.669921875,13999.580078125,13686.66015625
2001-04-23 00:00:00,13715.599609375,14051.9697265625,13639.1103515625
2001-04-24 00:00:00,13743.1796875,13762.9501953125,13403.26953125
2001-04-25 00:00:00,13827.5,13920.669921875,13769.580078125
2001-04-26 00:00:00,13973.0302734375,14084.5498046875,13957.6298828125
2001-04-27 00:00:00,13934.3203125,14065.48046875,13795.0498046875
2001-05-01 00:00:00,14425.4599609375,14425.4599609375,14096.3203125
2001-05-02 00:00:00,14421.6396484375,14444.83984375,14296.5400390625
2001-05-07 00:00:00,14529.41015625,14556.1103515625,14184.849609375
2001-05-08 00:00:00,14289.0498046875,14420.169921875,14227.3701171875
2001-05-09 00:00:00,14084.849609375,14235.2998046875,13957.8095703125
2001-05-10 00:00:00,14017.7900390625,14197.08984375,14015.7001953125
2001-05-11 00:00:00,14043.919921875,14178.3203125,14043.919921875
2001-05-14 00:00:00,13873.01953125,14041.7900390625,13828.7001953125
2001-05-15 00:00:00,14054.0302734375,14103.0595703125,13806.0498046875
2001-05-16 00:00:00,13694.26953125,14050.6298828125,13694.26953125
2001-05-17 00:00:00,13910.669921875,13975.1201171875,13725.25
2001-05-18 00:00:00,13877.76953125,14067.73046875,13877.76953125
2001-05-21 00:00:00,14176.830078125,14214.2099609375,13938.7802734375
2001-05-22 00:00:00,14091.1904296875,14345.419921875,14091.1904296875
2001-05-23 00:00:00,14067.7001953125,14205.08984375,13990.3203125
2001-05-24 00:00:00,13895.7900390625,13941.4404296875,13801.4599609375
2001-05-25 00:00:00,13765.919921875,13958.349609375,13758.66015625
2001-05-28 00:00:00,13737.76953125,13820.419921875,13701.830078125
2001-05-29 00:00:00,13773.8896484375,13836.400390625,13697.6103515625
2001-05-30 00:00:00,13493.349609375,13680.76953125,13468.73046875
2001-05-31 00:00:00,13262.1396484375,13419.9404296875,13216.5703125
2001-06-01 00:00:00,13261.83984375,13394.400390625,13244.900390625
2001-06-04 00:00:00,13312.349609375,13312.349609375,13213.650390625
2001-06-05 00:00:00,13182.0,13256.400390625,12984.0703125
2001-06-06 00:00:00,13174.83984375,13313.1396484375,13127.6201171875
2001-06-07 00:00:00,13277.509765625,13300.5,13050.169921875
2001-06-08 00:00:00,13430.2197265625,13510.7001953125,13320.3701171875
2001-06-11 00:00:00,13226.48046875,13447.3896484375,13224.990234375
2001-06-12 00:00:00,12840.099609375,13164.1904296875,12840.099609375
2001-06-13 00:00:00,12823.4501953125,12970.1201171875,12803.419921875
2001-06-14 00:00:00,12846.66015625,12935.0703125,12804.0302734375
2001-06-15 00:00:00,12790.3798828125,12797.8701171875,12578.7802734375
2001-06-18 00:00:00,12697.7900390625,12787.23046875,12656.580078125
2001-06-19 00:00:00,12574.259765625,12912.919921875,12511.66015625
2001-06-20 00:00:00,12674.6396484375,12762.08984375,12512.1298828125
2001-06-21 00:00:00,12962.4296875,13005.4599609375,12727.5498046875
2001-06-22 00:00:00,13044.6103515625,13079.1103515625,12940.580078125
2001-06-25 00:00:00,12896.4697265625,13073.490234375,12823.4501953125
2001-06-26 00:00:00,12978.8203125,13026.7998046875,12837.7998046875
2001-06-27 00:00:00,12828.98046875,12987.849609375,12828.98046875
2001-06-28 00:00:00,12679.8798828125,12876.5595703125,12567.259765625
2001-06-29 00:00:00,12969.0498046875,12985.2099609375,12819.4599609375
2001-07-02 00:00:00,12751.1796875,12929.66015625,12629.509765625
2001-07-03 00:00:00,12817.41015625,12922.150390625,12747.0498046875
2001-07-04 00:00:00,12629.01953125,12801.4599609375,12584.990234375
2001-07-05 00:00:00,12607.2998046875,12676.830078125,12515.509765625
2001-07-06 00:00:00,12306.080078125,12499.2998046875,12289.6103515625
2001-07-09 00:00:00,12239.6796875,12239.6796875,12029.2001953125
2001-07-10 00:00:00,12300.41015625,12382.2900390625,12143.9404296875
2001-07-11 00:00:00,12005.1103515625,12178.25,12005.1103515625
2001-07-12 00:00:00,12407.9501953125,12407.9501953125,12133.0498046875
2001-07-13 00:00:00,12355.150390625,12444.5595703125,12294.0400390625
2001-07-16 00:00:00,12343.3701171875,12408.3896484375,12263.4501953125
2001-07-17 00:00:00,12128.5703125,12224.7099609375,12102.9404296875
2001-07-18 00:00:00,11892.580078125,12135.3095703125,11847.73046875
2001-07-19 00:00:00,11908.3896484375,11980.25,11863.1201171875
2001-07-23 00:00:00,11609.6298828125,11902.23046875,11531.6796875
2001-07-24 00:00:00,11883.25,11883.25,11562.3798828125
2001-07-25 00:00:00,11891.6103515625,12054.2998046875,11760.9697265625
2001-07-26 00:00:00,11858.5595703125,11962.73046875,11822.76953125
2001-07-27 00:00:00,11798.080078125,11948.2001953125,11706.4697265625
2001-07-30 00:00:00,11579.26953125,11868.1396484375,11539.16015625
2001-07-31 00:00:00,11860.76953125,11877.83984375,11656.650390625
2001-08-01 00:00:00,11959.330078125,11972.25,11817.759765625
2001-08-02 00:00:00,12399.2001953125,12407.3701171875,12060.5
2001-08-03 00:00:00,12241.9697265625,12365.8798828125,12241.26953125
2001-08-06 00:00:00,12243.900390625,12327.23046875,12095.1103515625
2001-08-07 00:00:00,12319.4599609375,12388.6103515625,12079.5498046875
2001-08-08 00:00:00,12163.669921875,12293.3896484375,12129.3701171875
2001-08-09 00:00:00,11754.5595703125,12043.0498046875,11754.5595703125
2001-08-10 00:00:00,11735.0595703125,11870.91015625,11683.2197265625
2001-08-13 00:00:00,11477.5595703125,11697.1201171875,11417.7001953125
2001-08-14 00:00:00,11917.9501953125,11936.75,11587.0400390625
2001-08-15 00:00:00,11755.400390625,11823.919921875,11648.8603515625
2001-08-16 00:00:00,11515.01953125,11645.2998046875,11450.76953125
2001-08-17 00:00:00,11445.5400390625,11581.25,11412.3603515625
2001-08-20 00:00:00,11257.9404296875,11358.08984375,11239.4501953125
2001-08-21 00:00:00,11280.3798828125,11370.6103515625,11159.26953125
2001-08-22 00:00:00,11396.4296875,11504.0595703125,11202.669921875
2001-08-23 00:00:00,11126.919921875,11414.990234375,11104.1796875
2001-08-24 00:00:00,11166.3095703125,11230.1396484375,11075.419921875
2001-08-27 00:00:00,11275.009765625,11366.1796875,11273.9599609375
2001-08-28 00:00:00,11189.400390625,11267.9501953125,11049.8603515625
2001-08-29 00:00:00,10979.759765625,11142.3095703125,10973.26953125
2001-08-30 00:00:00,10938.4501953125,10969.0595703125,10807.75
2001-08-31 00:00:00,10713.509765625,10860.7001953125,10684.16015625
2001-09-03 00:00:00,10409.6796875,10758.900390625,10409.6796875
2001-09-04 00:00:00,10772.58984375,10772.58984375,10325.830078125
2001-09-05 00:00:00,10598.7900390625,10679.5302734375,10452.98046875
2001-09-06 00:00:00,10650.330078125,10812.8896484375,10509.6796875
2001-09-07 00:00:00,10516.7900390625,10566.650390625,10405.7998046875
2001-09-10 00:00:00,10195.6904296875,10457.08984375,10195.6904296875
2001-09-11 00:00:00,10292.9501953125,10344.580078125,10207.0302734375
2001-09-12 00:00:00,9610.099609375,10140.419921875,9600.83984375
2001-09-13 00:00:00,9613.08984375,9682.6298828125,9476.8701171875
2001-09-14 00:00:00,10008.8896484375,10009.4501953125,9580.33984375
2001-09-17 00:00:00,9504.41015625,9881.0595703125,9447.759765625
2001-09-18 00:00:00,9679.8798828125,9945.7998046875,9623.98046875
2001-09-19 00:00:00,9939.599609375,10061.099609375,9681.7900390625
2001-09-20 00:00:00,9785.16015625,9842.16015625,9688.1201171875
2001-09-21 00:00:00,9554.990234375,9658.1904296875,9382.9501953125
2001-09-25 00:00:00,9693.9697265625,9867.8603515625,9593.0703125
2001-09-26 00:00:00,9641.7001953125,9697.1201171875,9551.73046875
2001-09-27 00:00:00,9696.5302734375,9727.2998046875,9585.8095703125
2001-09-28 00:00:00,9774.6796875,9933.6904296875,9737.419921875
2001-10-01 00:00:00,9972.2802734375,9972.2802734375,9604.08984375
2001-10-02 00:00:00,10136.5595703125,10136.5595703125,9871.9404296875
2001-10-03 00:00:00,9924.23046875,10221.8203125,9924.23046875
2001-10-04 00:00:00,10205.48046875,10215.8896484375,10038.6103515625
2001-10-05 00:00:00,10205.8701171875,10261.8603515625,10039.509765625
2001-10-09 00:00:00,10011.76953125,10143.3896484375,10011.76953125
2001-10-10 00:00:00,9964.8798828125,10030.2197265625,9934.0
2001-10-11 00:00:00,10347.009765625,10347.009765625,10052.080078125
2001-10-12 00:00:00,10632.349609375,10632.349609375,10421.5703125
2001-10-15 00:00:00,10452.5400390625,10545.25,10447.990234375
2001-10-16 00:00:00,10637.8203125,10694.0595703125,10412.25
2001-10-17 00:00:00,10755.4501953125,10790.0302734375,10563.51953125
2001-10-18 00:00:00,10474.849609375,10668.6904296875,10474.849609375
2001-10-19 00:00:00,10538.7900390625,10595.9697265625,10437.7998046875
2001-10-22 00:00:00,10565.41015625,10581.5400390625,10516.58984375
2001-10-23 00:00:00,10861.5595703125,10861.5595703125,10649.58984375
2001-10-24 00:00:00,10802.150390625,10960.91015625,10771.6298828125
2001-10-25 00:00:00,10880.099609375,11052.009765625,10838.599609375
2001-10-26 00:00:00,10795.16015625,11020.5,10774.2900390625
2001-10-29 00:00:00,10612.3095703125,10798.080078125,10612.3095703125
2001-10-30 00:00:00,10512.8203125,10538.7900390625,10416.4404296875
2001-10-31 00:00:00,10366.33984375,10478.509765625,10366.33984375
2001-11-01 00:00:00,10347.2802734375,10498.3896484375,10318.169921875
2001-11-02 00:00:00,10383.7802734375,10538.4501953125,10322.2802734375
2001-11-05 00:00:00,10447.5400390625,10447.5400390625,10345.2802734375
2001-11-06 00:00:00,10633.7197265625,10633.7197265625,10494.8896484375
2001-11-07 00:00:00,10284.98046875,10632.490234375,10284.98046875
2001-11-08 00:00:00,10431.7900390625,10431.7900390625,10269.9697265625
2001-11-09 00:00:00,10215.7099609375,10412.6201171875,10213.009765625
2001-11-12 00:00:00,10081.5595703125,10260.7001953125,10081.5595703125
2001-11-13 00:00:00,10030.5595703125,10057.740234375,9955.08984375
2001-11-14 00:00:00,10086.759765625,10231.16015625,10076.58984375
2001-11-15 00:00:00,10489.8896484375,10489.8896484375,10142.419921875
2001-11-16 00:00:00,10649.08984375,10850.48046875,10454.2001953125
2001-11-19 00:00:00,10727.9404296875,10849.1904296875,10618.6904296875
2001-11-20 00:00:00,10575.6201171875,10779.580078125,10555.4404296875
2001-11-21 00:00:00,10661.080078125,10789.1796875,10490.599609375
2001-11-22 00:00:00,10696.8203125,10702.33984375,10529.2099609375
2001-11-26 00:00:00,11064.2998046875,11067.919921875,10797.1201171875
2001-11-27 00:00:00,10948.8896484375,11186.75,10948.8896484375
2001-11-28 00:00:00,10624.8095703125,10900.3095703125,10624.8095703125
2001-11-29 00:00:00,10655.9599609375,10668.73046875,10512.66015625
2001-11-30 00:00:00,10697.4404296875,10697.900390625,10550.66015625
2001-12-03 00:00:00,10370.6201171875,10695.0400390625,10370.6201171875
2001-12-04 00:00:00,10452.650390625,10478.4697265625,10326.51953125
2001-12-05 00:00:00,10713.8095703125,10724.6396484375,10523.2197265625
2001-12-06 00:00:00,10857.2802734375,11052.509765625,10813.7900390625
2001-12-07 00:00:00,10796.8896484375,10918.1904296875,10762.9697265625
2001-12-10 00:00:00,10571.009765625,10738.3896484375,10571.009765625
2001-12-11 00:00:00,10473.91015625,10606.919921875,10467.6103515625
2001-12-12 00:00:00,10801.51953125,10821.1298828125,10490.0703125
2001-12-13 00:00:00,10433.4501953125,10731.8095703125,10433.4501953125
2001-12-14 00:00:00,10511.650390625,10603.7099609375,10379.58984375
2001-12-17 00:00:00,10323.349609375,10484.3798828125,10302.9697265625
2001-12-18 00:00:00,10432.169921875,10582.0703125,10330.580078125
2001-12-19 00:00:00,10471.9296875,10500.4404296875,10347.1796875
2001-12-20 00:00:00,10434.51953125,10501.98046875,10346.400390625
2001-12-21 00:00:00,10335.4501953125,10418.58984375,10253.7197265625
2001-12-25 00:00:00,10254.8095703125,10359.2197265625,10178.8701171875
2001-12-26 00:00:00,10192.5703125,10300.6298828125,10170.900390625
2001-12-27 00:00:00,10457.6103515625,10457.6103515625,10176.3095703125
2001-12-28 00:00:00,10542.6201171875,10571.75,10427.6201171875
2002-01-04 00:00:00,10871.490234375,10871.490234375,10617.080078125
2002-01-07 00:00:00,10942.3603515625,10979.919921875,10803.4501953125
2002-01-08 00:00:00,10695.599609375,10843.259765625,10662.25
2002-01-09 00:00:00,10663.98046875,10747.599609375,10638.4296875
2002-01-10 00:00:00,10538.4296875,10710.48046875,10494.349609375
2002-01-11 00:00:00,10441.58984375,10571.5,10441.58984375
2002-01-15 00:00:00,10208.0498046875,10359.4404296875,10208.0498046875
2002-01-16 00:00:00,10177.580078125,10269.0302734375,10096.33984375
2002-01-17 00:00:00,10128.1796875,10257.4501953125,10074.4501953125
2002-01-18 00:00:00,10293.3203125,10296.7900390625,10151.4296875
2002-01-21 00:00:00,10280.25,10393.5595703125,10169.7998046875
2002-01-22 00:00:00,10050.98046875,10280.2998046875,10050.98046875
2002-01-23 00:00:00,10040.91015625,10154.8203125,10040.91015625
2002-01-24 00:00:00,10074.0498046875,10240.3896484375,10012.7998046875
2002-01-25 00:00:00,10144.1396484375,10149.8701171875,10017.48046875
2002-01-28 00:00:00,10220.849609375,10303.740234375,10156.1904296875
2002-01-29 00:00:00,10026.0302734375,10191.75,10026.0302734375
2002-01-30 00:00:00,9919.48046875,9938.330078125,9843.1201171875
2002-01-31 00:00:00,9997.7998046875,10012.150390625,9896.83984375
2002-02-01 00:00:00,9791.4296875,10032.25,9735.0498046875
2002-02-04 00:00:00,9631.9296875,9808.8203125,9623.990234375
2002-02-05 00:00:00,9475.599609375,9683.9296875,9473.4599609375
2002-02-06 00:00:00,9420.849609375,9602.51953125,9420.849609375
2002-02-07 00:00:00,9583.26953125,9634.7900390625,9458.7001953125
2002-02-08 00:00:00,9686.0595703125,9753.75,9538.4501953125
2002-02-12 00:00:00,9877.990234375,9949.73046875,9816.9599609375
2002-02-13 00:00:00,9968.349609375,10039.25,9865.75
2002-02-14 00:00:00,10081.08984375,10235.3798828125,10014.1796875
2002-02-15 00:00:00,10048.099609375,10152.0,10025.5498046875
2002-02-18 00:00:00,10093.25,10119.2099609375,9980.8896484375
2002-02-19 00:00:00,9847.16015625,10129.33984375,9847.16015625
2002-02-20 00:00:00,9834.1298828125,9901.240234375,9773.9501953125
2002-02-21 00:00:00,10295.419921875,10295.419921875,9895.4501953125
2002-02-22 00:00:00,10356.7802734375,10418.6396484375,10165.7197265625
2002-02-25 00:00:00,10296.4697265625,10446.2802734375,10289.830078125
2002-02-26 00:00:00,10202.6298828125,10458.8701171875,10183.51953125
2002-02-27 00:00:00,10573.08984375,10573.08984375,10268.8701171875
2002-02-28 00:00:00,10587.830078125,10798.669921875,10587.830078125
2002-03-01 00:00:00,10812.0,10813.4501953125,10540.3095703125
2002-03-04 00:00:00,11450.2197265625,11450.2197265625,10941.3603515625
2002-03-05 00:00:00,11348.4501953125,11602.75,11348.4501953125
2002-03-06 00:00:00,11358.5302734375,11648.3798828125,11358.5302734375
2002-03-07 00:00:00,11648.33984375,11690.3603515625,11472.8798828125
2002-03-08 00:00:00,11885.7900390625,12010.25,11634.3095703125
2002-03-11 00:00:00,11919.2998046875,12034.0400390625,11772.8603515625
2002-03-12 00:00:00,11607.330078125,11912.2900390625,11607.330078125
2002-03-13 00:00:00,11415.3095703125,11774.1796875,11415.3095703125
2002-03-14 00:00:00,11568.8203125,11568.8203125,11347.25
2002-03-15 00:00:00,11648.009765625,11709.4404296875,11537.8896484375
2002-03-18 00:00:00,11498.3798828125,11789.4599609375,11477.6796875
2002-03-19 00:00:00,11792.8203125,11792.8203125,11597.8603515625
2002-03-20 00:00:00,11526.7802734375,11833.9697265625,11503.7900390625
2002-03-22 00:00:00,11345.080078125,11519.6796875,11326.2197265625
2002-03-25 00:00:00,11261.08984375,11378.7802734375,11166.919921875
2002-03-26 00:00:00,11207.919921875,11524.23046875,11165.0
2002-03-27 00:00:00,11323.6796875,11421.009765625,11190.3896484375
2002-03-28 00:00:00,11333.1103515625,11348.2197265625,11240.990234375
2002-03-29 00:00:00,11024.9404296875,11389.599609375,11024.9404296875
2002-04-01 00:00:00,11028.7001953125,11148.5,11007.6298828125
2002-04-02 00:00:00,11204.490234375,11217.240234375,11049.849609375
2002-04-03 00:00:00,11400.7099609375,11476.9404296875,11042.25
2002-04-04 00:00:00,11379.2001953125,11537.1298828125,11336.2001953125
2002-04-05 00:00:00,11335.490234375,11412.990234375,11301.9501953125
2002-04-08 00:00:00,11352.8896484375,11430.0302734375,11265.1796875
2002-04-09 00:00:00,11114.490234375,11363.2001953125,11113.080078125
2002-04-10 00:00:00,11218.580078125,11293.169921875,11052.7001953125
2002-04-11 00:00:00,11147.26953125,11320.669921875,11147.26953125
2002-04-12 00:00:00,10962.98046875,11122.76953125,10896.1201171875
2002-04-15 00:00:00,11137.2998046875,11138.7001953125,10941.8095703125
2002-04-16 00:00:00,11346.66015625,11346.66015625,11141.26953125
2002-04-17 00:00:00,11543.7099609375,11544.830078125,11403.7900390625
2002-04-18 00:00:00,11575.73046875,11635.98046875,11485.08984375
2002-04-19 00:00:00,11512.009765625,11525.8798828125,11386.7197265625
2002-04-22 00:00:00,11721.6396484375,11765.0498046875,11555.080078125
2002-04-23 00:00:00,11736.830078125,11812.990234375,11576.7099609375
2002-04-24 00:00:00,11672.8798828125,11808.25,11663.7099609375
2002-04-25 00:00:00,11648.7197265625,11708.009765625,11583.0703125
2002-04-26 00:00:00,11541.3896484375,11685.080078125,11464.58984375
2002-04-30 00:00:00,11492.5400390625,11548.7802734375,11440.66015625
2002-05-01 00:00:00,11552.7900390625,11591.490234375,11528.2900390625
2002-05-02 00:00:00,11551.009765625,11609.6904296875,11518.5703125
2002-05-07 00:00:00,11316.0400390625,11508.580078125,11250.8603515625
2002-05-08 00:00:00,11520.75,11581.41015625,11356.5400390625
2002-05-09 00:00:00,11633.2998046875,11727.51953125,11620.51953125
2002-05-10 00:00:00,11531.1103515625,11587.4296875,11523.83984375
2002-05-13 00:00:00,11336.9501953125,11473.9296875,11309.48046875
2002-05-14 00:00:00,11356.1904296875,11507.66015625,11336.8095703125
2002-05-15 00:00:00,11642.9697265625,11693.91015625,11486.0595703125
2002-05-16 00:00:00,11738.6904296875,11747.349609375,11579.1201171875
2002-05-17 00:00:00,11847.3203125,11926.900390625,11817.650390625
2002-05-20 00:00:00,11856.5400390625,11942.91015625,11836.2197265625
2002-05-21 00:00:00,11801.16015625,11824.73046875,11765.2099609375
2002-05-22 00:00:00,11961.98046875,11963.23046875,11767.0
2002-05-23 00:00:00,11979.849609375,12019.8603515625,11936.8701171875
2002-05-24 00:00:00,11976.2802734375,12023.419921875,11842.7998046875
2002-05-27 00:00:00,11976.349609375,12081.4296875,11952.6796875
2002-05-28 00:00:00,11936.080078125,11950.2802734375,11889.5595703125
2002-05-29 00:00:00,11853.0,11887.73046875,11796.58984375
2002-05-30 00:00:00,11770.0302734375,11812.58984375,11680.580078125
2002-05-31 00:00:00,11763.7001953125,11911.91015625,11743.990234375
2002-06-03 00:00:00,11901.3896484375,11905.16015625,11796.4501953125
2002-06-04 00:00:00,11653.0703125,11874.2998046875,11624.3896484375
2002-06-05 00:00:00,11663.8701171875,11769.400390625,11654.1201171875
2002-06-06 00:00:00,11574.9404296875,11743.8896484375,11540.3203125
2002-06-07 00:00:00,11438.5302734375,11467.0302734375,11365.6103515625
2002-06-10 00:00:00,11370.2099609375,11522.0400390625,11370.2099609375
2002-06-11 00:00:00,11449.4404296875,11514.5302734375,11390.41015625
2002-06-12 00:00:00,11327.0595703125,11405.2900390625,11261.9296875
2002-06-13 00:00:00,11144.83984375,11396.2802734375,11132.58984375
2002-06-14 00:00:00,10920.6298828125,11127.16015625,10911.0703125
2002-06-17 00:00:00,10664.1103515625,10888.0400390625,10577.8896484375
2002-06-18 00:00:00,10839.9296875,10884.259765625,10747.6796875
2002-06-19 00:00:00,10476.1796875,10771.599609375,10448.7001953125
2002-06-20 00:00:00,10612.98046875,10629.4404296875,10325.5498046875
2002-06-21 00:00:00,10354.349609375,10489.7802734375,10327.91015625
2002-06-24 00:00:00,10471.3203125,10490.8701171875,10169.0703125
2002-06-25 00:00:00,10496.669921875,10580.490234375,10404.2197265625
2002-06-26 00:00:00,10074.5595703125,10376.2900390625,10060.7197265625
2002-06-27 00:00:00,10261.599609375,10335.9697265625,10176.1796875
2002-06-28 00:00:00,10621.83984375,10621.83984375,10366.4697265625
2002-07-01 00:00:00,10595.4404296875,10677.099609375,10541.2197265625
2002-07-02 00:00:00,10622.3203125,10622.3203125,10371.259765625
2002-07-03 00:00:00,10812.2998046875,10862.6904296875,10495.669921875
2002-07-04 00:00:00,10632.8095703125,10791.2197265625,10625.919921875
2002-07-05 00:00:00,10826.08984375,10885.830078125,10701.3701171875
2002-07-08 00:00:00,10769.2001953125,11050.6904296875,10760.099609375
2002-07-09 00:00:00,10960.25,10960.25,10770.990234375
2002-07-10 00:00:00,10752.66015625,10975.7197265625,10752.66015625
2002-07-11 00:00:00,10485.740234375,10647.58984375,10457.0703125
2002-07-12 00:00:00,10601.4501953125,10694.41015625,10570.0
2002-07-15 00:00:00,10375.150390625,10548.2099609375,10373.2900390625
2002-07-16 00:00:00,10250.419921875,10503.0400390625,10250.419921875
2002-07-17 00:00:00,10296.01953125,10328.009765625,10113.6103515625
2002-07-18 00:00:00,10498.259765625,10513.990234375,10340.3095703125
2002-07-19 00:00:00,10202.3603515625,10421.5302734375,10174.6796875
2002-07-22 00:00:00,10189.009765625,10295.7099609375,9982.240234375
2002-07-23 00:00:00,10215.6298828125,10268.0498046875,10003.8095703125
2002-07-24 00:00:00,9947.7197265625,10142.900390625,9901.08984375
2002-07-25 00:00:00,9929.91015625,10166.6796875,9911.1298828125
2002-07-26 00:00:00,9591.0302734375,9868.330078125,9547.849609375
2002-07-29 00:00:00,9666.669921875,9852.7998046875,9636.6904296875
2002-07-30 00:00:00,10003.7197265625,10013.990234375,9791.4501953125
2002-07-31 00:00:00,9877.9404296875,9965.01953125,9831.58984375
2002-08-01 00:00:00,9793.509765625,9912.58984375,9738.23046875
2002-08-02 00:00:00,9709.66015625,9791.9404296875,9633.830078125
2002-08-05 00:00:00,9704.9296875,9775.9296875,9636.919921875
2002-08-06 00:00:00,9501.01953125,9623.16015625,9439.41015625
2002-08-07 00:00:00,9834.400390625,9875.330078125,9636.5400390625
2002-08-08 00:00:00,9799.5703125,9941.009765625,9740.4296875
2002-08-09 00:00:00,9999.7900390625,10043.2998046875,9856.8603515625
2002-08-12 00:00:00,9747.8203125,9931.8203125,9747.8203125
2002-08-13 00:00:00,9688.6103515625,9795.9501953125,9644.1396484375
2002-08-14 00:00:00,9638.41015625,9681.83984375,9618.8701171875
2002-08-15 00:00:00,9795.5703125,9851.6796875,9740.2001953125
2002-08-16 00:00:00,9788.1298828125,9883.650390625,9727.8798828125
2002-08-19 00:00:00,9599.099609375,9773.3798828125,9499.509765625
2002-08-20 00:00:00,9620.6904296875,9743.099609375,9585.669921875
2002-08-21 00:00:00,9642.6103515625,9706.6904296875,9523.8603515625
2002-08-22 00:00:00,9814.01953125,9851.8896484375,9551.1396484375
2002-08-23 00:00:00,9867.4501953125,9979.8798828125,9863.83984375
2002-08-26 00:00:00,10067.740234375,10162.2998046875,9797.0400390625
2002-08-27 00:00:00,9907.2998046875,10067.25,9899.240234375
2002-08-28 00:00:00,9766.73046875,9953.400390625,9745.3095703125
2002-08-29 00:00:00,9620.1396484375,9697.5498046875,9558.6796875
2002-08-30 00:00:00,9619.2998046875,9677.5703125,9524.7802734375
2002-09-02 00:00:00,9521.6298828125,9565.080078125,9487.8896484375
2002-09-03 00:00:00,9217.0400390625,9472.5595703125,9217.0400390625
2002-09-04 00:00:00,9075.08984375,9159.0595703125,8995.2001953125
2002-09-05 00:00:00,9222.1201171875,9290.400390625,9075.7001953125
2002-09-06 00:00:00,9129.0703125,9150.4501953125,8969.259765625
2002-09-09 00:00:00,9306.259765625,9353.4404296875,9221.5
2002-09-10 00:00:00,9309.3095703125,9455.849609375,9274.4599609375
2002-09-11 00:00:00,9400.080078125,9432.4404296875,9353.1796875
2002-09-12 00:00:00,9415.23046875,9440.5400390625,9251.4599609375
2002-09-13 00:00:00,9241.9296875,9305.6904296875,9156.7900390625
2002-09-17 00:00:00,9543.9404296875,9577.419921875,9349.3798828125
2002-09-18 00:00:00,9472.0595703125,9521.580078125,9257.8603515625
2002-09-19 00:00:00,9669.6201171875,9884.599609375,9606.7802734375
2002-09-20 00:00:00,9481.080078125,9672.8203125,9448.3203125
2002-09-24 00:00:00,9321.6396484375,9396.419921875,9188.2900390625
2002-09-25 00:00:00,9165.41015625,9349.240234375,9106.4501953125
2002-09-26 00:00:00,9320.919921875,9386.9599609375,9264.9697265625
2002-09-27 00:00:00,9530.4404296875,9572.3701171875,9415.740234375
2002-09-30 00:00:00,9383.2900390625,9470.7099609375,9315.25
2002-10-01 00:00:00,9162.259765625,9289.5302734375,9143.2802734375
2002-10-02 00:00:00,9049.330078125,9293.8603515625,9049.330078125
2002-10-03 00:00:00,8936.4296875,9087.9599609375,8927.5703125
2002-10-04 00:00:00,9027.5498046875,9027.5498046875,8860.650390625
2002-10-07 00:00:00,8688.0,8920.740234375,8650.3603515625
2002-10-08 00:00:00,8708.900390625,8798.9404296875,8674.48046875
2002-10-09 00:00:00,8539.33984375,8651.66015625,8498.4599609375
2002-10-10 00:00:00,8439.6201171875,8487.58984375,8197.2197265625
2002-10-11 00:00:00,8529.6103515625,8611.400390625,8483.490234375
2002-10-15 00:00:00,8836.73046875,8871.4404296875,8641.66015625
2002-10-16 00:00:00,8884.8701171875,8974.7900390625,8826.419921875
2002-10-17 00:00:00,8959.8798828125,9038.4296875,8894.1298828125
2002-10-18 00:00:00,9086.1298828125,9134.7998046875,9055.9296875
2002-10-21 00:00:00,8978.41015625,9116.51953125,8948.330078125
2002-10-22 00:00:00,8689.3896484375,8969.509765625,8689.3896484375
2002-10-23 00:00:00,8714.51953125,8758.669921875,8499.490234375
2002-10-24 00:00:00,8614.2998046875,8735.6201171875,8549.48046875
2002-10-25 00:00:00,8726.2900390625,8758.75,8612.5703125
2002-10-28 00:00:00,8757.509765625,8757.509765625,8557.9296875
2002-10-29 00:00:00,8708.759765625,8785.4404296875,8678.25
2002-10-30 00:00:00,8756.58984375,8842.7802734375,8615.2998046875
2002-10-31 00:00:00,8640.48046875,8830.7099609375,8576.7001953125
2002-11-01 00:00:00,8685.7197265625,8698.1904296875,8571.4296875
2002-11-05 00:00:00,8937.5595703125,8995.509765625,8790.5703125
2002-11-06 00:00:00,8953.2900390625,9100.6796875,8914.08984375
2002-11-07 00:00:00,8920.4404296875,8955.7001953125,8854.4404296875
2002-11-08 00:00:00,8690.76953125,8824.4599609375,8657.1796875
2002-11-11 00:00:00,8460.3701171875,8619.740234375,8430.5
2002-11-12 00:00:00,8464.76953125,8526.8798828125,8380.4599609375
2002-11-13 00:00:00,8438.51953125,8505.9296875,8389.3603515625
2002-11-14 00:00:00,8303.3896484375,8501.3603515625,8303.3896484375
2002-11-15 00:00:00,8503.58984375,8517.25,8399.6796875
2002-11-18 00:00:00,8346.009765625,8479.7802734375,8292.349609375
2002-11-19 00:00:00,8365.259765625,8413.58984375,8246.5302734375
2002-11-20 00:00:00,8459.6201171875,8533.009765625,8355.41015625
2002-11-21 00:00:00,8668.0595703125,8683.2998046875,8530.9296875
2002-11-22 00:00:00,8772.5595703125,8819.599609375,8715.9404296875
2002-11-25 00:00:00,8944.4404296875,8956.48046875,8751.6201171875
2002-11-26 00:00:00,8823.990234375,8983.240234375,8749.8798828125
2002-11-27 00:00:00,8875.8798828125,8927.0400390625,8761.169921875
2002-11-28 00:00:00,9176.7802734375,9185.6796875,8967.6396484375
2002-11-29 00:00:00,9215.5595703125,9294.099609375,9125.349609375
2002-12-02 00:00:00,9174.4697265625,9251.8203125,9112.4599609375
2002-12-03 00:00:00,9205.1103515625,9320.1103515625,9183.580078125
2002-12-04 00:00:00,9006.73046875,9126.6298828125,8960.6201171875
2002-12-05 00:00:00,8917.5703125,9035.419921875,8907.349609375
2002-12-06 00:00:00,8863.259765625,8907.150390625,8805.0400390625
2002-12-09 00:00:00,8828.0498046875,8942.2099609375,8798.5595703125
2002-12-10 00:00:00,8804.51953125,8869.259765625,8753.5
2002-12-11 00:00:00,8727.66015625,8876.0302734375,8725.3203125
2002-12-12 00:00:00,8708.6904296875,8754.8095703125,8682.98046875
2002-12-13 00:00:00,8516.0703125,8694.23046875,8496.2900390625
2002-12-16 00:00:00,8450.9404296875,8570.4296875,8416.2001953125
2002-12-17 00:00:00,8510.73046875,8583.6796875,8487.2001953125
2002-12-18 00:00:00,8344.009765625,8489.5302734375,8310.419921875
2002-12-19 00:00:00,8387.5703125,8411.759765625,8256.51953125
2002-12-20 00:00:00,8406.8798828125,8421.91015625,8305.7998046875
2002-12-24 00:00:00,8512.3701171875,8556.580078125,8389.490234375
2002-12-25 00:00:00,8501.1396484375,8527.73046875,8455.6298828125
2002-12-26 00:00:00,8700.099609375,8706.48046875,8572.7197265625
2002-12-27 00:00:00,8714.0498046875,8714.0498046875,8630.8203125
2002-12-30 00:00:00,8578.9501953125,8617.650390625,8543.7001953125
2003-01-06 00:00:00,8713.330078125,8761.7802734375,8669.8896484375
2003-01-07 00:00:00,8656.5,8829.0595703125,8654.51953125
2003-01-08 00:00:00,8517.7998046875,8614.41015625,8491.490234375
2003-01-09 00:00:00,8497.9296875,8498.0302734375,8400.58984375
2003-01-10 00:00:00,8470.4501953125,8569.849609375,8378.1796875
2003-01-14 00:00:00,8553.0595703125,8569.7998046875,8451.7001953125
2003-01-15 00:00:00,8611.75,8612.1298828125,8475.0400390625
2003-01-16 00:00:00,8609.169921875,8619.83984375,8536.1103515625
2003-01-17 00:00:00,8690.25,8732.849609375,8562.1298828125
2003-01-20 00:00:00,8558.8203125,8657.7900390625,8495.0
2003-01-21 00:00:00,8708.580078125,8755.349609375,8528.8095703125
2003-01-22 00:00:00,8611.0400390625,8708.5400390625,8568.66015625
2003-01-23 00:00:00,8790.919921875,8794.9697265625,8562.1904296875
2003-01-24 00:00:00,8731.650390625,8825.669921875,8701.3203125
2003-01-27 00:00:00,8609.4697265625,8690.1298828125,8588.6298828125
2003-01-28 00:00:00,8525.3896484375,8582.9296875,8511.1396484375
2003-01-29 00:00:00,8331.080078125,8529.669921875,8304.0498046875
2003-01-30 00:00:00,8316.8095703125,8407.150390625,8312.41015625
2003-01-31 00:00:00,8339.9404296875,8348.0703125,8237.0302734375
2003-02-03 00:00:00,8500.7900390625,8511.8701171875,8253.759765625
2003-02-04 00:00:00,8484.900390625,8579.41015625,8484.900390625
2003-02-05 00:00:00,8549.849609375,8574.419921875,8423.9296875
2003-02-06 00:00:00,8484.1904296875,8595.23046875,8451.2001953125
2003-02-07 00:00:00,8448.16015625,8517.4501953125,8422.669921875
2003-02-10 00:00:00,8484.9296875,8502.3603515625,8427.2998046875
2003-02-12 00:00:00,8664.169921875,8676.5302734375,8514.7802734375
2003-02-13 00:00:00,8599.66015625,8672.990234375,8550.48046875
2003-02-14 00:00:00,8701.919921875,8771.6298828125,8613.73046875
2003-02-17 00:00:00,8771.8896484375,8821.3095703125,8731.9599609375
2003-02-18 00:00:00,8692.9697265625,8794.400390625,8674.3798828125
2003-02-19 00:00:00,8678.4404296875,8772.9501953125,8667.169921875
2003-02-20 00:00:00,8650.919921875,8650.919921875,8575.66015625
2003-02-21 00:00:00,8513.5400390625,8685.419921875,8506.830078125
2003-02-24 00:00:00,8564.9501953125,8606.580078125,8489.0302734375
2003-02-25 00:00:00,8360.490234375,8481.23046875,8324.7001953125
2003-02-26 00:00:00,8356.8095703125,8429.169921875,8327.4599609375
2003-02-27 00:00:00,8359.3798828125,8377.6103515625,8266.9697265625
2003-02-28 00:00:00,8363.0400390625,8448.7802734375,8332.41015625
2003-03-03 00:00:00,8490.400390625,8490.400390625,8357.419921875
2003-03-04 00:00:00,8480.2197265625,8499.76953125,8414.509765625
2003-03-05 00:00:00,8472.6201171875,8493.6103515625,8370.58984375
2003-03-06 00:00:00,8369.150390625,8509.4296875,8369.150390625
2003-03-07 00:00:00,8144.1201171875,8336.2998046875,8144.1201171875
2003-03-10 00:00:00,8042.259765625,8112.8701171875,7975.35986328125
2003-03-11 00:00:00,7862.43017578125,8062.1201171875,7862.43017578125
2003-03-12 00:00:00,7943.0400390625,7998.009765625,7888.31005859375
2003-03-13 00:00:00,7868.56005859375,8003.18017578125,7868.56005859375
2003-03-14 00:00:00,8002.68994140625,8038.4599609375,7912.33984375
2003-03-17 00:00:00,7871.64013671875,8018.31982421875,7870.77978515625
2003-03-18 00:00:00,7954.4599609375,8081.169921875,7954.4599609375
2003-03-19 00:00:00,8051.0400390625,8051.0400390625,7824.81982421875
2003-03-20 00:00:00,8195.0498046875,8287.08984375,8121.91015625
2003-03-24 00:00:00,8435.0703125,8451.0498046875,8299.6396484375
2003-03-25 00:00:00,8238.759765625,8377.169921875,8231.9501953125
2003-03-26 00:00:00,8351.919921875,8375.7900390625,8257.33984375
2003-03-27 00:00:00,8368.669921875,8381.9296875,8323.740234375
2003-03-28 00:00:00,8280.16015625,8360.7197265625,8247.98046875
2003-03-31 00:00:00,7972.7099609375,8240.099609375,7950.9599609375
2003-04-01 00:00:00,7986.72021484375,8019.47021484375,7866.669921875
2003-04-02 00:00:00,8069.85009765625,8069.85009765625,7917.5400390625
2003-04-03 00:00:00,8017.75,8178.240234375,7999.1201171875
2003-04-04 00:00:00,8074.1201171875,8101.3701171875,7966.39013671875
2003-04-07 00:00:00,8249.98046875,8249.98046875,8077.4599609375
2003-04-08 00:00:00,8131.41015625,8200.25,8071.39013671875
2003-04-09 00:00:00,8057.60986328125,8159.5,8024.81005859375
2003-04-10 00:00:00,7980.1201171875,8031.0,7941.0498046875
2003-04-11 00:00:00,7816.490234375,7974.22021484375,7807.990234375
2003-04-14 00:00:00,7752.10009765625,7885.52001953125,7693.4599609375
2003-04-15 00:00:00,7838.830078125,7906.18994140625,7805.169921875
2003-04-16 00:00:00,7879.490234375,7934.68994140625,7856.93994140625
2003-04-17 00:00:00,7821.89990234375,7851.08984375,7807.9599609375
2003-04-18 00:00:00,7874.509765625,7899.35009765625,7863.919921875
2003-04-21 00:00:00,7969.080078125,7996.5400390625,7852.9501953125
2003-04-22 00:00:00,7790.4599609375,7946.9501953125,7747.85986328125
2003-04-23 00:00:00,7793.3798828125,7895.60009765625,7756.75
2003-04-24 00:00:00,7854.56982421875,7937.85986328125,7806.1298828125
2003-04-25 00:00:00,7699.5,7806.2099609375,7660.6201171875
2003-04-28 00:00:00,7607.8798828125,7685.35986328125,7603.759765625
2003-04-30 00:00:00,7831.419921875,7831.419921875,7694.93017578125
2003-05-01 00:00:00,7863.2900390625,7896.16015625,7745.68994140625
2003-05-02 00:00:00,7907.18994140625,7907.18994140625,7792.2001953125
2003-05-06 00:00:00,8083.56005859375,8133.33984375,7995.490234375
2003-05-07 00:00:00,8109.77001953125,8156.0,8061.81005859375
2003-05-08 00:00:00,8031.5498046875,8072.669921875,8019.330078125
2003-05-09 00:00:00,8152.16015625,8152.16015625,8009.3701171875
2003-05-12 00:00:00,8221.1201171875,8236.830078125,8152.3798828125
2003-05-13 00:00:00,8190.259765625,8339.0703125,8190.259765625
2003-05-14 00:00:00,8244.91015625,8271.4697265625,8187.93994140625
2003-05-15 00:00:00,8123.39990234375,8217.66015625,8080.52978515625
2003-05-16 00:00:00,8117.2900390625,8151.5,8087.240234375
2003-05-19 00:00:00,8039.1298828125,8098.740234375,7974.169921875
2003-05-20 00:00:00,8059.47998046875,8100.83984375,7962.3701171875
2003-05-21 00:00:00,8018.509765625,8120.91015625,7983.080078125
2003-05-22 00:00:00,8051.66015625,8072.759765625,7998.27001953125
2003-05-23 00:00:00,8184.759765625,8219.8701171875,8110.2998046875
2003-05-26 00:00:00,8227.3203125,8262.8095703125,8192.1201171875
2003-05-27 00:00:00,8120.240234375,8205.580078125,8106.89990234375
2003-05-28 00:00:00,8234.1796875,8311.83984375,8216.48046875
2003-05-29 00:00:00,8375.3603515625,8383.9296875,8264.3896484375
2003-05-30 00:00:00,8424.509765625,8461.73046875,8379.759765625
2003-06-02 00:00:00,8547.169921875,8602.2197265625,8488.8896484375
2003-06-03 00:00:00,8564.490234375,8605.5400390625,8492.240234375
2003-06-04 00:00:00,8557.8603515625,8671.5595703125,8557.8603515625
2003-06-05 00:00:00,8657.23046875,8685.5498046875,8606.9501953125
2003-06-06 00:00:00,8785.8701171875,8814.0400390625,8633.2998046875
2003-06-09 00:00:00,8822.73046875,8882.509765625,8747.669921875
2003-06-10 00:00:00,8789.08984375,8807.259765625,8716.6201171875
2003-06-11 00:00:00,8890.2998046875,9007.2900390625,8834.4599609375
2003-06-12 00:00:00,8918.599609375,9002.2900390625,8893.3095703125
2003-06-13 00:00:00,8980.6396484375,9020.8896484375,8891.1796875
2003-06-16 00:00:00,8839.830078125,8924.4599609375,8809.4697265625
2003-06-17 00:00:00,9033.0,9062.3798828125,8944.349609375
2003-06-18 00:00:00,9092.9697265625,9188.9501953125,9081.3095703125
2003-06-19 00:00:00,9110.509765625,9140.759765625,9001.9501953125
2003-06-20 00:00:00,9120.3896484375,9122.900390625,9032.2900390625
2003-06-23 00:00:00,9137.1396484375,9172.5302734375,9074.3701171875
2003-06-24 00:00:00,8919.259765625,9074.66015625,8895.8203125
2003-06-25 00:00:00,8932.259765625,8977.6904296875,8899.8095703125
2003-06-26 00:00:00,8923.41015625,8941.4599609375,8846.75
2003-06-27 00:00:00,9104.0595703125,9132.9501953125,9014.58984375
2003-06-30 00:00:00,9083.1103515625,9140.7099609375,9076.6201171875
2003-07-01 00:00:00,9278.490234375,9285.5302734375,9078.740234375
2003-07-02 00:00:00,9592.240234375,9592.240234375,9353.76953125
2003-07-03 00:00:00,9624.7998046875,9896.6396484375,9503.1396484375
2003-07-04 00:00:00,9547.73046875,9637.66015625,9483.009765625
2003-07-07 00:00:00,9795.16015625,9839.900390625,9589.1904296875
2003-07-08 00:00:00,9898.7197265625,10027.599609375,9856.0400390625
2003-07-09 00:00:00,9990.9501953125,9990.9501953125,9813.2900390625
2003-07-10 00:00:00,9955.6201171875,10070.1103515625,9926.0400390625
2003-07-11 00:00:00,9635.349609375,9851.6796875,9600.9599609375
2003-07-14 00:00:00,9755.6298828125,9798.4404296875,9660.5400390625
2003-07-15 00:00:00,9751.0,9909.650390625,9741.3896484375
2003-07-16 00:00:00,9735.9697265625,9823.58984375,9639.3095703125
2003-07-17 00:00:00,9498.8603515625,9659.2998046875,9495.990234375
2003-07-18 00:00:00,9527.73046875,9591.6201171875,9460.2802734375
2003-07-22 00:00:00,9485.9697265625,9541.0498046875,9406.490234375
2003-07-23 00:00:00,9615.33984375,9631.259765625,9565.6796875
2003-07-24 00:00:00,9671.0,9718.3798828125,9606.099609375
2003-07-25 00:00:00,9648.009765625,9692.400390625,9569.8701171875
2003-07-28 00:00:00,9839.91015625,9846.1904296875,9737.150390625
2003-07-29 00:00:00,9834.3095703125,9932.1796875,9822.7197265625
2003-07-30 00:00:00,9632.66015625,9821.2802734375,9632.66015625
2003-07-31 00:00:00,9563.2099609375,9646.2099609375,9507.3896484375
2003-08-01 00:00:00,9611.669921875,9652.1904296875,9520.1396484375
2003-08-04 00:00:00,9452.7900390625,9538.9404296875,9452.7900390625
2003-08-05 00:00:00,9382.580078125,9459.16015625,9304.7099609375
2003-08-06 00:00:00,9323.91015625,9375.4296875,9287.3896484375
2003-08-07 00:00:00,9265.5595703125,9334.5595703125,9224.0498046875
2003-08-08 00:00:00,9327.5302734375,9367.6396484375,9251.73046875
2003-08-11 00:00:00,9487.7998046875,9498.150390625,9332.4697265625
2003-08-12 00:00:00,9564.8095703125,9620.2099609375,9517.1396484375
2003-08-13 00:00:00,9752.75,9762.16015625,9637.9296875
2003-08-14 00:00:00,9913.4697265625,9924.6904296875,9678.990234375
2003-08-15 00:00:00,9863.4697265625,10038.08984375,9854.26953125
2003-08-18 00:00:00,10032.9697265625,10048.919921875,9933.5498046875
2003-08-19 00:00:00,10174.099609375,10241.9404296875,10131.2099609375
2003-08-20 00:00:00,10292.0595703125,10334.2900390625,10164.419921875
2003-08-21 00:00:00,10362.6904296875,10377.3896484375,10202.7197265625
2003-08-22 00:00:00,10281.169921875,10378.1298828125,10262.26953125
2003-08-25 00:00:00,10276.6396484375,10331.26953125,10205.25
2003-08-26 00:00:00,10332.5703125,10356.759765625,10171.169921875
2003-08-27 00:00:00,10308.990234375,10415.5302734375,10272.9599609375
2003-08-28 00:00:00,10225.2197265625,10356.419921875,10189.7998046875
2003-08-29 00:00:00,10343.5498046875,10362.849609375,10282.509765625
2003-09-01 00:00:00,10670.1796875,10670.1796875,10381.98046875
2003-09-02 00:00:00,10690.080078125,10748.759765625,10616.6103515625
2003-09-03 00:00:00,10715.6904296875,10813.58984375,10601.48046875
2003-09-04 00:00:00,10646.9501953125,10783.6796875,10646.9501953125
2003-09-05 00:00:00,10650.76953125,10707.75,10592.9296875
2003-09-08 00:00:00,10683.759765625,10725.5400390625,10562.7802734375
2003-09-09 00:00:00,10922.0400390625,10927.6201171875,10765.0400390625
2003-09-10 00:00:00,10856.3203125,10938.2998046875,10839.2099609375
2003-09-11 00:00:00,10546.330078125,10749.009765625,10540.2802734375
2003-09-12 00:00:00,10712.8095703125,10751.4296875,10613.7001953125
2003-09-16 00:00:00,10887.0302734375,10887.0302734375,10758.330078125
2003-09-17 00:00:00,10990.1103515625,11099.0595703125,10964.990234375
2003-09-18 00:00:00,11033.3203125,11067.6201171875,10869.6904296875
2003-09-19 00:00:00,10938.419921875,11160.1904296875,10938.419921875
2003-09-22 00:00:00,10475.099609375,10858.08984375,10412.2001953125
2003-09-24 00:00:00,10502.2900390625,10672.5400390625,10367.169921875
2003-09-25 00:00:00,10310.0400390625,10371.6904296875,10225.48046875
2003-09-26 00:00:00,10318.4404296875,10366.2099609375,10213.75
2003-09-29 00:00:00,10229.5703125,10309.169921875,10148.3603515625
2003-09-30 00:00:00,10219.0498046875,10420.759765625,10219.0498046875
2003-10-01 00:00:00,10361.240234375,10361.240234375,10173.5400390625
2003-10-02 00:00:00,10593.5302734375,10620.6201171875,10465.8896484375
2003-10-03 00:00:00,10709.2900390625,10726.919921875,10583.509765625
2003-10-06 00:00:00,10740.1396484375,10905.1904296875,10719.91015625
2003-10-07 00:00:00,10820.330078125,10820.330078125,10697.830078125
2003-10-08 00:00:00,10542.2001953125,10797.7998046875,10511.419921875
2003-10-09 00:00:00,10531.4404296875,10598.9599609375,10485.599609375
2003-10-10 00:00:00,10786.0400390625,10852.419921875,10569.7197265625
2003-10-14 00:00:00,10966.4296875,11031.73046875,10863.0595703125
2003-10-15 00:00:00,10899.9501953125,10997.6103515625,10856.419921875
2003-10-16 00:00:00,11025.150390625,11025.150390625,10831.759765625
2003-10-17 00:00:00,11037.8896484375,11112.2900390625,10977.900390625
2003-10-20 00:00:00,11161.7099609375,11210.9404296875,10875.26953125
2003-10-21 00:00:00,11031.51953125,11238.6298828125,10996.5400390625
2003-10-22 00:00:00,10889.6201171875,11060.849609375,10883.76953125
2003-10-23 00:00:00,10335.16015625,10754.009765625,10304.2900390625
2003-10-24 00:00:00,10335.7001953125,10480.5302734375,10186.76953125
2003-10-27 00:00:00,10454.1201171875,10483.33984375,10349.759765625
2003-10-28 00:00:00,10561.009765625,10592.0498046875,10456.849609375
2003-10-29 00:00:00,10739.2197265625,10791.75,10653.5400390625
2003-10-30 00:00:00,10695.5595703125,10761.6201171875,10638.8896484375
2003-10-31 00:00:00,10559.58984375,10774.1103515625,10521.400390625
2003-11-04 00:00:00,10847.9697265625,10869.349609375,10693.66015625
2003-11-05 00:00:00,10837.5400390625,10837.5400390625,10668.3896484375
2003-11-06 00:00:00,10552.2998046875,10825.1396484375,10537.1298828125
2003-11-07 00:00:00,10628.98046875,10641.5,10479.25
2003-11-10 00:00:00,10504.5400390625,10617.98046875,10481.0703125
2003-11-11 00:00:00,10207.0400390625,10407.7998046875,10112.099609375
2003-11-12 00:00:00,10226.2197265625,10328.91015625,10155.6396484375
2003-11-13 00:00:00,10337.669921875,10431.41015625,10277.5400390625
2003-11-14 00:00:00,10167.0595703125,10354.83984375,10164.1201171875
2003-11-17 00:00:00,9786.830078125,10077.8798828125,9756.5
2003-11-18 00:00:00,9897.0498046875,9906.8798828125,9678.7802734375
2003-11-19 00:00:00,9614.599609375,9804.7001953125,9614.599609375
2003-11-20 00:00:00,9865.7001953125,9883.8896484375,9653.759765625
2003-11-21 00:00:00,9852.830078125,9888.9296875,9758.33984375
2003-11-25 00:00:00,9960.2001953125,10064.4501953125,9959.509765625
2003-11-26 00:00:00,10144.830078125,10161.7900390625,9965.5400390625
2003-11-27 00:00:00,10163.3798828125,10173.599609375,10075.23046875
2003-11-28 00:00:00,10100.5703125,10144.4296875,10033.4697265625
2003-12-01 00:00:00,10403.26953125,10439.0,9911.919921875
2003-12-02 00:00:00,10410.150390625,10552.349609375,10373.9501953125
2003-12-03 00:00:00,10326.3896484375,10485.4697265625,10326.3896484375
2003-12-04 00:00:00,10429.990234375,10449.5400390625,10339.8896484375
2003-12-05 00:00:00,10373.4599609375,10456.7802734375,10333.6396484375
2003-12-08 00:00:00,10045.33984375,10293.740234375,10013.58984375
2003-12-09 00:00:00,10124.2802734375,10158.650390625,10004.7099609375
2003-12-10 00:00:00,9910.5595703125,10053.169921875,9859.0
2003-12-11 00:00:00,10075.1396484375,10088.1103515625,9951.33984375
2003-12-12 00:00:00,10169.66015625,10228.2197265625,10085.849609375
2003-12-15 00:00:00,10490.76953125,10490.76953125,10308.33984375
2003-12-16 00:00:00,10271.599609375,10352.0400390625,10222.8798828125
2003-12-17 00:00:00,10092.6396484375,10280.080078125,10058.33984375
2003-12-18 00:00:00,10104.0,10173.6796875,10073.259765625
2003-12-19 00:00:00,10284.5400390625,10305.8095703125,10213.2099609375
2003-12-22 00:00:00,10372.509765625,10386.4404296875,10248.6201171875
2003-12-24 00:00:00,10371.26953125,10400.25,10326.169921875
2003-12-25 00:00:00,10365.349609375,10367.6796875,10311.599609375
2003-12-26 00:00:00,10417.41015625,10417.41015625,10336.080078125
2003-12-29 00:00:00,10500.6201171875,10574.9404296875,10454.6904296875
2003-12-30 00:00:00,10676.6396484375,10681.2802734375,10609.580078125
2004-01-05 00:00:00,10825.169921875,10862.349609375,10785.8701171875
2004-01-06 00:00:00,10813.990234375,10945.2998046875,10790.599609375
2004-01-07 00:00:00,10757.8203125,10852.0595703125,10710.2998046875
2004-01-08 00:00:00,10837.650390625,10888.6103515625,10727.7998046875
2004-01-09 00:00:00,10965.0498046875,11008.5595703125,10861.2802734375
2004-01-13 00:00:00,10849.6796875,10965.6103515625,10790.41015625
2004-01-14 00:00:00,10863.0,10883.240234375,10730.4501953125
2004-01-15 00:00:00,10665.150390625,10881.76953125,10665.150390625
2004-01-16 00:00:00,10857.2001953125,10857.2001953125,10715.25
2004-01-19 00:00:00,11036.330078125,11044.3095703125,10916.990234375
2004-01-20 00:00:00,11103.099609375,11193.6396484375,10979.25
2004-01-21 00:00:00,11002.3896484375,11163.6201171875,11002.3896484375
2004-01-22 00:00:00,11000.7001953125,11115.1298828125,10997.4501953125
2004-01-23 00:00:00,11069.009765625,11139.3896484375,10937.48046875
2004-01-26 00:00:00,10972.599609375,11013.3701171875,10872.7900390625
2004-01-27 00:00:00,10928.0302734375,11075.2998046875,10916.509765625
2004-01-28 00:00:00,10852.4697265625,10901.4501953125,10799.5400390625
2004-01-29 00:00:00,10779.4404296875,10786.2099609375,10666.5498046875
2004-01-30 00:00:00,10783.6103515625,10838.400390625,10729.3798828125
2004-02-02 00:00:00,10776.73046875,10861.9697265625,10765.3798828125
2004-02-03 00:00:00,10641.919921875,10800.7802734375,10507.9296875
2004-02-04 00:00:00,10447.25,10627.259765625,10418.76953125
2004-02-05 00:00:00,10464.599609375,10478.41015625,10374.900390625
2004-02-06 00:00:00,10460.919921875,10502.349609375,10399.400390625
2004-02-09 00:00:00,10402.6103515625,10595.9404296875,10359.169921875
2004-02-10 00:00:00,10365.400390625,10460.400390625,10299.4296875
2004-02-12 00:00:00,10459.259765625,10557.009765625,10449.7001953125
2004-02-13 00:00:00,10557.6904296875,10572.6201171875,10413.0595703125
2004-02-16 00:00:00,10548.7197265625,10617.7001953125,10534.41015625
2004-02-17 00:00:00,10701.1298828125,10721.3095703125,10529.259765625
2004-02-18 00:00:00,10676.8095703125,10798.150390625,10676.8095703125
2004-02-19 00:00:00,10753.7998046875,10813.0595703125,10723.4296875
2004-02-20 00:00:00,10720.6904296875,10765.7900390625,10676.2099609375
2004-02-23 00:00:00,10868.9599609375,10893.4296875,10736.4404296875
2004-02-24 00:00:00,10644.1298828125,10856.5595703125,10629.7197265625
2004-02-25 00:00:00,10658.73046875,10727.4697265625,10617.8603515625
2004-02-26 00:00:00,10815.2900390625,10815.2900390625,10690.9501953125
2004-02-27 00:00:00,11041.919921875,11069.2802734375,10851.76953125
2004-03-01 00:00:00,11271.1201171875,11329.0,11096.6796875
2004-03-02 00:00:00,11361.509765625,11386.48046875,11282.490234375
2004-03-03 00:00:00,11351.919921875,11430.009765625,11320.0
2004-03-04 00:00:00,11401.7900390625,11480.83984375,11336.9697265625
2004-03-05 00:00:00,11537.2900390625,11537.2900390625,11411.66015625
2004-03-08 00:00:00,11502.8603515625,11643.3701171875,11502.8603515625
2004-03-09 00:00:00,11532.0400390625,11532.0400390625,11439.0400390625
2004-03-10 00:00:00,11433.240234375,11492.5703125,11353.900390625
2004-03-11 00:00:00,11297.0400390625,11354.9599609375,11237.0400390625
2004-03-12 00:00:00,11162.75,11191.4501953125,11045.9404296875
2004-03-15 00:00:00,11317.900390625,11348.400390625,11278.0498046875
2004-03-16 00:00:00,11242.2900390625,11311.0703125,11236.349609375
2004-03-17 00:00:00,11436.8603515625,11478.349609375,11297.4599609375
2004-03-18 00:00:00,11484.2802734375,11647.7099609375,11452.3896484375
2004-03-19 00:00:00,11418.509765625,11487.73046875,11364.3603515625
2004-03-22 00:00:00,11318.509765625,11351.7099609375,11284.83984375
2004-03-23 00:00:00,11281.08984375,11327.6201171875,11071.66015625
2004-03-24 00:00:00,11364.990234375,11384.6904296875,11234.7001953125
2004-03-25 00:00:00,11530.91015625,11530.91015625,11425.580078125
2004-03-26 00:00:00,11770.650390625,11782.1796875,11611.5400390625
2004-03-29 00:00:00,11718.240234375,11843.33984375,11672.919921875
2004-03-30 00:00:00,11693.6796875,11869.0,11677.2001953125
2004-03-31 00:00:00,11715.3896484375,11783.830078125,11592.830078125
2004-04-01 00:00:00,11683.419921875,11813.7001953125,11648.48046875
2004-04-02 00:00:00,11815.9501953125,11843.9296875,11715.41015625
2004-04-05 00:00:00,11958.3203125,12003.919921875,11934.580078125
2004-04-06 00:00:00,12079.7001953125,12095.6396484375,11937.51953125
2004-04-07 00:00:00,12019.6201171875,12097.7001953125,12001.0
2004-04-08 00:00:00,12092.58984375,12119.3095703125,11961.5595703125
2004-04-09 00:00:00,11897.509765625,12012.6298828125,11862.33984375
2004-04-12 00:00:00,12042.7001953125,12085.0703125,11926.48046875
2004-04-13 00:00:00,12127.8203125,12170.9599609375,12096.9599609375
2004-04-14 00:00:00,12098.1796875,12134.26953125,12034.4599609375
2004-04-15 00:00:00,11800.400390625,12189.98046875,11770.400390625
2004-04-16 00:00:00,11824.5595703125,11864.41015625,11690.240234375
2004-04-19 00:00:00,11764.2099609375,11861.169921875,11623.650390625
2004-04-20 00:00:00,11952.259765625,12037.9501953125,11768.080078125
2004-04-21 00:00:00,11944.2998046875,12001.26953125,11881.419921875
2004-04-22 00:00:00,11980.099609375,12074.1396484375,11952.7802734375
2004-04-23 00:00:00,12120.66015625,12120.66015625,12015.2197265625
2004-04-26 00:00:00,12163.8896484375,12195.66015625,12095.7001953125
2004-04-27 00:00:00,12044.8798828125,12115.0498046875,12025.2099609375
2004-04-28 00:00:00,12004.2900390625,12085.3896484375,11969.330078125
2004-04-30 00:00:00,11761.7900390625,11862.349609375,11652.169921875
2004-05-06 00:00:00,11571.33984375,11785.259765625,11554.01953125
2004-05-07 00:00:00,11438.8203125,11582.0703125,11438.8203125
2004-05-10 00:00:00,10884.7001953125,11392.7900390625,10838.9296875
2004-05-11 00:00:00,10907.1796875,10970.4697265625,10790.1298828125
2004-05-12 00:00:00,11153.580078125,11157.33984375,10984.7900390625
2004-05-13 00:00:00,10825.099609375,11081.75,10825.099609375
2004-05-14 00:00:00,10849.6298828125,10939.08984375,10739.490234375
2004-05-17 00:00:00,10505.0498046875,10790.7900390625,10489.83984375
2004-05-18 00:00:00,10711.08984375,10711.08984375,10524.5
2004-05-19 00:00:00,10967.740234375,10993.080078125,10716.23046875
2004-05-20 00:00:00,10862.0400390625,11045.66015625,10760.6904296875
2004-05-21 00:00:00,11070.25,11076.4296875,10872.009765625
2004-05-24 00:00:00,11101.6396484375,11170.26953125,11043.2197265625
2004-05-25 00:00:00,10962.9296875,11071.509765625,10927.4404296875
2004-05-26 00:00:00,11152.08984375,11213.7900390625,11093.830078125
2004-05-27 00:00:00,11166.0302734375,11219.4599609375,11119.150390625
2004-05-28 00:00:00,11309.5703125,11345.400390625,11255.990234375
2004-05-31 00:00:00,11236.3701171875,11297.150390625,11100.849609375
2004-06-01 00:00:00,11296.759765625,11338.4697265625,11170.08984375
2004-06-02 00:00:00,11242.33984375,11283.2099609375,11184.73046875
2004-06-03 00:00:00,11027.0498046875,11358.509765625,10963.5595703125
2004-06-04 00:00:00,11128.0498046875,11128.0498046875,11017.25
2004-06-07 00:00:00,11439.919921875,11485.6298828125,11212.6396484375
2004-06-08 00:00:00,11521.9296875,11542.58984375,11452.990234375
2004-06-09 00:00:00,11449.740234375,11521.0595703125,11419.1298828125
2004-06-10 00:00:00,11575.9697265625,11624.7099609375,11367.400390625
2004-06-11 00:00:00,11526.8203125,11637.73046875,11486.5498046875
2004-06-14 00:00:00,11491.66015625,11622.7998046875,11475.3095703125
2004-06-15 00:00:00,11387.7001953125,11482.919921875,11349.4296875
2004-06-16 00:00:00,11641.7197265625,11673.48046875,11492.4296875
2004-06-17 00:00:00,11607.900390625,11649.330078125,11510.1796875
2004-06-18 00:00:00,11382.080078125,11555.2001953125,11310.16015625
2004-06-21 00:00:00,11600.16015625,11729.1298828125,11474.3896484375
2004-06-22 00:00:00,11581.26953125,11581.26953125,11472.080078125
2004-06-23 00:00:00,11580.5595703125,11678.83984375,11547.1298828125
2004-06-24 00:00:00,11744.150390625,11744.150390625,11649.2900390625
2004-06-25 00:00:00,11780.400390625,11780.400390625,11661.1103515625
2004-06-28 00:00:00,11884.0595703125,11884.0595703125,11774.669921875
2004-06-29 00:00:00,11860.8095703125,11885.5,11788.150390625
2004-06-30 00:00:00,11858.8701171875,11887.9501953125,11808.1298828125
2004-07-01 00:00:00,11896.009765625,11988.1201171875,11889.7001953125
2004-07-02 00:00:00,11721.490234375,11781.5400390625,11693.0
2004-07-05 00:00:00,11541.7099609375,11648.849609375,11511.490234375
2004-07-06 00:00:00,11475.26953125,11606.599609375,11475.26953125
2004-07-07 00:00:00,11384.8603515625,11429.240234375,11251.349609375
2004-07-08 00:00:00,11322.23046875,11411.3095703125,11279.5498046875
2004-07-09 00:00:00,11423.5302734375,11449.4501953125,11283.080078125
2004-07-12 00:00:00,11582.2802734375,11598.900390625,11474.080078125
2004-07-13 00:00:00,11608.6201171875,11608.6201171875,11501.2197265625
2004-07-14 00:00:00,11356.650390625,11664.0,11356.650390625
2004-07-15 00:00:00,11409.1396484375,11440.01953125,11315.9697265625
2004-07-16 00:00:00,11436.0,11475.1201171875,11243.2802734375
2004-07-20 00:00:00,11258.3701171875,11318.1396484375,11191.759765625
2004-07-21 00:00:00,11433.8603515625,11433.8603515625,11326.6796875
2004-07-22 00:00:00,11285.0400390625,11310.5703125,11227.9501953125
2004-07-23 00:00:00,11187.330078125,11264.25,11170.5400390625
2004-07-26 00:00:00,11159.5498046875,11159.5498046875,11065.7197265625
2004-07-27 00:00:00,11031.5400390625,11180.7998046875,11028.349609375
2004-07-28 00:00:00,11204.3701171875,11236.0302734375,11132.919921875
2004-07-29 00:00:00,11116.83984375,11189.2802734375,11018.7900390625
2004-07-30 00:00:00,11325.7802734375,11325.990234375,11210.3203125
2004-08-02 00:00:00,11222.240234375,11279.7099609375,11161.83984375
2004-08-03 00:00:00,11140.5703125,11258.8798828125,11102.5
2004-08-04 00:00:00,11010.01953125,11084.98046875,10888.7802734375
2004-08-05 00:00:00,11060.8896484375,11104.6904296875,10981.3203125
2004-08-06 00:00:00,10972.5703125,10974.4501953125,10894.650390625
2004-08-09 00:00:00,10908.7001953125,10916.4599609375,10737.419921875
2004-08-10 00:00:00,10953.5498046875,10972.0703125,10849.7001953125
2004-08-11 00:00:00,11049.4599609375,11076.3798828125,10997.0703125
2004-08-12 00:00:00,11028.0703125,11091.6396484375,11005.1298828125
2004-08-13 00:00:00,10757.2001953125,10903.6103515625,10757.2001953125
2004-08-16 00:00:00,10687.8095703125,10730.5302734375,10545.8896484375
2004-08-17 00:00:00,10725.9697265625,10802.6396484375,10705.740234375
2004-08-18 00:00:00,10774.259765625,10774.259765625,10659.2099609375
2004-08-19 00:00:00,10903.5302734375,10908.740234375,10830.650390625
2004-08-20 00:00:00,10889.1396484375,10938.9404296875,10837.009765625
2004-08-23 00:00:00,10960.9697265625,11007.6396484375,10947.75
2004-08-24 00:00:00,10985.330078125,11016.1201171875,10897.1103515625
2004-08-25 00:00:00,11130.01953125,11143.75,10934.4501953125
2004-08-26 00:00:00,11129.330078125,11225.9501953125,11101.6298828125
2004-08-27 00:00:00,11209.58984375,11209.58984375,11107.9404296875
2004-08-30 00:00:00,11184.5302734375,11226.2998046875,11128.7099609375
2004-08-31 00:00:00,11081.7900390625,11154.2802734375,11042.2900390625
2004-09-01 00:00:00,11127.349609375,11169.4296875,11102.41015625
2004-09-02 00:00:00,11152.75,11190.509765625,11097.8095703125
2004-09-03 00:00:00,11022.490234375,11186.8203125,11013.3603515625
2004-09-06 00:00:00,11244.3701171875,11270.3603515625,11057.3203125
2004-09-07 00:00:00,11298.9404296875,11312.0595703125,11226.7802734375
2004-09-08 00:00:00,11279.1904296875,11357.849609375,11270.5302734375
2004-09-09 00:00:00,11170.9599609375,11330.330078125,11145.7900390625
2004-09-10 00:00:00,11083.23046875,11089.9599609375,10960.0302734375
2004-09-13 00:00:00,11253.1103515625,11257.849609375,11131.0302734375
2004-09-14 00:00:00,11295.580078125,11352.419921875,11274.4296875
2004-09-15 00:00:00,11158.580078125,11285.7998046875,11158.580078125
2004-09-16 00:00:00,11139.3603515625,11177.66015625,11089.8203125
2004-09-17 00:00:00,11082.490234375,11145.490234375,11046.099609375
2004-09-21 00:00:00,11080.8701171875,11151.1103515625,11059.9501953125
2004-09-22 00:00:00,11019.41015625,11135.4599609375,10963.8203125
2004-09-24 00:00:00,10895.16015625,10934.01953125,10826.400390625
2004-09-27 00:00:00,10859.3203125,10888.0400390625,10782.5595703125
2004-09-28 00:00:00,10815.5703125,10821.83984375,10737.7802734375
2004-09-29 00:00:00,10786.099609375,10873.8896484375,10770.23046875
2004-09-30 00:00:00,10823.5703125,10928.1904296875,10823.5703125
2004-10-01 00:00:00,10985.169921875,10987.1796875,10893.1904296875
2004-10-04 00:00:00,11279.6298828125,11282.650390625,11105.0
2004-10-05 00:00:00,11281.830078125,11304.7197265625,11242.1201171875
2004-10-06 00:00:00,11385.3798828125,11408.099609375,11218.3798828125
2004-10-07 00:00:00,11354.58984375,11410.400390625,11337.1904296875
2004-10-08 00:00:00,11349.349609375,11370.33984375,11302.75
2004-10-12 00:00:00,11201.8095703125,11320.7900390625,11182.5
2004-10-13 00:00:00,11195.990234375,11306.8701171875,11195.990234375
2004-10-14 00:00:00,11034.2900390625,11150.58984375,11033.3095703125
2004-10-15 00:00:00,10982.9501953125,11015.4501953125,10913.2099609375
2004-10-18 00:00:00,10965.6201171875,11022.1103515625,10914.4697265625
2004-10-19 00:00:00,11064.8603515625,11106.8203125,11024.3798828125
2004-10-20 00:00:00,10882.1796875,10992.5,10853.8896484375
2004-10-21 00:00:00,10789.23046875,10901.33984375,10753.0703125
2004-10-22 00:00:00,10857.1298828125,10892.26953125,10811.150390625
2004-10-25 00:00:00,10659.150390625,10718.9296875,10575.23046875
2004-10-26 00:00:00,10672.4599609375,10683.9404296875,10626.599609375
2004-10-27 00:00:00,10691.9501953125,10777.4296875,10657.150390625
2004-10-28 00:00:00,10853.1201171875,10895.08984375,10798.1298828125
2004-10-29 00:00:00,10771.419921875,10805.1201171875,10719.099609375
2004-11-01 00:00:00,10734.7099609375,10735.1904296875,10690.9501953125
2004-11-02 00:00:00,10887.8095703125,10895.7001953125,10775.0
2004-11-04 00:00:00,10946.26953125,11005.2001953125,10946.26953125
2004-11-05 00:00:00,11061.76953125,11089.599609375,11023.16015625
2004-11-08 00:00:00,10983.830078125,11096.4501953125,10974.330078125
2004-11-09 00:00:00,10964.8701171875,11040.4404296875,10945.099609375
2004-11-10 00:00:00,10994.9599609375,11030.2197265625,10965.91015625
2004-11-11 00:00:00,10846.919921875,11048.2900390625,10845.0703125
2004-11-12 00:00:00,11019.98046875,11026.9296875,10841.4296875
2004-11-15 00:00:00,11227.5703125,11231.1396484375,11073.76953125
2004-11-16 00:00:00,11161.75,11268.8095703125,11143.5595703125
2004-11-17 00:00:00,11131.2900390625,11192.330078125,11127.2001953125
2004-11-18 00:00:00,11082.419921875,11235.3203125,11062.73046875
2004-11-19 00:00:00,11082.83984375,11158.4501953125,11077.08984375
2004-11-22 00:00:00,10849.3896484375,10956.41015625,10769.51953125
2004-11-24 00:00:00,10872.330078125,10915.2001953125,10828.1103515625
2004-11-25 00:00:00,10900.33984375,10900.33984375,10818.240234375
2004-11-26 00:00:00,10833.75,10927.4404296875,10816.3798828125
2004-11-29 00:00:00,10977.8896484375,11013.2998046875,10844.3095703125
2004-11-30 00:00:00,10899.25,10923.5595703125,10841.26953125
2004-12-01 00:00:00,10784.25,10800.330078125,10721.58984375
2004-12-02 00:00:00,10973.0703125,10995.3798828125,10912.8701171875
2004-12-03 00:00:00,11074.8896484375,11107.099609375,11059.5595703125
2004-12-06 00:00:00,10981.9599609375,11026.8603515625,10959.490234375
2004-12-07 00:00:00,10873.6298828125,11001.6796875,10863.8095703125
2004-12-08 00:00:00,10941.3701171875,10948.9697265625,10808.4404296875
2004-12-09 00:00:00,10776.6298828125,10930.8701171875,10742.73046875
2004-12-10 00:00:00,10756.7998046875,10828.669921875,10730.3798828125
2004-12-13 00:00:00,10789.25,10854.759765625,10785.58984375
2004-12-14 00:00:00,10915.580078125,10941.7001953125,10821.3603515625
2004-12-15 00:00:00,10956.4599609375,10999.919921875,10921.650390625
2004-12-16 00:00:00,10924.3701171875,10980.2099609375,10871.6904296875
2004-12-17 00:00:00,11078.3203125,11130.8203125,10921.8095703125
2004-12-20 00:00:00,11103.419921875,11129.1298828125,11036.7998046875
2004-12-21 00:00:00,11125.919921875,11186.7099609375,11125.2197265625
2004-12-22 00:00:00,11209.4404296875,11240.1796875,11193.669921875
2004-12-24 00:00:00,11365.48046875,11369.98046875,11302.4599609375
2004-12-27 00:00:00,11362.349609375,11383.099609375,11325.4599609375
2004-12-28 00:00:00,11424.1298828125,11424.1298828125,11314.400390625
2004-12-29 00:00:00,11381.5595703125,11500.9501953125,11381.5595703125
2004-12-30 00:00:00,11488.759765625,11489.2802734375,11454.9404296875
2005-01-04 00:00:00,11517.75,11547.01953125,11431.5703125
2005-01-05 00:00:00,11437.51953125,11461.099609375,11416.9697265625
2005-01-06 00:00:00,11492.259765625,11492.259765625,11372.2099609375
2005-01-07 00:00:00,11433.240234375,11528.6904296875,11432.1904296875
2005-01-11 00:00:00,11539.990234375,11580.6904296875,11495.4599609375
2005-01-12 00:00:00,11453.3896484375,11548.8896484375,11449.490234375
2005-01-13 00:00:00,11358.2197265625,11424.6796875,11355.0498046875
2005-01-14 00:00:00,11438.3896484375,11491.1796875,11320.490234375
2005-01-17 00:00:00,11487.099609375,11535.8603515625,11453.8603515625
2005-01-18 00:00:00,11423.259765625,11509.400390625,11401.3203125
2005-01-19 00:00:00,11405.33984375,11486.9296875,11396.4296875
2005-01-20 00:00:00,11284.76953125,11335.1201171875,11259.26953125
2005-01-21 00:00:00,11238.3701171875,11290.1396484375,11222.240234375
2005-01-24 00:00:00,11289.490234375,11303.2099609375,11212.6298828125
2005-01-25 00:00:00,11276.91015625,11276.91015625,11214.599609375
2005-01-26 00:00:00,11376.5703125,11379.5703125,11329.419921875
2005-01-27 00:00:00,11341.3095703125,11390.08984375,11316.2998046875
2005-01-28 00:00:00,11320.580078125,11340.2802734375,11218.8798828125
2005-01-31 00:00:00,11387.58984375,11467.5,11266.08984375
2005-02-01 00:00:00,11384.400390625,11422.01953125,11330.0595703125
2005-02-02 00:00:00,11407.1396484375,11447.2802734375,11399.6201171875
2005-02-03 00:00:00,11389.349609375,11444.1796875,11344.41015625
2005-02-04 00:00:00,11360.400390625,11383.0498046875,11271.0400390625
2005-02-07 00:00:00,11499.8603515625,11531.25,11381.7802734375
2005-02-08 00:00:00,11490.4296875,11519.0302734375,11464.33984375
2005-02-09 00:00:00,11473.349609375,11538.1298828125,11457.9599609375
2005-02-10 00:00:00,11553.5595703125,11553.73046875,11414.990234375
2005-02-14 00:00:00,11632.2001953125,11677.5703125,11626.419921875
2005-02-15 00:00:00,11646.490234375,11676.259765625,11635.5703125
2005-02-16 00:00:00,11601.6796875,11684.91015625,11585.4599609375
2005-02-17 00:00:00,11582.7197265625,11638.1796875,11574.0595703125
2005-02-18 00:00:00,11660.1201171875,11660.1201171875,11562.9296875
2005-02-21 00:00:00,11651.01953125,11690.490234375,11651.01953125
2005-02-22 00:00:00,11597.7099609375,11651.509765625,11592.0400390625
2005-02-23 00:00:00,11500.1796875,11510.759765625,11452.419921875
2005-02-24 00:00:00,11531.150390625,11557.8603515625,11507.2001953125
2005-02-25 00:00:00,11658.25,11677.2001953125,11585.4599609375
2005-02-28 00:00:00,11740.599609375,11754.900390625,11704.3203125
2005-03-01 00:00:00,11780.5302734375,11780.5302734375,11719.76953125
2005-03-02 00:00:00,11813.7099609375,11831.6904296875,11780.6103515625
2005-03-03 00:00:00,11856.4599609375,11856.4599609375,11790.91015625
2005-03-04 00:00:00,11873.0498046875,11881.98046875,11769.669921875
2005-03-07 00:00:00,11925.3603515625,11975.4599609375,11917.76953125
2005-03-08 00:00:00,11886.91015625,11936.83984375,11878.8896484375
2005-03-09 00:00:00,11966.6904296875,11966.6904296875,11882.25
2005-03-10 00:00:00,11864.91015625,11959.1796875,11863.5400390625
2005-03-11 00:00:00,11923.8896484375,11964.2099609375,11838.01953125
2005-03-14 00:00:00,11850.25,11955.2900390625,11850.25
2005-03-15 00:00:00,11821.08984375,11912.8095703125,11785.16015625
2005-03-16 00:00:00,11873.1796875,11873.1796875,11793.0302734375
2005-03-17 00:00:00,11775.5,11808.0400390625,11754.98046875
2005-03-18 00:00:00,11879.8095703125,11922.5400390625,11790.9599609375
2005-03-22 00:00:00,11841.9697265625,11889.1298828125,11830.9599609375
2005-03-23 00:00:00,11739.1201171875,11823.9697265625,11681.16015625
2005-03-24 00:00:00,11745.9697265625,11819.3701171875,11706.26953125
2005-03-25 00:00:00,11761.099609375,11802.7001953125,11732.7998046875
2005-03-28 00:00:00,11792.2998046875,11816.7197265625,11709.7900390625
2005-03-29 00:00:00,11599.8203125,11809.66015625,11563.1201171875
2005-03-30 00:00:00,11565.8798828125,11608.4501953125,11506.849609375
2005-03-31 00:00:00,11668.9501953125,11668.9501953125,11590.7197265625
2005-04-01 00:00:00,11723.6298828125,11723.6298828125,11557.1298828125
2005-04-04 00:00:00,11667.5400390625,11701.1904296875,11652.66015625
2005-04-05 00:00:00,11774.3095703125,11786.650390625,11695.9697265625
2005-04-06 00:00:00,11827.16015625,11841.25,11760.7099609375
2005-04-07 00:00:00,11810.990234375,11848.490234375,11757.8701171875
2005-04-08 00:00:00,11874.75,11911.900390625,11839.66015625
2005-04-11 00:00:00,11745.6396484375,11847.919921875,11744.8603515625
2005-04-12 00:00:00,11670.2998046875,11764.009765625,11657.66015625
2005-04-13 00:00:00,11637.51953125,11718.7802734375,11602.9404296875
2005-04-14 00:00:00,11563.169921875,11580.5498046875,11474.8203125
2005-04-15 00:00:00,11370.6904296875,11463.150390625,11343.73046875
2005-04-18 00:00:00,10938.4404296875,11223.650390625,10920.66015625
2005-04-19 00:00:00,11065.8603515625,11082.83984375,10966.4599609375
2005-04-20 00:00:00,11088.580078125,11199.3798828125,11052.3798828125
2005-04-21 00:00:00,10984.3896484375,11001.3095703125,10770.580078125
2005-04-22 00:00:00,11045.9501953125,11134.990234375,11045.9501953125
2005-04-25 00:00:00,11073.76953125,11114.4501953125,11020.58984375
2005-04-26 00:00:00,11035.830078125,11085.75,11019.9404296875
2005-04-27 00:00:00,11005.419921875,11022.4404296875,10968.580078125
2005-04-28 00:00:00,11008.900390625,11008.900390625,10892.7099609375
2005-05-02 00:00:00,11002.1103515625,11035.9501953125,10913.9697265625
2005-05-06 00:00:00,11192.169921875,11192.169921875,11109.330078125
2005-05-09 00:00:00,11171.3203125,11199.099609375,11119.48046875
2005-05-10 00:00:00,11159.4599609375,11211.3603515625,11125.0
2005-05-11 00:00:00,11120.7001953125,11120.7001953125,11038.259765625
2005-05-12 00:00:00,11077.9404296875,11135.5,11069.6904296875
2005-05-13 00:00:00,11049.1103515625,11103.080078125,11017.7900390625
2005-05-16 00:00:00,10947.2197265625,11048.849609375,10935.5302734375
2005-05-17 00:00:00,10825.3896484375,11066.759765625,10788.58984375
2005-05-18 00:00:00,10835.41015625,10891.6904296875,10821.41015625
2005-05-19 00:00:00,11077.16015625,11102.4296875,10953.080078125
2005-05-20 00:00:00,11037.2900390625,11110.4501953125,11034.8203125
2005-05-23 00:00:00,11158.650390625,11163.5400390625,11056.8603515625
2005-05-24 00:00:00,11133.650390625,11199.23046875,11101.9296875
2005-05-25 00:00:00,11014.4296875,11127.900390625,10988.3701171875
2005-05-26 00:00:00,11027.9404296875,11047.3701171875,10978.849609375
2005-05-27 00:00:00,11192.330078125,11192.330078125,11089.23046875
2005-05-30 00:00:00,11266.330078125,11302.51953125,11197.7900390625
2005-05-31 00:00:00,11276.58984375,11297.330078125,11221.4599609375
2005-06-01 00:00:00,11329.669921875,11329.669921875,11220.5498046875
2005-06-02 00:00:00,11280.0498046875,11374.6904296875,11280.0498046875
2005-06-03 00:00:00,11300.0498046875,11317.9404296875,11233.650390625
2005-06-06 00:00:00,11270.6201171875,11270.6201171875,11184.599609375
2005-06-07 00:00:00,11217.4501953125,11258.2802734375,11179.1298828125
2005-06-08 00:00:00,11281.0302734375,11322.4296875,11229.8603515625
2005-06-09 00:00:00,11160.8798828125,11294.4296875,11148.3603515625
2005-06-10 00:00:00,11304.23046875,11331.3701171875,11173.9296875
2005-06-13 00:00:00,11311.509765625,11371.8203125,11299.7802734375
2005-06-14 00:00:00,11335.919921875,11363.48046875,11326.509765625
2005-06-15 00:00:00,11415.8798828125,11429.9296875,11355.849609375
2005-06-16 00:00:00,11416.3798828125,11462.51953125,11386.009765625
2005-06-17 00:00:00,11514.0302734375,11514.0302734375,11463.3603515625
2005-06-20 00:00:00,11483.349609375,11539.1796875,11455.23046875
2005-06-21 00:00:00,11488.740234375,11511.23046875,11464.25
2005-06-22 00:00:00,11547.2802734375,11560.599609375,11445.4296875
2005-06-23 00:00:00,11576.75,11576.75,11530.7802734375
2005-06-24 00:00:00,11537.0302734375,11537.0302734375,11472.6103515625
2005-06-27 00:00:00,11414.2802734375,11445.6396484375,11378.990234375
2005-06-28 00:00:00,11513.830078125,11519.48046875,11413.83984375
2005-06-29 00:00:00,11577.4404296875,11594.5703125,11547.1298828125
2005-06-30 00:00:00,11584.009765625,11589.6298828125,11542.4501953125
2005-07-01 00:00:00,11630.1298828125,11663.66015625,11540.9296875
2005-07-04 00:00:00,11651.5498046875,11664.2197265625,11629.16015625
2005-07-05 00:00:00,11616.7001953125,11658.259765625,11606.759765625
2005-07-06 00:00:00,11603.5302734375,11676.2001953125,11603.5302734375
2005-07-07 00:00:00,11590.1396484375,11602.8095703125,11567.509765625
2005-07-08 00:00:00,11565.990234375,11653.259765625,11563.83984375
2005-07-11 00:00:00,11674.7900390625,11713.1201171875,11668.76953125
2005-07-12 00:00:00,11692.1396484375,11738.2998046875,11672.9404296875
2005-07-13 00:00:00,11659.83984375,11707.9599609375,11659.650390625
2005-07-14 00:00:00,11764.259765625,11784.509765625,11715.4599609375
2005-07-15 00:00:00,11758.6796875,11828.3095703125,11758.6796875
2005-07-19 00:00:00,11764.83984375,11770.5595703125,11731.990234375
2005-07-20 00:00:00,11789.349609375,11816.990234375,11761.2099609375
2005-07-21 00:00:00,11786.73046875,11867.23046875,11786.73046875
2005-07-22 00:00:00,11695.0498046875,11753.009765625,11650.3701171875
2005-07-25 00:00:00,11762.650390625,11782.2099609375,11718.66015625
2005-07-26 00:00:00,11737.9599609375,11772.6796875,11719.01953125
2005-07-27 00:00:00,11835.080078125,11848.66015625,11770.5703125
2005-07-28 00:00:00,11858.3095703125,11889.8603515625,11853.6201171875
2005-07-29 00:00:00,11899.599609375,11913.5,11826.8603515625
2005-08-01 00:00:00,11946.919921875,11972.83984375,11906.0400390625
2005-08-02 00:00:00,11940.2001953125,11982.2001953125,11920.8798828125
2005-08-03 00:00:00,11981.7998046875,12009.5595703125,11950.3095703125
2005-08-04 00:00:00,11883.3095703125,11945.1396484375,11823.2001953125
2005-08-05 00:00:00,11766.48046875,11863.3896484375,11724.6103515625
2005-08-08 00:00:00,11778.98046875,11794.83984375,11614.7099609375
2005-08-09 00:00:00,11900.3203125,11958.0703125,11797.330078125
2005-08-10 00:00:00,12098.080078125,12138.7099609375,11991.6904296875
2005-08-11 00:00:00,12263.3203125,12284.759765625,12167.48046875
2005-08-12 00:00:00,12261.6796875,12324.4296875,12228.1298828125
2005-08-15 00:00:00,12256.5498046875,12308.6103515625,12236.6103515625
2005-08-16 00:00:00,12315.669921875,12336.849609375,12277.41015625
2005-08-17 00:00:00,12273.1201171875,12369.740234375,12270.849609375
2005-08-18 00:00:00,12307.3701171875,12369.5302734375,12292.8203125
2005-08-19 00:00:00,12291.73046875,12291.73046875,12219.51953125
2005-08-22 00:00:00,12452.509765625,12478.8203125,12330.7001953125
2005-08-23 00:00:00,12472.9296875,12612.16015625,12472.9296875
2005-08-24 00:00:00,12502.259765625,12515.66015625,12416.509765625
2005-08-25 00:00:00,12405.16015625,12466.83984375,12401.33984375
2005-08-26 00:00:00,12439.48046875,12482.6298828125,12385.0302734375
2005-08-29 00:00:00,12309.830078125,12386.759765625,12274.8095703125
2005-08-30 00:00:00,12453.1396484375,12457.0400390625,12396.099609375
2005-08-31 00:00:00,12413.599609375,12443.9404296875,12393.6796875
2005-09-01 00:00:00,12506.9697265625,12573.009765625,12501.4296875
2005-09-02 00:00:00,12600.0,12600.0,12544.3701171875
2005-09-05 00:00:00,12634.8798828125,12655.150390625,12580.3701171875
2005-09-06 00:00:00,12599.4296875,12730.2099609375,12581.2802734375
2005-09-07 00:00:00,12607.58984375,12682.849609375,12574.900390625
2005-09-08 00:00:00,12533.8896484375,12601.01953125,12498.400390625
2005-09-09 00:00:00,12692.0400390625,12692.0400390625,12556.4296875
2005-09-12 00:00:00,12896.4296875,12926.5703125,12813.9697265625
2005-09-13 00:00:00,12901.9501953125,12940.6796875,12847.1904296875
2005-09-14 00:00:00,12834.25,12871.5400390625,12830.8798828125
2005-09-15 00:00:00,12986.7802734375,12986.7802734375,12806.7099609375
2005-09-16 00:00:00,12958.6796875,12992.990234375,12888.740234375
2005-09-20 00:00:00,13148.5703125,13159.3896484375,12991.6298828125
2005-09-21 00:00:00,13196.5703125,13235.419921875,13108.650390625
2005-09-22 00:00:00,13159.3603515625,13170.3603515625,13090.2802734375
2005-09-26 00:00:00,13392.6298828125,13392.6298828125,13229.26953125
2005-09-27 00:00:00,13310.0400390625,13373.0,13282.2998046875
2005-09-28 00:00:00,13435.91015625,13487.849609375,13306.51953125
2005-09-29 00:00:00,13617.240234375,13617.240234375,13440.900390625
2005-09-30 00:00:00,13574.2998046875,13678.4404296875,13539.150390625
2005-10-03 00:00:00,13525.2802734375,13584.6103515625,13454.669921875
2005-10-04 00:00:00,13738.83984375,13738.83984375,13593.009765625
2005-10-05 00:00:00,13689.8896484375,13783.599609375,13655.9404296875
2005-10-06 00:00:00,13359.509765625,13554.5595703125,13285.830078125
2005-10-07 00:00:00,13227.740234375,13332.1201171875,13221.330078125
2005-10-11 00:00:00,13556.7099609375,13556.7099609375,13241.83984375
2005-10-12 00:00:00,13463.740234375,13704.08984375,13463.740234375
2005-10-13 00:00:00,13449.240234375,13475.8603515625,13266.98046875
2005-10-14 00:00:00,13420.5400390625,13581.3203125,13361.9599609375
2005-10-17 00:00:00,13400.2900390625,13510.6298828125,13341.6396484375
2005-10-18 00:00:00,13352.240234375,13441.7802734375,13321.9697265625
2005-10-19 00:00:00,13129.490234375,13304.98046875,13073.4599609375
2005-10-20 00:00:00,13190.4599609375,13264.400390625,13175.9296875
2005-10-21 00:00:00,13199.9501953125,13243.080078125,12996.2900390625
2005-10-24 00:00:00,13106.1796875,13244.240234375,13083.0400390625
2005-10-25 00:00:00,13280.6201171875,13336.6396484375,13219.0498046875
2005-10-26 00:00:00,13395.01953125,13406.1904296875,13285.599609375
2005-10-27 00:00:00,13417.080078125,13501.240234375,13387.66015625
2005-10-28 00:00:00,13346.5400390625,13373.4296875,13272.83984375
2005-10-31 00:00:00,13606.5,13606.5,13456.0703125
2005-11-01 00:00:00,13867.8603515625,13867.8603515625,13706.330078125
2005-11-02 00:00:00,13894.7802734375,13927.509765625,13807.8095703125
2005-11-04 00:00:00,14075.9599609375,14099.490234375,13978.9599609375
2005-11-07 00:00:00,14061.599609375,14097.58984375,13982.75
2005-11-08 00:00:00,14036.73046875,14071.740234375,13982.849609375
2005-11-09 00:00:00,14072.2001953125,14136.16015625,13951.400390625
2005-11-10 00:00:00,14080.8798828125,14121.7099609375,13981.990234375
2005-11-11 00:00:00,14155.0595703125,14206.1396484375,14133.8896484375
2005-11-14 00:00:00,14116.0400390625,14218.7197265625,14105.4501953125
2005-11-15 00:00:00,14091.76953125,14142.26953125,14043.4501953125
2005-11-16 00:00:00,14170.8701171875,14170.8701171875,14015.6201171875
2005-11-17 00:00:00,14411.7900390625,14448.75,14169.4697265625
2005-11-18 00:00:00,14623.1201171875,14633.349609375,14542.7802734375
2005-11-21 00:00:00,14680.4296875,14808.2099609375,14590.5595703125
2005-11-22 00:00:00,14708.3203125,14763.259765625,14650.0595703125
2005-11-24 00:00:00,14742.580078125,14866.990234375,14721.599609375
2005-11-25 00:00:00,14784.2900390625,14784.2900390625,14613.1796875
2005-11-28 00:00:00,14986.9404296875,14986.9404296875,14821.75
2005-11-29 00:00:00,14927.7001953125,14995.080078125,14868.0302734375
2005-11-30 00:00:00,14872.150390625,15013.240234375,14872.150390625
2005-12-01 00:00:00,15130.5,15130.5,14880.1796875
2005-12-02 00:00:00,15421.599609375,15421.599609375,15245.3603515625
2005-12-05 00:00:00,15551.3095703125,15563.3896484375,15379.6396484375
2005-12-06 00:00:00,15423.3798828125,15572.7197265625,15423.3798828125
2005-12-07 00:00:00,15484.66015625,15558.3203125,15467.75
2005-12-08 00:00:00,15183.3603515625,15523.150390625,15183.3603515625
2005-12-09 00:00:00,15404.0498046875,15447.1298828125,15117.150390625
2005-12-12 00:00:00,15738.7001953125,15764.990234375,15548.4599609375
2005-12-13 00:00:00,15778.8603515625,15782.2998046875,15666.08984375
2005-12-14 00:00:00,15464.580078125,15885.51953125,15447.150390625
2005-12-15 00:00:00,15254.4404296875,15469.349609375,15254.4404296875
2005-12-16 00:00:00,15173.0703125,15365.48046875,15095.5595703125
2005-12-19 00:00:00,15391.48046875,15391.48046875,15196.0
2005-12-20 00:00:00,15641.259765625,15647.6904296875,15365.3896484375
2005-12-21 00:00:00,15957.5703125,16010.169921875,15711.91015625
2005-12-22 00:00:00,15941.3701171875,15991.2998046875,15759.73046875
2005-12-26 00:00:00,16107.669921875,16108.9404296875,16026.1796875
2005-12-27 00:00:00,15969.400390625,16079.1796875,15962.73046875
2005-12-28 00:00:00,16194.6103515625,16194.6103515625,15911.23046875
2005-12-29 00:00:00,16344.2001953125,16445.560546875,16246.669921875
2005-12-30 00:00:00,16111.4296875,16413.1796875,16111.4296875
2006-01-04 00:00:00,16361.5400390625,16361.5400390625,16250.759765625
2006-01-05 00:00:00,16425.369140625,16474.51953125,16368.509765625
2006-01-06 00:00:00,16428.2109375,16479.55078125,16320.4296875
2006-01-10 00:00:00,16124.349609375,16487.05078125,16124.349609375
2006-01-11 00:00:00,16363.58984375,16363.58984375,16005.240234375
2006-01-12 00:00:00,16445.189453125,16472.990234375,16310.4501953125
2006-01-13 00:00:00,16454.94921875,16490.26953125,16383.23046875
2006-01-16 00:00:00,16268.0302734375,16387.630859375,16221.58984375
2006-01-17 00:00:00,15805.9501953125,16324.169921875,15805.9501953125
2006-01-18 00:00:00,15341.1796875,15725.6396484375,15059.51953125
2006-01-19 00:00:00,15696.2802734375,15740.8203125,15396.599609375
2006-01-20 00:00:00,15696.6904296875,15875.3896484375,15597.76953125
2006-01-23 00:00:00,15360.650390625,15564.900390625,15312.7099609375
2006-01-24 00:00:00,15648.8896484375,15685.1396484375,15470.3896484375
2006-01-25 00:00:00,15651.0,15849.51953125,15651.0
2006-01-26 00:00:00,15891.01953125,15891.01953125,15764.8896484375
2006-01-27 00:00:00,16460.6796875,16460.6796875,16079.919921875
2006-01-30 00:00:00,16551.23046875,16754.599609375,16538.720703125
2006-01-31 00:00:00,16649.8203125,16718.7890625,16561.310546875
2006-02-01 00:00:00,16480.08984375,16671.91015625,16480.08984375
2006-02-02 00:00:00,16710.55078125,16736.1796875,16611.529296875
2006-02-03 00:00:00,16659.640625,16665.099609375,16567.869140625
2006-02-06 00:00:00,16747.759765625,16777.369140625,16578.189453125
2006-02-07 00:00:00,16720.990234375,16769.369140625,16681.0390625
2006-02-08 00:00:00,16272.6796875,16682.91015625,16272.6796875
2006-02-09 00:00:00,16439.669921875,16540.490234375,16351.4296875
2006-02-10 00:00:00,16257.830078125,16525.5,16090.9296875
2006-02-13 00:00:00,15877.66015625,16191.9296875,15877.66015625
2006-02-14 00:00:00,16184.8701171875,16184.8701171875,15691.8603515625
2006-02-15 00:00:00,15932.830078125,16312.740234375,15932.830078125
2006-02-16 00:00:00,16043.669921875,16109.2001953125,15842.0
2006-02-17 00:00:00,15713.4501953125,16129.9404296875,15702.669921875
2006-02-20 00:00:00,15437.9296875,15661.849609375,15389.580078125
2006-02-21 00:00:00,15894.9404296875,15894.9404296875,15573.7099609375
2006-02-22 00:00:00,15781.7802734375,15923.0,15679.91015625
2006-02-23 00:00:00,16096.099609375,16096.099609375,15892.509765625
2006-02-24 00:00:00,16101.91015625,16118.1103515625,15947.0400390625
2006-02-27 00:00:00,16192.9501953125,16290.150390625,16123.2900390625
2006-02-28 00:00:00,16205.4296875,16229.6796875,15953.3203125
2006-03-01 00:00:00,15964.4599609375,16053.2998046875,15910.650390625
2006-03-02 00:00:00,15909.759765625,16106.259765625,15879.7099609375
2006-03-03 00:00:00,15663.33984375,15897.2900390625,15658.6396484375
2006-03-06 00:00:00,15901.16015625,15901.16015625,15609.7998046875
2006-03-07 00:00:00,15726.01953125,15864.5703125,15678.1201171875
2006-03-08 00:00:00,15627.490234375,15720.650390625,15553.1396484375
2006-03-09 00:00:00,16036.91015625,16049.6103515625,15645.2998046875
2006-03-10 00:00:00,16115.6298828125,16264.8896484375,15982.01953125
2006-03-13 00:00:00,16361.509765625,16379.4697265625,16242.16015625
2006-03-14 00:00:00,16238.3603515625,16410.2890625,16238.3603515625
2006-03-15 00:00:00,16319.0400390625,16367.759765625,16291.76953125
2006-03-16 00:00:00,16096.2099609375,16356.490234375,16032.5498046875
2006-03-17 00:00:00,16339.73046875,16339.73046875,16106.3798828125
2006-03-20 00:00:00,16624.80078125,16667.130859375,16299.349609375
2006-03-22 00:00:00,16495.48046875,16583.25,16477.259765625
2006-03-23 00:00:00,16489.369140625,16661.140625,16464.470703125
2006-03-24 00:00:00,16560.869140625,16612.51953125,16462.470703125
2006-03-27 00:00:00,16650.099609375,16711.16015625,16599.919921875
2006-03-28 00:00:00,16690.240234375,16690.240234375,16463.94921875
2006-03-29 00:00:00,16938.41015625,16976.2890625,16613.720703125
2006-03-30 00:00:00,17045.33984375,17125.640625,16974.470703125
2006-03-31 00:00:00,17059.66015625,17094.609375,16995.76953125
2006-04-03 00:00:00,17333.310546875,17387.080078125,17105.5
2006-04-04 00:00:00,17292.91015625,17410.30078125,17266.390625
2006-04-05 00:00:00,17243.98046875,17464.5390625,17187.349609375
2006-04-06 00:00:00,17489.330078125,17489.330078125,17347.009765625
2006-04-07 00:00:00,17563.369140625,17563.369140625,17418.939453125
2006-04-10 00:00:00,17456.580078125,17489.609375,17385.25
2006-04-11 00:00:00,17418.130859375,17489.16015625,17295.419921875
2006-04-12 00:00:00,17162.55078125,17325.2109375,17162.0
2006-04-13 00:00:00,17199.150390625,17303.26953125,17068.9609375
2006-04-14 00:00:00,17233.8203125,17319.330078125,17149.080078125
2006-04-17 00:00:00,17000.359375,17233.73046875,17000.359375
2006-04-18 00:00:00,17232.859375,17268.05078125,16945.30078125
2006-04-19 00:00:00,17350.119140625,17459.240234375,17350.119140625
2006-04-20 00:00:00,17317.529296875,17412.58984375,17283.970703125
2006-04-21 00:00:00,17403.9609375,17479.73046875,17258.490234375
2006-04-24 00:00:00,16914.400390625,17245.619140625,16892.150390625
2006-04-25 00:00:00,16970.2890625,17000.19921875,16787.439453125
2006-04-26 00:00:00,17055.9296875,17107.9296875,16944.5390625
2006-04-27 00:00:00,17114.5390625,17176.060546875,17094.720703125
2006-04-28 00:00:00,16906.23046875,17043.669921875,16750.5
2006-05-01 00:00:00,16925.7109375,16965.330078125,16868.689453125
2006-05-02 00:00:00,17153.76953125,17188.5390625,16900.330078125
2006-05-08 00:00:00,17291.669921875,17375.25,17248.58984375
2006-05-09 00:00:00,17190.91015625,17294.5,17178.94921875
2006-05-10 00:00:00,16951.9296875,17253.109375,16883.390625
2006-05-11 00:00:00,16862.140625,17087.0,16840.849609375
2006-05-12 00:00:00,16601.779296875,16655.98046875,16422.490234375
2006-05-15 00:00:00,16486.91015625,16486.91015625,16317.2001953125
2006-05-16 00:00:00,16158.419921875,16596.48046875,16116.73046875
2006-05-17 00:00:00,16307.669921875,16319.2998046875,16033.66015625
2006-05-18 00:00:00,16087.1796875,16139.1396484375,15914.3896484375
2006-05-19 00:00:00,16155.4501953125,16166.33984375,15925.6904296875
2006-05-22 00:00:00,15857.8701171875,16268.509765625,15837.259765625
2006-05-23 00:00:00,15599.2001953125,15776.2001953125,15582.8603515625
2006-05-24 00:00:00,15907.2001953125,15907.2001953125,15508.509765625
2006-05-25 00:00:00,15693.75,15849.23046875,15644.6201171875
2006-05-26 00:00:00,15970.759765625,15970.759765625,15819.3203125
2006-05-29 00:00:00,15915.6796875,16111.5400390625,15885.0703125
2006-05-30 00:00:00,15859.4501953125,15937.91015625,15814.830078125
2006-05-31 00:00:00,15467.330078125,15660.8701171875,15442.5302734375
2006-06-01 00:00:00,15503.740234375,15655.0,15417.509765625
2006-06-02 00:00:00,15789.3095703125,15789.3095703125,15266.9697265625
2006-06-05 00:00:00,15668.3095703125,15784.9501953125,15622.75
2006-06-06 00:00:00,15384.8603515625,15507.7802734375,15340.9296875
2006-06-07 00:00:00,15096.009765625,15433.2900390625,15095.150390625
2006-06-08 00:00:00,14633.0302734375,14990.0400390625,14496.9599609375
2006-06-09 00:00:00,14750.83984375,14825.48046875,14389.3095703125
2006-06-12 00:00:00,14833.009765625,14845.0400390625,14580.8701171875
2006-06-13 00:00:00,14218.599609375,14658.23046875,14218.599609375
2006-06-14 00:00:00,14309.5595703125,14458.8203125,14045.5302734375
2006-06-15 00:00:00,14470.759765625,14593.849609375,14417.7001953125
2006-06-16 00:00:00,14879.33984375,14976.669921875,14679.349609375
2006-06-19 00:00:00,14860.349609375,14918.599609375,14772.1396484375
2006-06-20 00:00:00,14648.41015625,14845.7099609375,14621.8701171875
2006-06-21 00:00:00,14644.259765625,14713.4296875,14482.9599609375
2006-06-22 00:00:00,15135.6904296875,15138.4697265625,14812.169921875
2006-06-23 00:00:00,15124.0400390625,15126.51953125,14865.5703125
2006-06-26 00:00:00,15152.400390625,15216.7802734375,14987.76953125
2006-06-27 00:00:00,15171.8095703125,15207.3798828125,15095.1103515625
2006-06-28 00:00:00,14886.1103515625,14998.009765625,14824.7998046875
2006-06-29 00:00:00,15121.150390625,15137.580078125,14975.7802734375
2006-06-30 00:00:00,15505.1796875,15521.2197265625,15333.099609375
2006-07-03 00:00:00,15571.6201171875,15617.2197265625,15513.2900390625
2006-07-04 00:00:00,15638.5,15710.3896484375,15617.8095703125
2006-07-05 00:00:00,15523.9404296875,15584.6201171875,15479.9296875
2006-07-06 00:00:00,15321.400390625,15460.830078125,15278.1796875
2006-07-07 00:00:00,15307.6103515625,15437.0400390625,15276.150390625
2006-07-10 00:00:00,15552.8095703125,15555.4296875,15079.740234375
2006-07-11 00:00:00,15473.8203125,15498.2001953125,15333.58984375
2006-07-12 00:00:00,15249.3203125,15463.7197265625,15169.150390625
2006-07-13 00:00:00,15097.9501953125,15370.349609375,15053.6103515625
2006-07-14 00:00:00,14845.240234375,14997.4501953125,14815.900390625
2006-07-18 00:00:00,14437.240234375,14747.2001953125,14437.240234375
2006-07-19 00:00:00,14500.259765625,14625.6396484375,14456.4296875
2006-07-20 00:00:00,14946.83984375,14962.1298828125,14705.4296875
2006-07-21 00:00:00,14821.259765625,14867.8095703125,14784.240234375
2006-07-24 00:00:00,14794.5,14851.91015625,14560.669921875
2006-07-25 00:00:00,15005.240234375,15078.3603515625,14948.3603515625
2006-07-26 00:00:00,14884.0703125,15108.1396484375,14882.669921875
2006-07-27 00:00:00,15179.7802734375,15220.330078125,14839.490234375
2006-07-28 00:00:00,15342.8701171875,15351.7900390625,15150.5302734375
2006-07-31 00:00:00,15456.8095703125,15536.3203125,15433.2001953125
2006-08-01 00:00:00,15440.91015625,15522.0302734375,15365.7099609375
2006-08-02 00:00:00,15464.2900390625,15466.0703125,15287.8095703125
2006-08-03 00:00:00,15470.3701171875,15580.91015625,15441.669921875
2006-08-04 00:00:00,15499.1796875,15555.900390625,15435.330078125
2006-08-07 00:00:00,15154.0595703125,15516.240234375,15154.0595703125
2006-08-08 00:00:00,15464.66015625,15476.9404296875,15189.099609375
2006-08-09 00:00:00,15656.58984375,15659.41015625,15240.2998046875
2006-08-10 00:00:00,15630.91015625,15690.8603515625,15536.150390625
2006-08-11 00:00:00,15565.01953125,15681.400390625,15555.599609375
2006-08-14 00:00:00,15857.1103515625,15873.2099609375,15549.669921875
2006-08-15 00:00:00,15816.1904296875,15913.33984375,15807.7197265625
2006-08-16 00:00:00,16071.3603515625,16085.0703125,15962.98046875
2006-08-17 00:00:00,16020.83984375,16204.599609375,16008.4404296875
2006-08-18 00:00:00,16105.98046875,16169.83984375,16022.1201171875
2006-08-21 00:00:00,15969.0400390625,16145.5,15936.6103515625
2006-08-22 00:00:00,16181.169921875,16244.83984375,15994.990234375
2006-08-23 00:00:00,16163.0302734375,16226.58984375,16118.1201171875
2006-08-24 00:00:00,15960.6201171875,16089.1298828125,15910.6201171875
2006-08-25 00:00:00,15938.66015625,16156.7802734375,15874.6298828125
2006-08-28 00:00:00,15762.58984375,16005.08984375,15745.009765625
2006-08-29 00:00:00,15890.5595703125,15946.419921875,15811.73046875
2006-08-30 00:00:00,15872.01953125,15962.9296875,15769.16015625
2006-08-31 00:00:00,16140.759765625,16207.41015625,15882.259765625
2006-09-01 00:00:00,16134.25,16158.48046875,16029.5595703125
2006-09-04 00:00:00,16358.0703125,16414.939453125,16280.1796875
2006-09-05 00:00:00,16385.9609375,16403.900390625,16280.6796875
2006-09-06 00:00:00,16284.08984375,16400.7109375,16245.16015625
2006-09-07 00:00:00,16012.41015625,16141.9404296875,15944.0302734375
2006-09-08 00:00:00,16080.4599609375,16156.1796875,15831.75
2006-09-11 00:00:00,15794.3798828125,16053.1298828125,15772.0703125
2006-09-12 00:00:00,15719.33984375,15882.3798828125,15675.3701171875
2006-09-13 00:00:00,15750.0498046875,15965.3095703125,15730.669921875
2006-09-14 00:00:00,15942.3896484375,15994.7900390625,15801.8798828125
2006-09-15 00:00:00,15866.9296875,15907.0302734375,15763.900390625
2006-09-19 00:00:00,15874.2802734375,16096.1796875,15867.0498046875
2006-09-20 00:00:00,15718.669921875,15763.669921875,15622.2802734375
2006-09-21 00:00:00,15834.23046875,15859.2099609375,15674.83984375
2006-09-22 00:00:00,15634.669921875,15735.259765625,15580.1904296875
2006-09-25 00:00:00,15633.8095703125,15691.0595703125,15513.8701171875
2006-09-26 00:00:00,15557.4501953125,15666.9501953125,15517.900390625
2006-09-27 00:00:00,15947.8701171875,15947.8701171875,15681.4404296875
2006-09-28 00:00:00,16024.849609375,16032.98046875,15911.2197265625
2006-09-29 00:00:00,16127.580078125,16127.580078125,16007.3701171875
2006-10-02 00:00:00,16254.2900390625,16329.240234375,16157.98046875
2006-10-03 00:00:00,16242.08984375,16260.4697265625,16148.8896484375
2006-10-04 00:00:00,16082.5498046875,16363.1201171875,16028.3203125
2006-10-05 00:00:00,16449.330078125,16481.310546875,16286.6396484375
2006-10-06 00:00:00,16436.060546875,16457.919921875,16360.6396484375
2006-10-10 00:00:00,16477.25,16620.150390625,16325.48046875
2006-10-11 00:00:00,16400.5703125,16595.91015625,16399.740234375
2006-10-12 00:00:00,16368.8095703125,16495.5390625,16343.490234375
2006-10-13 00:00:00,16536.5390625,16586.330078125,16493.640625
2006-10-16 00:00:00,16692.759765625,16732.439453125,16648.4296875
2006-10-17 00:00:00,16611.58984375,16704.859375,16561.259765625
2006-10-18 00:00:00,16653.0,16666.19921875,16466.740234375
2006-10-19 00:00:00,16551.359375,16688.9609375,16506.220703125
2006-10-20 00:00:00,16651.630859375,16663.609375,16552.359375
2006-10-23 00:00:00,16788.8203125,16797.7109375,16598.529296875
2006-10-24 00:00:00,16780.470703125,16901.529296875,16759.98046875
2006-10-25 00:00:00,16699.30078125,16849.05078125,16697.009765625
2006-10-26 00:00:00,16811.599609375,16863.240234375,16772.310546875
2006-10-27 00:00:00,16669.0703125,16879.330078125,16643.91015625
2006-10-30 00:00:00,16351.849609375,16549.7109375,16329.8896484375
2006-10-31 00:00:00,16399.390625,16477.060546875,16314.2900390625
2006-11-01 00:00:00,16375.259765625,16444.509765625,16246.240234375
2006-11-02 00:00:00,16350.01953125,16350.01953125,16209.1396484375
2006-11-06 00:00:00,16364.759765625,16398.509765625,16204.1298828125
2006-11-07 00:00:00,16393.41015625,16512.509765625,16378.7197265625
2006-11-08 00:00:00,16215.740234375,16423.830078125,16199.4296875
2006-11-09 00:00:00,16198.5703125,16286.259765625,16094.490234375
2006-11-10 00:00:00,16112.4296875,16280.66015625,16104.740234375
2006-11-13 00:00:00,16022.490234375,16067.4599609375,15913.8603515625
2006-11-14 00:00:00,16289.5498046875,16318.0498046875,16176.01953125
2006-11-15 00:00:00,16243.4697265625,16373.48046875,16243.4697265625
2006-11-16 00:00:00,16163.8701171875,16367.099609375,16143.7001953125
2006-11-17 00:00:00,16091.73046875,16238.259765625,16067.26953125
2006-11-20 00:00:00,15725.9404296875,16036.1796875,15725.9404296875
2006-11-21 00:00:00,15734.1396484375,15817.73046875,15696.2197265625
2006-11-22 00:00:00,15914.23046875,15914.23046875,15675.48046875
2006-11-24 00:00:00,15734.599609375,15789.8896484375,15639.1904296875
2006-11-27 00:00:00,15885.3798828125,15912.1103515625,15615.5595703125
2006-11-28 00:00:00,15855.259765625,15855.259765625,15653.6904296875
2006-11-29 00:00:00,16076.2001953125,16126.349609375,15945.0703125
2006-11-30 00:00:00,16274.330078125,16274.330078125,16152.849609375
2006-12-01 00:00:00,16321.7802734375,16376.2998046875,16242.009765625
2006-12-04 00:00:00,16303.58984375,16362.0400390625,16185.919921875
2006-12-05 00:00:00,16265.759765625,16400.140625,16239.2802734375
2006-12-06 00:00:00,16371.2802734375,16401.310546875,16254.4501953125
2006-12-07 00:00:00,16473.359375,16550.73046875,16416.30078125
2006-12-08 00:00:00,16417.8203125,16493.0,16387.80078125
2006-12-11 00:00:00,16527.990234375,16608.970703125,16470.400390625
2006-12-12 00:00:00,16637.779296875,16682.650390625,16583.779296875
2006-12-13 00:00:00,16692.9296875,16692.9296875,16589.73046875
2006-12-14 00:00:00,16829.19921875,16829.19921875,16714.33984375
2006-12-15 00:00:00,16914.310546875,16959.91015625,16858.349609375
2006-12-18 00:00:00,16962.109375,16993.880859375,16930.55078125
2006-12-19 00:00:00,16776.880859375,16954.830078125,16754.2109375
2006-12-20 00:00:00,17011.0390625,17050.73046875,16829.580078125
2006-12-21 00:00:00,17047.830078125,17109.169921875,17010.0390625
2006-12-22 00:00:00,17104.9609375,17104.9609375,16992.76953125
2006-12-25 00:00:00,17092.890625,17122.48046875,17056.689453125
2006-12-26 00:00:00,17169.189453125,17185.7109375,17056.58984375
2006-12-27 00:00:00,17223.150390625,17260.5703125,17207.119140625
2006-12-28 00:00:00,17224.810546875,17301.689453125,17163.75
2006-12-29 00:00:00,17225.830078125,17281.189453125,17225.830078125
2007-01-04 00:00:00,17353.669921875,17379.4609375,17315.759765625
2007-01-05 00:00:00,17091.58984375,17327.130859375,17011.099609375
2007-01-09 00:00:00,17237.76953125,17261.029296875,16983.970703125
2007-01-10 00:00:00,16942.400390625,17199.419921875,16847.5703125
2007-01-11 00:00:00,16838.169921875,17057.44921875,16758.4609375
2007-01-12 00:00:00,17057.009765625,17160.76953125,16941.390625
2007-01-15 00:00:00,17209.919921875,17273.580078125,17144.439453125
2007-01-16 00:00:00,17202.4609375,17287.9609375,17175.849609375
2007-01-17 00:00:00,17261.349609375,17335.029296875,17002.669921875
2007-01-18 00:00:00,17370.9296875,17408.619140625,17220.419921875
2007-01-19 00:00:00,17310.439453125,17378.2109375,17242.76953125
2007-01-22 00:00:00,17424.1796875,17484.58984375,17401.3203125
2007-01-23 00:00:00,17408.5703125,17442.0,17321.2890625
2007-01-24 00:00:00,17507.400390625,17553.029296875,17498.359375
2007-01-25 00:00:00,17458.30078125,17617.640625,17427.5390625
2007-01-26 00:00:00,17421.9296875,17421.9296875,17300.83984375
2007-01-29 00:00:00,17470.4609375,17489.58984375,17319.369140625
2007-01-30 00:00:00,17490.189453125,17558.529296875,17452.630859375
2007-01-31 00:00:00,17383.419921875,17497.859375,17275.83984375
2007-02-01 00:00:00,17519.5,17543.9609375,17361.009765625
2007-02-02 00:00:00,17547.109375,17633.609375,17532.640625
2007-02-05 00:00:00,17344.80078125,17531.41015625,17294.98046875
2007-02-06 00:00:00,17406.859375,17433.26953125,17345.099609375
2007-02-07 00:00:00,17292.3203125,17374.8203125,17199.66015625
2007-02-08 00:00:00,17292.48046875,17400.349609375,17212.779296875
2007-02-09 00:00:00,17504.330078125,17545.7109375,17274.890625
2007-02-13 00:00:00,17621.44921875,17628.029296875,17440.4296875
2007-02-14 00:00:00,17752.640625,17789.919921875,17648.810546875
2007-02-15 00:00:00,17897.23046875,17911.580078125,17815.169921875
2007-02-16 00:00:00,17875.650390625,17884.890625,17793.349609375
2007-02-19 00:00:00,17940.08984375,17974.0,17810.05078125
2007-02-20 00:00:00,17939.119140625,17953.029296875,17828.94921875
2007-02-21 00:00:00,17913.2109375,17968.259765625,17850.08984375
2007-02-22 00:00:00,18108.7890625,18132.83984375,18024.48046875
2007-02-23 00:00:00,18188.419921875,18239.130859375,18046.419921875
2007-02-26 00:00:00,18215.349609375,18300.390625,18145.419921875
2007-02-27 00:00:00,18119.919921875,18272.6796875,18073.220703125
2007-02-28 00:00:00,17604.119140625,17843.609375,17382.7890625
2007-03-01 00:00:00,17453.509765625,17557.419921875,17261.599609375
2007-03-02 00:00:00,17217.9296875,17356.44921875,17160.4296875
2007-03-05 00:00:00,16642.25,16992.439453125,16532.91015625
2007-03-06 00:00:00,16844.5,16882.919921875,16649.099609375
2007-03-07 00:00:00,16764.619140625,16988.009765625,16731.76953125
2007-03-08 00:00:00,17090.310546875,17090.310546875,16685.94921875
2007-03-09 00:00:00,17164.0390625,17246.2109375,17100.740234375
2007-03-12 00:00:00,17292.390625,17325.44921875,17206.939453125
2007-03-13 00:00:00,17178.83984375,17299.48046875,17153.19921875
2007-03-14 00:00:00,16676.890625,16936.189453125,16628.849609375
2007-03-15 00:00:00,16860.390625,16942.310546875,16760.6796875
2007-03-16 00:00:00,16744.150390625,16939.4296875,16643.759765625
2007-03-19 00:00:00,17009.55078125,17026.4609375,16713.990234375
2007-03-20 00:00:00,17163.19921875,17267.740234375,17146.529296875
2007-03-22 00:00:00,17419.19921875,17489.189453125,17379.400390625
2007-03-23 00:00:00,17480.609375,17534.76953125,17407.970703125
2007-03-26 00:00:00,17521.9609375,17558.0390625,17425.0
2007-03-27 00:00:00,17365.05078125,17516.890625,17315.91015625
2007-03-28 00:00:00,17254.73046875,17442.619140625,17141.650390625
2007-03-29 00:00:00,17263.939453125,17350.880859375,17036.220703125
2007-03-30 00:00:00,17287.650390625,17380.80078125,17267.099609375
2007-04-02 00:00:00,17028.41015625,17425.740234375,16999.05078125
2007-04-03 00:00:00,17244.05078125,17279.73046875,17095.919921875
2007-04-04 00:00:00,17544.08984375,17576.509765625,17394.140625
2007-04-05 00:00:00,17491.419921875,17531.30078125,17430.380859375
2007-04-06 00:00:00,17484.779296875,17560.30078125,17422.55078125
2007-04-09 00:00:00,17743.759765625,17747.8203125,17606.029296875
2007-04-10 00:00:00,17664.689453125,17706.919921875,17613.150390625
2007-04-11 00:00:00,17670.0703125,17723.390625,17618.189453125
2007-04-12 00:00:00,17540.419921875,17601.650390625,17455.1796875
2007-04-13 00:00:00,17363.94921875,17662.890625,17327.369140625
2007-04-16 00:00:00,17628.30078125,17696.869140625,17507.1796875
2007-04-17 00:00:00,17527.44921875,17782.080078125,17452.119140625
2007-04-18 00:00:00,17667.330078125,17706.849609375,17538.33984375
2007-04-19 00:00:00,17371.970703125,17530.0,17219.73046875
2007-04-20 00:00:00,17452.619140625,17502.01953125,17404.619140625
2007-04-23 00:00:00,17455.369140625,17656.55078125,17413.640625
2007-04-24 00:00:00,17451.76953125,17500.33984375,17305.779296875
2007-04-25 00:00:00,17236.16015625,17379.51953125,17221.55078125
2007-04-26 00:00:00,17429.169921875,17496.109375,17321.05078125
2007-04-27 00:00:00,17400.41015625,17542.25,17299.369140625
2007-05-01 00:00:00,17274.98046875,17396.30078125,17203.029296875
2007-05-02 00:00:00,17394.919921875,17441.099609375,17227.08984375
2007-05-07 00:00:00,17669.830078125,17715.990234375,17558.240234375
2007-05-08 00:00:00,17656.83984375,17711.669921875,17587.919921875
2007-05-09 00:00:00,17748.119140625,17753.330078125,17616.580078125
2007-05-10 00:00:00,17736.9609375,17827.48046875,17712.890625
2007-05-11 00:00:00,17553.720703125,17616.01953125,17455.279296875
2007-05-14 00:00:00,17677.939453125,17786.650390625,17673.859375
2007-05-15 00:00:00,17512.98046875,17609.55078125,17491.58984375
2007-05-16 00:00:00,17529.0,17539.94921875,17430.69921875
2007-05-17 00:00:00,17498.599609375,17656.0703125,17482.439453125
2007-05-18 00:00:00,17399.580078125,17563.529296875,17320.810546875
2007-05-21 00:00:00,17556.869140625,17599.349609375,17411.509765625
2007-05-22 00:00:00,17680.05078125,17730.83984375,17545.259765625
2007-05-23 00:00:00,17705.119140625,17802.7109375,17699.119140625
2007-05-24 00:00:00,17696.970703125,17760.5703125,17606.560546875
2007-05-25 00:00:00,17481.2109375,17529.26953125,17370.1796875
2007-05-28 00:00:00,17587.58984375,17630.369140625,17544.669921875
2007-05-29 00:00:00,17672.560546875,17700.51953125,17521.640625
2007-05-30 00:00:00,17588.259765625,17727.169921875,17484.30078125
2007-05-31 00:00:00,17875.75,17875.75,17701.5703125
2007-06-01 00:00:00,17958.880859375,18017.73046875,17943.6796875
2007-06-04 00:00:00,17973.419921875,18071.80078125,17973.419921875
2007-06-05 00:00:00,18053.810546875,18071.720703125,17950.44921875
2007-06-06 00:00:00,18040.9296875,18073.05078125,17991.189453125
2007-06-07 00:00:00,18053.380859375,18053.380859375,17866.51953125
2007-06-08 00:00:00,17779.08984375,17904.6796875,17696.509765625
2007-06-11 00:00:00,17834.48046875,17932.099609375,17801.630859375
2007-06-12 00:00:00,17760.91015625,17862.990234375,17735.560546875
2007-06-13 00:00:00,17732.76953125,17781.41015625,17591.9296875
2007-06-14 00:00:00,17842.2890625,17875.01953125,17815.30078125
2007-06-15 00:00:00,17971.490234375,18007.990234375,17930.33984375
2007-06-18 00:00:00,18149.51953125,18194.259765625,18112.9296875
2007-06-19 00:00:00,18163.609375,18163.609375,18103.560546875
2007-06-20 00:00:00,18211.6796875,18297.0,18141.94921875
2007-06-21 00:00:00,18240.30078125,18287.73046875,18107.810546875
2007-06-22 00:00:00,18188.630859375,18200.109375,18092.359375
2007-06-25 00:00:00,18087.48046875,18203.560546875,18079.849609375
2007-06-26 00:00:00,18066.109375,18101.890625,18008.599609375
2007-06-27 00:00:00,17849.279296875,17983.349609375,17848.05078125
2007-06-28 00:00:00,17932.26953125,17960.220703125,17893.369140625
2007-06-29 00:00:00,18138.359375,18144.630859375,17973.5
2007-07-02 00:00:00,18146.30078125,18175.30078125,18062.490234375
2007-07-03 00:00:00,18149.900390625,18230.890625,18146.740234375
2007-07-04 00:00:00,18168.720703125,18207.970703125,18143.580078125
2007-07-05 00:00:00,18221.48046875,18295.26953125,18191.890625
2007-07-06 00:00:00,18140.939453125,18184.640625,18086.009765625
2007-07-09 00:00:00,18261.98046875,18282.150390625,18213.58984375
2007-07-10 00:00:00,18252.669921875,18259.810546875,18204.0390625
2007-07-11 00:00:00,18049.509765625,18116.66015625,18028.869140625
2007-07-12 00:00:00,17984.140625,18130.439453125,17919.169921875
2007-07-13 00:00:00,18238.94921875,18268.640625,18150.990234375
2007-07-17 00:00:00,18217.26953125,18269.359375,18167.8203125
2007-07-18 00:00:00,18015.580078125,18136.060546875,17964.279296875
2007-07-19 00:00:00,18116.5703125,18131.119140625,18037.330078125
2007-07-20 00:00:00,18157.9296875,18223.0390625,18124.740234375
2007-07-23 00:00:00,17963.640625,18009.470703125,17892.75
2007-07-24 00:00:00,18002.029296875,18018.939453125,17906.109375
2007-07-25 00:00:00,17858.419921875,17881.310546875,17733.9609375
2007-07-26 00:00:00,17702.08984375,17861.470703125,17678.98046875
2007-07-27 00:00:00,17283.810546875,17454.58984375,17196.16015625
2007-07-30 00:00:00,17289.30078125,17289.30078125,17042.66015625
2007-07-31 00:00:00,17248.890625,17318.009765625,17195.2890625
2007-08-01 00:00:00,16870.98046875,17169.19921875,16845.5390625
2007-08-02 00:00:00,16984.109375,16999.16015625,16652.80078125
2007-08-03 00:00:00,16979.859375,17102.0703125,16913.26953125
2007-08-06 00:00:00,16914.4609375,16951.98046875,16675.390625
2007-08-07 00:00:00,16921.76953125,17049.44921875,16863.4609375
2007-08-08 00:00:00,17029.279296875,17085.099609375,16911.6796875
2007-08-09 00:00:00,17170.599609375,17274.330078125,17148.94921875
2007-08-10 00:00:00,16764.08984375,16948.9609375,16651.7109375
2007-08-13 00:00:00,16800.05078125,16948.400390625,16725.55078125
2007-08-14 00:00:00,16844.609375,16855.05078125,16747.939453125
2007-08-15 00:00:00,16475.609375,16667.359375,16433.30078125
2007-08-16 00:00:00,16148.490234375,16296.400390625,15859.4599609375
2007-08-17 00:00:00,15273.6796875,16062.58984375,15262.099609375
2007-08-20 00:00:00,15732.48046875,15940.6103515625,15477.259765625
2007-08-21 00:00:00,15901.33984375,16101.6396484375,15754.509765625
2007-08-22 00:00:00,15900.6396484375,15957.9599609375,15787.9599609375
2007-08-23 00:00:00,16316.3203125,16333.3603515625,16093.8203125
2007-08-24 00:00:00,16248.9697265625,16329.9599609375,16188.080078125
2007-08-27 00:00:00,16301.3896484375,16504.720703125,16263.9501953125
2007-08-28 00:00:00,16287.490234375,16343.2802734375,16192.83984375
2007-08-29 00:00:00,16012.830078125,16068.099609375,15830.2802734375
2007-08-30 00:00:00,16153.8203125,16269.66015625,16091.2802734375
2007-08-31 00:00:00,16569.08984375,16569.08984375,16266.23046875
2007-09-03 00:00:00,16524.9296875,16575.970703125,16452.740234375
2007-09-04 00:00:00,16420.470703125,16511.640625,16392.2109375
2007-09-05 00:00:00,16158.4501953125,16553.220703125,16154.900390625
2007-09-06 00:00:00,16257.0,16257.0,15840.0498046875
2007-09-07 00:00:00,16122.16015625,16230.580078125,16027.9296875
2007-09-10 00:00:00,15764.9697265625,15906.51953125,15651.830078125
2007-09-11 00:00:00,15877.669921875,15940.3798828125,15610.650390625
2007-09-12 00:00:00,15797.599609375,16032.259765625,15731.3203125
2007-09-13 00:00:00,15821.1904296875,15931.08984375,15802.3603515625
2007-09-14 00:00:00,16127.419921875,16142.080078125,15877.08984375
2007-09-18 00:00:00,15801.7998046875,16037.490234375,15780.900390625
2007-09-19 00:00:00,16381.5400390625,16386.169921875,16038.1201171875
2007-09-20 00:00:00,16413.7890625,16491.44921875,16344.2802734375
2007-09-21 00:00:00,16312.6103515625,16353.9697265625,16245.9404296875
2007-09-25 00:00:00,16401.73046875,16434.80078125,16240.259765625
2007-09-26 00:00:00,16435.740234375,16457.720703125,16388.509765625
2007-09-27 00:00:00,16832.220703125,16868.939453125,16551.939453125
2007-09-28 00:00:00,16785.689453125,16929.259765625,16755.2109375
2007-10-01 00:00:00,16845.9609375,16899.83984375,16685.80078125
2007-10-02 00:00:00,17046.779296875,17072.669921875,16986.380859375
2007-10-03 00:00:00,17199.890625,17205.419921875,17017.76953125
2007-10-04 00:00:00,17092.490234375,17160.470703125,17043.759765625
2007-10-05 00:00:00,17065.0390625,17144.349609375,17032.75
2007-10-09 00:00:00,17159.900390625,17237.400390625,17133.51953125
2007-10-10 00:00:00,17177.890625,17254.51953125,17146.390625
2007-10-11 00:00:00,17458.98046875,17488.970703125,17154.75
2007-10-12 00:00:00,17331.169921875,17441.75,17280.599609375
2007-10-15 00:00:00,17358.150390625,17430.08984375,17292.130859375
2007-10-16 00:00:00,17137.919921875,17283.05078125,17104.19921875
2007-10-17 00:00:00,16955.310546875,17114.19921875,16795.740234375
2007-10-18 00:00:00,17106.08984375,17147.73046875,16974.689453125
2007-10-19 00:00:00,16814.369140625,16965.0,16711.5703125
2007-10-22 00:00:00,16438.470703125,16563.5703125,16264.7001953125
2007-10-23 00:00:00,16450.580078125,16554.91015625,16416.919921875
2007-10-24 00:00:00,16358.3896484375,16578.58984375,16330.330078125
2007-10-25 00:00:00,16284.169921875,16438.5703125,16199.01953125
2007-10-26 00:00:00,16505.630859375,16505.630859375,16348.8603515625
2007-10-29 00:00:00,16698.080078125,16774.1796875,16613.30078125
2007-10-30 00:00:00,16651.009765625,16682.869140625,16492.560546875
2007-10-31 00:00:00,16737.630859375,16738.98046875,16552.5390625
2007-11-01 00:00:00,16870.400390625,16887.0390625,16795.55078125
2007-11-02 00:00:00,16517.48046875,16654.73046875,16484.5390625
2007-11-05 00:00:00,16268.919921875,16458.140625,16211.7900390625
2007-11-06 00:00:00,16249.6298828125,16353.9296875,16144.400390625
2007-11-07 00:00:00,16096.6796875,16326.580078125,16081.0302734375
2007-11-08 00:00:00,15771.5703125,15891.23046875,15626.0595703125
2007-11-09 00:00:00,15583.419921875,15834.9697265625,15566.1201171875
2007-11-12 00:00:00,15197.08984375,15386.7998046875,14998.509765625
2007-11-13 00:00:00,15126.6298828125,15235.5595703125,14988.76953125
2007-11-14 00:00:00,15499.5595703125,15504.990234375,15287.259765625
2007-11-15 00:00:00,15396.2998046875,15587.3095703125,15396.2998046875
2007-11-16 00:00:00,15154.6103515625,15238.73046875,15030.01953125
2007-11-19 00:00:00,15042.5595703125,15302.759765625,15040.099609375
2007-11-20 00:00:00,15211.51953125,15222.240234375,14751.26953125
2007-11-21 00:00:00,14837.66015625,15154.3095703125,14770.2197265625
2007-11-22 00:00:00,14888.76953125,15000.1796875,14669.849609375
2007-11-26 00:00:00,15135.2099609375,15295.2099609375,14912.830078125
2007-11-27 00:00:00,15222.849609375,15312.5498046875,14801.8701171875
2007-11-28 00:00:00,15153.7802734375,15280.91015625,15089.349609375
2007-11-29 00:00:00,15513.740234375,15555.0400390625,15339.6103515625
2007-11-30 00:00:00,15680.669921875,15751.2001953125,15520.5302734375
2007-12-03 00:00:00,15628.9697265625,15799.6904296875,15577.6904296875
2007-12-04 00:00:00,15480.1904296875,15683.1796875,15446.4697265625
2007-12-05 00:00:00,15608.8798828125,15621.5400390625,15365.3896484375
2007-12-06 00:00:00,15874.080078125,15898.259765625,15740.9404296875
2007-12-07 00:00:00,15956.3701171875,16107.650390625,15948.5400390625
2007-12-10 00:00:00,15924.3896484375,16017.1396484375,15826.25
2007-12-11 00:00:00,16044.7197265625,16075.6103515625,15972.4501953125
2007-12-12 00:00:00,15932.259765625,15963.4296875,15700.150390625
2007-12-13 00:00:00,15536.51953125,15833.099609375,15532.5302734375
2007-12-14 00:00:00,15514.509765625,15697.0498046875,15433.76953125
2007-12-17 00:00:00,15249.7900390625,15508.5,15219.0703125
2007-12-18 00:00:00,15207.8603515625,15301.6904296875,15004.41015625
2007-12-19 00:00:00,15030.509765625,15267.75,15030.509765625
2007-12-20 00:00:00,15031.599609375,15161.66015625,15017.9697265625
2007-12-21 00:00:00,15257.0,15275.6103515625,14998.009765625
2007-12-25 00:00:00,15552.58984375,15583.3896484375,15441.330078125
2007-12-26 00:00:00,15653.5400390625,15653.5400390625,15559.4697265625
2007-12-27 00:00:00,15564.6904296875,15628.3095703125,15535.509765625
2007-12-28 00:00:00,15307.7802734375,15413.3701171875,15240.9599609375
2008-01-04 00:00:00,14691.41015625,15156.66015625,14542.580078125
2008-01-07 00:00:00,14500.5498046875,14667.849609375,14438.6103515625
2008-01-08 00:00:00,14528.669921875,14547.7998046875,14365.8603515625
2008-01-09 00:00:00,14599.16015625,14602.650390625,14271.5703125
2008-01-10 00:00:00,14388.1103515625,14584.73046875,14388.1103515625
2008-01-11 00:00:00,14110.7900390625,14447.490234375,14096.5400390625
2008-01-15 00:00:00,13972.6298828125,14224.0,13915.150390625
2008-01-16 00:00:00,13504.509765625,13841.9296875,13500.58984375
2008-01-17 00:00:00,13783.4501953125,13803.080078125,13472.4501953125
2008-01-18 00:00:00,13861.2900390625,13902.6396484375,13365.3203125
2008-01-21 00:00:00,13325.9404296875,13704.650390625,13320.509765625
2008-01-22 00:00:00,12573.0498046875,13125.23046875,12572.6796875
2008-01-23 00:00:00,12829.0595703125,13063.7802734375,12619.7802734375
2008-01-24 00:00:00,13092.7802734375,13134.76953125,12952.5
2008-01-25 00:00:00,13629.16015625,13647.16015625,13248.8896484375
2008-01-28 00:00:00,13087.91015625,13501.8603515625,13087.91015625
2008-01-29 00:00:00,13478.8603515625,13506.8095703125,13224.66015625
2008-01-30 00:00:00,13345.0302734375,13514.1298828125,13271.1298828125
2008-01-31 00:00:00,13592.4697265625,13622.6796875,13154.76953125
2008-02-01 00:00:00,13497.16015625,13648.3896484375,13444.080078125
2008-02-04 00:00:00,13859.7001953125,13889.240234375,13642.599609375
2008-02-05 00:00:00,13745.5,13821.919921875,13665.6396484375
2008-02-06 00:00:00,13099.240234375,13552.1904296875,13099.240234375
2008-02-07 00:00:00,13207.150390625,13244.1904296875,12972.5498046875
2008-02-08 00:00:00,13017.240234375,13279.51953125,12997.8798828125
2008-02-12 00:00:00,13021.9599609375,13138.2802734375,12923.419921875
2008-02-13 00:00:00,13068.2998046875,13240.259765625,13036.6201171875
2008-02-14 00:00:00,13626.4501953125,13626.4501953125,13251.8603515625
2008-02-15 00:00:00,13622.5595703125,13666.6796875,13356.3896484375
2008-02-18 00:00:00,13635.400390625,13822.4501953125,13627.3095703125
2008-02-19 00:00:00,13757.91015625,13853.2099609375,13691.8798828125
2008-02-20 00:00:00,13310.3701171875,13729.75,13310.3701171875
2008-02-21 00:00:00,13688.2802734375,13783.9697265625,13439.58984375
2008-02-22 00:00:00,13500.4599609375,13540.6201171875,13378.7197265625
2008-02-25 00:00:00,13914.5703125,13969.1796875,13612.3095703125
2008-02-26 00:00:00,13824.7197265625,14053.849609375,13803.4599609375
2008-02-27 00:00:00,14031.2998046875,14105.4697265625,13956.4404296875
2008-02-28 00:00:00,13925.509765625,13962.2998046875,13794.7099609375
2008-02-29 00:00:00,13603.01953125,13738.5595703125,13533.25
2008-03-03 00:00:00,12992.1796875,13413.6298828125,12992.1796875
2008-03-04 00:00:00,12992.2802734375,13110.3896484375,12883.0703125
2008-03-05 00:00:00,12972.0595703125,13044.009765625,12919.8095703125
2008-03-06 00:00:00,13215.419921875,13365.2197265625,13050.5498046875
2008-03-07 00:00:00,12782.7998046875,13024.6103515625,12744.51953125
2008-03-10 00:00:00,12532.1298828125,12777.0703125,12527.0703125
2008-03-11 00:00:00,12658.2802734375,12674.8896484375,12352.7900390625
2008-03-12 00:00:00,12861.1298828125,13071.2197265625,12799.419921875
2008-03-13 00:00:00,12433.4404296875,12772.3701171875,12351.7197265625
2008-03-14 00:00:00,12241.599609375,12582.5703125,12167.08984375
2008-03-17 00:00:00,11787.509765625,12132.6904296875,11691.0
2008-03-18 00:00:00,11964.16015625,11995.0595703125,11793.599609375
2008-03-19 00:00:00,12260.4404296875,12374.75,12142.330078125
2008-03-21 00:00:00,12482.5703125,12496.41015625,12308.0302734375
2008-03-24 00:00:00,12480.08984375,12582.4599609375,12438.2001953125
2008-03-25 00:00:00,12745.2197265625,12791.240234375,12572.76953125
2008-03-26 00:00:00,12706.6298828125,12711.7802734375,12591.009765625
2008-03-27 00:00:00,12604.580078125,12621.5595703125,12475.8798828125
2008-03-28 00:00:00,12820.4697265625,12874.4501953125,12507.6796875
2008-03-31 00:00:00,12525.5400390625,12709.2802734375,12430.6298828125
2008-04-01 00:00:00,12656.419921875,12779.1396484375,12521.83984375
2008-04-02 00:00:00,13189.3603515625,13189.3603515625,12836.41015625
2008-04-03 00:00:00,13389.900390625,13389.900390625,13137.099609375
2008-04-04 00:00:00,13293.2197265625,13360.8095703125,13220.0
2008-04-07 00:00:00,13450.23046875,13485.900390625,13228.8603515625
2008-04-08 00:00:00,13250.4296875,13402.91015625,13225.759765625
2008-04-09 00:00:00,13111.8896484375,13348.3798828125,12998.5400390625
2008-04-10 00:00:00,12945.2998046875,13062.4599609375,12898.490234375
2008-04-11 00:00:00,13323.73046875,13329.400390625,13040.349609375
2008-04-14 00:00:00,12917.509765625,13132.669921875,12858.6298828125
2008-04-15 00:00:00,12990.580078125,13052.8203125,12875.919921875
2008-04-16 00:00:00,13146.1298828125,13222.4296875,13112.0703125
2008-04-17 00:00:00,13398.2998046875,13495.9404296875,13313.0595703125
2008-04-18 00:00:00,13476.4501953125,13485.0400390625,13323.740234375
2008-04-21 00:00:00,13696.5498046875,13739.4404296875,13639.76953125
2008-04-22 00:00:00,13547.8203125,13608.169921875,13519.1201171875
2008-04-23 00:00:00,13579.16015625,13717.0498046875,13449.0400390625
2008-04-24 00:00:00,13540.8701171875,13654.7802734375,13497.16015625
2008-04-25 00:00:00,13863.4697265625,13886.3701171875,13614.5302734375
2008-04-28 00:00:00,13894.3701171875,14003.2802734375,13745.6103515625
2008-04-30 00:00:00,13849.990234375,13976.099609375,13766.240234375
2008-05-01 00:00:00,13766.8603515625,13884.6298828125,13727.0703125
2008-05-02 00:00:00,14049.259765625,14072.919921875,13944.259765625
2008-05-07 00:00:00,14102.48046875,14208.669921875,14022.7900390625
2008-05-08 00:00:00,13943.259765625,14036.3095703125,13930.2802734375
2008-05-09 00:00:00,13655.33984375,13946.509765625,13639.990234375
2008-05-12 00:00:00,13743.3603515625,13793.41015625,13540.6796875
2008-05-13 00:00:00,13953.73046875,13976.919921875,13734.5
2008-05-14 00:00:00,14118.5498046875,14121.9404296875,13877.400390625
2008-05-15 00:00:00,14251.740234375,14352.83984375,14167.01953125
2008-05-16 00:00:00,14219.48046875,14392.5302734375,14194.91015625
2008-05-19 00:00:00,14269.6103515625,14343.1904296875,14219.080078125
2008-05-20 00:00:00,14160.08984375,14286.669921875,14121.919921875
2008-05-21 00:00:00,13926.2998046875,14041.240234375,13847.1796875
2008-05-22 00:00:00,13978.4599609375,13984.8095703125,13658.01953125
2008-05-23 00:00:00,14012.2001953125,14157.240234375,13925.3798828125
2008-05-26 00:00:00,13690.1904296875,13883.509765625,13670.919921875
2008-05-27 00:00:00,13893.3095703125,13931.23046875,13750.8203125
2008-05-28 00:00:00,13709.4404296875,13979.3896484375,13665.5703125
2008-05-29 00:00:00,14124.4697265625,14147.8896484375,13832.650390625
2008-05-30 00:00:00,14338.5400390625,14366.6298828125,14192.169921875
2008-06-02 00:00:00,14440.1396484375,14461.0302734375,14189.9697265625
2008-06-03 00:00:00,14209.169921875,14289.4697265625,14127.75
2008-06-04 00:00:00,14435.5703125,14435.5703125,14250.1103515625
2008-06-05 00:00:00,14341.1201171875,14392.58984375,14262.01953125
2008-06-06 00:00:00,14489.4404296875,14601.26953125,14489.4404296875
2008-06-09 00:00:00,14181.3798828125,14278.83984375,14117.7900390625
2008-06-10 00:00:00,14021.169921875,14308.8896484375,13983.5595703125
2008-06-11 00:00:00,14183.48046875,14194.48046875,13993.5703125
2008-06-12 00:00:00,13888.599609375,14010.3203125,13826.0703125
2008-06-13 00:00:00,13973.73046875,14041.33984375,13810.3798828125
2008-06-16 00:00:00,14354.3701171875,14369.08984375,14103.5
2008-06-17 00:00:00,14348.3701171875,14387.0,14299.669921875
2008-06-18 00:00:00,14452.8203125,14469.990234375,14301.3603515625
2008-06-19 00:00:00,14130.169921875,14324.7099609375,14069.16015625
2008-06-20 00:00:00,13942.080078125,14190.0,13903.2099609375
2008-06-23 00:00:00,13857.4697265625,13920.75,13667.83984375
2008-06-24 00:00:00,13849.5595703125,13877.490234375,13738.3896484375
2008-06-25 00:00:00,13829.919921875,13833.23046875,13635.6796875
2008-06-26 00:00:00,13822.3203125,13950.5595703125,13798.0498046875
2008-06-27 00:00:00,13544.3603515625,13605.5595703125,13453.349609375
2008-06-30 00:00:00,13481.3798828125,13598.48046875,13454.2802734375
2008-07-01 00:00:00,13463.2001953125,13576.41015625,13448.349609375
2008-07-02 00:00:00,13286.3701171875,13489.8701171875,13247.0498046875
2008-07-03 00:00:00,13265.400390625,13326.9501953125,13118.8896484375
2008-07-04 00:00:00,13237.8896484375,13288.5498046875,13135.4599609375
2008-07-07 00:00:00,13360.0400390625,13409.2998046875,13169.5498046875
2008-07-08 00:00:00,13033.099609375,13294.9697265625,12984.5400390625
2008-07-09 00:00:00,13052.1298828125,13284.650390625,13038.76953125
2008-07-10 00:00:00,13067.2099609375,13139.849609375,12930.3203125
2008-07-11 00:00:00,13039.6904296875,13164.099609375,12918.2197265625
2008-07-14 00:00:00,13010.16015625,13185.900390625,12969.9296875
2008-07-15 00:00:00,12754.5595703125,12902.1298828125,12715.8095703125
2008-07-16 00:00:00,12760.7998046875,12815.400390625,12671.33984375
2008-07-17 00:00:00,12887.9501953125,12929.740234375,12852.9296875
2008-07-18 00:00:00,12803.7001953125,12999.6396484375,12762.330078125
2008-07-22 00:00:00,13184.9599609375,13184.9599609375,12921.01953125
2008-07-23 00:00:00,13312.9296875,13388.6298828125,13238.5498046875
2008-07-24 00:00:00,13603.3095703125,13603.3095703125,13393.5703125
2008-07-25 00:00:00,13334.759765625,13469.830078125,13324.2197265625
2008-07-28 00:00:00,13353.7802734375,13468.9404296875,13327.1201171875
2008-07-29 00:00:00,13159.4501953125,13220.330078125,13018.2197265625
2008-07-30 00:00:00,13367.7900390625,13372.2802734375,13264.080078125
2008-07-31 00:00:00,13376.8095703125,13467.669921875,13256.3798828125
2008-08-01 00:00:00,13094.58984375,13294.169921875,13039.2099609375
2008-08-04 00:00:00,12933.1796875,13113.9404296875,12910.169921875
2008-08-05 00:00:00,12914.66015625,13049.580078125,12893.33984375
2008-08-06 00:00:00,13254.8896484375,13295.509765625,13048.9697265625
2008-08-07 00:00:00,13124.990234375,13257.990234375,13034.150390625
2008-08-08 00:00:00,13168.41015625,13259.73046875,12962.8203125
2008-08-11 00:00:00,13430.91015625,13468.8095703125,13259.4599609375
2008-08-12 00:00:00,13303.599609375,13420.099609375,13276.150390625
2008-08-13 00:00:00,13023.0498046875,13205.6396484375,12953.33984375
2008-08-14 00:00:00,12956.7998046875,13090.6796875,12926.98046875
2008-08-15 00:00:00,13019.41015625,13029.580078125,12952.2099609375
2008-08-18 00:00:00,13165.4501953125,13270.3701171875,12934.2197265625
2008-08-19 00:00:00,12865.0498046875,13016.5,12782.099609375
2008-08-20 00:00:00,12851.6904296875,12923.66015625,12753.98046875
2008-08-21 00:00:00,12752.2099609375,12885.33984375,12723.830078125
2008-08-22 00:00:00,12666.0400390625,12732.6904296875,12631.9404296875
2008-08-25 00:00:00,12878.66015625,12949.330078125,12797.5400390625
2008-08-26 00:00:00,12778.7099609375,12801.2099609375,12656.08984375
2008-08-27 00:00:00,12752.9599609375,12783.6298828125,12681.98046875
2008-08-28 00:00:00,12768.25,12847.4599609375,12718.5302734375
2008-08-29 00:00:00,13072.8701171875,13079.3701171875,12918.490234375
2008-09-01 00:00:00,12834.1796875,12940.5498046875,12834.1796875
2008-09-02 00:00:00,12609.4697265625,12920.51953125,12491.0703125
2008-09-03 00:00:00,12689.58984375,12767.5,12647.2900390625
2008-09-04 00:00:00,12557.66015625,12660.5703125,12514.259765625
2008-09-05 00:00:00,12212.23046875,12385.650390625,12163.330078125
2008-09-08 00:00:00,12624.4599609375,12671.759765625,12352.349609375
2008-09-09 00:00:00,12400.650390625,12529.9599609375,12335.740234375
2008-09-10 00:00:00,12346.6298828125,12404.669921875,12159.9697265625
2008-09-11 00:00:00,12102.5,12259.01953125,12081.509765625
2008-09-12 00:00:00,12214.759765625,12277.5703125,12059.08984375
2008-09-16 00:00:00,11609.7197265625,12028.4501953125,11551.400390625
2008-09-17 00:00:00,11749.7900390625,11880.0302734375,11708.7001953125
2008-09-18 00:00:00,11489.2998046875,11577.8798828125,11301.4599609375
2008-09-19 00:00:00,11920.8603515625,11920.8603515625,11615.2001953125
2008-09-22 00:00:00,12090.58984375,12263.9501953125,12037.8896484375
2008-09-24 00:00:00,12115.0302734375,12115.0302734375,11904.599609375
2008-09-25 00:00:00,12006.5302734375,12025.41015625,11835.2802734375
2008-09-26 00:00:00,11893.16015625,12082.6396484375,11788.73046875
2008-09-29 00:00:00,11743.6103515625,12062.669921875,11721.0498046875
2008-09-30 00:00:00,11259.8603515625,11565.7001953125,11160.830078125
2008-10-01 00:00:00,11368.259765625,11456.6396484375,11314.2802734375
2008-10-02 00:00:00,11154.759765625,11452.3896484375,11143.7900390625
2008-10-03 00:00:00,10938.1396484375,11099.73046875,10938.1396484375
2008-10-06 00:00:00,10473.08984375,10839.5,10374.3798828125
2008-10-07 00:00:00,10155.900390625,10363.1396484375,9916.2099609375
2008-10-08 00:00:00,9203.3203125,10011.6396484375,9159.8095703125
2008-10-09 00:00:00,9157.490234375,9443.4501953125,9100.9296875
2008-10-10 00:00:00,8276.4296875,9016.33984375,8115.41015625
2008-10-14 00:00:00,9447.5703125,9455.6201171875,8407.9404296875
2008-10-15 00:00:00,9547.4697265625,9601.2998046875,9269.490234375
2008-10-16 00:00:00,8458.4501953125,9400.849609375,8458.4501953125
2008-10-17 00:00:00,8693.8203125,8763.7099609375,8539.509765625
2008-10-20 00:00:00,9005.58984375,9038.4501953125,8687.7001953125
2008-10-21 00:00:00,9306.25,9358.509765625,9135.41015625
2008-10-22 00:00:00,8674.6904296875,9198.1396484375,8674.6904296875
2008-10-23 00:00:00,8460.98046875,8547.7900390625,8016.60986328125
2008-10-24 00:00:00,7649.080078125,8391.0400390625,7647.06982421875
2008-10-27 00:00:00,7162.89990234375,7878.97021484375,7141.27001953125
2008-10-28 00:00:00,7621.919921875,7626.419921875,6994.89990234375
2008-10-29 00:00:00,8211.900390625,8211.900390625,7741.52001953125
2008-10-30 00:00:00,9029.759765625,9030.849609375,8269.7099609375
2008-10-31 00:00:00,8576.98046875,9012.3095703125,8576.98046875
2008-11-04 00:00:00,9114.599609375,9142.2900390625,8699.76953125
2008-11-05 00:00:00,9521.240234375,9521.240234375,9216.2998046875
2008-11-06 00:00:00,8899.1396484375,9380.2998046875,8806.7099609375
2008-11-07 00:00:00,8583.0,8868.099609375,8266.08984375
2008-11-10 00:00:00,9081.4296875,9106.2900390625,8711.990234375
2008-11-11 00:00:00,8809.2998046875,9056.3095703125,8704.5595703125
2008-11-12 00:00:00,8695.509765625,8782.48046875,8574.2001953125
2008-11-13 00:00:00,8238.6396484375,8564.4697265625,8148.2998046875
2008-11-14 00:00:00,8462.3896484375,8689.849609375,8378.1298828125
2008-11-17 00:00:00,8522.580078125,8767.98046875,8218.8203125
2008-11-18 00:00:00,8328.41015625,8440.41015625,8302.240234375
2008-11-19 00:00:00,8273.2197265625,8370.08984375,8115.7099609375
2008-11-20 00:00:00,7703.0400390625,8149.7900390625,7703.0400390625
2008-11-21 00:00:00,7910.7900390625,7994.68017578125,7406.18017578125
2008-11-25 00:00:00,8323.9296875,8356.830078125,8025.68994140625
2008-11-26 00:00:00,8213.2197265625,8317.830078125,8149.56005859375
2008-11-27 00:00:00,8373.3896484375,8458.6796875,8300.490234375
2008-11-28 00:00:00,8512.26953125,8518.1298828125,8336.5703125
2008-12-01 00:00:00,8397.2197265625,8464.3603515625,8307.2802734375
2008-12-02 00:00:00,7863.68994140625,8266.3203125,7863.68994140625
2008-12-03 00:00:00,8004.10009765625,8056.3798828125,7889.81982421875
2008-12-04 00:00:00,7924.240234375,8107.68994140625,7849.83984375
2008-12-05 00:00:00,7917.509765625,8024.330078125,7908.64990234375
2008-12-08 00:00:00,8329.0498046875,8358.26953125,7959.009765625
2008-12-09 00:00:00,8395.8701171875,8499.599609375,8314.849609375
2008-12-10 00:00:00,8660.240234375,8704.919921875,8376.0
2008-12-11 00:00:00,8720.5498046875,8720.5498046875,8519.1103515625
2008-12-12 00:00:00,8235.8701171875,8610.73046875,8087.990234375
2008-12-15 00:00:00,8664.66015625,8700.169921875,8349.849609375
2008-12-16 00:00:00,8568.01953125,8634.259765625,8471.240234375
2008-12-17 00:00:00,8612.51953125,8741.240234375,8425.66015625
2008-12-18 00:00:00,8667.23046875,8728.3603515625,8534.83984375
2008-12-19 00:00:00,8588.51953125,8743.2197265625,8570.5595703125
2008-12-22 00:00:00,8723.7802734375,8751.1796875,8593.759765625
2008-12-24 00:00:00,8517.099609375,8631.830078125,8476.6904296875
2008-12-25 00:00:00,8599.5,8599.5,8531.16015625
2008-12-26 00:00:00,8739.51953125,8740.759765625,8611.3603515625
2008-12-29 00:00:00,8747.169921875,8763.669921875,8638.599609375
2008-12-30 00:00:00,8859.5595703125,8859.5595703125,8702.9501953125
2009-01-05 00:00:00,9043.1201171875,9127.3798828125,8987.3603515625
2009-01-06 00:00:00,9080.83984375,9171.0302734375,9029.9404296875
2009-01-07 00:00:00,9239.240234375,9325.349609375,9106.0498046875
2009-01-08 00:00:00,8876.419921875,9148.830078125,8876.419921875
2009-01-09 00:00:00,8836.7998046875,8956.849609375,8773.2001953125
2009-01-13 00:00:00,8413.91015625,8732.9296875,8405.5
2009-01-14 00:00:00,8438.4501953125,8516.0703125,8359.16015625
2009-01-15 00:00:00,8023.31005859375,8309.3798828125,7997.72998046875
2009-01-16 00:00:00,8230.150390625,8283.91015625,8067.47021484375
2009-01-19 00:00:00,8256.849609375,8351.6796875,8221.83984375
2009-01-20 00:00:00,8065.7900390625,8190.419921875,7962.4599609375
2009-01-21 00:00:00,7901.64013671875,8009.22021484375,7829.2998046875
2009-01-22 00:00:00,8051.740234375,8051.740234375,7809.89013671875
2009-01-23 00:00:00,7745.25,7965.41015625,7745.25
2009-01-26 00:00:00,7682.14013671875,7807.16015625,7671.0400390625
2009-01-27 00:00:00,8061.06982421875,8115.14990234375,7782.06982421875
2009-01-28 00:00:00,8106.2900390625,8171.6298828125,7936.58984375
2009-01-29 00:00:00,8251.240234375,8305.3798828125,8138.990234375
2009-01-30 00:00:00,7994.0498046875,8142.8798828125,7922.39013671875
2009-02-02 00:00:00,7873.97998046875,7955.75,7795.27001953125
2009-02-03 00:00:00,7825.509765625,8084.41015625,7800.7998046875
2009-02-04 00:00:00,8038.93994140625,8084.97021484375,7863.64990234375
2009-02-05 00:00:00,7949.64990234375,8093.9599609375,7901.0400390625
2009-02-06 00:00:00,8076.6201171875,8169.0400390625,8033.240234375
2009-02-09 00:00:00,7969.02978515625,8257.7099609375,7969.02978515625
2009-02-10 00:00:00,7945.93994140625,8124.7900390625,7917.27001953125
2009-02-12 00:00:00,7705.35986328125,7862.52001953125,7685.68017578125
2009-02-13 00:00:00,7779.39990234375,7887.740234375,7730.27001953125
2009-02-16 00:00:00,7750.169921875,7804.240234375,7694.72998046875
2009-02-17 00:00:00,7645.509765625,7710.43017578125,7615.93994140625
2009-02-18 00:00:00,7534.43994140625,7565.7900390625,7479.18017578125
2009-02-19 00:00:00,7557.64990234375,7642.68994140625,7537.56005859375
2009-02-20 00:00:00,7416.3798828125,7554.7001953125,7382.330078125
2009-02-23 00:00:00,7376.16015625,7417.18017578125,7209.43017578125
2009-02-24 00:00:00,7268.56005859375,7270.89990234375,7155.16015625
2009-02-25 00:00:00,7461.22021484375,7471.02978515625,7330.43994140625
2009-02-26 00:00:00,7457.93017578125,7599.81005859375,7433.06005859375
2009-02-27 00:00:00,7568.419921875,7589.77001953125,7414.39990234375
2009-03-02 00:00:00,7280.14990234375,7454.27978515625,7234.9599609375
2009-03-03 00:00:00,7229.72021484375,7288.14013671875,7088.47021484375
2009-03-04 00:00:00,7290.9599609375,7320.64990234375,7104.6298828125
2009-03-05 00:00:00,7433.490234375,7532.8701171875,7336.02001953125
2009-03-06 00:00:00,7173.10009765625,7328.2900390625,7167.06982421875
2009-03-09 00:00:00,7086.02978515625,7241.02001953125,7028.490234375
2009-03-10 00:00:00,7054.97998046875,7100.77001953125,7021.27978515625
2009-03-11 00:00:00,7376.1201171875,7393.81005859375,7161.85009765625
2009-03-12 00:00:00,7198.25,7345.02001953125,7198.25
2009-03-13 00:00:00,7569.27978515625,7571.4501953125,7300.8701171875
2009-03-16 00:00:00,7704.14990234375,7754.75,7630.2001953125
2009-03-17 00:00:00,7949.1298828125,7967.02978515625,7723.93994140625
2009-03-18 00:00:00,7972.169921875,8054.35009765625,7895.27978515625
2009-03-19 00:00:00,7945.9599609375,8034.08984375,7902.490234375
2009-03-23 00:00:00,8215.5302734375,8229.1298828125,7922.5498046875
2009-03-24 00:00:00,8488.2998046875,8504.41015625,8297.26953125
2009-03-25 00:00:00,8479.990234375,8553.009765625,8392.5595703125
2009-03-26 00:00:00,8636.330078125,8640.2802734375,8383.990234375
2009-03-27 00:00:00,8626.9697265625,8843.1796875,8626.9697265625
2009-03-30 00:00:00,8236.080078125,8651.0595703125,8236.080078125
2009-03-31 00:00:00,8109.52978515625,8383.740234375,8088.4501953125
2009-04-01 00:00:00,8351.91015625,8351.91015625,8084.6201171875
2009-04-02 00:00:00,8719.7802734375,8741.669921875,8449.8701171875
2009-04-03 00:00:00,8749.83984375,8884.6298828125,8697.169921875
2009-04-06 00:00:00,8857.9296875,8992.0595703125,8812.3603515625
2009-04-07 00:00:00,8832.849609375,8884.4501953125,8778.919921875
2009-04-08 00:00:00,8595.009765625,8765.6396484375,8556.75
2009-04-09 00:00:00,8916.0595703125,8920.8603515625,8664.259765625
2009-04-10 00:00:00,8964.1103515625,9068.7998046875,8856.6904296875
2009-04-13 00:00:00,8924.4296875,9024.4501953125,8888.099609375
2009-04-14 00:00:00,8842.6796875,8961.73046875,8749.919921875
2009-04-15 00:00:00,8742.9599609375,8800.51953125,8681.0302734375
2009-04-16 00:00:00,8755.259765625,9030.0,8720.6201171875
2009-04-17 00:00:00,8907.580078125,8953.33984375,8834.6298828125
2009-04-20 00:00:00,8924.75,8933.7998046875,8813.7197265625
2009-04-21 00:00:00,8711.330078125,8802.08984375,8612.759765625
2009-04-22 00:00:00,8727.2998046875,8802.900390625,8683.26953125
2009-04-23 00:00:00,8847.009765625,8860.5498046875,8647.7998046875
2009-04-24 00:00:00,8707.990234375,8852.830078125,8694.919921875
2009-04-27 00:00:00,8726.33984375,8840.5302734375,8648.509765625
2009-04-28 00:00:00,8493.76953125,8808.6396484375,8493.76953125
2009-04-30 00:00:00,8828.259765625,8844.76953125,8615.4501953125
2009-05-01 00:00:00,8977.3701171875,9017.3203125,8827.1298828125
2009-05-07 00:00:00,9385.7001953125,9385.7001953125,9100.1103515625
2009-05-08 00:00:00,9432.830078125,9464.4296875,9349.5703125
2009-05-11 00:00:00,9451.98046875,9503.91015625,9342.75
2009-05-12 00:00:00,9298.6103515625,9389.6103515625,9298.6103515625
2009-05-13 00:00:00,9340.490234375,9379.4697265625,9278.8896484375
2009-05-14 00:00:00,9093.73046875,9223.76953125,9052.41015625
2009-05-15 00:00:00,9265.01953125,9272.080078125,9140.900390625
2009-05-18 00:00:00,9038.6904296875,9167.8203125,8997.740234375
2009-05-19 00:00:00,9290.2900390625,9326.75,9166.9697265625
2009-05-20 00:00:00,9344.6396484375,9399.400390625,9311.6103515625
2009-05-21 00:00:00,9264.150390625,9286.349609375,9189.919921875
2009-05-22 00:00:00,9225.8095703125,9267.8203125,9126.6904296875
2009-05-25 00:00:00,9347.0,9402.759765625,9245.9501953125
2009-05-26 00:00:00,9310.8095703125,9379.7802734375,9231.9296875
2009-05-27 00:00:00,9438.76953125,9491.1298828125,9411.5400390625
2009-05-28 00:00:00,9451.3896484375,9492.66015625,9353.330078125
2009-05-29 00:00:00,9522.5,9522.5,9426.51953125
2009-06-01 00:00:00,9677.75,9691.73046875,9491.259765625
2009-06-02 00:00:00,9704.3095703125,9793.4697265625,9704.3095703125
2009-06-03 00:00:00,9741.669921875,9774.5498046875,9718.7001953125
2009-06-04 00:00:00,9668.9599609375,9743.4599609375,9654.4501953125
2009-06-05 00:00:00,9768.009765625,9774.98046875,9719.1396484375
2009-06-08 00:00:00,9865.6298828125,9914.0703125,9816.169921875
2009-06-09 00:00:00,9786.8203125,9855.8896484375,9755.8095703125
2009-06-10 00:00:00,9991.490234375,9991.490234375,9813.76953125
2009-06-11 00:00:00,9981.330078125,10022.23046875,9958.98046875
2009-06-12 00:00:00,10135.8203125,10170.8203125,10050.9599609375
2009-06-15 00:00:00,10039.669921875,10126.5498046875,10029.58984375
2009-06-16 00:00:00,9752.8798828125,9941.5,9752.8798828125
2009-06-17 00:00:00,9840.849609375,9845.51953125,9705.73046875
2009-06-18 00:00:00,9703.7197265625,9778.349609375,9649.830078125
2009-06-19 00:00:00,9786.259765625,9822.830078125,9703.8701171875
2009-06-22 00:00:00,9826.26953125,9887.1298828125,9763.3701171875
2009-06-23 00:00:00,9549.6103515625,9712.08984375,9511.4501953125
2009-06-24 00:00:00,9590.3203125,9624.41015625,9534.240234375
2009-06-25 00:00:00,9796.080078125,9871.1396484375,9619.01953125
2009-06-26 00:00:00,9877.3896484375,9893.0,9793.9501953125
2009-06-29 00:00:00,9783.4697265625,9943.830078125,9748.73046875
2009-06-30 00:00:00,9958.4404296875,10000.2998046875,9894.9501953125
2009-07-01 00:00:00,9939.9296875,10086.1796875,9874.0
2009-07-02 00:00:00,9876.150390625,9993.76953125,9869.5400390625
2009-07-03 00:00:00,9816.0703125,9816.0703125,9691.16015625
2009-07-06 00:00:00,9680.8701171875,9771.759765625,9650.75
2009-07-07 00:00:00,9647.7900390625,9734.4296875,9619.6796875
2009-07-08 00:00:00,9420.75,9557.3896484375,9407.98046875
2009-07-09 00:00:00,9291.0595703125,9384.240234375,9291.0595703125
2009-07-10 00:00:00,9287.2802734375,9370.150390625,9265.240234375
2009-07-13 00:00:00,9050.330078125,9343.8603515625,9050.330078125
2009-07-14 00:00:00,9261.8095703125,9284.3798828125,9166.6298828125
2009-07-15 00:00:00,9269.25,9333.6396484375,9250.73046875
2009-07-16 00:00:00,9344.16015625,9489.669921875,9317.1103515625
2009-07-17 00:00:00,9395.3203125,9420.6103515625,9360.58984375
2009-07-21 00:00:00,9652.01953125,9652.01953125,9508.919921875
2009-07-22 00:00:00,9723.16015625,9750.6298828125,9608.76953125
2009-07-23 00:00:00,9792.9404296875,9861.2900390625,9703.83984375
2009-07-24 00:00:00,9944.5498046875,9950.0400390625,9863.8701171875
2009-07-27 00:00:00,10088.66015625,10179.58984375,10015.1103515625
2009-07-28 00:00:00,10087.259765625,10116.8896484375,10049.6298828125
2009-07-29 00:00:00,10113.240234375,10161.9501953125,10035.91015625
2009-07-30 00:00:00,10165.2099609375,10169.6796875,10067.509765625
2009-07-31 00:00:00,10356.830078125,10359.0703125,10259.5703125
2009-08-03 00:00:00,10352.4697265625,10380.5703125,10322.0
2009-08-04 00:00:00,10375.009765625,10479.1904296875,10358.48046875
2009-08-05 00:00:00,10252.5302734375,10406.099609375,10252.5302734375
2009-08-06 00:00:00,10388.08984375,10426.1396484375,10266.009765625
2009-08-07 00:00:00,10412.08984375,10412.08984375,10249.0400390625
2009-08-10 00:00:00,10524.259765625,10585.3701171875,10487.7001953125
2009-08-11 00:00:00,10585.4599609375,10587.3603515625,10512.2099609375
2009-08-12 00:00:00,10435.0,10526.349609375,10434.08984375
2009-08-13 00:00:00,10517.1904296875,10556.2802734375,10489.1201171875
2009-08-14 00:00:00,10597.330078125,10630.3798828125,10539.4296875
2009-08-17 00:00:00,10268.6103515625,10521.01953125,10268.6103515625
2009-08-18 00:00:00,10284.9599609375,10325.0595703125,10181.099609375
2009-08-19 00:00:00,10204.0,10327.169921875,10195.1103515625
2009-08-20 00:00:00,10383.41015625,10407.2998046875,10204.259765625
2009-08-21 00:00:00,10238.2001953125,10375.2197265625,10142.2197265625
2009-08-24 00:00:00,10581.0498046875,10591.0,10388.7802734375
2009-08-25 00:00:00,10497.3603515625,10566.3095703125,10469.6904296875
2009-08-26 00:00:00,10639.7099609375,10668.740234375,10526.509765625
2009-08-27 00:00:00,10473.9697265625,10575.7900390625,10400.830078125
2009-08-28 00:00:00,10534.1396484375,10560.4404296875,10471.6298828125
2009-08-31 00:00:00,10492.5302734375,10767.0,10423.900390625
2009-09-02 00:00:00,10280.4599609375,10378.080078125,10215.599609375
2009-09-03 00:00:00,10214.6396484375,10290.830078125,10185.3798828125
2009-09-04 00:00:00,10187.1103515625,10256.490234375,10143.259765625
2009-09-07 00:00:00,10320.9404296875,10326.4501953125,10274.3798828125
2009-09-08 00:00:00,10393.23046875,10393.23046875,10300.5
2009-09-09 00:00:00,10312.1396484375,10390.25,10249.1103515625
2009-09-10 00:00:00,10513.669921875,10521.1396484375,10382.990234375
2009-09-11 00:00:00,10444.330078125,10522.23046875,10407.9697265625
2009-09-14 00:00:00,10202.0595703125,10388.3203125,10170.740234375
2009-09-15 00:00:00,10217.6201171875,10292.4697265625,10183.2998046875
2009-09-16 00:00:00,10270.76953125,10394.5595703125,10247.240234375
2009-09-17 00:00:00,10443.7998046875,10443.7998046875,10340.1396484375
2009-09-18 00:00:00,10370.5400390625,10399.419921875,10292.5
2009-09-24 00:00:00,10544.2197265625,10566.98046875,10386.8798828125
2009-09-25 00:00:00,10265.98046875,10395.4501953125,10228.599609375
2009-09-28 00:00:00,10009.51953125,10151.599609375,9971.0498046875
2009-09-29 00:00:00,10100.2001953125,10125.8798828125,10059.8701171875
2009-09-30 00:00:00,10133.23046875,10138.0400390625,10063.6904296875
2009-10-01 00:00:00,9978.6396484375,10077.2197265625,9965.0595703125
2009-10-02 00:00:00,9731.8701171875,9852.169921875,9714.1796875
2009-10-05 00:00:00,9674.490234375,9751.5595703125,9669.3095703125
2009-10-06 00:00:00,9691.7998046875,9744.419921875,9628.669921875
2009-10-07 00:00:00,9799.599609375,9821.740234375,9735.6796875
2009-10-08 00:00:00,9832.4697265625,9863.33984375,9746.150390625
2009-10-09 00:00:00,10016.3896484375,10016.3896484375,9857.3896484375
2009-10-13 00:00:00,10076.5595703125,10116.7197265625,10039.6201171875
2009-10-14 00:00:00,10060.2099609375,10096.009765625,10016.240234375
2009-10-15 00:00:00,10238.650390625,10272.6201171875,10184.8095703125
2009-10-16 00:00:00,10257.5595703125,10290.3095703125,10216.1396484375
2009-10-19 00:00:00,10236.509765625,10264.4404296875,10125.330078125
2009-10-20 00:00:00,10336.83984375,10357.58984375,10307.58984375
2009-10-21 00:00:00,10333.3896484375,10350.4501953125,10292.3896484375
2009-10-22 00:00:00,10267.169921875,10274.6103515625,10159.66015625
2009-10-23 00:00:00,10282.990234375,10364.169921875,10271.7099609375
2009-10-26 00:00:00,10362.6201171875,10397.6904296875,10250.83984375
2009-10-27 00:00:00,10212.4599609375,10290.919921875,10201.9296875
2009-10-28 00:00:00,10075.0498046875,10209.2001953125,10060.3896484375
2009-10-29 00:00:00,9891.099609375,9945.41015625,9850.1201171875
2009-10-30 00:00:00,10034.740234375,10049.58984375,9984.330078125
2009-11-02 00:00:00,9802.9501953125,9904.6103515625,9736.1396484375
2009-11-04 00:00:00,9844.3095703125,9845.0,9767.91015625
2009-11-05 00:00:00,9717.4404296875,9825.8203125,9691.6904296875
2009-11-06 00:00:00,9789.349609375,9849.7197265625,9767.0
2009-11-09 00:00:00,9808.990234375,9845.900390625,9731.58984375
2009-11-10 00:00:00,9870.73046875,9979.4599609375,9857.099609375
2009-11-11 00:00:00,9871.6796875,9949.7099609375,9849.990234375
2009-11-12 00:00:00,9804.490234375,9943.5703125,9788.490234375
2009-11-13 00:00:00,9770.3095703125,9805.2001953125,9719.3798828125
2009-11-16 00:00:00,9791.1796875,9802.5302734375,9725.8095703125
2009-11-17 00:00:00,9729.9296875,9847.6396484375,9715.2802734375
2009-11-18 00:00:00,9676.7998046875,9788.8095703125,9631.830078125
2009-11-19 00:00:00,9549.4697265625,9691.8603515625,9496.0703125
2009-11-20 00:00:00,9497.6796875,9513.599609375,9423.66015625
2009-11-24 00:00:00,9401.580078125,9511.0,9397.7900390625
2009-11-25 00:00:00,9441.6396484375,9453.7001953125,9366.330078125
2009-11-26 00:00:00,9383.240234375,9457.240234375,9324.990234375
2009-11-27 00:00:00,9081.51953125,9257.2001953125,9076.41015625
2009-11-30 00:00:00,9345.5498046875,9353.740234375,9162.1796875
2009-12-01 00:00:00,9572.2001953125,9572.2001953125,9233.2001953125
2009-12-02 00:00:00,9608.9404296875,9643.3203125,9514.150390625
2009-12-03 00:00:00,9977.669921875,9977.669921875,9707.01953125
2009-12-04 00:00:00,10022.58984375,10022.58984375,9902.830078125
2009-12-07 00:00:00,10167.599609375,10204.580078125,10106.3095703125
2009-12-08 00:00:00,10140.4697265625,10149.3203125,10079.8095703125
2009-12-09 00:00:00,10004.7197265625,10048.9404296875,9985.9697265625
2009-12-10 00:00:00,9862.8203125,10035.919921875,9834.2197265625
2009-12-11 00:00:00,10107.8701171875,10107.8701171875,9916.2099609375
2009-12-14 00:00:00,10105.6796875,10126.6103515625,10009.599609375
2009-12-15 00:00:00,10083.48046875,10111.759765625,10033.900390625
2009-12-16 00:00:00,10177.41015625,10222.2197265625,10117.1201171875
2009-12-17 00:00:00,10163.7998046875,10260.1201171875,10163.7998046875
2009-12-18 00:00:00,10142.0498046875,10157.25,10027.849609375
2009-12-21 00:00:00,10183.4697265625,10215.490234375,10183.4697265625
2009-12-22 00:00:00,10378.0302734375,10378.0302734375,10235.2197265625
2009-12-24 00:00:00,10536.919921875,10558.41015625,10413.3701171875
2009-12-25 00:00:00,10494.7099609375,10546.9697265625,10476.650390625
2009-12-28 00:00:00,10634.23046875,10652.990234375,10513.5498046875
2009-12-29 00:00:00,10638.0595703125,10683.1201171875,10597.41015625
2009-12-30 00:00:00,10546.4404296875,10707.509765625,10546.4404296875
2010-01-04 00:00:00,10654.7900390625,10694.490234375,10608.1396484375
2010-01-05 00:00:00,10681.830078125,10791.0400390625,10655.5703125
2010-01-06 00:00:00,10731.4501953125,10768.6103515625,10661.169921875
2010-01-07 00:00:00,10681.66015625,10774.0,10636.669921875
2010-01-08 00:00:00,10798.3203125,10816.4501953125,10677.5595703125
2010-01-12 00:00:00,10879.1396484375,10905.3896484375,10763.6796875
2010-01-13 00:00:00,10735.0302734375,10866.6201171875,10729.8603515625
2010-01-14 00:00:00,10907.6796875,10909.9404296875,10774.25
2010-01-15 00:00:00,10982.099609375,10982.099609375,10878.830078125
2010-01-18 00:00:00,10855.080078125,10895.099609375,10781.0302734375
2010-01-19 00:00:00,10764.900390625,10866.830078125,10749.4697265625
2010-01-20 00:00:00,10737.51953125,10860.9296875,10724.5703125
2010-01-21 00:00:00,10868.41015625,10886.6396484375,10649.83984375
2010-01-22 00:00:00,10590.5498046875,10768.0703125,10528.330078125
2010-01-25 00:00:00,10512.6904296875,10557.6396484375,10414.580078125
2010-01-26 00:00:00,10325.2802734375,10566.490234375,10324.98046875
2010-01-27 00:00:00,10252.080078125,10373.8203125,10252.080078125
2010-01-28 00:00:00,10414.2900390625,10462.7001953125,10296.98046875
2010-01-29 00:00:00,10198.0400390625,10324.3701171875,10198.0400390625
2010-02-01 00:00:00,10205.01953125,10224.830078125,10129.91015625
2010-02-02 00:00:00,10371.08984375,10396.48046875,10287.740234375
2010-02-03 00:00:00,10404.330078125,10436.51953125,10356.0302734375
2010-02-04 00:00:00,10355.98046875,10438.41015625,10279.5703125
2010-02-05 00:00:00,10057.08984375,10166.2998046875,10036.330078125
2010-02-08 00:00:00,9951.8203125,10063.5302734375,9942.0498046875
2010-02-09 00:00:00,9932.900390625,9956.7900390625,9867.3896484375
2010-02-10 00:00:00,9963.990234375,10049.8701171875,9963.990234375
2010-02-12 00:00:00,10092.1904296875,10099.4599609375,10014.5
2010-02-15 00:00:00,10013.2998046875,10119.4697265625,10012.5302734375
2010-02-16 00:00:00,10034.25,10062.26953125,10019.4296875
2010-02-17 00:00:00,10306.830078125,10306.830078125,10150.240234375
2010-02-18 00:00:00,10335.6904296875,10340.3798828125,10285.0498046875
2010-02-19 00:00:00,10123.580078125,10354.419921875,10123.580078125
2010-02-22 00:00:00,10400.4697265625,10449.75,10298.150390625
2010-02-23 00:00:00,10352.099609375,10375.5498046875,10280.330078125
2010-02-24 00:00:00,10198.830078125,10243.2001953125,10129.650390625
2010-02-25 00:00:00,10101.9599609375,10267.4296875,10087.2099609375
2010-02-26 00:00:00,10126.0302734375,10171.2197265625,10085.1298828125
2010-03-01 00:00:00,10172.0595703125,10215.150390625,10116.8603515625
2010-03-02 00:00:00,10221.83984375,10238.9599609375,10150.2998046875
2010-03-03 00:00:00,10253.1396484375,10274.08984375,10186.6796875
2010-03-04 00:00:00,10145.7197265625,10263.48046875,10134.3701171875
2010-03-05 00:00:00,10368.9599609375,10376.41015625,10254.6103515625
2010-03-08 00:00:00,10585.919921875,10586.9697265625,10514.2802734375
2010-03-09 00:00:00,10567.650390625,10593.26953125,10542.8095703125
2010-03-10 00:00:00,10563.919921875,10588.6904296875,10547.33984375
2010-03-11 00:00:00,10664.9501953125,10664.9501953125,10588.8603515625
2010-03-12 00:00:00,10751.259765625,10777.490234375,10699.2998046875
2010-03-15 00:00:00,10751.98046875,10808.83984375,10708.9697265625
2010-03-16 00:00:00,10721.7099609375,10776.51953125,10716.2001953125
2010-03-17 00:00:00,10846.98046875,10864.2998046875,10761.8896484375
2010-03-18 00:00:00,10744.0302734375,10845.73046875,10731.66015625
2010-03-19 00:00:00,10824.7197265625,10826.759765625,10775.5703125
2010-03-23 00:00:00,10774.150390625,10817.7802734375,10766.650390625
2010-03-24 00:00:00,10815.0302734375,10880.6201171875,10769.1796875
2010-03-25 00:00:00,10828.849609375,10872.4501953125,10808.7099609375
2010-03-26 00:00:00,10996.3701171875,11001.58984375,10889.330078125
2010-03-29 00:00:00,10986.4697265625,10990.75,10901.2001953125
2010-03-30 00:00:00,11097.1396484375,11108.8203125,11003.349609375
2010-03-31 00:00:00,11089.9404296875,11147.6201171875,11085.5498046875
2010-04-01 00:00:00,11244.400390625,11272.73046875,11118.1796875
2010-04-02 00:00:00,11286.08984375,11313.98046875,11235.98046875
2010-04-05 00:00:00,11339.2998046875,11408.169921875,11306.6201171875
2010-04-06 00:00:00,11282.3203125,11358.4501953125,11217.25
2010-04-07 00:00:00,11292.830078125,11350.5703125,11260.419921875
2010-04-08 00:00:00,11168.2001953125,11232.3603515625,11159.4501953125
2010-04-09 00:00:00,11204.33984375,11204.8701171875,11148.7998046875
2010-04-12 00:00:00,11251.900390625,11351.5498046875,11248.5703125
2010-04-13 00:00:00,11161.23046875,11212.650390625,11088.48046875
2010-04-14 00:00:00,11204.900390625,11270.2001953125,11161.009765625
2010-04-15 00:00:00,11273.7900390625,11316.66015625,11255.7998046875
2010-04-16 00:00:00,11102.1796875,11230.5302734375,11084.7197265625
2010-04-19 00:00:00,10908.76953125,10953.900390625,10878.990234375
2010-04-20 00:00:00,10900.6796875,10999.5703125,10890.8203125
2010-04-21 00:00:00,11090.0498046875,11093.2998046875,11023.8798828125
2010-04-22 00:00:00,10949.08984375,10989.6201171875,10866.23046875
2010-04-23 00:00:00,10914.4599609375,10967.1201171875,10865.919921875
2010-04-26 00:00:00,11165.7900390625,11165.7900390625,11035.66015625
2010-04-27 00:00:00,11212.66015625,11213.4501953125,11108.7197265625
2010-04-28 00:00:00,10924.7900390625,11008.8798828125,10882.400390625
2010-04-30 00:00:00,11057.400390625,11092.51953125,11035.26953125
2010-05-06 00:00:00,10695.6904296875,10847.900390625,10682.6103515625
2010-05-07 00:00:00,10364.58984375,10472.76953125,10257.3203125
2010-05-10 00:00:00,10530.7001953125,10540.51953125,10362.33984375
2010-05-11 00:00:00,10411.099609375,10643.2802734375,10392.4697265625
2010-05-12 00:00:00,10394.0302734375,10501.7197265625,10345.1904296875
2010-05-13 00:00:00,10620.5498046875,10638.23046875,10535.9404296875
2010-05-14 00:00:00,10462.509765625,10551.6904296875,10390.76953125
2010-05-17 00:00:00,10235.759765625,10331.8701171875,10158.2998046875
2010-05-18 00:00:00,10242.6396484375,10336.5302734375,10197.740234375
2010-05-19 00:00:00,10186.83984375,10186.83984375,10041.9296875
2010-05-20 00:00:00,10030.3095703125,10161.7001953125,9999.58984375
2010-05-21 00:00:00,9784.5400390625,9829.3603515625,9696.6298828125
2010-05-24 00:00:00,9758.400390625,9793.4599609375,9693.0703125
2010-05-25 00:00:00,9459.8896484375,9642.599609375,9432.08984375
2010-05-26 00:00:00,9522.66015625,9622.400390625,9477.4501953125
2010-05-27 00:00:00,9639.7197265625,9642.16015625,9395.2900390625
2010-05-28 00:00:00,9762.98046875,9824.849609375,9699.1396484375
2010-05-31 00:00:00,9768.7001953125,9831.73046875,9728.419921875
2010-06-01 00:00:00,9711.830078125,9747.259765625,9658.4404296875
2010-06-02 00:00:00,9603.240234375,9763.41015625,9560.16015625
2010-06-03 00:00:00,9914.1904296875,9920.1796875,9758.8203125
2010-06-04 00:00:00,9901.1904296875,9962.419921875,9868.08984375
2010-06-07 00:00:00,9520.7998046875,9714.419921875,9502.6201171875
2010-06-08 00:00:00,9537.9404296875,9587.650390625,9434.8095703125
2010-06-09 00:00:00,9439.1298828125,9487.91015625,9378.23046875
2010-06-10 00:00:00,9542.650390625,9544.0400390625,9437.4697265625
2010-06-11 00:00:00,9705.25,9764.73046875,9673.599609375
2010-06-14 00:00:00,9879.849609375,9882.0498046875,9819.9501953125
2010-06-15 00:00:00,9887.8896484375,9911.73046875,9826.4404296875
2010-06-16 00:00:00,10067.150390625,10109.8603515625,10033.240234375
2010-06-17 00:00:00,9999.400390625,10053.4501953125,9989.2099609375
2010-06-18 00:00:00,9995.01953125,10029.1103515625,9965.16015625
2010-06-21 00:00:00,10238.009765625,10251.900390625,10109.26953125
2010-06-22 00:00:00,10112.8896484375,10183.8896484375,10105.48046875
2010-06-23 00:00:00,9923.7001953125,9975.009765625,9912.7998046875
2010-06-24 00:00:00,9928.33984375,10009.3701171875,9893.75
2010-06-25 00:00:00,9737.48046875,9794.98046875,9697.8701171875
2010-06-28 00:00:00,9693.9404296875,9762.23046875,9679.169921875
2010-06-29 00:00:00,9570.669921875,9760.01953125,9548.98046875
2010-06-30 00:00:00,9382.6396484375,9420.1396484375,9347.0703125
2010-07-01 00:00:00,9191.599609375,9297.4501953125,9147.6796875
2010-07-02 00:00:00,9203.7099609375,9259.1396484375,9160.4697265625
2010-07-05 00:00:00,9266.7802734375,9282.900390625,9213.7900390625
2010-07-06 00:00:00,9338.0400390625,9351.1103515625,9091.7001953125
2010-07-07 00:00:00,9279.650390625,9329.6396484375,9223.7998046875
2010-07-08 00:00:00,9535.740234375,9545.990234375,9456.1904296875
2010-07-09 00:00:00,9585.3203125,9610.58984375,9516.9697265625
2010-07-12 00:00:00,9548.1103515625,9632.8896484375,9533.5595703125
2010-07-13 00:00:00,9537.23046875,9629.98046875,9502.240234375
2010-07-14 00:00:00,9795.240234375,9807.3603515625,9693.330078125
2010-07-15 00:00:00,9685.5302734375,9726.9404296875,9667.0
2010-07-16 00:00:00,9408.3603515625,9636.83984375,9392.2099609375
2010-07-21 00:00:00,9278.830078125,9404.0703125,9230.83984375
2010-07-22 00:00:00,9220.8798828125,9254.1904296875,9176.1201171875
2010-07-23 00:00:00,9430.9599609375,9474.1103515625,9367.2998046875
2010-07-26 00:00:00,9503.66015625,9561.8203125,9493.6103515625
2010-07-27 00:00:00,9496.849609375,9541.58984375,9487.650390625
2010-07-28 00:00:00,9753.26953125,9760.3095703125,9614.4697265625
2010-07-29 00:00:00,9696.01953125,9732.759765625,9648.9697265625
2010-07-30 00:00:00,9537.2998046875,9658.6103515625,9505.6396484375
2010-08-02 00:00:00,9570.3095703125,9676.41015625,9548.8603515625
2010-08-03 00:00:00,9694.009765625,9750.8798828125,9632.8603515625
2010-08-04 00:00:00,9489.33984375,9613.1298828125,9474.669921875
2010-08-05 00:00:00,9653.919921875,9688.8701171875,9578.3095703125
2010-08-06 00:00:00,9642.1201171875,9658.0400390625,9545.41015625
2010-08-09 00:00:00,9572.490234375,9572.830078125,9523.6298828125
2010-08-10 00:00:00,9551.0498046875,9667.0400390625,9505.33984375
2010-08-11 00:00:00,9292.849609375,9445.0400390625,9283.599609375
2010-08-12 00:00:00,9212.58984375,9212.58984375,9065.9404296875
2010-08-13 00:00:00,9253.4599609375,9278.4599609375,9163.25
2010-08-16 00:00:00,9196.669921875,9210.9697265625,9095.9404296875
2010-08-17 00:00:00,9161.6796875,9188.48046875,9084.240234375
2010-08-18 00:00:00,9240.5400390625,9280.58984375,9153.419921875
2010-08-19 00:00:00,9362.6796875,9362.6796875,9242.83984375
2010-08-20 00:00:00,9179.3798828125,9287.5,9169.169921875
2010-08-23 00:00:00,9116.6904296875,9171.419921875,9090.9599609375
2010-08-24 00:00:00,8995.1396484375,9069.2197265625,8983.51953125
2010-08-25 00:00:00,8845.3896484375,8949.41015625,8807.41015625
2010-08-26 00:00:00,8906.48046875,8910.6201171875,8834.08984375
2010-08-27 00:00:00,8991.0595703125,9021.75,8810.4599609375
2010-08-30 00:00:00,9149.259765625,9280.7001953125,9117.8701171875
2010-08-31 00:00:00,8824.0595703125,9008.3603515625,8819.259765625
2010-09-01 00:00:00,8927.01953125,8932.150390625,8796.4501953125
2010-09-02 00:00:00,9062.83984375,9083.3701171875,8958.8095703125
2010-09-03 00:00:00,9114.1298828125,9141.08984375,9050.830078125
2010-09-06 00:00:00,9301.3203125,9303.0,9173.3798828125
2010-09-07 00:00:00,9226.0,9311.01953125,9206.8095703125
2010-09-08 00:00:00,9024.599609375,9105.8896484375,8997.6298828125
2010-09-09 00:00:00,9098.3896484375,9136.259765625,9069.9296875
2010-09-10 00:00:00,9239.169921875,9291.5,9132.25
2010-09-13 00:00:00,9321.8203125,9390.900390625,9317.2998046875
2010-09-14 00:00:00,9299.3095703125,9330.0498046875,9258.1796875
2010-09-16 00:00:00,9509.5,9620.900390625,9479.6298828125
2010-09-17 00:00:00,9626.08984375,9643.2802734375,9554.3603515625
2010-09-21 00:00:00,9602.1103515625,9704.25,9579.830078125
2010-09-22 00:00:00,9566.3203125,9625.41015625,9546.8203125
2010-09-24 00:00:00,9471.669921875,9601.76953125,9415.9599609375
2010-09-27 00:00:00,9603.1396484375,9613.4697265625,9539.1201171875
2010-09-28 00:00:00,9495.759765625,9553.91015625,9471.349609375
2010-09-29 00:00:00,9559.3798828125,9600.9296875,9502.33984375
2010-09-30 00:00:00,9369.349609375,9566.83984375,9369.349609375
2010-10-01 00:00:00,9404.23046875,9470.3603515625,9358.6201171875
2010-10-04 00:00:00,9381.0595703125,9508.3603515625,9358.8203125
2010-10-05 00:00:00,9518.759765625,9538.349609375,9332.1904296875
2010-10-06 00:00:00,9691.4296875,9693.740234375,9567.0
2010-10-07 00:00:00,9684.8095703125,9716.919921875,9649.169921875
2010-10-08 00:00:00,9588.8798828125,9675.58984375,9588.8798828125
2010-10-12 00:00:00,9388.6396484375,9650.2001953125,9387.73046875
2010-10-13 00:00:00,9403.509765625,9510.1904296875,9393.51953125
2010-10-14 00:00:00,9583.509765625,9614.4404296875,9481.509765625
2010-10-15 00:00:00,9500.25,9553.5703125,9478.6396484375
2010-10-18 00:00:00,9498.490234375,9564.849609375,9471.48046875
2010-10-19 00:00:00,9539.4501953125,9575.1396484375,9489.6796875
2010-10-20 00:00:00,9381.599609375,9402.0498046875,9316.9697265625
2010-10-21 00:00:00,9376.48046875,9479.25,9326.7802734375
2010-10-22 00:00:00,9426.7099609375,9457.6201171875,9390.1396484375
2010-10-25 00:00:00,9401.16015625,9460.7001953125,9392.6796875
2010-10-26 00:00:00,9377.3798828125,9455.0400390625,9362.1298828125
2010-10-27 00:00:00,9387.0302734375,9453.7900390625,9329.8603515625
2010-10-28 00:00:00,9366.0302734375,9413.6796875,9350.4404296875
2010-10-29 00:00:00,9202.4501953125,9337.919921875,9179.150390625
2010-11-01 00:00:00,9154.7197265625,9258.3203125,9134.4697265625
2010-11-02 00:00:00,9159.98046875,9172.0302734375,9123.6201171875
2010-11-04 00:00:00,9358.7802734375,9377.759765625,9276.7099609375
2010-11-05 00:00:00,9625.990234375,9680.6796875,9497.4501953125
2010-11-08 00:00:00,9732.919921875,9737.009765625,9677.8701171875
2010-11-09 00:00:00,9694.490234375,9726.599609375,9659.8603515625
2010-11-10 00:00:00,9830.51953125,9842.900390625,9747.0302734375
2010-11-11 00:00:00,9861.4599609375,9885.3701171875,9834.8203125
2010-11-12 00:00:00,9724.8095703125,9851.419921875,9724.8095703125
2010-11-15 00:00:00,9827.509765625,9830.58984375,9744.990234375
2010-11-16 00:00:00,9797.099609375,9908.2998046875,9774.1201171875
2010-11-17 00:00:00,9811.66015625,9817.3701171875,9693.2099609375
2010-11-18 00:00:00,10013.6298828125,10013.6298828125,9798.5595703125
2010-11-19 00:00:00,10022.3896484375,10130.23046875,10019.080078125
2010-11-22 00:00:00,10115.1904296875,10157.9697265625,10091.990234375
2010-11-24 00:00:00,10030.1103515625,10064.3095703125,9904.919921875
2010-11-25 00:00:00,10079.759765625,10123.26953125,10038.7900390625
2010-11-26 00:00:00,10039.5595703125,10134.6396484375,10039.5595703125
2010-11-29 00:00:00,10125.990234375,10149.9404296875,10044.009765625
2010-11-30 00:00:00,9937.0400390625,10101.419921875,9937.0400390625
2010-12-01 00:00:00,9988.0498046875,9988.0498046875,9918.5498046875
2010-12-02 00:00:00,10168.51953125,10187.58984375,10143.080078125
2010-12-03 00:00:00,10178.3203125,10254.0,10154.990234375
2010-12-06 00:00:00,10167.23046875,10179.8203125,10143.580078125
2010-12-07 00:00:00,10141.099609375,10167.099609375,10094.41015625
2010-12-08 00:00:00,10232.330078125,10258.900390625,10184.3203125
2010-12-09 00:00:00,10285.8798828125,10298.25,10240.1103515625
2010-12-10 00:00:00,10211.9501953125,10373.7001953125,10194.26953125
2010-12-13 00:00:00,10293.8896484375,10293.8896484375,10199.73046875
2010-12-14 00:00:00,10316.76953125,10319.240234375,10267.2197265625
2010-12-15 00:00:00,10309.7802734375,10340.6904296875,10282.849609375
2010-12-16 00:00:00,10311.2900390625,10347.3896484375,10282.5400390625
2010-12-17 00:00:00,10303.830078125,10327.419921875,10280.7998046875
2010-12-20 00:00:00,10216.41015625,10301.150390625,10182.740234375
2010-12-21 00:00:00,10370.5302734375,10372.509765625,10266.2900390625
2010-12-22 00:00:00,10346.48046875,10394.2197265625,10327.599609375
2010-12-24 00:00:00,10279.1904296875,10290.8896484375,10264.0595703125
2010-12-27 00:00:00,10355.990234375,10376.91015625,10292.83984375
2010-12-28 00:00:00,10292.6298828125,10340.83984375,10292.6298828125
2010-12-29 00:00:00,10344.5400390625,10344.5400390625,10276.6103515625
2010-12-30 00:00:00,10228.919921875,10315.4697265625,10209.9296875
2011-01-04 00:00:00,10398.099609375,10409.169921875,10321.2802734375
2011-01-05 00:00:00,10380.76953125,10413.4501953125,10358.009765625
2011-01-06 00:00:00,10529.759765625,10530.1103515625,10477.51953125
2011-01-07 00:00:00,10541.0400390625,10550.7099609375,10503.01953125
2011-01-11 00:00:00,10510.6796875,10538.3896484375,10476.2900390625
2011-01-12 00:00:00,10512.7998046875,10576.509765625,10502.9599609375
2011-01-13 00:00:00,10589.759765625,10620.5703125,10565.2802734375
2011-01-14 00:00:00,10499.0400390625,10579.9697265625,10497.259765625
2011-01-17 00:00:00,10502.8603515625,10562.3896484375,10482.6904296875
2011-01-18 00:00:00,10518.98046875,10548.2099609375,10456.7099609375
2011-01-19 00:00:00,10557.099609375,10580.6796875,10534.01953125
2011-01-20 00:00:00,10437.3095703125,10505.6298828125,10421.830078125
2011-01-21 00:00:00,10274.51953125,10461.0703125,10257.990234375
2011-01-24 00:00:00,10345.1103515625,10347.9404296875,10278.8095703125
2011-01-25 00:00:00,10464.419921875,10480.240234375,10355.7998046875
2011-01-26 00:00:00,10401.900390625,10440.349609375,10392.4599609375
2011-01-27 00:00:00,10478.66015625,10496.400390625,10421.75
2011-01-28 00:00:00,10360.33984375,10480.080078125,10332.650390625
2011-01-31 00:00:00,10237.919921875,10265.9599609375,10182.5703125
2011-02-01 00:00:00,10274.5,10299.3798828125,10245.75
2011-02-02 00:00:00,10457.3603515625,10479.75,10366.9599609375
2011-02-03 00:00:00,10431.3603515625,10450.4599609375,10409.83984375
2011-02-04 00:00:00,10543.51953125,10580.3603515625,10524.1298828125
2011-02-07 00:00:00,10592.0400390625,10644.2099609375,10572.7197265625
2011-02-08 00:00:00,10635.98046875,10648.7998046875,10623.7001953125
2011-02-09 00:00:00,10617.830078125,10701.919921875,10599.5
2011-02-10 00:00:00,10605.650390625,10631.9404296875,10570.6201171875
2011-02-14 00:00:00,10725.5400390625,10725.5400390625,10674.4404296875
2011-02-15 00:00:00,10746.669921875,10760.990234375,10712.490234375
2011-02-16 00:00:00,10808.2900390625,10842.3095703125,10752.6103515625
2011-02-17 00:00:00,10836.6396484375,10891.599609375,10820.48046875
2011-02-18 00:00:00,10842.7998046875,10862.4296875,10810.1201171875
2011-02-21 00:00:00,10857.5302734375,10859.3896484375,10789.41015625
2011-02-22 00:00:00,10664.7001953125,10761.2197265625,10639.7802734375
2011-02-23 00:00:00,10579.099609375,10666.7197265625,10569.9296875
2011-02-24 00:00:00,10452.7099609375,10542.7001953125,10428.3798828125
2011-02-25 00:00:00,10526.759765625,10532.2099609375,10454.4599609375
2011-02-28 00:00:00,10624.08984375,10628.759765625,10448.830078125
2011-03-01 00:00:00,10754.0302734375,10754.0302734375,10672.91015625
2011-03-02 00:00:00,10492.3798828125,10629.5,10492.3798828125
2011-03-03 00:00:00,10586.01953125,10593.33984375,10522.400390625
2011-03-04 00:00:00,10693.66015625,10768.4296875,10664.3701171875
2011-03-07 00:00:00,10505.01953125,10626.9697265625,10472.509765625
2011-03-08 00:00:00,10525.1904296875,10565.099609375,10509.23046875
2011-03-09 00:00:00,10589.5,10662.0703125,10563.8203125
2011-03-10 00:00:00,10434.3798828125,10549.169921875,10410.099609375
2011-03-11 00:00:00,10254.4296875,10378.5498046875,10254.4296875
2011-03-14 00:00:00,9620.490234375,10049.919921875,9578.650390625
2011-03-15 00:00:00,8605.150390625,9441.66015625,8227.6298828125
2011-03-16 00:00:00,9093.7197265625,9168.509765625,8763.9501953125
2011-03-17 00:00:00,8962.669921875,9093.6103515625,8639.5595703125
2011-03-18 00:00:00,9206.75,9275.599609375,9073.25
2011-03-22 00:00:00,9608.3203125,9625.0302734375,9395.849609375
2011-03-23 00:00:00,9449.4697265625,9592.400390625,9387.9501953125
2011-03-24 00:00:00,9435.009765625,9509.849609375,9418.7099609375
2011-03-25 00:00:00,9536.1298828125,9569.7099609375,9469.3701171875
2011-03-28 00:00:00,9478.5302734375,9541.759765625,9405.2001953125
2011-03-29 00:00:00,9459.080078125,9502.23046875,9317.3798828125
2011-03-30 00:00:00,9708.7900390625,9708.7900390625,9479.0302734375
2011-03-31 00:00:00,9755.099609375,9765.8095703125,9658.6396484375
2011-04-01 00:00:00,9708.3896484375,9822.0595703125,9698.599609375
2011-04-04 00:00:00,9718.8896484375,9808.599609375,9718.8896484375
2011-04-05 00:00:00,9615.5498046875,9732.259765625,9566.0498046875
2011-04-06 00:00:00,9584.3701171875,9671.4599609375,9562.16015625
2011-04-07 00:00:00,9590.9296875,9687.1796875,9578.4697265625
2011-04-08 00:00:00,9768.080078125,9804.2802734375,9536.6796875
2011-04-11 00:00:00,9719.7001953125,9775.599609375,9700.75
2011-04-12 00:00:00,9555.259765625,9603.6396484375,9513.26953125
2011-04-13 00:00:00,9641.1796875,9655.830078125,9516.5
2011-04-14 00:00:00,9653.919921875,9676.9697265625,9553.75
2011-04-15 00:00:00,9591.51953125,9651.9599609375,9577.9599609375
2011-04-18 00:00:00,9556.650390625,9608.919921875,9539.0302734375
2011-04-19 00:00:00,9441.0302734375,9478.8701171875,9405.1904296875
2011-04-20 00:00:00,9606.8203125,9631.0,9519.3603515625
2011-04-21 00:00:00,9685.76953125,9725.1201171875,9643.919921875
2011-04-22 00:00:00,9682.2099609375,9732.6298828125,9611.3798828125
2011-04-25 00:00:00,9671.9599609375,9748.400390625,9657.240234375
2011-04-26 00:00:00,9558.6904296875,9627.4296875,9536.509765625
2011-04-27 00:00:00,9691.83984375,9728.0302734375,9630.3701171875
2011-04-28 00:00:00,9849.740234375,9849.740234375,9712.580078125
2011-05-02 00:00:00,10004.2001953125,10017.4697265625,9936.26953125
2011-05-06 00:00:00,9859.2001953125,9876.099609375,9782.66015625
2011-05-09 00:00:00,9794.3798828125,9897.8798828125,9776.740234375
2011-05-10 00:00:00,9818.759765625,9853.1298828125,9755.9296875
2011-05-11 00:00:00,9864.259765625,9929.0400390625,9842.669921875
2011-05-12 00:00:00,9716.650390625,9836.7099609375,9716.650390625
2011-05-13 00:00:00,9648.76953125,9751.4501953125,9552.9296875
2011-05-16 00:00:00,9558.2998046875,9598.330078125,9552.8603515625
2011-05-17 00:00:00,9567.01953125,9593.1298828125,9502.3896484375
2011-05-18 00:00:00,9662.080078125,9693.599609375,9590.400390625
2011-05-19 00:00:00,9620.8203125,9731.1201171875,9600.8095703125
2011-05-20 00:00:00,9607.080078125,9670.919921875,9600.48046875
2011-05-23 00:00:00,9460.6298828125,9547.8603515625,9437.8701171875
2011-05-24 00:00:00,9477.169921875,9490.349609375,9406.0400390625
2011-05-25 00:00:00,9422.8798828125,9503.76953125,9415.330078125
2011-05-26 00:00:00,9562.0498046875,9567.4599609375,9489.1201171875
2011-05-27 00:00:00,9521.9404296875,9588.7001953125,9493.4404296875
2011-05-30 00:00:00,9504.9697265625,9540.01953125,9448.0
2011-05-31 00:00:00,9693.73046875,9697.349609375,9497.400390625
2011-06-01 00:00:00,9719.6103515625,9720.73046875,9659.3095703125
2011-06-02 00:00:00,9555.0400390625,9575.009765625,9517.2802734375
2011-06-03 00:00:00,9492.2099609375,9603.0302734375,9490.6796875
2011-06-06 00:00:00,9380.349609375,9490.5498046875,9359.7802734375
2011-06-07 00:00:00,9442.9501953125,9454.66015625,9358.3095703125
2011-06-08 00:00:00,9449.4599609375,9458.4296875,9394.740234375
2011-06-09 00:00:00,9467.150390625,9472.41015625,9383.1201171875
2011-06-10 00:00:00,9514.4404296875,9613.75,9493.0498046875
2011-06-13 00:00:00,9448.2099609375,9466.509765625,9391.259765625
2011-06-14 00:00:00,9547.7900390625,9565.650390625,9438.41015625
2011-06-15 00:00:00,9574.3203125,9599.900390625,9520.9296875
2011-06-16 00:00:00,9411.2802734375,9497.58984375,9411.2802734375
2011-06-17 00:00:00,9351.400390625,9447.4404296875,9318.6201171875
2011-06-20 00:00:00,9354.3203125,9421.3798828125,9346.759765625
2011-06-21 00:00:00,9459.66015625,9459.66015625,9378.3603515625
2011-06-22 00:00:00,9629.4296875,9658.6201171875,9525.25
2011-06-23 00:00:00,9596.740234375,9652.41015625,9553.2998046875
2011-06-24 00:00:00,9678.7099609375,9695.08984375,9609.240234375
2011-06-27 00:00:00,9578.3095703125,9638.490234375,9570.580078125
2011-06-28 00:00:00,9648.98046875,9703.41015625,9632.5400390625
2011-06-29 00:00:00,9797.259765625,9797.259765625,9734.66015625
2011-06-30 00:00:00,9816.08984375,9849.6904296875,9785.8896484375
2011-07-01 00:00:00,9868.0703125,9900.5703125,9849.6396484375
2011-07-04 00:00:00,9965.08984375,10005.75,9940.4697265625
2011-07-05 00:00:00,9972.4599609375,9995.169921875,9948.3798828125
2011-07-06 00:00:00,10082.48046875,10082.48046875,9967.8701171875
2011-07-07 00:00:00,10071.1396484375,10102.1904296875,10029.330078125
2011-07-08 00:00:00,10137.73046875,10207.91015625,10126.4697265625
2011-07-11 00:00:00,10069.5302734375,10109.2998046875,10057.76953125
2011-07-12 00:00:00,9925.919921875,9971.1396484375,9907.8095703125
2011-07-13 00:00:00,9963.1396484375,9979.669921875,9887.330078125
2011-07-14 00:00:00,9936.1201171875,9998.490234375,9884.0
2011-07-15 00:00:00,9974.4697265625,9985.3203125,9919.099609375
2011-07-19 00:00:00,9889.7197265625,9945.7197265625,9889.7197265625
2011-07-20 00:00:00,10005.900390625,10042.75,9986.330078125
2011-07-21 00:00:00,10010.3896484375,10026.1796875,9974.0
2011-07-22 00:00:00,10132.1103515625,10149.1796875,10076.5302734375
2011-07-25 00:00:00,10050.009765625,10091.01953125,10039.099609375
2011-07-26 00:00:00,10097.7197265625,10130.25,10043.990234375
2011-07-27 00:00:00,10047.1904296875,10053.5,10009.3701171875
2011-07-28 00:00:00,9901.349609375,9945.98046875,9853.849609375
2011-07-29 00:00:00,9833.0302734375,9914.2197265625,9824.33984375
2011-08-01 00:00:00,9965.009765625,10040.1298828125,9906.169921875
2011-08-02 00:00:00,9844.58984375,9873.4599609375,9822.2998046875
2011-08-03 00:00:00,9637.1396484375,9705.01953125,9610.3798828125
2011-08-04 00:00:00,9659.1796875,9768.400390625,9615.349609375
2011-08-05 00:00:00,9299.8798828125,9469.16015625,9264.08984375
2011-08-08 00:00:00,9097.5595703125,9215.08984375,9057.2900390625
2011-08-09 00:00:00,8944.48046875,8949.9697265625,8656.7900390625
2011-08-10 00:00:00,9038.740234375,9144.330078125,9021.3603515625
2011-08-11 00:00:00,8981.9404296875,8983.330078125,8832.419921875
2011-08-12 00:00:00,8963.7197265625,9070.26953125,8926.8896484375
2011-08-15 00:00:00,9086.41015625,9117.1103515625,9032.83984375
2011-08-16 00:00:00,9107.4296875,9150.3095703125,9072.5302734375
2011-08-17 00:00:00,9057.259765625,9081.7998046875,9003.7001953125
2011-08-18 00:00:00,8943.759765625,9043.1796875,8931.25
2011-08-19 00:00:00,8719.240234375,8796.419921875,8707.4697265625
2011-08-22 00:00:00,8628.1298828125,8756.099609375,8619.2099609375
2011-08-23 00:00:00,8733.009765625,8747.41015625,8630.490234375
2011-08-24 00:00:00,8639.6103515625,8825.26953125,8620.8896484375
2011-08-25 00:00:00,8772.3603515625,8849.9404296875,8741.740234375
2011-08-26 00:00:00,8797.7802734375,8805.099609375,8742.4599609375
2011-08-29 00:00:00,8851.349609375,8926.26953125,8751.2900390625
2011-08-30 00:00:00,8953.900390625,8992.8603515625,8935.849609375
2011-08-31 00:00:00,8955.2001953125,8967.7998046875,8905.51953125
2011-09-01 00:00:00,9060.7998046875,9098.150390625,8998.009765625
2011-09-02 00:00:00,8950.740234375,9014.26953125,8914.650390625
2011-09-05 00:00:00,8784.4599609375,8842.5595703125,8757.1796875
2011-09-06 00:00:00,8590.5703125,8709.919921875,8588.33984375
2011-09-07 00:00:00,8763.41015625,8773.259765625,8702.7802734375
2011-09-08 00:00:00,8793.1201171875,8876.490234375,8757.580078125
2011-09-09 00:00:00,8737.66015625,8803.75,8726.25
2011-09-12 00:00:00,8535.669921875,8584.0498046875,8520.9697265625
2011-09-13 00:00:00,8616.5498046875,8635.8798828125,8549.0595703125
2011-09-14 00:00:00,8518.5703125,8671.240234375,8499.33984375
2011-09-15 00:00:00,8668.8603515625,8695.9501953125,8634.01953125
2011-09-16 00:00:00,8864.16015625,8864.16015625,8774.16015625
2011-09-20 00:00:00,8721.240234375,8771.7197265625,8704.23046875
2011-09-21 00:00:00,8741.16015625,8771.6201171875,8707.16015625
2011-09-22 00:00:00,8560.259765625,8643.01953125,8545.4599609375
2011-09-26 00:00:00,8374.1298828125,8556.66015625,8359.7001953125
2011-09-27 00:00:00,8609.9501953125,8609.9501953125,8479.0498046875
2011-09-28 00:00:00,8615.650390625,8665.5400390625,8595.849609375
2011-09-29 00:00:00,8701.23046875,8706.1396484375,8501.419921875
2011-09-30 00:00:00,8700.2900390625,8756.0,8653.6201171875
2011-10-03 00:00:00,8545.48046875,8577.51953125,8455.669921875
2011-10-04 00:00:00,8456.1201171875,8470.759765625,8359.240234375
2011-10-05 00:00:00,8382.98046875,8501.0302734375,8343.009765625
2011-10-06 00:00:00,8522.01953125,8545.7900390625,8463.830078125
2011-10-07 00:00:00,8605.6201171875,8663.5703125,8589.3603515625
2011-10-11 00:00:00,8773.6796875,8806.4404296875,8725.6201171875
2011-10-12 00:00:00,8738.900390625,8763.01953125,8689.3798828125
2011-10-13 00:00:00,8823.25,8854.16015625,8808.73046875
2011-10-14 00:00:00,8747.9599609375,8787.8896484375,8733.7099609375
2011-10-17 00:00:00,8879.599609375,8911.7001953125,8856.580078125
2011-10-18 00:00:00,8741.91015625,8773.990234375,8727.3896484375
2011-10-19 00:00:00,8772.5400390625,8831.5498046875,8745.3603515625
2011-10-20 00:00:00,8682.150390625,8733.599609375,8672.2099609375
2011-10-21 00:00:00,8678.8896484375,8700.490234375,8652.259765625
2011-10-24 00:00:00,8843.98046875,8844.2802734375,8762.01953125
2011-10-25 00:00:00,8762.3095703125,8870.3701171875,8755.3798828125
2011-10-26 00:00:00,8748.4697265625,8798.7998046875,8642.5595703125
2011-10-27 00:00:00,8926.5400390625,8926.5400390625,8731.76953125
2011-10-28 00:00:00,9050.4697265625,9086.4296875,9003.08984375
2011-10-31 00:00:00,8988.3896484375,9152.3896484375,8988.3896484375
2011-11-01 00:00:00,8835.51953125,8946.0,8831.6904296875
2011-11-02 00:00:00,8640.419921875,8719.919921875,8640.419921875
2011-11-04 00:00:00,8801.400390625,8814.7099609375,8729.080078125
2011-11-07 00:00:00,8767.08984375,8779.5498046875,8741.25
2011-11-08 00:00:00,8655.509765625,8772.0400390625,8644.0
2011-11-09 00:00:00,8755.4404296875,8762.98046875,8678.7802734375
2011-11-10 00:00:00,8500.7998046875,8600.2099609375,8500.669921875
2011-11-11 00:00:00,8514.4697265625,8566.490234375,8485.76953125
2011-11-14 00:00:00,8603.7001953125,8655.3095703125,8595.4296875
2011-11-15 00:00:00,8541.9296875,8584.2998046875,8527.6298828125
2011-11-16 00:00:00,8463.16015625,8567.6396484375,8459.2998046875
2011-11-17 00:00:00,8479.6298828125,8491.8203125,8400.2197265625
2011-11-18 00:00:00,8374.91015625,8398.7998046875,8359.599609375
2011-11-21 00:00:00,8348.26953125,8375.599609375,8343.9296875
2011-11-22 00:00:00,8314.740234375,8350.349609375,8261.009765625
2011-11-24 00:00:00,8165.18017578125,8212.9501953125,8157.39013671875
2011-11-25 00:00:00,8160.009765625,8199.669921875,8135.7900390625
2011-11-28 00:00:00,8287.490234375,8322.009765625,8259.7099609375
2011-11-29 00:00:00,8477.8203125,8477.8203125,8351.3798828125
2011-11-30 00:00:00,8434.6103515625,8435.33984375,8361.6904296875
2011-12-01 00:00:00,8597.3798828125,8653.8798828125,8577.08984375
2011-12-02 00:00:00,8643.75,8643.75,8591.9296875
2011-12-05 00:00:00,8695.98046875,8704.48046875,8668.0400390625
2011-12-06 00:00:00,8575.16015625,8671.5400390625,8571.08984375
2011-12-07 00:00:00,8722.169921875,8729.8095703125,8614.2099609375
2011-12-08 00:00:00,8664.580078125,8688.8095703125,8625.1904296875
2011-12-09 00:00:00,8536.4599609375,8576.6796875,8503.0302734375
2011-12-12 00:00:00,8653.8203125,8682.4697265625,8633.349609375
2011-12-13 00:00:00,8552.8095703125,8594.3203125,8518.7998046875
2011-12-14 00:00:00,8519.1298828125,8540.5703125,8486.3701171875
2011-12-15 00:00:00,8377.3701171875,8455.3203125,8374.25
2011-12-16 00:00:00,8401.7197265625,8433.1796875,8390.98046875
2011-12-19 00:00:00,8296.1201171875,8364.9296875,8272.259765625
2011-12-20 00:00:00,8336.48046875,8354.900390625,8317.73046875
2011-12-21 00:00:00,8459.98046875,8471.1103515625,8440.8896484375
2011-12-22 00:00:00,8395.16015625,8436.58984375,8383.9599609375
2011-12-26 00:00:00,8479.33984375,8516.5302734375,8477.3701171875
2011-12-27 00:00:00,8440.5595703125,8458.259765625,8428.5302734375
2011-12-28 00:00:00,8423.6201171875,8456.66015625,8414.900390625
2011-12-29 00:00:00,8398.8896484375,8404.8896484375,8330.8701171875
2011-12-30 00:00:00,8455.349609375,8455.349609375,8415.5595703125
2012-01-04 00:00:00,8560.1103515625,8581.4501953125,8547.7001953125
2012-01-05 00:00:00,8488.7099609375,8519.16015625,8481.830078125
2012-01-06 00:00:00,8390.349609375,8488.98046875,8349.330078125
2012-01-10 00:00:00,8422.259765625,8450.58984375,8405.1796875
2012-01-11 00:00:00,8447.8798828125,8463.7197265625,8426.0302734375
2012-01-12 00:00:00,8385.58984375,8426.830078125,8360.330078125
2012-01-13 00:00:00,8500.01953125,8509.759765625,8458.6796875
2012-01-16 00:00:00,8378.3603515625,8409.7900390625,8352.23046875
2012-01-17 00:00:00,8466.400390625,8475.66015625,8413.2197265625
2012-01-18 00:00:00,8550.580078125,8595.7802734375,8446.08984375
2012-01-19 00:00:00,8639.6796875,8668.9404296875,8596.6796875
2012-01-20 00:00:00,8766.3603515625,8791.3896484375,8725.3203125
2012-01-23 00:00:00,8765.900390625,8795.26953125,8744.5400390625
2012-01-24 00:00:00,8785.330078125,8825.08984375,8768.509765625
2012-01-25 00:00:00,8883.6904296875,8911.6201171875,8816.08984375
2012-01-26 00:00:00,8849.4697265625,8894.599609375,8834.9296875
2012-01-27 00:00:00,8841.2197265625,8886.01953125,8810.8896484375
2012-01-30 00:00:00,8793.0498046875,8832.48046875,8774.23046875
2012-01-31 00:00:00,8802.509765625,8836.6796875,8776.650390625
2012-02-01 00:00:00,8809.7900390625,8830.2802734375,8780.099609375
2012-02-02 00:00:00,8876.8203125,8893.2197265625,8849.25
2012-02-03 00:00:00,8831.9296875,8877.5703125,8825.98046875
2012-02-06 00:00:00,8929.2001953125,8949.3203125,8916.9404296875
2012-02-07 00:00:00,8917.51953125,8928.4404296875,8887.1904296875
2012-02-08 00:00:00,9015.58984375,9015.58984375,8956.7802734375
2012-02-09 00:00:00,9002.240234375,9018.490234375,8942.8701171875
2012-02-10 00:00:00,8947.169921875,9016.9697265625,8947.169921875
2012-02-13 00:00:00,8999.1796875,9023.5,8948.5400390625
2012-02-14 00:00:00,9052.0703125,9072.080078125,8972.740234375
2012-02-15 00:00:00,9260.33984375,9314.3701171875,9107.6796875
2012-02-16 00:00:00,9238.099609375,9308.9296875,9214.23046875
2012-02-17 00:00:00,9384.169921875,9435.0302734375,9369.25
2012-02-20 00:00:00,9485.08984375,9549.3095703125,9462.669921875
2012-02-21 00:00:00,9463.01953125,9517.0400390625,9440.41015625
2012-02-22 00:00:00,9554.0,9564.0498046875,9442.580078125
2012-02-23 00:00:00,9595.5703125,9609.83984375,9513.650390625
2012-02-24 00:00:00,9647.3798828125,9647.3798828125,9576.2099609375
2012-02-27 00:00:00,9633.9296875,9736.1103515625,9628.25
2012-02-28 00:00:00,9722.51953125,9722.51953125,9528.76953125
2012-02-29 00:00:00,9723.240234375,9866.41015625,9706.2197265625
2012-03-01 00:00:00,9707.3701171875,9865.75,9666.01953125
2012-03-02 00:00:00,9777.0302734375,9803.75,9729.240234375
2012-03-05 00:00:00,9698.58984375,9792.1396484375,9673.75
2012-03-06 00:00:00,9637.6298828125,9732.8896484375,9602.83984375
2012-03-07 00:00:00,9576.0595703125,9603.1904296875,9509.099609375
2012-03-08 00:00:00,9768.9599609375,9768.9599609375,9659.150390625
2012-03-09 00:00:00,9929.740234375,10007.6201171875,9853.1796875
2012-03-12 00:00:00,9889.8603515625,10021.509765625,9889.8603515625
2012-03-13 00:00:00,9899.080078125,10011.8798828125,9888.2998046875
2012-03-14 00:00:00,10050.51953125,10115.7900390625,10050.51953125
2012-03-15 00:00:00,10123.2802734375,10158.740234375,10077.5498046875
2012-03-16 00:00:00,10129.830078125,10148.4697265625,10090.08984375
2012-03-19 00:00:00,10141.990234375,10172.6396484375,10134.48046875
2012-03-21 00:00:00,10086.490234375,10132.01953125,10073.900390625
2012-03-22 00:00:00,10127.080078125,10136.849609375,10052.5
2012-03-23 00:00:00,10011.4697265625,10031.9599609375,9999.3701171875
2012-03-26 00:00:00,10018.240234375,10056.2001953125,10016.0498046875
2012-03-27 00:00:00,10255.150390625,10255.150390625,10152.25
2012-03-28 00:00:00,10182.5703125,10197.7998046875,10124.2802734375
2012-03-29 00:00:00,10114.7900390625,10147.0400390625,10084.76953125
2012-03-30 00:00:00,10083.5595703125,10111.08984375,10033.1904296875
2012-04-02 00:00:00,10109.8701171875,10190.349609375,10109.8701171875
2012-04-03 00:00:00,10050.3896484375,10084.0703125,10040.990234375
2012-04-04 00:00:00,9819.990234375,10059.1904296875,9819.990234375
2012-04-05 00:00:00,9767.6103515625,9806.400390625,9692.7001953125
2012-04-06 00:00:00,9688.4501953125,9739.58984375,9659.16015625
2012-04-09 00:00:00,9546.259765625,9618.099609375,9535.330078125
2012-04-10 00:00:00,9538.01953125,9648.1201171875,9509.7197265625
2012-04-11 00:00:00,9458.740234375,9487.83984375,9388.1396484375
2012-04-12 00:00:00,9524.7900390625,9541.0400390625,9449.490234375
2012-04-13 00:00:00,9637.990234375,9690.2900390625,9603.9697265625
2012-04-16 00:00:00,9470.6396484375,9532.91015625,9464.490234375
2012-04-17 00:00:00,9464.7099609375,9519.7998046875,9455.3203125
2012-04-18 00:00:00,9667.259765625,9682.8798828125,9594.2998046875
2012-04-19 00:00:00,9588.3798828125,9617.9296875,9565.830078125
2012-04-20 00:00:00,9561.3603515625,9580.8701171875,9532.6796875
2012-04-23 00:00:00,9542.169921875,9643.26953125,9520.98046875
2012-04-24 00:00:00,9468.0400390625,9510.7001953125,9423.2998046875
2012-04-25 00:00:00,9561.009765625,9582.73046875,9530.01953125
2012-04-26 00:00:00,9561.830078125,9630.9697265625,9531.0302734375
2012-04-27 00:00:00,9520.8896484375,9691.7001953125,9463.599609375
2012-05-01 00:00:00,9350.9501953125,9472.25,9332.7900390625
2012-05-02 00:00:00,9380.25,9417.9599609375,9344.5302734375
2012-05-07 00:00:00,9119.1396484375,9206.4501953125,9109.009765625
2012-05-08 00:00:00,9181.650390625,9207.5595703125,9159.4697265625
2012-05-09 00:00:00,9045.0595703125,9115.9404296875,9021.2001953125
2012-05-10 00:00:00,9009.650390625,9075.6298828125,8985.900390625
2012-05-11 00:00:00,8953.3095703125,9050.6103515625,8944.6298828125
2012-05-14 00:00:00,8973.83984375,9031.08984375,8947.8203125
2012-05-15 00:00:00,8900.740234375,8930.7802734375,8838.7802734375
2012-05-16 00:00:00,8801.169921875,8883.73046875,8756.0703125
2012-05-17 00:00:00,8876.58984375,8885.080078125,8765.7099609375
2012-05-18 00:00:00,8611.3095703125,8735.5400390625,8588.16015625
2012-05-21 00:00:00,8633.8896484375,8676.2001953125,8608.6201171875
2012-05-22 00:00:00,8729.2900390625,8740.48046875,8690.4697265625
2012-05-23 00:00:00,8556.599609375,8715.1396484375,8538.6904296875
2012-05-24 00:00:00,8563.3798828125,8597.849609375,8496.6103515625
2012-05-25 00:00:00,8580.3896484375,8616.849609375,8550.9296875
2012-05-28 00:00:00,8593.150390625,8624.509765625,8568.8701171875
2012-05-29 00:00:00,8657.080078125,8657.080078125,8517.1796875
2012-05-30 00:00:00,8633.1904296875,8656.7099609375,8568.9697265625
2012-05-31 00:00:00,8542.73046875,8542.73046875,8455.1298828125
2012-06-01 00:00:00,8440.25,8487.4404296875,8422.5
2012-06-04 00:00:00,8295.6298828125,8303.349609375,8238.9599609375
2012-06-05 00:00:00,8382.0,8388.1396484375,8306.9296875
2012-06-06 00:00:00,8533.5302734375,8549.0,8412.5498046875
2012-06-07 00:00:00,8639.7197265625,8647.7900390625,8599.6396484375
2012-06-08 00:00:00,8459.259765625,8611.9296875,8427.2001953125
2012-06-11 00:00:00,8624.900390625,8665.7998046875,8594.580078125
2012-06-12 00:00:00,8536.7197265625,8575.8701171875,8452.5
2012-06-13 00:00:00,8587.83984375,8615.8896484375,8554.1396484375
2012-06-14 00:00:00,8568.8896484375,8592.169921875,8520.990234375
2012-06-15 00:00:00,8569.3203125,8625.1904296875,8552.75
2012-06-18 00:00:00,8721.01953125,8766.5595703125,8711.490234375
2012-06-19 00:00:00,8655.8701171875,8712.8603515625,8630.66015625
2012-06-20 00:00:00,8752.3095703125,8770.41015625,8711.2197265625
2012-06-21 00:00:00,8824.0703125,8859.0400390625,8790.8603515625
2012-06-22 00:00:00,8798.349609375,8830.33984375,8731.7900390625
2012-06-25 00:00:00,8734.6201171875,8837.830078125,8726.400390625
2012-06-26 00:00:00,8663.990234375,8712.6796875,8619.3603515625
2012-06-27 00:00:00,8730.490234375,8730.490234375,8641.51953125
2012-06-28 00:00:00,8874.1103515625,8881.4404296875,8805.650390625
2012-06-29 00:00:00,9006.7802734375,9044.0400390625,8803.330078125
2012-07-02 00:00:00,9003.48046875,9103.7900390625,9003.48046875
2012-07-03 00:00:00,9066.58984375,9082.3896484375,9012.8603515625
2012-07-04 00:00:00,9104.169921875,9136.01953125,9095.3095703125
2012-07-05 00:00:00,9079.7998046875,9130.5400390625,9069.009765625
2012-07-06 00:00:00,9020.75,9082.0400390625,8977.349609375
2012-07-09 00:00:00,8896.8798828125,8954.4404296875,8892.169921875
2012-07-10 00:00:00,8857.73046875,8966.990234375,8855.9296875
2012-07-11 00:00:00,8851.0,8851.0,8797.73046875
2012-07-12 00:00:00,8720.009765625,8862.7998046875,8709.75
2012-07-13 00:00:00,8724.1201171875,8759.0595703125,8695.4404296875
2012-07-17 00:00:00,8755.0,8808.8701171875,8711.73046875
2012-07-18 00:00:00,8726.740234375,8802.08984375,8715.1396484375
2012-07-19 00:00:00,8795.5498046875,8835.7998046875,8771.1904296875
2012-07-20 00:00:00,8669.8701171875,8792.1904296875,8662.7197265625
2012-07-23 00:00:00,8508.3203125,8606.23046875,8500.26953125
2012-07-24 00:00:00,8488.08984375,8517.51953125,8446.1796875
2012-07-25 00:00:00,8365.900390625,8433.580078125,8328.01953125
2012-07-26 00:00:00,8443.099609375,8448.5498046875,8358.509765625
2012-07-27 00:00:00,8566.6396484375,8569.08984375,8522.740234375
2012-07-30 00:00:00,8635.4404296875,8663.2998046875,8589.1904296875
2012-07-31 00:00:00,8695.0595703125,8732.83984375,8585.259765625
2012-08-01 00:00:00,8641.849609375,8654.6103515625,8578.16015625
2012-08-02 00:00:00,8653.1796875,8705.91015625,8635.509765625
2012-08-03 00:00:00,8555.1103515625,8565.0595703125,8513.2001953125
2012-08-06 00:00:00,8726.2900390625,8751.7998046875,8676.25
2012-08-07 00:00:00,8803.3095703125,8812.419921875,8711.900390625
2012-08-08 00:00:00,8881.16015625,8962.9501953125,8851.58984375
2012-08-09 00:00:00,8978.599609375,9004.8095703125,8862.169921875
2012-08-10 00:00:00,8891.4404296875,8954.849609375,8857.23046875
2012-08-13 00:00:00,8885.150390625,8906.2099609375,8867.6298828125
2012-08-14 00:00:00,8929.8798828125,8970.990234375,8897.8701171875
2012-08-15 00:00:00,8925.0400390625,8960.2802734375,8866.0595703125
2012-08-16 00:00:00,9092.759765625,9094.08984375,8962.9697265625
2012-08-17 00:00:00,9162.5,9181.5703125,9097.0
2012-08-20 00:00:00,9171.16015625,9222.8701171875,9150.7900390625
2012-08-21 00:00:00,9156.919921875,9196.669921875,9146.0703125
2012-08-22 00:00:00,9131.740234375,9162.9697265625,9075.080078125
2012-08-23 00:00:00,9178.1201171875,9194.4697265625,9062.5400390625
2012-08-24 00:00:00,9070.759765625,9090.669921875,9045.7900390625
2012-08-27 00:00:00,9085.3896484375,9150.48046875,9084.8701171875
2012-08-28 00:00:00,9033.2900390625,9140.6201171875,8988.990234375
2012-08-29 00:00:00,9069.8095703125,9073.990234375,9033.830078125
2012-08-30 00:00:00,8983.7802734375,9062.0703125,8960.240234375
2012-08-31 00:00:00,8839.91015625,8933.990234375,8839.91015625
2012-09-03 00:00:00,8783.8896484375,8893.3896484375,8773.400390625
2012-09-04 00:00:00,8775.509765625,8804.4404296875,8729.2197265625
2012-09-05 00:00:00,8679.8203125,8759.259765625,8679.8203125
2012-09-06 00:00:00,8680.5703125,8697.0,8646.0302734375
2012-09-07 00:00:00,8871.650390625,8871.650390625,8804.26953125
2012-09-10 00:00:00,8869.3701171875,8874.5400390625,8838.1796875
2012-09-11 00:00:00,8807.3798828125,8814.0302734375,8769.4697265625
2012-09-12 00:00:00,8959.9599609375,8959.9599609375,8821.7998046875
2012-09-13 00:00:00,8995.150390625,9022.2001953125,8932.099609375
2012-09-14 00:00:00,9159.3896484375,9193.26953125,9081.7998046875
2012-09-18 00:00:00,9123.76953125,9180.4404296875,9120.6103515625
2012-09-19 00:00:00,9232.2099609375,9288.5302734375,9140.75
2012-09-20 00:00:00,9086.98046875,9215.5703125,9079.1904296875
2012-09-21 00:00:00,9110.0,9159.330078125,9103.9501953125
2012-09-24 00:00:00,9069.2900390625,9091.9697265625,9031.1298828125
2012-09-25 00:00:00,9091.5400390625,9112.5400390625,9023.6298828125
2012-09-26 00:00:00,8906.7001953125,8971.75,8894.01953125
2012-09-27 00:00:00,8949.8701171875,8959.25,8844.0595703125
2012-09-28 00:00:00,8870.16015625,8989.080078125,8838.849609375
2012-10-01 00:00:00,8796.509765625,8829.349609375,8759.0703125
2012-10-02 00:00:00,8786.0498046875,8843.330078125,8774.75
2012-10-03 00:00:00,8746.8701171875,8806.75,8729.5595703125
2012-10-04 00:00:00,8824.58984375,8865.919921875,8738.3095703125
2012-10-05 00:00:00,8863.2998046875,8880.23046875,8805.7900390625
2012-10-09 00:00:00,8769.58984375,8840.6904296875,8765.5498046875
2012-10-10 00:00:00,8596.23046875,8660.6796875,8578.25
2012-10-11 00:00:00,8546.7802734375,8607.419921875,8514.6298828125
2012-10-12 00:00:00,8534.1201171875,8620.1796875,8516.1103515625
2012-10-15 00:00:00,8577.9296875,8595.1103515625,8488.1396484375
2012-10-16 00:00:00,8701.3095703125,8707.9501953125,8633.6796875
2012-10-17 00:00:00,8806.5498046875,8837.1904296875,8758.7001953125
2012-10-18 00:00:00,8982.8603515625,8992.3603515625,8877.169921875
2012-10-19 00:00:00,9002.6796875,9016.900390625,8940.3798828125
2012-10-22 00:00:00,9010.7099609375,9031.5498046875,8867.7900390625
2012-10-23 00:00:00,9014.25,9075.580078125,8970.5
2012-10-24 00:00:00,8954.2998046875,9043.7998046875,8896.41015625
2012-10-25 00:00:00,9055.2001953125,9057.3095703125,8941.849609375
2012-10-26 00:00:00,8933.0595703125,9075.58984375,8933.0595703125
2012-10-29 00:00:00,8929.33984375,8986.0498046875,8909.3701171875
2012-10-30 00:00:00,8841.98046875,8995.8095703125,8841.98046875
2012-10-31 00:00:00,8928.2900390625,8985.580078125,8905.4404296875
2012-11-01 00:00:00,8946.8701171875,8976.080078125,8871.48046875
2012-11-02 00:00:00,9051.2197265625,9072.3896484375,9031.4296875
2012-11-05 00:00:00,9007.4404296875,9040.1796875,8984.6904296875
2012-11-06 00:00:00,8975.150390625,8990.349609375,8957.490234375
2012-11-07 00:00:00,8972.8896484375,9032.3203125,8924.41015625
2012-11-08 00:00:00,8837.150390625,8891.080078125,8811.41015625
2012-11-09 00:00:00,8757.599609375,8779.240234375,8729.4501953125
2012-11-12 00:00:00,8676.4404296875,8728.849609375,8676.4404296875
2012-11-13 00:00:00,8661.0498046875,8723.4599609375,8619.4501953125
2012-11-14 00:00:00,8664.73046875,8680.400390625,8653.490234375
2012-11-15 00:00:00,8829.7197265625,8829.7197265625,8684.23046875
2012-11-16 00:00:00,9024.16015625,9032.349609375,8898.330078125
2012-11-19 00:00:00,9153.2001953125,9183.4599609375,9135.2900390625
2012-11-20 00:00:00,9142.6396484375,9200.849609375,9129.4296875
2012-11-21 00:00:00,9222.51953125,9248.98046875,9161.2099609375
2012-11-22 00:00:00,9366.7998046875,9366.7998046875,9304.7197265625
2012-11-26 00:00:00,9388.9404296875,9487.9404296875,9388.9404296875
2012-11-27 00:00:00,9423.2998046875,9449.7197265625,9370.58984375
2012-11-28 00:00:00,9308.349609375,9407.6201171875,9308.349609375
2012-11-29 00:00:00,9400.8798828125,9412.080078125,9350.400390625
2012-11-30 00:00:00,9446.009765625,9492.91015625,9380.25
2012-12-03 00:00:00,9458.1796875,9525.8203125,9453.48046875
2012-12-04 00:00:00,9432.4599609375,9457.1904296875,9406.0302734375
2012-12-05 00:00:00,9468.83984375,9515.8603515625,9376.9697265625
2012-12-06 00:00:00,9545.16015625,9565.4296875,9503.3095703125
2012-12-07 00:00:00,9527.3896484375,9572.75,9522.1298828125
2012-12-10 00:00:00,9533.75,9584.4599609375,9517.400390625
2012-12-11 00:00:00,9525.3203125,9534.1796875,9487.9501953125
2012-12-12 00:00:00,9581.4599609375,9606.25,9565.9501953125
2012-12-13 00:00:00,9742.73046875,9767.0498046875,9672.4697265625
2012-12-14 00:00:00,9737.5595703125,9775.75,9687.7001953125
2012-12-17 00:00:00,9828.8798828125,9903.349609375,9826.2998046875
2012-12-18 00:00:00,9923.009765625,9967.240234375,9848.8701171875
2012-12-19 00:00:00,10160.400390625,10160.400390625,10016.98046875
2012-12-20 00:00:00,10039.330078125,10147.6796875,10028.650390625
2012-12-21 00:00:00,9940.0595703125,10175.0595703125,9924.419921875
2012-12-25 00:00:00,10080.1201171875,10119.349609375,10030.4404296875
2012-12-26 00:00:00,10230.3603515625,10230.3603515625,10107.33984375
2012-12-27 00:00:00,10322.98046875,10376.3896484375,10288.849609375
2012-12-28 00:00:00,10395.1796875,10433.6298828125,10374.849609375
2013-01-04 00:00:00,10688.1103515625,10734.23046875,10602.240234375
2013-01-07 00:00:00,10599.009765625,10743.6904296875,10589.7001953125
2013-01-08 00:00:00,10508.0595703125,10602.1201171875,10463.4296875
2013-01-09 00:00:00,10578.5703125,10620.7001953125,10398.6103515625
2013-01-10 00:00:00,10652.6396484375,10686.1201171875,10619.650390625
2013-01-11 00:00:00,10801.5703125,10830.4296875,10748.0595703125
2013-01-15 00:00:00,10879.080078125,10952.3095703125,10851.66015625
2013-01-16 00:00:00,10600.4404296875,10806.41015625,10591.2998046875
2013-01-17 00:00:00,10609.6396484375,10694.849609375,10432.9697265625
2013-01-18 00:00:00,10913.2998046875,10913.2998046875,10787.1201171875
2013-01-21 00:00:00,10747.740234375,10941.4501953125,10747.740234375
2013-01-22 00:00:00,10709.9296875,10859.419921875,10615.2001953125
2013-01-23 00:00:00,10486.990234375,10663.08984375,10486.990234375
2013-01-24 00:00:00,10620.8701171875,10634.740234375,10441.1103515625
2013-01-25 00:00:00,10926.650390625,10926.650390625,10790.9501953125
2013-01-28 00:00:00,10824.3095703125,11002.8603515625,10824.3095703125
2013-01-29 00:00:00,10866.7197265625,10937.6298828125,10751.009765625
2013-01-30 00:00:00,11113.9501953125,11113.9501953125,10905.6396484375
2013-01-31 00:00:00,11138.66015625,11145.3798828125,11007.76953125
2013-02-01 00:00:00,11191.33984375,11237.83984375,11142.259765625
2013-02-04 00:00:00,11260.349609375,11285.490234375,11194.740234375
2013-02-05 00:00:00,11046.919921875,11170.849609375,11046.919921875
2013-02-06 00:00:00,11463.75,11498.419921875,11232.0498046875
2013-02-07 00:00:00,11357.0703125,11446.8095703125,11295.6201171875
2013-02-08 00:00:00,11153.16015625,11299.7099609375,11135.8896484375
2013-02-12 00:00:00,11369.1201171875,11460.6396484375,11343.4404296875
2013-02-13 00:00:00,11251.41015625,11365.26953125,11196.66015625
2013-02-14 00:00:00,11307.2802734375,11356.5400390625,11243.490234375
2013-02-15 00:00:00,11173.830078125,11261.580078125,11065.0595703125
2013-02-18 00:00:00,11407.8701171875,11445.4599609375,11308.830078125
2013-02-19 00:00:00,11372.33984375,11412.8603515625,11336.4501953125
2013-02-20 00:00:00,11468.2802734375,11510.51953125,11440.099609375
2013-02-21 00:00:00,11309.1298828125,11442.1103515625,11301.76953125
2013-02-22 00:00:00,11385.9404296875,11390.650390625,11175.669921875
2013-02-25 00:00:00,11662.51953125,11662.51953125,11562.099609375
2013-02-26 00:00:00,11398.8095703125,11520.240234375,11374.830078125
2013-02-27 00:00:00,11253.9697265625,11419.6201171875,11253.9697265625
2013-02-28 00:00:00,11559.3603515625,11563.75,11392.5595703125
2013-03-01 00:00:00,11606.3798828125,11648.6298828125,11464.7099609375
2013-03-04 00:00:00,11652.2900390625,11767.6796875,11613.58984375
2013-03-05 00:00:00,11683.4501953125,11779.419921875,11666.3798828125
2013-03-06 00:00:00,11932.26953125,11933.8203125,11803.08984375
2013-03-07 00:00:00,11968.080078125,12069.599609375,11946.009765625
2013-03-08 00:00:00,12283.6201171875,12283.6201171875,12065.08984375
2013-03-11 00:00:00,12349.0498046875,12403.9501953125,12300.830078125
2013-03-12 00:00:00,12314.8095703125,12461.9697265625,12314.8095703125
2013-03-13 00:00:00,12239.66015625,12339.4501953125,12234.48046875
2013-03-14 00:00:00,12381.1904296875,12395.73046875,12248.650390625
2013-03-15 00:00:00,12560.9501953125,12560.9501953125,12434.4697265625
2013-03-18 00:00:00,12220.6298828125,12373.169921875,12220.6298828125
2013-03-19 00:00:00,12468.23046875,12491.16015625,12401.1201171875
2013-03-21 00:00:00,12635.6904296875,12650.259765625,12586.0595703125
2013-03-22 00:00:00,12338.5302734375,12522.0498046875,12338.5302734375
2013-03-25 00:00:00,12546.4599609375,12594.3603515625,12480.419921875
2013-03-26 00:00:00,12471.6201171875,12540.1201171875,12456.0400390625
2013-03-27 00:00:00,12493.7900390625,12502.259765625,12442.3896484375
2013-03-28 00:00:00,12335.9599609375,12462.8603515625,12286.3701171875
2013-03-29 00:00:00,12397.91015625,12425.9599609375,12319.75
2013-04-01 00:00:00,12135.01953125,12384.830078125,12133.0
2013-04-02 00:00:00,12003.4296875,12107.400390625,11805.7802734375
2013-04-03 00:00:00,12362.2001953125,12362.2001953125,12102.0498046875
2013-04-04 00:00:00,12634.5400390625,12634.5400390625,12075.9697265625
2013-04-05 00:00:00,12833.6396484375,13225.6201171875,12831.099609375
2013-04-08 00:00:00,13192.58984375,13225.2197265625,13080.2900390625
2013-04-09 00:00:00,13192.349609375,13331.3896484375,13151.73046875
2013-04-10 00:00:00,13288.1298828125,13325.150390625,13177.3095703125
2013-04-11 00:00:00,13549.16015625,13549.16015625,13384.1103515625
2013-04-12 00:00:00,13485.1396484375,13568.25,13402.8603515625
2013-04-15 00:00:00,13275.66015625,13408.2900390625,13257.8603515625
2013-04-16 00:00:00,13221.4404296875,13312.23046875,13004.4599609375
2013-04-17 00:00:00,13382.8896484375,13397.5,13318.6904296875
2013-04-18 00:00:00,13220.0703125,13377.740234375,13200.849609375
2013-04-19 00:00:00,13316.48046875,13338.75,13186.8896484375
2013-04-22 00:00:00,13568.3701171875,13611.580078125,13529.4404296875
2013-04-23 00:00:00,13529.650390625,13585.349609375,13505.5302734375
2013-04-24 00:00:00,13843.4599609375,13843.4599609375,13686.7802734375
2013-04-25 00:00:00,13926.080078125,13974.259765625,13827.9599609375
2013-04-26 00:00:00,13884.1298828125,13983.8701171875,13852.2001953125
2013-04-30 00:00:00,13860.8603515625,13897.0595703125,13778.75
2013-05-01 00:00:00,13799.349609375,13844.8203125,13782.0
2013-05-02 00:00:00,13694.0400390625,13780.48046875,13637.9599609375
2013-05-07 00:00:00,14180.240234375,14196.3798828125,13951.8095703125
2013-05-08 00:00:00,14285.6904296875,14421.3798828125,14186.830078125
2013-05-09 00:00:00,14191.48046875,14409.8203125,14191.48046875
2013-05-10 00:00:00,14607.5400390625,14636.8095703125,14426.740234375
2013-05-13 00:00:00,14782.2099609375,14849.009765625,14727.7001953125
2013-05-14 00:00:00,14758.419921875,14839.7900390625,14755.080078125
2013-05-15 00:00:00,15096.0302734375,15108.830078125,14956.3798828125
2013-05-16 00:00:00,15037.240234375,15155.7197265625,14879.509765625
2013-05-17 00:00:00,15138.1201171875,15157.3203125,14902.2998046875
2013-05-20 00:00:00,15360.8095703125,15381.740234375,15245.7998046875
2013-05-21 00:00:00,15381.01953125,15388.3701171875,15264.419921875
2013-05-22 00:00:00,15627.259765625,15706.6298828125,15432.6396484375
2013-05-23 00:00:00,14483.98046875,15942.599609375,14483.98046875
2013-05-24 00:00:00,14612.4501953125,15007.5,13981.51953125
2013-05-27 00:00:00,14142.650390625,14381.2802734375,14027.419921875
2013-05-28 00:00:00,14311.98046875,14399.7802734375,13943.6201171875
2013-05-29 00:00:00,14326.4599609375,14512.2802734375,14243.490234375
2013-05-30 00:00:00,13589.0302734375,14098.16015625,13555.66015625
2013-05-31 00:00:00,13774.5400390625,13916.5595703125,13681.3896484375
2013-06-03 00:00:00,13261.8203125,13562.8701171875,13261.8203125
2013-06-04 00:00:00,13533.759765625,13610.25,13060.9404296875
2013-06-05 00:00:00,13014.8701171875,13711.419921875,13011.16015625
2013-06-06 00:00:00,12904.01953125,13238.5302734375,12862.01953125
2013-06-07 00:00:00,12877.5302734375,13106.2001953125,12548.2001953125
2013-06-10 00:00:00,13514.2001953125,13514.2001953125,13141.3701171875
2013-06-11 00:00:00,13317.6201171875,13584.3095703125,13296.3095703125
2013-06-12 00:00:00,13289.3203125,13332.7197265625,12994.080078125
2013-06-13 00:00:00,12445.3798828125,13050.1103515625,12415.849609375
2013-06-14 00:00:00,12686.51953125,12900.650390625,12629.3095703125
2013-06-17 00:00:00,13033.1201171875,13033.1201171875,12549.8203125
2013-06-18 00:00:00,13007.2802734375,13139.48046875,12919.0302734375
2013-06-19 00:00:00,13245.2197265625,13296.6201171875,13107.650390625
2013-06-20 00:00:00,13014.580078125,13190.8203125,12966.41015625
2013-06-21 00:00:00,13230.1298828125,13330.349609375,12702.669921875
2013-06-24 00:00:00,13062.7802734375,13426.1298828125,13026.23046875
2013-06-25 00:00:00,12969.33984375,13234.8896484375,12758.2197265625
2013-06-26 00:00:00,12834.009765625,13189.83984375,12826.509765625
2013-06-27 00:00:00,13213.5498046875,13213.5498046875,12873.5
2013-06-28 00:00:00,13677.3203125,13724.4404296875,13354.7001953125
2013-07-01 00:00:00,13852.5,13862.7099609375,13562.7001953125
2013-07-02 00:00:00,14098.740234375,14098.740234375,13898.5400390625
2013-07-03 00:00:00,14055.5595703125,14164.76953125,13984.080078125
2013-07-04 00:00:00,14018.9296875,14093.01953125,13962.2998046875
2013-07-05 00:00:00,14309.9697265625,14309.9697265625,14149.5
2013-07-08 00:00:00,14109.33984375,14497.650390625,14109.33984375
2013-07-09 00:00:00,14472.900390625,14472.900390625,14186.0302734375
2013-07-10 00:00:00,14416.599609375,14555.330078125,14287.6904296875
2013-07-11 00:00:00,14472.580078125,14496.669921875,14275.259765625
2013-07-12 00:00:00,14506.25,14574.169921875,14417.2998046875
2013-07-16 00:00:00,14599.1201171875,14638.7998046875,14550.8896484375
2013-07-17 00:00:00,14615.0400390625,14615.0400390625,14460.5595703125
2013-07-18 00:00:00,14808.5,14827.73046875,14645.25
2013-07-19 00:00:00,14589.91015625,14953.2900390625,14413.2802734375
2013-07-22 00:00:00,14658.0400390625,14770.01953125,14514.2900390625
2013-07-23 00:00:00,14778.509765625,14820.1796875,14549.0595703125
2013-07-24 00:00:00,14731.2802734375,14751.8701171875,14630.6796875
2013-07-25 00:00:00,14562.9296875,14748.76953125,14533.2099609375
2013-07-26 00:00:00,14129.98046875,14376.009765625,14114.51953125
2013-07-29 00:00:00,13661.1298828125,13953.849609375,13661.1298828125
2013-07-30 00:00:00,13869.8203125,13909.4501953125,13613.7802734375
2013-07-31 00:00:00,13668.3203125,13836.0302734375,13644.2099609375
2013-08-01 00:00:00,14005.76953125,14005.76953125,13645.6103515625
2013-08-02 00:00:00,14466.16015625,14466.16015625,14146.919921875
2013-08-05 00:00:00,14258.0400390625,14370.98046875,14225.5
2013-08-06 00:00:00,14401.0595703125,14401.0595703125,14031.6103515625
2013-08-07 00:00:00,13824.9404296875,14164.7001953125,13824.9404296875
2013-08-08 00:00:00,13605.5595703125,14031.1396484375,13556.650390625
2013-08-09 00:00:00,13615.1904296875,13754.9599609375,13527.8095703125
2013-08-12 00:00:00,13519.4296875,13658.8603515625,13430.6396484375
2013-08-13 00:00:00,13867.0,13867.0,13689.490234375
2013-08-14 00:00:00,14050.16015625,14050.16015625,13747.1796875
2013-08-15 00:00:00,13752.9404296875,13981.16015625,13711.1201171875
2013-08-16 00:00:00,13650.1103515625,13739.51953125,13532.6103515625
2013-08-19 00:00:00,13758.1298828125,13758.1298828125,13589.7802734375
2013-08-20 00:00:00,13396.3798828125,13730.08984375,13383.1796875
2013-08-21 00:00:00,13424.330078125,13499.990234375,13250.3603515625
2013-08-22 00:00:00,13365.169921875,13447.330078125,13238.73046875
2013-08-23 00:00:00,13660.5498046875,13774.66015625,13575.400390625
2013-08-26 00:00:00,13636.2802734375,13741.490234375,13586.83984375
2013-08-27 00:00:00,13542.3701171875,13678.7900390625,13517.099609375
2013-08-28 00:00:00,13338.4599609375,13392.5703125,13188.1396484375
2013-08-29 00:00:00,13459.7099609375,13463.1396484375,13364.8203125
2013-08-30 00:00:00,13388.8603515625,13615.98046875,13335.91015625
2013-09-02 00:00:00,13572.919921875,13613.48046875,13407.5302734375
2013-09-03 00:00:00,13978.4404296875,13978.4404296875,13748.6796875
2013-09-04 00:00:00,14053.8701171875,14056.8798828125,13843.6103515625
2013-09-05 00:00:00,14064.8203125,14156.5,13981.51953125
2013-09-06 00:00:00,13860.8095703125,14099.1298828125,13834.51953125
2013-09-09 00:00:00,14205.23046875,14251.4599609375,14117.6796875
2013-09-10 00:00:00,14423.3603515625,14441.8095703125,14296.7802734375
2013-09-11 00:00:00,14425.0703125,14561.4599609375,14422.7197265625
2013-09-12 00:00:00,14387.26953125,14455.3701171875,14321.5703125
2013-09-13 00:00:00,14404.669921875,14439.9296875,14233.1201171875
2013-09-17 00:00:00,14311.669921875,14474.5302734375,14311.669921875
2013-09-18 00:00:00,14505.3603515625,14625.9697265625,14396.41015625
2013-09-19 00:00:00,14766.1796875,14766.1796875,14581.7900390625
2013-09-20 00:00:00,14742.419921875,14816.650390625,14702.25
2013-09-24 00:00:00,14732.6103515625,14767.7197265625,14607.26953125
2013-09-25 00:00:00,14620.5302734375,14737.98046875,14620.5302734375
2013-09-26 00:00:00,14799.1201171875,14799.1201171875,14410.51953125
2013-09-27 00:00:00,14760.0703125,14817.5,14699.2099609375
2013-09-30 00:00:00,14455.7998046875,14619.240234375,14425.8203125
2013-10-01 00:00:00,14484.7197265625,14642.9697265625,14471.7001953125
2013-10-02 00:00:00,14170.490234375,14569.2001953125,14114.5400390625
2013-10-03 00:00:00,14157.25,14219.8896484375,14082.3095703125
2013-10-04 00:00:00,14024.3095703125,14149.76953125,13944.26953125
2013-10-07 00:00:00,13853.3203125,14073.23046875,13841.9296875
2013-10-08 00:00:00,13894.6103515625,13929.6396484375,13748.9404296875
2013-10-09 00:00:00,14037.83984375,14037.83984375,13751.849609375
2013-10-10 00:00:00,14194.7099609375,14200.3095703125,14077.0302734375
2013-10-11 00:00:00,14404.740234375,14447.8701171875,14320.2998046875
2013-10-15 00:00:00,14441.5400390625,14510.3701171875,14415.759765625
2013-10-16 00:00:00,14467.1396484375,14493.669921875,14417.6103515625
2013-10-17 00:00:00,14586.509765625,14664.2197265625,14492.669921875
2013-10-18 00:00:00,14561.5400390625,14610.08984375,14503.08984375
2013-10-21 00:00:00,14693.5703125,14727.849609375,14624.0302734375
2013-10-22 00:00:00,14713.25,14747.76953125,14641.7802734375
2013-10-23 00:00:00,14426.0498046875,14799.2802734375,14426.0498046875
2013-10-24 00:00:00,14486.41015625,14499.51953125,14273.7099609375
2013-10-25 00:00:00,14088.1904296875,14442.1201171875,14088.1904296875
2013-10-28 00:00:00,14396.0400390625,14400.3203125,14194.419921875
2013-10-29 00:00:00,14325.98046875,14395.9599609375,14224.58984375
2013-10-30 00:00:00,14502.349609375,14526.8798828125,14425.580078125
2013-10-31 00:00:00,14327.9404296875,14516.080078125,14324.169921875
2013-11-01 00:00:00,14201.5703125,14411.0498046875,14126.41015625
2013-11-05 00:00:00,14225.3701171875,14323.240234375,14141.8203125
2013-11-06 00:00:00,14337.3095703125,14407.6904296875,14130.8603515625
2013-11-07 00:00:00,14228.4404296875,14371.5595703125,14222.0302734375
2013-11-08 00:00:00,14086.7998046875,14122.2802734375,14026.169921875
2013-11-11 00:00:00,14269.83984375,14304.2900390625,14208.1298828125
2013-11-12 00:00:00,14588.6796875,14588.6796875,14278.2099609375
2013-11-13 00:00:00,14567.16015625,14599.5302734375,14490.919921875
2013-11-14 00:00:00,14876.41015625,14966.4296875,14665.75
2013-11-15 00:00:00,15165.919921875,15203.1103515625,14994.7001953125
2013-11-18 00:00:00,15164.2998046875,15273.6103515625,15106.8203125
2013-11-19 00:00:00,15126.5595703125,15163.0595703125,15020.330078125
2013-11-20 00:00:00,15076.080078125,15209.669921875,15069.98046875
2013-11-21 00:00:00,15365.599609375,15377.0,15168.4697265625
2013-11-22 00:00:00,15381.7197265625,15579.3896484375,15307.4404296875
2013-11-25 00:00:00,15619.1298828125,15619.1298828125,15469.8701171875
2013-11-26 00:00:00,15515.240234375,15577.9697265625,15460.9697265625
2013-11-27 00:00:00,15449.6298828125,15512.759765625,15414.51953125
2013-11-28 00:00:00,15727.1201171875,15729.08984375,15605.73046875
2013-11-29 00:00:00,15661.8701171875,15727.9599609375,15507.169921875
2013-12-02 00:00:00,15655.0703125,15703.01953125,15579.5400390625
2013-12-03 00:00:00,15749.66015625,15794.150390625,15661.900390625
2013-12-04 00:00:00,15407.9404296875,15579.3603515625,15326.0595703125
2013-12-05 00:00:00,15177.490234375,15430.2001953125,15139.1201171875
2013-12-06 00:00:00,15299.8603515625,15327.3701171875,15112.5400390625
2013-12-09 00:00:00,15650.2099609375,15650.2099609375,15547.2900390625
2013-12-10 00:00:00,15611.3095703125,15633.9697265625,15562.0595703125
2013-12-11 00:00:00,15515.0595703125,15562.2998046875,15386.1103515625
2013-12-12 00:00:00,15341.8203125,15392.66015625,15255.3603515625
2013-12-13 00:00:00,15403.1103515625,15532.9404296875,15251.4501953125
2013-12-16 00:00:00,15152.91015625,15408.349609375,15146.1298828125
2013-12-17 00:00:00,15278.6298828125,15322.1298828125,15248.419921875
2013-12-18 00:00:00,15587.7998046875,15588.419921875,15268.1796875
2013-12-19 00:00:00,15859.2197265625,15891.8203125,15798.849609375
2013-12-20 00:00:00,15870.419921875,15870.419921875,15755.3603515625
2013-12-24 00:00:00,15889.330078125,16029.650390625,15849.0
2013-12-25 00:00:00,16009.990234375,16010.5400390625,15853.509765625
2013-12-26 00:00:00,16174.4404296875,16186.0400390625,16082.2802734375
2013-12-27 00:00:00,16178.9404296875,16232.6904296875,16056.73046875
2013-12-30 00:00:00,16291.3095703125,16320.2197265625,16182.7099609375
2014-01-06 00:00:00,15908.8798828125,16164.009765625,15864.4404296875
2014-01-07 00:00:00,15814.3701171875,15935.3701171875,15784.25
2014-01-08 00:00:00,16121.4501953125,16121.4501953125,15906.5703125
2014-01-09 00:00:00,15880.330078125,16004.5595703125,15838.4404296875
2014-01-10 00:00:00,15912.0595703125,15922.1396484375,15754.7001953125
2014-01-14 00:00:00,15422.400390625,15661.7099609375,15383.6904296875
2014-01-15 00:00:00,15808.73046875,15808.73046875,15636.5703125
2014-01-16 00:00:00,15747.2001953125,15941.080078125,15710.1396484375
2014-01-17 00:00:00,15734.4599609375,15783.3701171875,15621.7998046875
2014-01-20 00:00:00,15641.6796875,15727.259765625,15574.23046875
2014-01-21 00:00:00,15795.9599609375,15894.6796875,15705.83984375
2014-01-22 00:00:00,15820.9599609375,15870.5302734375,15631.41015625
2014-01-23 00:00:00,15695.8896484375,15958.580078125,15690.4501953125
2014-01-24 00:00:00,15391.5595703125,15485.01953125,15288.3203125
2014-01-27 00:00:00,15005.73046875,15109.6796875,14933.5498046875
2014-01-28 00:00:00,14980.16015625,15088.1201171875,14952.830078125
2014-01-29 00:00:00,15383.91015625,15383.91015625,15159.919921875
2014-01-30 00:00:00,15007.0595703125,15112.7001953125,14853.830078125
2014-01-31 00:00:00,14914.5302734375,15143.8798828125,14764.5703125
2014-02-03 00:00:00,14619.1298828125,14846.9296875,14615.0498046875
2014-02-04 00:00:00,14008.4697265625,14355.919921875,14008.4697265625
2014-02-05 00:00:00,14180.3798828125,14245.0595703125,13995.8603515625
2014-02-06 00:00:00,14155.1201171875,14308.0703125,14155.1201171875
2014-02-07 00:00:00,14462.41015625,14471.9501953125,14356.58984375
2014-02-10 00:00:00,14718.33984375,14725.919921875,14568.2998046875
2014-02-12 00:00:00,14800.0595703125,14874.7900390625,14769.0400390625
2014-02-13 00:00:00,14534.740234375,14787.6201171875,14488.3203125
2014-02-14 00:00:00,14313.0302734375,14678.7099609375,14243.169921875
2014-02-17 00:00:00,14393.1103515625,14427.9501953125,14214.599609375
2014-02-18 00:00:00,14843.240234375,14900.240234375,14469.490234375
2014-02-19 00:00:00,14766.5302734375,14805.66015625,14679.1904296875
2014-02-20 00:00:00,14449.1796875,14731.48046875,14428.73046875
2014-02-21 00:00:00,14865.669921875,14888.8095703125,14618.6103515625
2014-02-24 00:00:00,14837.6796875,14982.5302734375,14658.1396484375
2014-02-25 00:00:00,15051.599609375,15094.5400390625,14957.490234375
2014-02-26 00:00:00,14970.9697265625,15084.5302734375,14896.490234375
2014-02-27 00:00:00,14923.1103515625,15015.009765625,14844.3701171875
2014-02-28 00:00:00,14841.0703125,14943.650390625,14735.51953125
2014-03-03 00:00:00,14652.23046875,14684.7001953125,14443.099609375
2014-03-04 00:00:00,14721.48046875,14750.08984375,14546.33984375
2014-03-05 00:00:00,14897.6298828125,14992.1904296875,14897.6298828125
2014-03-06 00:00:00,15134.75,15203.1201171875,14871.5595703125
2014-03-07 00:00:00,15274.0703125,15312.599609375,15145.58984375
2014-03-10 00:00:00,15120.1396484375,15266.1201171875,15088.1103515625
2014-03-11 00:00:00,15224.1103515625,15256.0302734375,15124.3603515625
2014-03-12 00:00:00,14830.3896484375,15020.1396484375,14828.1796875
2014-03-13 00:00:00,14815.98046875,14919.83984375,14790.48046875
2014-03-14 00:00:00,14327.66015625,14539.599609375,14280.75
2014-03-17 00:00:00,14277.669921875,14359.16015625,14203.2099609375
2014-03-18 00:00:00,14411.26953125,14533.25,14399.7197265625
2014-03-19 00:00:00,14462.51953125,14663.5400390625,14302.3701171875
2014-03-20 00:00:00,14224.23046875,14548.759765625,14207.830078125
2014-03-24 00:00:00,14475.2998046875,14514.2802734375,14287.2802734375
2014-03-25 00:00:00,14423.1904296875,14531.7900390625,14312.080078125
2014-03-26 00:00:00,14477.16015625,14569.900390625,14401.419921875
2014-03-27 00:00:00,14622.8896484375,14659.849609375,14227.8095703125
2014-03-28 00:00:00,14696.0302734375,14713.4501953125,14520.5703125
2014-03-31 00:00:00,14827.830078125,14843.669921875,14718.009765625
2014-04-01 00:00:00,14791.990234375,14870.509765625,14751.2900390625
2014-04-02 00:00:00,14946.3203125,15069.6103515625,14893.169921875
2014-04-03 00:00:00,15071.8798828125,15164.3896484375,14976.3603515625
2014-04-04 00:00:00,15063.76953125,15098.3798828125,15000.6904296875
2014-04-07 00:00:00,14808.849609375,14895.580078125,14764.3701171875
2014-04-08 00:00:00,14606.8798828125,14740.099609375,14605.3095703125
2014-04-09 00:00:00,14299.6904296875,14502.01953125,14279.33984375
2014-04-10 00:00:00,14300.1201171875,14513.1396484375,14234.4501953125
2014-04-11 00:00:00,13960.0498046875,14065.9697265625,13885.1103515625
2014-04-14 00:00:00,13910.16015625,14008.2900390625,13885.2197265625
2014-04-15 00:00:00,13996.8095703125,14096.8603515625,13969.169921875
2014-04-16 00:00:00,14417.6796875,14420.2998046875,14125.58984375
2014-04-17 00:00:00,14417.5302734375,14500.66015625,14351.849609375
2014-04-18 00:00:00,14516.26953125,14536.669921875,14442.740234375
2014-04-21 00:00:00,14512.3798828125,14649.5,14503.169921875
2014-04-22 00:00:00,14388.76953125,14604.2998046875,14388.76953125
2014-04-23 00:00:00,14546.26953125,14546.26953125,14459.2900390625
2014-04-24 00:00:00,14404.990234375,14563.25,14367.1298828125
2014-04-25 00:00:00,14429.259765625,14554.3203125,14327.599609375
2014-04-28 00:00:00,14288.23046875,14324.0302734375,14224.4697265625
2014-04-30 00:00:00,14304.1103515625,14421.2197265625,14275.6904296875
2014-05-01 00:00:00,14485.1298828125,14493.0302734375,14341.08984375
2014-05-02 00:00:00,14457.509765625,14473.75,14405.76953125
2014-05-07 00:00:00,14033.4501953125,14299.1298828125,14033.4501953125
2014-05-08 00:00:00,14163.7802734375,14254.4404296875,14108.16015625
2014-05-09 00:00:00,14199.58984375,14266.2900390625,14091.2001953125
2014-05-12 00:00:00,14149.51953125,14234.490234375,14130.2998046875
2014-05-13 00:00:00,14425.4404296875,14464.009765625,14359.740234375
2014-05-14 00:00:00,14405.759765625,14419.650390625,14349.8701171875
2014-05-15 00:00:00,14298.2099609375,14306.3603515625,14190.26953125
2014-05-16 00:00:00,14096.58984375,14108.4404296875,14016.490234375
2014-05-19 00:00:00,14006.4404296875,14150.5,13991.7998046875
2014-05-20 00:00:00,14075.25,14144.0400390625,14038.0595703125
2014-05-21 00:00:00,14042.169921875,14054.240234375,13964.4296875
2014-05-22 00:00:00,14337.7900390625,14369.01953125,14147.5498046875
2014-05-23 00:00:00,14462.169921875,14528.0400390625,14404.7998046875
2014-05-26 00:00:00,14602.51953125,14602.51953125,14531.3203125
2014-05-27 00:00:00,14636.51953125,14744.16015625,14588.6796875
2014-05-28 00:00:00,14670.9501953125,14717.2900390625,14608.5400390625
2014-05-29 00:00:00,14681.7197265625,14714.9501953125,14574.01953125
2014-05-30 00:00:00,14632.3798828125,14741.099609375,14591.6201171875
2014-06-02 00:00:00,14935.919921875,14963.91015625,14777.509765625
2014-06-03 00:00:00,15034.25,15091.490234375,15026.009765625
2014-06-04 00:00:00,15067.9599609375,15071.7802734375,14985.2099609375
2014-06-05 00:00:00,15079.3701171875,15141.1396484375,15016.8095703125
2014-06-06 00:00:00,15077.240234375,15144.33984375,15042.58984375
2014-06-09 00:00:00,15124.0,15206.5703125,15116.0302734375
2014-06-10 00:00:00,14994.7998046875,15184.76953125,14966.7998046875
2014-06-11 00:00:00,15069.48046875,15075.7197265625,14998.6298828125
2014-06-12 00:00:00,14973.5302734375,14992.9599609375,14862.080078125
2014-06-13 00:00:00,15097.83984375,15121.6396484375,14830.990234375
2014-06-16 00:00:00,14933.2900390625,15056.75,14867.150390625
2014-06-17 00:00:00,14975.9697265625,15026.9599609375,14948.5400390625
2014-06-18 00:00:00,15115.7998046875,15139.990234375,14995.4501953125
2014-06-19 00:00:00,15361.16015625,15375.3798828125,15138.2802734375
2014-06-20 00:00:00,15349.419921875,15422.0595703125,15305.4296875
2014-06-23 00:00:00,15369.2802734375,15442.669921875,15335.8798828125
2014-06-24 00:00:00,15376.240234375,15424.5703125,15252.26953125
2014-06-25 00:00:00,15266.6103515625,15347.8798828125,15265.7099609375
2014-06-26 00:00:00,15308.490234375,15345.1201171875,15278.2197265625
2014-06-27 00:00:00,15095.0,15293.8203125,15027.3095703125
2014-06-30 00:00:00,15162.099609375,15177.8701171875,15052.33984375
2014-07-01 00:00:00,15326.2001953125,15389.080078125,15145.8701171875
2014-07-02 00:00:00,15369.9697265625,15444.6298828125,15354.91015625
2014-07-03 00:00:00,15348.2900390625,15435.33984375,15324.3203125
2014-07-04 00:00:00,15437.1298828125,15490.3701171875,15420.0703125
2014-07-07 00:00:00,15379.4404296875,15477.76953125,15379.4404296875
2014-07-08 00:00:00,15314.41015625,15389.8896484375,15225.1103515625
2014-07-09 00:00:00,15302.650390625,15302.650390625,15185.3203125
2014-07-10 00:00:00,15216.4697265625,15326.7802734375,15215.4296875
2014-07-11 00:00:00,15164.0400390625,15204.009765625,15101.490234375
2014-07-14 00:00:00,15296.8203125,15324.9501953125,15179.490234375
2014-07-15 00:00:00,15395.16015625,15441.5400390625,15346.08984375
2014-07-16 00:00:00,15379.2998046875,15423.9599609375,15355.0
2014-07-17 00:00:00,15370.259765625,15465.740234375,15347.849609375
2014-07-18 00:00:00,15215.7099609375,15220.5,15110.4501953125
2014-07-22 00:00:00,15343.2802734375,15392.01953125,15287.9296875
2014-07-23 00:00:00,15328.5595703125,15376.2001953125,15317.3701171875
2014-07-24 00:00:00,15284.419921875,15383.1103515625,15232.1396484375
2014-07-25 00:00:00,15457.8701171875,15457.8701171875,15341.6904296875
2014-07-28 00:00:00,15529.400390625,15556.6201171875,15426.98046875
2014-07-29 00:00:00,15618.0703125,15632.7001953125,15556.01953125
2014-07-30 00:00:00,15646.23046875,15666.6201171875,15594.8896484375
2014-07-31 00:00:00,15620.76953125,15759.66015625,15618.849609375
2014-08-01 00:00:00,15523.1103515625,15602.1298828125,15501.150390625
2014-08-04 00:00:00,15474.5,15535.6201171875,15440.2099609375
2014-08-05 00:00:00,15320.3095703125,15507.3203125,15313.83984375
2014-08-06 00:00:00,15159.7900390625,15271.1396484375,15121.4296875
2014-08-07 00:00:00,15232.3701171875,15243.0595703125,15061.990234375
2014-08-08 00:00:00,14778.3701171875,15074.3203125,14753.83984375
2014-08-11 00:00:00,15130.51953125,15161.5400390625,14973.7099609375
2014-08-12 00:00:00,15161.3095703125,15235.98046875,15125.9296875
2014-08-13 00:00:00,15213.6298828125,15235.900390625,15108.5302734375
2014-08-14 00:00:00,15314.5703125,15338.849609375,15272.900390625
2014-08-15 00:00:00,15318.33984375,15328.33984375,15276.990234375
2014-08-18 00:00:00,15322.599609375,15365.349609375,15303.3896484375
2014-08-19 00:00:00,15449.7900390625,15476.0498046875,15429.1103515625
2014-08-20 00:00:00,15454.4501953125,15492.8798828125,15433.7197265625
2014-08-21 00:00:00,15586.2001953125,15601.990234375,15525.7802734375
2014-08-22 00:00:00,15539.1904296875,15628.7802734375,15524.4296875
2014-08-25 00:00:00,15613.25,15628.6103515625,15553.509765625
2014-08-26 00:00:00,15521.2197265625,15613.33984375,15519.419921875
2014-08-27 00:00:00,15534.8203125,15588.2197265625,15465.990234375
2014-08-28 00:00:00,15459.8603515625,15487.990234375,15423.900390625
2014-08-29 00:00:00,15424.58984375,15447.8095703125,15356.0
2014-09-01 00:00:00,15476.599609375,15478.76953125,15440.990234375
2014-09-02 00:00:00,15668.599609375,15737.3603515625,15516.5
2014-09-03 00:00:00,15728.349609375,15829.3798828125,15723.5400390625
2014-09-04 00:00:00,15676.1796875,15732.759765625,15663.58984375
2014-09-05 00:00:00,15668.6796875,15792.6396484375,15641.3701171875
2014-09-08 00:00:00,15705.1103515625,15730.330078125,15656.400390625
2014-09-09 00:00:00,15749.150390625,15795.8203125,15736.1298828125
2014-09-10 00:00:00,15788.7802734375,15795.599609375,15664.7900390625
2014-09-11 00:00:00,15909.2001953125,15925.509765625,15854.2998046875
2014-09-12 00:00:00,15948.2900390625,15984.900390625,15885.0400390625
2014-09-16 00:00:00,15911.5302734375,15938.3095703125,15871.1201171875
2014-09-17 00:00:00,15888.669921875,15969.41015625,15888.669921875
2014-09-18 00:00:00,16067.5703125,16106.1103515625,16003.4599609375
2014-09-19 00:00:00,16321.169921875,16364.080078125,16170.8603515625
2014-09-22 00:00:00,16205.900390625,16299.1298828125,16170.1103515625
2014-09-24 00:00:00,16167.4501953125,16203.9404296875,16094.58984375
2014-09-25 00:00:00,16374.1396484375,16374.1396484375,16303.91015625
2014-09-26 00:00:00,16229.8603515625,16251.669921875,16087.9501953125
2014-09-29 00:00:00,16310.6396484375,16344.3203125,16262.0
2014-09-30 00:00:00,16173.51953125,16252.7197265625,16058.7197265625
2014-10-01 00:00:00,16082.25,16225.9599609375,16081.009765625
2014-10-02 00:00:00,15661.990234375,15922.509765625,15646.400390625
2014-10-03 00:00:00,15708.650390625,15708.650390625,15559.0703125
2014-10-06 00:00:00,15890.9501953125,15970.650390625,15808.2197265625
2014-10-07 00:00:00,15783.830078125,15913.51953125,15755.5703125
2014-10-08 00:00:00,15595.98046875,15643.6298828125,15520.8095703125
2014-10-09 00:00:00,15478.9296875,15732.3203125,15461.08984375
2014-10-10 00:00:00,15300.5498046875,15345.7802734375,15221.830078125
2014-10-14 00:00:00,14936.509765625,15089.900390625,14919.7099609375
2014-10-15 00:00:00,15073.51953125,15084.6103515625,14916.650390625
2014-10-16 00:00:00,14738.3798828125,14807.080078125,14672.5498046875
2014-10-17 00:00:00,14532.509765625,14830.669921875,14529.0302734375
2014-10-20 00:00:00,15111.23046875,15111.23046875,14819.6904296875
2014-10-21 00:00:00,14804.2802734375,15115.2900390625,14761.83984375
2014-10-22 00:00:00,15195.76953125,15195.7802734375,15001.4296875
2014-10-23 00:00:00,15138.9599609375,15232.509765625,15059.6396484375
2014-10-24 00:00:00,15291.6396484375,15377.0498046875,15232.0
2014-10-27 00:00:00,15388.7197265625,15424.0498046875,15333.7099609375
2014-10-28 00:00:00,15329.91015625,15374.4599609375,15263.3603515625
2014-10-29 00:00:00,15553.91015625,15595.2900390625,15394.7900390625
2014-10-30 00:00:00,15658.2001953125,15701.0400390625,15584.830078125
2014-10-31 00:00:00,16413.759765625,16533.91015625,15817.1396484375
2014-11-04 00:00:00,16862.470703125,17127.66015625,16720.990234375
2014-11-05 00:00:00,16937.3203125,16995.01953125,16778.279296875
2014-11-06 00:00:00,16792.48046875,17045.939453125,16725.44921875
2014-11-07 00:00:00,16880.380859375,16938.19921875,16824.080078125
2014-11-10 00:00:00,16780.529296875,16818.05078125,16713.369140625
2014-11-11 00:00:00,17124.109375,17160.119140625,16855.30078125
2014-11-12 00:00:00,17197.05078125,17443.740234375,17170.0
2014-11-13 00:00:00,17392.7890625,17400.76953125,17099.94921875
2014-11-14 00:00:00,17490.830078125,17520.5390625,17300.189453125
2014-11-17 00:00:00,16973.80078125,17409.3203125,16907.4296875
2014-11-18 00:00:00,17344.060546875,17356.759765625,17186.5
2014-11-19 00:00:00,17288.75,17472.5703125,17280.759765625
2014-11-20 00:00:00,17300.859375,17407.689453125,17270.69921875
2014-11-21 00:00:00,17357.509765625,17381.58984375,17108.19921875
2014-11-25 00:00:00,17407.619140625,17490.390625,17372.7109375
2014-11-26 00:00:00,17383.580078125,17432.5703125,17335.990234375
2014-11-27 00:00:00,17248.5,17346.849609375,17212.48046875
2014-11-28 00:00:00,17459.849609375,17471.900390625,17330.83984375
2014-12-01 00:00:00,17590.099609375,17649.01953125,17474.26953125
2014-12-02 00:00:00,17663.220703125,17687.69921875,17476.419921875
2014-12-03 00:00:00,17720.4296875,17881.759765625,17696.359375
2014-12-04 00:00:00,17887.2109375,17912.58984375,17813.009765625
2014-12-05 00:00:00,17920.44921875,17922.2890625,17759.359375
2014-12-08 00:00:00,17935.640625,18030.830078125,17869.740234375
2014-12-09 00:00:00,17813.380859375,17892.16015625,17773.30078125
2014-12-10 00:00:00,17412.580078125,17658.140625,17308.8203125
2014-12-11 00:00:00,17257.400390625,17289.73046875,17043.630859375
2014-12-12 00:00:00,17371.580078125,17526.189453125,17298.189453125
2014-12-15 00:00:00,17099.400390625,17258.3203125,17037.2109375
2014-12-16 00:00:00,16755.3203125,16895.390625,16714.830078125
2014-12-17 00:00:00,16819.73046875,16891.01953125,16672.939453125
2014-12-18 00:00:00,17210.05078125,17274.23046875,17136.41015625
2014-12-19 00:00:00,17621.400390625,17621.400390625,17471.599609375
2014-12-22 00:00:00,17635.140625,17692.580078125,17572.619140625
2014-12-24 00:00:00,17854.23046875,17875.41015625,17800.419921875
2014-12-25 00:00:00,17808.75,17832.470703125,17773.58984375
2014-12-26 00:00:00,17818.9609375,17843.73046875,17769.009765625
2014-12-29 00:00:00,17729.83984375,17914.55078125,17525.66015625
2014-12-30 00:00:00,17450.76953125,17713.759765625,17450.76953125
2015-01-05 00:00:00,17408.7109375,17540.919921875,17219.220703125
2015-01-06 00:00:00,16883.189453125,17111.359375,16881.73046875
2015-01-07 00:00:00,16885.330078125,16974.609375,16808.259765625
2015-01-08 00:00:00,17167.099609375,17243.7109375,17016.08984375
2015-01-09 00:00:00,17197.73046875,17342.650390625,17129.529296875
2015-01-13 00:00:00,17087.7109375,17087.7109375,16828.26953125
2015-01-14 00:00:00,16795.9609375,17036.720703125,16770.560546875
2015-01-15 00:00:00,17108.69921875,17141.98046875,16856.220703125
2015-01-16 00:00:00,16864.16015625,16864.33984375,16592.5703125
2015-01-19 00:00:00,17014.2890625,17039.80078125,16911.580078125
2015-01-20 00:00:00,17366.30078125,17366.30078125,17066.76953125
2015-01-21 00:00:00,17280.48046875,17329.029296875,17181.55078125
2015-01-22 00:00:00,17329.01953125,17355.740234375,17229.2109375
2015-01-23 00:00:00,17511.75,17532.060546875,17460.759765625
2015-01-26 00:00:00,17468.51953125,17471.939453125,17285.7109375
2015-01-27 00:00:00,17768.30078125,17768.41015625,17633.470703125
2015-01-28 00:00:00,17795.73046875,17850.58984375,17615.9296875
2015-01-29 00:00:00,17606.220703125,17778.830078125,17575.099609375
2015-01-30 00:00:00,17674.390625,17808.470703125,17661.099609375
2015-02-02 00:00:00,17558.0390625,17628.400390625,17459.44921875
2015-02-03 00:00:00,17335.849609375,17654.599609375,17271.869140625
2015-02-04 00:00:00,17678.740234375,17743.109375,17535.0390625
2015-02-05 00:00:00,17504.619140625,17619.33984375,17484.669921875
2015-02-06 00:00:00,17648.5,17700.669921875,17603.0703125
2015-02-09 00:00:00,17711.9296875,17799.490234375,17653.609375
2015-02-10 00:00:00,17652.6796875,17673.26953125,17550.029296875
2015-02-12 00:00:00,17979.720703125,18005.44921875,17884.33984375
2015-02-13 00:00:00,17913.359375,17962.109375,17864.55078125
2015-02-16 00:00:00,18004.76953125,18074.259765625,17978.900390625
2015-02-17 00:00:00,17987.08984375,18009.44921875,17901.259765625
2015-02-18 00:00:00,18199.169921875,18202.609375,18092.3203125
2015-02-19 00:00:00,18264.7890625,18322.5,18237.349609375
2015-02-20 00:00:00,18332.30078125,18360.919921875,18297.669921875
2015-02-23 00:00:00,18466.919921875,18509.080078125,18402.01953125
2015-02-24 00:00:00,18603.48046875,18603.48046875,18427.98046875
2015-02-25 00:00:00,18585.19921875,18648.76953125,18552.810546875
2015-02-26 00:00:00,18785.7890625,18790.830078125,18587.130859375
2015-02-27 00:00:00,18797.939453125,18865.390625,18714.640625
2015-03-02 00:00:00,18826.880859375,18939.169921875,18775.23046875
2015-03-03 00:00:00,18815.16015625,18910.51953125,18730.5703125
2015-03-04 00:00:00,18703.599609375,18732.66015625,18586.83984375
2015-03-05 00:00:00,18751.83984375,18767.5,18655.359375
2015-03-06 00:00:00,18971.0,18979.640625,18808.30078125
2015-03-09 00:00:00,18790.55078125,18878.150390625,18733.869140625
2015-03-10 00:00:00,18665.109375,18924.380859375,18577.060546875
2015-03-11 00:00:00,18723.51953125,18836.9296875,18583.51953125
2015-03-12 00:00:00,18991.109375,19008.130859375,18774.419921875
2015-03-13 00:00:00,19254.25,19335.80078125,19042.25
2015-03-16 00:00:00,19246.060546875,19349.19921875,19226.7109375
2015-03-17 00:00:00,19437.0,19479.890625,19373.390625
2015-03-18 00:00:00,19544.48046875,19555.720703125,19389.240234375
2015-03-19 00:00:00,19476.560546875,19557.169921875,19312.69921875
2015-03-20 00:00:00,19560.220703125,19565.439453125,19416.630859375
2015-03-23 00:00:00,19754.359375,19778.599609375,19584.73046875
2015-03-24 00:00:00,19713.44921875,19770.640625,19646.349609375
2015-03-25 00:00:00,19746.19921875,19775.44921875,19542.220703125
2015-03-26 00:00:00,19471.119140625,19623.109375,19397.009765625
2015-03-27 00:00:00,19285.630859375,19590.029296875,19099.869140625
2015-03-30 00:00:00,19411.400390625,19474.0703125,19227.2890625
2015-03-31 00:00:00,19206.990234375,19607.25,19206.990234375
2015-04-01 00:00:00,19034.83984375,19195.23046875,18927.94921875
2015-04-02 00:00:00,19312.7890625,19433.890625,19115.140625
2015-04-03 00:00:00,19435.080078125,19435.080078125,19289.0390625
2015-04-06 00:00:00,19397.98046875,19424.08984375,19241.2890625
2015-04-07 00:00:00,19640.5390625,19667.48046875,19501.310546875
2015-04-08 00:00:00,19789.810546875,19845.529296875,19693.630859375
2015-04-09 00:00:00,19937.720703125,19957.3203125,19822.490234375
2015-04-10 00:00:00,19907.630859375,20006.0,19845.310546875
2015-04-13 00:00:00,19905.4609375,19975.66015625,19825.689453125
2015-04-14 00:00:00,19908.6796875,19922.5,19828.650390625
2015-04-15 00:00:00,19869.759765625,19913.419921875,19823.859375
2015-04-16 00:00:00,19885.76953125,19894.349609375,19742.119140625
2015-04-17 00:00:00,19652.880859375,19815.25,19638.369140625
2015-04-20 00:00:00,19634.490234375,19725.859375,19474.23046875
2015-04-21 00:00:00,19909.08984375,19909.08984375,19678.220703125
2015-04-22 00:00:00,20133.900390625,20144.66015625,19983.0
2015-04-23 00:00:00,20187.650390625,20252.119140625,20116.189453125
2015-04-24 00:00:00,20020.0390625,20142.470703125,20013.740234375
2015-04-27 00:00:00,19983.3203125,20069.240234375,19909.859375
2015-04-28 00:00:00,20058.94921875,20133.779296875,20031.7109375
2015-04-30 00:00:00,19520.009765625,19852.66015625,19502.609375
2015-05-01 00:00:00,19531.630859375,19549.390625,19399.16015625
2015-05-07 00:00:00,19291.990234375,19461.080078125,19257.849609375
2015-05-08 00:00:00,19379.189453125,19458.75,19302.7109375
2015-05-11 00:00:00,19620.91015625,19679.630859375,19586.810546875
2015-05-12 00:00:00,19624.83984375,19626.75,19467.650390625
2015-05-13 00:00:00,19764.720703125,19791.880859375,19494.69921875
2015-05-14 00:00:00,19570.240234375,19717.80078125,19546.8203125
2015-05-15 00:00:00,19732.919921875,19750.759765625,19633.75
2015-05-18 00:00:00,19890.26953125,19890.26953125,19741.220703125
2015-05-19 00:00:00,20026.380859375,20087.69921875,19946.75
2015-05-20 00:00:00,20196.560546875,20278.890625,20148.509765625
2015-05-21 00:00:00,20202.869140625,20320.900390625,20175.779296875
2015-05-22 00:00:00,20264.41015625,20278.310546875,20130.83984375
2015-05-25 00:00:00,20413.76953125,20417.76953125,20318.5390625
2015-05-26 00:00:00,20437.48046875,20473.849609375,20378.76953125
2015-05-27 00:00:00,20472.580078125,20513.220703125,20363.2109375
2015-05-28 00:00:00,20551.4609375,20655.330078125,20473.26953125
2015-05-29 00:00:00,20563.150390625,20636.41015625,20508.400390625
2015-06-01 00:00:00,20569.869140625,20595.41015625,20410.26953125
2015-06-02 00:00:00,20543.189453125,20619.609375,20470.259765625
2015-06-03 00:00:00,20473.509765625,20506.349609375,20397.73046875
2015-06-04 00:00:00,20488.189453125,20552.4609375,20438.2109375
2015-06-05 00:00:00,20460.900390625,20480.25,20363.1796875
2015-06-08 00:00:00,20457.189453125,20544.939453125,20359.060546875
2015-06-09 00:00:00,20096.30078125,20332.419921875,20095.48046875
2015-06-10 00:00:00,20046.359375,20264.919921875,20016.3203125
2015-06-11 00:00:00,20382.970703125,20382.970703125,20178.0390625
2015-06-12 00:00:00,20407.080078125,20437.259765625,20331.189453125
2015-06-15 00:00:00,20387.7890625,20401.48046875,20205.099609375
2015-06-16 00:00:00,20257.939453125,20368.2109375,20234.16015625
2015-06-17 00:00:00,20219.26953125,20323.080078125,20126.5703125
2015-06-18 00:00:00,19990.8203125,20200.509765625,19990.55078125
2015-06-19 00:00:00,20174.240234375,20194.44921875,20075.91015625
2015-06-22 00:00:00,20428.189453125,20433.30078125,20174.140625
2015-06-23 00:00:00,20809.419921875,20809.419921875,20531.130859375
2015-06-24 00:00:00,20868.029296875,20952.7109375,20838.220703125
2015-06-25 00:00:00,20771.400390625,20866.580078125,20758.599609375
2015-06-26 00:00:00,20706.150390625,20785.759765625,20650.0
2015-06-29 00:00:00,20109.94921875,20361.599609375,20093.16015625
2015-06-30 00:00:00,20235.73046875,20243.1796875,20118.259765625
2015-07-01 00:00:00,20329.3203125,20346.740234375,20225.26953125
2015-07-02 00:00:00,20522.5,20601.73046875,20479.849609375
2015-07-03 00:00:00,20539.7890625,20557.509765625,20431.25
2015-07-06 00:00:00,20112.119140625,20310.720703125,20012.23046875
2015-07-07 00:00:00,20376.58984375,20428.0,20337.1796875
2015-07-08 00:00:00,19737.640625,20310.890625,19737.640625
2015-07-09 00:00:00,19855.5,19855.5,19115.19921875
2015-07-10 00:00:00,19779.830078125,19978.240234375,19720.150390625
2015-07-13 00:00:00,20089.76953125,20120.150390625,19911.390625
2015-07-14 00:00:00,20385.330078125,20435.529296875,20322.19921875
2015-07-15 00:00:00,20463.330078125,20496.599609375,20401.08984375
2015-07-16 00:00:00,20600.119140625,20612.5,20522.25
2015-07-17 00:00:00,20650.919921875,20658.94921875,20611.220703125
2015-07-21 00:00:00,20841.970703125,20850.0,20710.33984375
2015-07-22 00:00:00,20593.669921875,20677.83984375,20576.189453125
2015-07-23 00:00:00,20683.94921875,20708.23046875,20648.759765625
2015-07-24 00:00:00,20544.529296875,20631.5390625,20527.779296875
2015-07-27 00:00:00,20350.099609375,20486.9296875,20278.73046875
2015-07-28 00:00:00,20328.890625,20423.580078125,20070.619140625
2015-07-29 00:00:00,20302.91015625,20425.689453125,20205.2109375
2015-07-30 00:00:00,20522.830078125,20583.5703125,20443.890625
2015-07-31 00:00:00,20585.240234375,20585.240234375,20466.80078125
2015-08-03 00:00:00,20548.109375,20562.19921875,20396.5
2015-08-04 00:00:00,20520.359375,20552.0390625,20448.490234375
2015-08-05 00:00:00,20614.060546875,20715.48046875,20469.869140625
2015-08-06 00:00:00,20664.439453125,20817.48046875,20664.439453125
2015-08-07 00:00:00,20724.560546875,20754.0,20567.509765625
2015-08-10 00:00:00,20808.689453125,20820.859375,20617.05078125
2015-08-11 00:00:00,20720.75,20946.9296875,20582.009765625
2015-08-12 00:00:00,20392.76953125,20703.19921875,20303.01953125
2015-08-13 00:00:00,20595.55078125,20633.91015625,20306.98046875
2015-08-14 00:00:00,20519.44921875,20605.4609375,20484.669921875
2015-08-17 00:00:00,20620.259765625,20668.869140625,20541.0
2015-08-18 00:00:00,20554.470703125,20663.1796875,20545.25
2015-08-19 00:00:00,20222.630859375,20521.970703125,20218.029296875
2015-08-20 00:00:00,20033.51953125,20246.470703125,20033.2890625
2015-08-21 00:00:00,19435.830078125,19737.5390625,19435.830078125
2015-08-24 00:00:00,18540.6796875,19154.650390625,18498.80078125
2015-08-25 00:00:00,17806.69921875,18835.349609375,17747.5
2015-08-26 00:00:00,18376.830078125,18442.83984375,17714.30078125
2015-08-27 00:00:00,18574.439453125,18810.05078125,18486.4609375
2015-08-28 00:00:00,19136.3203125,19192.8203125,18901.08984375
2015-08-31 00:00:00,18890.48046875,19019.609375,18749.76953125
2015-09-01 00:00:00,18165.689453125,18777.470703125,18165.689453125
2015-09-02 00:00:00,18095.400390625,18467.439453125,17857.30078125
2015-09-03 00:00:00,18182.390625,18481.5703125,18176.75
2015-09-04 00:00:00,17792.16015625,18312.130859375,17608.169921875
2015-09-07 00:00:00,17860.470703125,18013.640625,17478.720703125
2015-09-08 00:00:00,17427.080078125,17962.560546875,17415.609375
2015-09-09 00:00:00,18770.509765625,18770.509765625,17756.759765625
2015-09-10 00:00:00,18299.619140625,18420.560546875,17956.150390625
2015-09-11 00:00:00,18264.220703125,18362.990234375,18124.349609375
2015-09-14 00:00:00,17965.69921875,18344.0703125,17925.08984375
2015-09-15 00:00:00,18026.48046875,18329.5703125,17995.98046875
2015-09-16 00:00:00,18171.599609375,18291.970703125,18094.990234375
2015-09-17 00:00:00,18432.26953125,18468.19921875,18289.630859375
2015-09-18 00:00:00,18070.2109375,18295.900390625,18069.5
2015-09-24 00:00:00,17571.830078125,17865.83984375,17571.830078125
2015-09-25 00:00:00,17880.509765625,17880.509765625,17483.689453125
2015-09-28 00:00:00,17645.109375,17886.490234375,17562.599609375
2015-09-29 00:00:00,16930.83984375,17366.94921875,16901.490234375
2015-09-30 00:00:00,17388.150390625,17460.970703125,17179.400390625
2015-10-01 00:00:00,17722.419921875,17831.580078125,17389.5703125
2015-10-02 00:00:00,17725.130859375,17775.76953125,17537.849609375
2015-10-05 00:00:00,18005.490234375,18079.4609375,17869.740234375
2015-10-06 00:00:00,18186.099609375,18372.720703125,18094.849609375
2015-10-07 00:00:00,18322.98046875,18379.23046875,18043.080078125
2015-10-08 00:00:00,18141.169921875,18400.689453125,18121.6796875
2015-10-09 00:00:00,18438.669921875,18438.669921875,18184.9609375
2015-10-13 00:00:00,18234.740234375,18359.7109375,18223.80078125
2015-10-14 00:00:00,17891.0,18126.390625,17831.529296875
2015-10-15 00:00:00,18096.900390625,18170.669921875,17758.119140625
2015-10-16 00:00:00,18291.80078125,18397.51953125,18238.779296875
2015-10-19 00:00:00,18131.23046875,18314.08984375,18078.4296875
2015-10-20 00:00:00,18207.150390625,18253.130859375,18147.98046875
2015-10-21 00:00:00,18554.279296875,18605.41015625,18167.640625
2015-10-22 00:00:00,18435.869140625,18579.140625,18376.009765625
2015-10-23 00:00:00,18825.30078125,18915.640625,18746.609375
2015-10-26 00:00:00,18947.119140625,19088.759765625,18937.44921875
2015-10-27 00:00:00,18777.0390625,18964.990234375,18760.7890625
2015-10-28 00:00:00,18903.01953125,18925.509765625,18815.119140625
2015-10-29 00:00:00,18935.7109375,19080.890625,18809.48046875
2015-10-30 00:00:00,19083.099609375,19202.33984375,18784.689453125
2015-11-02 00:00:00,18683.240234375,18861.109375,18641.220703125
2015-11-04 00:00:00,18926.91015625,19151.890625,18926.91015625
2015-11-05 00:00:00,19116.41015625,19167.08984375,18995.9609375
2015-11-06 00:00:00,19265.599609375,19294.150390625,19164.859375
2015-11-09 00:00:00,19642.740234375,19684.41015625,19389.740234375
2015-11-10 00:00:00,19671.259765625,19674.05078125,19457.05078125
2015-11-11 00:00:00,19691.390625,19724.119140625,19602.009765625
2015-11-12 00:00:00,19697.76953125,19725.830078125,19597.990234375
2015-11-13 00:00:00,19596.91015625,19601.490234375,19388.91015625
2015-11-16 00:00:00,19393.689453125,19451.08984375,19252.0390625
2015-11-17 00:00:00,19630.630859375,19726.009765625,19628.83984375
2015-11-18 00:00:00,19649.1796875,19840.0,19643.970703125
2015-11-19 00:00:00,19859.810546875,19959.060546875,19761.560546875
2015-11-20 00:00:00,19879.810546875,19879.810546875,19715.740234375
2015-11-24 00:00:00,19924.890625,19954.0,19834.759765625
2015-11-25 00:00:00,19847.580078125,19871.75,19786.529296875
2015-11-26 00:00:00,19944.41015625,19992.439453125,19926.099609375
2015-11-27 00:00:00,19883.939453125,19994.05078125,19831.25
2015-11-30 00:00:00,19747.470703125,19867.94921875,19707.669921875
2015-12-01 00:00:00,20012.400390625,20012.400390625,19797.55078125
2015-12-02 00:00:00,19938.130859375,20002.119140625,19926.220703125
2015-12-03 00:00:00,19939.900390625,19967.880859375,19862.740234375
2015-12-04 00:00:00,19504.48046875,19660.900390625,19444.5390625
2015-12-07 00:00:00,19698.150390625,19811.509765625,19677.2109375
2015-12-08 00:00:00,19492.599609375,19764.2109375,19475.279296875
2015-12-09 00:00:00,19301.0703125,19475.400390625,19260.119140625
2015-12-10 00:00:00,19046.55078125,19125.060546875,19025.779296875
2015-12-11 00:00:00,19230.48046875,19282.2109375,19020.75
2015-12-14 00:00:00,18883.419921875,18911.779296875,18611.08984375
2015-12-15 00:00:00,18565.900390625,18897.869140625,18562.509765625
2015-12-16 00:00:00,19049.91015625,19054.890625,18859.109375
2015-12-17 00:00:00,19353.560546875,19507.169921875,19325.150390625
2015-12-18 00:00:00,18986.80078125,19869.080078125,18982.25
2015-12-21 00:00:00,18916.01953125,18979.830078125,18651.130859375
2015-12-22 00:00:00,18886.69921875,18943.4609375,18824.650390625
2015-12-24 00:00:00,18789.689453125,19071.41015625,18780.939453125
2015-12-25 00:00:00,18769.060546875,18870.69921875,18744.439453125
2015-12-28 00:00:00,18873.349609375,18922.900390625,18764.5390625
2015-12-29 00:00:00,18982.23046875,18991.009765625,18783.359375
2015-12-30 00:00:00,19033.7109375,19113.1796875,19017.26953125
2016-01-04 00:00:00,18450.98046875,18951.119140625,18394.4296875
2016-01-05 00:00:00,18374.0,18547.380859375,18327.51953125
2016-01-06 00:00:00,18191.3203125,18469.380859375,18064.30078125
2016-01-07 00:00:00,17767.33984375,18172.0390625,17767.33984375
2016-01-08 00:00:00,17697.9609375,17975.310546875,17509.640625
2016-01-12 00:00:00,17218.9609375,17546.5703125,17184.779296875
2016-01-13 00:00:00,17715.630859375,17717.75,17414.55078125
2016-01-14 00:00:00,17240.94921875,17393.830078125,16944.41015625
2016-01-15 00:00:00,17147.109375,17597.869140625,17057.599609375
2016-01-18 00:00:00,16955.5703125,17037.259765625,16665.05078125
2016-01-19 00:00:00,17048.369140625,17088.310546875,16812.650390625
2016-01-20 00:00:00,16416.189453125,17031.3203125,16387.609375
2016-01-21 00:00:00,16017.259765625,16734.580078125,16017.259765625
2016-01-22 00:00:00,16958.529296875,16993.9609375,16332.4501953125
2016-01-25 00:00:00,17110.91015625,17208.240234375,16922.2109375
2016-01-26 00:00:00,16708.900390625,16839.51953125,16652.259765625
2016-01-27 00:00:00,17163.919921875,17242.26953125,16947.94921875
2016-01-28 00:00:00,17041.44921875,17235.439453125,16942.130859375
2016-01-29 00:00:00,17518.30078125,17638.9296875,16767.08984375
2016-02-01 00:00:00,17865.23046875,17905.369140625,17666.48046875
2016-02-02 00:00:00,17750.6796875,17864.69921875,17684.66015625
2016-02-03 00:00:00,17191.25,17515.6796875,17080.5703125
2016-02-04 00:00:00,17044.990234375,17209.560546875,16941.880859375
2016-02-05 00:00:00,16819.58984375,16893.119140625,16627.80078125
2016-02-08 00:00:00,17004.30078125,17099.009765625,16552.30078125
2016-02-09 00:00:00,16085.4404296875,16668.69921875,16025.9404296875
2016-02-10 00:00:00,15713.3896484375,16163.0302734375,15429.990234375
2016-02-12 00:00:00,14952.6103515625,15437.2197265625,14865.76953125
2016-02-15 00:00:00,16022.580078125,16155.099609375,15243.8798828125
2016-02-16 00:00:00,16054.4296875,16341.5595703125,15809.580078125
2016-02-17 00:00:00,15836.3603515625,16214.4599609375,15632.1201171875
2016-02-18 00:00:00,16196.7998046875,16337.58984375,16118.7998046875
2016-02-19 00:00:00,15967.169921875,16050.4599609375,15799.349609375
2016-02-22 00:00:00,16111.0498046875,16187.400390625,15816.830078125
2016-02-23 00:00:00,16052.0498046875,16350.3798828125,16001.1904296875
2016-02-24 00:00:00,15915.7900390625,16006.4501953125,15753.76953125
2016-02-25 00:00:00,16140.33984375,16218.2900390625,15953.9296875
2016-02-26 00:00:00,16188.41015625,16472.5,16188.41015625
2016-02-29 00:00:00,16026.759765625,16464.75,16026.759765625
2016-03-01 00:00:00,16085.509765625,16099.419921875,15857.3701171875
2016-03-02 00:00:00,16746.55078125,16815.25,16388.919921875
2016-03-03 00:00:00,16960.16015625,16962.94921875,16691.939453125
2016-03-04 00:00:00,17014.779296875,17042.919921875,16861.380859375
2016-03-07 00:00:00,16911.3203125,17026.25,16894.580078125
2016-03-08 00:00:00,16783.150390625,16909.7890625,16570.220703125
2016-03-09 00:00:00,16642.19921875,16706.25,16494.80078125
2016-03-10 00:00:00,16852.349609375,16887.599609375,16713.130859375
2016-03-11 00:00:00,16938.869140625,17015.30078125,16575.75
2016-03-14 00:00:00,17233.75,17291.349609375,17149.2109375
2016-03-15 00:00:00,17117.0703125,17279.30078125,17042.560546875
2016-03-16 00:00:00,16974.44921875,17102.44921875,16950.83984375
2016-03-17 00:00:00,16936.380859375,17253.029296875,16814.83984375
2016-03-18 00:00:00,16724.810546875,16920.91015625,16613.689453125
2016-03-22 00:00:00,17048.55078125,17107.80078125,16851.2109375
2016-03-23 00:00:00,17000.98046875,17142.080078125,16964.310546875
2016-03-24 00:00:00,16892.330078125,17041.16015625,16843.990234375
2016-03-25 00:00:00,17002.75,17026.140625,16889.400390625
2016-03-28 00:00:00,17134.369140625,17167.880859375,16961.41015625
2016-03-29 00:00:00,17103.529296875,17137.19921875,16948.4296875
2016-03-30 00:00:00,16878.9609375,17078.029296875,16875.91015625
2016-03-31 00:00:00,16758.669921875,17033.650390625,16758.669921875
2016-04-01 00:00:00,16164.16015625,16719.560546875,16113.009765625
2016-04-04 00:00:00,16123.26953125,16238.509765625,16029.5
2016-04-05 00:00:00,15732.8203125,16066.1796875,15698.5498046875
2016-04-06 00:00:00,15715.3603515625,15828.6103515625,15612.91015625
2016-04-07 00:00:00,15749.83984375,15871.099609375,15636.2099609375
2016-04-08 00:00:00,15821.51953125,16027.6298828125,15471.7998046875
2016-04-11 00:00:00,15751.1298828125,15778.740234375,15525.490234375
2016-04-12 00:00:00,15928.7900390625,15963.0302734375,15693.6103515625
2016-04-13 00:00:00,16381.2197265625,16405.58984375,16132.23046875
2016-04-14 00:00:00,16911.05078125,16911.05078125,16602.169921875
2016-04-15 00:00:00,16848.029296875,16928.669921875,16720.390625
2016-04-18 00:00:00,16275.9501953125,16526.900390625,16254.2001953125
2016-04-19 00:00:00,16874.439453125,16900.330078125,16570.5
2016-04-20 00:00:00,16906.5390625,17099.359375,16870.73046875
2016-04-21 00:00:00,17363.619140625,17381.69921875,17144.529296875
2016-04-22 00:00:00,17572.490234375,17572.490234375,17192.390625
2016-04-25 00:00:00,17439.30078125,17613.560546875,17403.869140625
2016-04-26 00:00:00,17353.279296875,17426.01953125,17200.5
2016-04-27 00:00:00,17290.490234375,17417.5390625,17230.23046875
2016-04-28 00:00:00,16666.05078125,17572.26953125,16652.740234375
2016-05-02 00:00:00,16147.3798828125,16357.099609375,15975.4697265625
2016-05-06 00:00:00,16106.7197265625,16271.6103515625,15989.349609375
2016-05-09 00:00:00,16216.0302734375,16292.8603515625,16159.3095703125
2016-05-10 00:00:00,16565.189453125,16587.630859375,16229.150390625
2016-05-11 00:00:00,16579.009765625,16814.640625,16536.609375
2016-05-12 00:00:00,16646.33984375,16658.0703125,16374.58984375
2016-05-13 00:00:00,16412.2109375,16804.169921875,16400.869140625
2016-05-16 00:00:00,16466.400390625,16632.619140625,16391.919921875
2016-05-17 00:00:00,16652.80078125,16655.890625,16509.310546875
2016-05-18 00:00:00,16644.689453125,16795.470703125,16513.169921875
2016-05-19 00:00:00,16646.66015625,16841.0390625,16590.16015625
2016-05-20 00:00:00,16736.349609375,16770.869140625,16548.33984375
2016-05-23 00:00:00,16654.599609375,16691.5,16417.83984375
2016-05-24 00:00:00,16498.759765625,16605.0390625,16471.369140625
2016-05-25 00:00:00,16757.349609375,16806.029296875,16731.119140625
2016-05-26 00:00:00,16772.4609375,16957.560546875,16743.169921875
2016-05-27 00:00:00,16834.83984375,16901.08984375,16792.73046875
2016-05-30 00:00:00,17068.01953125,17068.01953125,16910.189453125
2016-05-31 00:00:00,17234.98046875,17251.359375,16988.640625
2016-06-01 00:00:00,16955.73046875,17145.94921875,16908.919921875
2016-06-02 00:00:00,16562.55078125,16819.849609375,16525.470703125
2016-06-03 00:00:00,16642.23046875,16716.140625,16554.599609375
2016-06-06 00:00:00,16580.029296875,16581.30078125,16322.6396484375
2016-06-07 00:00:00,16675.44921875,16701.009765625,16536.23046875
2016-06-08 00:00:00,16830.919921875,16830.919921875,16581.7109375
2016-06-09 00:00:00,16668.41015625,16785.830078125,16587.76953125
2016-06-10 00:00:00,16601.359375,16643.359375,16496.109375
2016-06-13 00:00:00,16019.1796875,16335.3798828125,16019.1796875
2016-06-14 00:00:00,15859.0,16082.5,15762.08984375
2016-06-15 00:00:00,15919.580078125,15997.2998046875,15752.009765625
2016-06-16 00:00:00,15434.1396484375,15913.080078125,15395.98046875
2016-06-17 00:00:00,15599.66015625,15774.8701171875,15582.9404296875
2016-06-20 00:00:00,15965.2998046875,16035.4404296875,15835.8603515625
2016-06-21 00:00:00,16169.1103515625,16202.2998046875,15770.9599609375
2016-06-22 00:00:00,16065.7197265625,16160.990234375,15980.650390625
2016-06-23 00:00:00,16238.349609375,16263.8701171875,16057.8603515625
2016-06-24 00:00:00,14952.01953125,16389.169921875,14864.009765625
2016-06-27 00:00:00,15309.2099609375,15323.9501953125,15061.66015625
2016-06-28 00:00:00,15323.1396484375,15443.8203125,14987.7900390625
2016-06-29 00:00:00,15566.830078125,15626.66015625,15398.3095703125
2016-06-30 00:00:00,15575.919921875,15781.6904296875,15575.919921875
2016-07-01 00:00:00,15682.48046875,15765.0,15635.5703125
2016-07-04 00:00:00,15775.7998046875,15805.3095703125,15553.919921875
2016-07-05 00:00:00,15669.330078125,15702.0400390625,15602.73046875
2016-07-06 00:00:00,15378.990234375,15434.4599609375,15167.98046875
2016-07-07 00:00:00,15276.240234375,15418.900390625,15241.91015625
2016-07-08 00:00:00,15106.98046875,15399.7001953125,15106.51953125
2016-07-11 00:00:00,15708.8203125,15816.669921875,15375.9404296875
2016-07-12 00:00:00,16095.650390625,16237.6201171875,15956.91015625
2016-07-13 00:00:00,16231.4296875,16444.25,16196.4404296875
2016-07-14 00:00:00,16385.890625,16398.73046875,16229.259765625
2016-07-15 00:00:00,16497.849609375,16607.3203125,16396.119140625
2016-07-19 00:00:00,16723.310546875,16726.7109375,16514.66015625
2016-07-20 00:00:00,16681.890625,16692.83984375,16554.029296875
2016-07-21 00:00:00,16810.220703125,16938.9609375,16740.0
2016-07-22 00:00:00,16627.25,16691.810546875,16566.98046875
2016-07-25 00:00:00,16620.2890625,16778.650390625,16612.330078125
2016-07-26 00:00:00,16383.0400390625,16535.810546875,16323.099609375
2016-07-27 00:00:00,16664.8203125,16821.4296875,16526.060546875
2016-07-28 00:00:00,16476.83984375,16616.279296875,16450.279296875
2016-07-29 00:00:00,16569.26953125,16679.189453125,16174.349609375
2016-08-01 00:00:00,16635.76953125,16677.490234375,16319.150390625
2016-08-02 00:00:00,16391.44921875,16541.880859375,16391.44921875
2016-08-03 00:00:00,16083.1103515625,16275.33984375,16056.669921875
2016-08-04 00:00:00,16254.8896484375,16270.1201171875,15921.0400390625
2016-08-05 00:00:00,16254.4501953125,16355.98046875,16230.7001953125
2016-08-08 00:00:00,16650.5703125,16652.0390625,16455.5703125
2016-08-09 00:00:00,16764.970703125,16779.58984375,16630.560546875
2016-08-10 00:00:00,16735.119140625,16822.859375,16657.58984375
2016-08-12 00:00:00,16919.919921875,16943.669921875,16818.4296875
2016-08-15 00:00:00,16869.560546875,16932.109375,16844.580078125
2016-08-16 00:00:00,16596.509765625,16887.5703125,16596.509765625
2016-08-17 00:00:00,16745.640625,16772.109375,16596.259765625
2016-08-18 00:00:00,16486.009765625,16714.609375,16481.41015625
2016-08-19 00:00:00,16545.8203125,16613.0390625,16452.619140625
2016-08-22 00:00:00,16598.189453125,16631.23046875,16540.939453125
2016-08-23 00:00:00,16497.359375,16663.640625,16452.009765625
2016-08-24 00:00:00,16597.30078125,16648.0703125,16544.390625
2016-08-25 00:00:00,16555.94921875,16628.7890625,16520.83984375
2016-08-26 00:00:00,16360.7099609375,16490.529296875,16320.4296875
2016-08-29 00:00:00,16737.490234375,16764.640625,16616.650390625
2016-08-30 00:00:00,16725.359375,16752.16015625,16677.849609375
2016-08-31 00:00:00,16887.400390625,16917.859375,16836.9609375
2016-09-01 00:00:00,16926.83984375,16941.1796875,16864.560546875
2016-09-02 00:00:00,16925.6796875,16946.490234375,16848.119140625
2016-09-05 00:00:00,17037.630859375,17156.359375,17009.2109375
2016-09-06 00:00:00,17081.98046875,17097.58984375,17022.640625
2016-09-07 00:00:00,17012.439453125,17024.259765625,16903.19921875
2016-09-08 00:00:00,16958.76953125,17001.83984375,16836.650390625
2016-09-09 00:00:00,16965.759765625,17029.779296875,16902.08984375
2016-09-12 00:00:00,16672.919921875,16802.0,16601.5390625
2016-09-13 00:00:00,16729.0390625,16787.060546875,16658.400390625
2016-09-14 00:00:00,16614.240234375,16706.609375,16585.80078125
2016-09-15 00:00:00,16405.009765625,16528.01953125,16359.7802734375
2016-09-16 00:00:00,16519.2890625,16532.83984375,16415.859375
2016-09-20 00:00:00,16492.150390625,16591.69921875,16403.220703125
2016-09-21 00:00:00,16807.619140625,16823.630859375,16399.650390625
2016-09-23 00:00:00,16754.01953125,16808.58984375,16725.529296875
2016-09-26 00:00:00,16544.560546875,16707.44921875,16514.9296875
2016-09-27 00:00:00,16683.9296875,16683.9296875,16285.41015625
2016-09-28 00:00:00,16465.400390625,16515.83984375,16385.029296875
2016-09-29 00:00:00,16693.7109375,16756.4296875,16584.140625
2016-09-30 00:00:00,16449.83984375,16497.55078125,16407.779296875
2016-10-03 00:00:00,16598.669921875,16652.16015625,16554.830078125
2016-10-04 00:00:00,16735.650390625,16747.19921875,16637.8203125
2016-10-05 00:00:00,16819.240234375,16844.349609375,16728.189453125
2016-10-06 00:00:00,16899.099609375,16971.279296875,16888.76953125
2016-10-07 00:00:00,16860.08984375,16895.130859375,16820.2109375
2016-10-11 00:00:00,17024.759765625,17074.4609375,16931.119140625
2016-10-12 00:00:00,16840.0,16951.5390625,16839.41015625
2016-10-13 00:00:00,16774.240234375,16974.25,16739.73046875
2016-10-14 00:00:00,16856.369140625,16866.560546875,16727.779296875
2016-10-17 00:00:00,16900.119140625,16954.439453125,16821.490234375
2016-10-18 00:00:00,16963.609375,16966.900390625,16844.169921875
2016-10-19 00:00:00,16998.91015625,17016.66015625,16938.4609375
2016-10-20 00:00:00,17235.5,17235.5,16992.140625
2016-10-21 00:00:00,17184.58984375,17288.890625,17151.98046875
2016-10-24 00:00:00,17234.419921875,17244.740234375,17162.2109375
2016-10-25 00:00:00,17365.25,17381.80078125,17298.630859375
2016-10-26 00:00:00,17391.83984375,17391.83984375,17295.4609375
2016-10-27 00:00:00,17336.419921875,17414.2109375,17278.119140625
2016-10-28 00:00:00,17446.41015625,17461.029296875,17406.720703125
2016-10-31 00:00:00,17425.01953125,17433.130859375,17327.619140625
2016-11-01 00:00:00,17442.400390625,17473.119140625,17339.640625
2016-11-02 00:00:00,17134.6796875,17283.599609375,17080.58984375
2016-11-04 00:00:00,16905.359375,16996.08984375,16801.98046875
2016-11-07 00:00:00,17177.2109375,17186.890625,17056.83984375
2016-11-08 00:00:00,17171.380859375,17247.0390625,17130.830078125
2016-11-09 00:00:00,16251.5400390625,17427.7109375,16111.8095703125
2016-11-10 00:00:00,17344.419921875,17393.8203125,16560.66015625
2016-11-11 00:00:00,17374.7890625,17621.73046875,17333.490234375
2016-11-14 00:00:00,17672.619140625,17697.330078125,17455.779296875
2016-11-15 00:00:00,17668.150390625,17727.580078125,17605.76953125
2016-11-16 00:00:00,17862.2109375,17886.439453125,17807.470703125
2016-11-17 00:00:00,17862.630859375,17884.060546875,17764.080078125
2016-11-18 00:00:00,17967.41015625,18043.720703125,17967.41015625
2016-11-21 00:00:00,18106.01953125,18129.029296875,18007.7890625
2016-11-22 00:00:00,18162.939453125,18175.630859375,18050.55078125
2016-11-24 00:00:00,18333.41015625,18382.720703125,18310.310546875
2016-11-25 00:00:00,18381.220703125,18482.939453125,18288.5
2016-11-28 00:00:00,18356.890625,18374.9296875,18222.8203125
2016-11-29 00:00:00,18307.0390625,18327.509765625,18258.8203125
2016-11-30 00:00:00,18308.48046875,18370.310546875,18280.66015625
2016-12-01 00:00:00,18513.119140625,18746.279296875,18469.26953125
2016-12-02 00:00:00,18426.080078125,18469.6796875,18315.380859375
2016-12-05 00:00:00,18274.990234375,18365.740234375,18227.390625
2016-12-06 00:00:00,18360.5390625,18484.80078125,18318.990234375
2016-12-07 00:00:00,18496.689453125,18502.470703125,18410.880859375
2016-12-08 00:00:00,18765.470703125,18765.470703125,18614.009765625
2016-12-09 00:00:00,18996.369140625,19042.48046875,18821.41015625
2016-12-12 00:00:00,19155.029296875,19280.9296875,19054.0
2016-12-13 00:00:00,19250.51953125,19253.509765625,19060.720703125
2016-12-14 00:00:00,19253.609375,19284.279296875,19184.75
2016-12-15 00:00:00,19273.7890625,19436.900390625,19192.599609375
2016-12-16 00:00:00,19401.150390625,19439.970703125,19360.359375
2016-12-19 00:00:00,19391.599609375,19399.259765625,19307.140625
2016-12-20 00:00:00,19494.529296875,19511.19921875,19356.810546875
2016-12-21 00:00:00,19444.490234375,19592.900390625,19375.189453125
2016-12-22 00:00:00,19427.669921875,19427.669921875,19327.509765625
2016-12-26 00:00:00,19396.640625,19432.48046875,19385.939453125
2016-12-27 00:00:00,19403.060546875,19478.580078125,19352.060546875
2016-12-28 00:00:00,19401.720703125,19442.130859375,19364.73046875
2016-12-29 00:00:00,19145.140625,19301.0390625,19092.220703125
2016-12-30 00:00:00,19114.369140625,19176.810546875,18991.58984375
2017-01-04 00:00:00,19594.16015625,19594.16015625,19277.9296875
2017-01-05 00:00:00,19520.689453125,19615.400390625,19473.279296875
2017-01-06 00:00:00,19454.330078125,19472.369140625,19354.439453125
2017-01-10 00:00:00,19301.439453125,19484.900390625,19255.349609375
2017-01-11 00:00:00,19364.669921875,19402.169921875,19325.4609375
2017-01-12 00:00:00,19134.69921875,19300.189453125,19069.01953125
2017-01-13 00:00:00,19287.279296875,19299.359375,19156.9296875
2017-01-16 00:00:00,19095.240234375,19255.41015625,19061.26953125
2017-01-17 00:00:00,18813.529296875,19043.91015625,18812.859375
2017-01-18 00:00:00,18894.369140625,18941.240234375,18650.330078125
2017-01-19 00:00:00,19072.25,19122.390625,18982.130859375
2017-01-20 00:00:00,19137.91015625,19176.859375,19040.19921875
2017-01-23 00:00:00,18891.029296875,19024.2109375,18879.6796875
2017-01-24 00:00:00,18787.990234375,18915.69921875,18783.16015625
2017-01-25 00:00:00,19057.5,19133.1796875,18987.44921875
2017-01-26 00:00:00,19402.390625,19405.23046875,19232.4609375
2017-01-27 00:00:00,19467.400390625,19486.6796875,19404.130859375
2017-01-30 00:00:00,19368.849609375,19390.970703125,19295.80078125
2017-01-31 00:00:00,19041.33984375,19199.75,19041.33984375
2017-02-01 00:00:00,19148.080078125,19155.7890625,18916.1796875
2017-02-02 00:00:00,18914.580078125,19170.630859375,18866.80078125
2017-02-03 00:00:00,18918.19921875,19061.259765625,18830.890625
2017-02-06 00:00:00,18976.7109375,19075.5703125,18899.400390625
2017-02-07 00:00:00,18910.779296875,18970.580078125,18805.3203125
2017-02-08 00:00:00,19007.599609375,19009.240234375,18875.5703125
2017-02-09 00:00:00,18907.669921875,18991.23046875,18874.91015625
2017-02-10 00:00:00,19378.9296875,19395.990234375,19193.5703125
2017-02-13 00:00:00,19459.150390625,19519.439453125,19418.1796875
2017-02-14 00:00:00,19238.98046875,19501.009765625,19232.849609375
2017-02-15 00:00:00,19437.98046875,19495.619140625,19420.0
2017-02-16 00:00:00,19347.529296875,19431.609375,19260.240234375
2017-02-17 00:00:00,19234.619140625,19275.390625,19173.529296875
2017-02-20 00:00:00,19251.080078125,19274.75,19115.109375
2017-02-21 00:00:00,19381.439453125,19395.349609375,19261.98046875
2017-02-22 00:00:00,19379.869140625,19419.220703125,19329.279296875
2017-02-23 00:00:00,19371.4609375,19379.919921875,19262.630859375
2017-02-24 00:00:00,19283.5390625,19381.099609375,19219.580078125
2017-02-27 00:00:00,19107.470703125,19178.990234375,18995.55078125
2017-02-28 00:00:00,19118.990234375,19267.990234375,19118.990234375
2017-03-01 00:00:00,19393.5390625,19414.55078125,19164.619140625
2017-03-02 00:00:00,19564.80078125,19668.009765625,19564.80078125
2017-03-03 00:00:00,19469.169921875,19587.7890625,19392.75
2017-03-06 00:00:00,19379.140625,19411.5390625,19340.3203125
2017-03-07 00:00:00,19344.150390625,19375.08984375,19317.099609375
2017-03-08 00:00:00,19254.029296875,19326.400390625,19198.779296875
2017-03-09 00:00:00,19318.580078125,19350.19921875,19262.98046875
2017-03-10 00:00:00,19604.609375,19623.720703125,19427.810546875
2017-03-13 00:00:00,19633.75,19656.48046875,19531.509765625
2017-03-14 00:00:00,19609.5,19637.55078125,19599.619140625
2017-03-15 00:00:00,19577.380859375,19581.529296875,19503.740234375
2017-03-16 00:00:00,19590.140625,19618.990234375,19454.169921875
2017-03-17 00:00:00,19521.58984375,19547.509765625,19487.919921875
2017-03-21 00:00:00,19455.880859375,19485.140625,19337.220703125
2017-03-22 00:00:00,19041.380859375,19183.26953125,19026.529296875
2017-03-23 00:00:00,19085.310546875,19105.109375,18973.75
2017-03-24 00:00:00,19262.529296875,19296.05078125,19060.640625
2017-03-27 00:00:00,18985.58984375,18985.58984375,18985.58984375
2017-03-28 00:00:00,19202.869140625,19203.640625,19113.439453125
2017-03-29 00:00:00,19217.48046875,19251.30078125,19164.609375
2017-03-30 00:00:00,19063.220703125,19218.080078125,19043.48046875
2017-03-31 00:00:00,18909.259765625,19210.919921875,18909.259765625
2017-04-03 00:00:00,18983.23046875,19068.619140625,18920.51953125
2017-04-04 00:00:00,18810.25,18947.330078125,18703.630859375
2017-04-05 00:00:00,18861.26953125,18941.939453125,18773.939453125
2017-04-06 00:00:00,18597.060546875,18797.439453125,18532.650390625
2017-04-07 00:00:00,18664.630859375,18785.73046875,18517.4296875
2017-04-10 00:00:00,18797.880859375,18850.80078125,18762.69921875
2017-04-11 00:00:00,18747.869140625,18767.69921875,18661.859375
2017-04-12 00:00:00,18552.609375,18602.5,18460.58984375
2017-04-13 00:00:00,18426.83984375,18455.25,18304.720703125
2017-04-14 00:00:00,18335.630859375,18531.91015625,18285.73046875
2017-04-17 00:00:00,18355.259765625,18361.439453125,18224.6796875
2017-04-18 00:00:00,18418.58984375,18547.4609375,18362.73046875
2017-04-19 00:00:00,18432.19921875,18467.73046875,18327.330078125
2017-04-20 00:00:00,18430.490234375,18523.400390625,18420.8203125
2017-04-21 00:00:00,18620.75,18648.279296875,18542.419921875
2017-04-24 00:00:00,18875.880859375,18910.330078125,18840.130859375
2017-04-25 00:00:00,19079.330078125,19109.759765625,18867.189453125
2017-04-26 00:00:00,19289.4296875,19289.4296875,19170.859375
2017-04-27 00:00:00,19251.869140625,19281.69921875,19199.58984375
2017-04-28 00:00:00,19196.740234375,19264.5703125,19164.6796875
2017-05-01 00:00:00,19310.51953125,19311.2109375,19144.619140625
2017-05-02 00:00:00,19445.69921875,19464.30078125,19335.01953125
2017-05-08 00:00:00,19895.69921875,19929.48046875,19705.130859375
2017-05-09 00:00:00,19843.0,19917.44921875,19838.7109375
2017-05-10 00:00:00,19900.08984375,19938.529296875,19866.30078125
2017-05-11 00:00:00,19961.55078125,19989.939453125,19906.349609375
2017-05-12 00:00:00,19883.900390625,19941.640625,19809.91015625
2017-05-15 00:00:00,19869.849609375,19869.849609375,19740.630859375
2017-05-16 00:00:00,19919.8203125,19998.490234375,19862.41015625
2017-05-17 00:00:00,19814.880859375,19842.779296875,19764.630859375
2017-05-18 00:00:00,19553.859375,19601.529296875,19449.73046875
2017-05-19 00:00:00,19590.759765625,19628.640625,19497.2890625
2017-05-22 00:00:00,19678.279296875,19722.9296875,19618.73046875
2017-05-23 00:00:00,19613.279296875,19693.01953125,19585.5390625
2017-05-24 00:00:00,19742.98046875,19782.810546875,19690.099609375
2017-05-25 00:00:00,19813.130859375,19850.9296875,19720.119140625
2017-05-26 00:00:00,19686.83984375,19801.58984375,19686.490234375
2017-05-29 00:00:00,19682.5703125,19736.619140625,19627.189453125
2017-05-30 00:00:00,19677.849609375,19691.439453125,19570.130859375
2017-05-31 00:00:00,19650.5703125,19673.509765625,19589.25
2017-06-01 00:00:00,19860.029296875,19887.66015625,19686.3203125
2017-06-02 00:00:00,20177.279296875,20239.810546875,19967.0
2017-06-05 00:00:00,20170.8203125,20224.5390625,20104.130859375
2017-06-06 00:00:00,19979.900390625,20152.94921875,19948.01953125
2017-06-07 00:00:00,19984.619140625,20023.240234375,19908.0703125
2017-06-08 00:00:00,19909.259765625,20061.220703125,19896.349609375
2017-06-09 00:00:00,20013.259765625,20096.009765625,19927.0703125
2017-06-12 00:00:00,19908.580078125,19949.0703125,19837.640625
2017-06-13 00:00:00,19898.75,19929.029296875,19850.859375
2017-06-14 00:00:00,19883.51953125,20009.9296875,19879.599609375
2017-06-15 00:00:00,19831.8203125,19963.359375,19755.33984375
2017-06-16 00:00:00,19943.259765625,20015.16015625,19884.80078125
2017-06-19 00:00:00,20067.75,20087.7109375,19949.880859375
2017-06-20 00:00:00,20230.41015625,20318.109375,20227.2890625
2017-06-21 00:00:00,20138.7890625,20215.109375,20117.7890625
2017-06-22 00:00:00,20110.509765625,20191.419921875,20107.890625
2017-06-23 00:00:00,20132.669921875,20152.580078125,20089.5390625
2017-06-26 00:00:00,20153.349609375,20196.380859375,20119.0390625
2017-06-27 00:00:00,20225.08984375,20250.099609375,20185.189453125
2017-06-28 00:00:00,20130.41015625,20224.30078125,20110.490234375
2017-06-29 00:00:00,20220.30078125,20266.58984375,20197.380859375
2017-06-30 00:00:00,20033.4296875,20044.009765625,19946.509765625
2017-07-03 00:00:00,20055.80078125,20096.140625,20030.609375
2017-07-04 00:00:00,20032.349609375,20197.16015625,19971.529296875
2017-07-05 00:00:00,20081.630859375,20087.009765625,19888.900390625
2017-07-06 00:00:00,19994.060546875,20078.880859375,19947.630859375
2017-07-07 00:00:00,19929.08984375,19979.9296875,19856.650390625
2017-07-10 00:00:00,20080.98046875,20127.759765625,20023.029296875
2017-07-11 00:00:00,20195.48046875,20200.880859375,20070.669921875
2017-07-12 00:00:00,20098.380859375,20153.0390625,20061.16015625
2017-07-13 00:00:00,20099.810546875,20183.80078125,20062.26953125
2017-07-14 00:00:00,20118.859375,20163.669921875,20101.7109375
2017-07-18 00:00:00,19999.91015625,20081.2890625,19943.140625
2017-07-19 00:00:00,20020.859375,20032.4609375,19947.259765625
2017-07-20 00:00:00,20144.58984375,20157.109375,20032.23046875
2017-07-21 00:00:00,20099.75,20135.330078125,20081.91015625
2017-07-24 00:00:00,19975.669921875,20002.5390625,19901.880859375
2017-07-25 00:00:00,19955.19921875,20036.310546875,19941.609375
2017-07-26 00:00:00,20050.16015625,20116.0,20016.580078125
2017-07-27 00:00:00,20079.640625,20176.390625,20005.19921875
2017-07-28 00:00:00,19959.83984375,20056.16015625,19926.599609375
2017-07-31 00:00:00,19925.1796875,19983.900390625,19891.900390625
2017-08-01 00:00:00,19985.7890625,20000.4609375,19904.720703125
2017-08-02 00:00:00,20080.0390625,20113.73046875,20022.05078125
2017-08-03 00:00:00,20029.259765625,20070.16015625,19985.400390625
2017-08-04 00:00:00,19952.330078125,19984.509765625,19933.58984375
2017-08-07 00:00:00,20055.890625,20085.900390625,20037.400390625
2017-08-08 00:00:00,19996.009765625,20076.80078125,19970.5703125
2017-08-09 00:00:00,19738.7109375,19945.279296875,19660.220703125
2017-08-10 00:00:00,19729.740234375,19829.880859375,19685.830078125
2017-08-14 00:00:00,19537.099609375,19598.41015625,19486.48046875
2017-08-15 00:00:00,19753.310546875,19824.119140625,19656.91015625
2017-08-16 00:00:00,19729.279296875,19776.859375,19719.080078125
2017-08-17 00:00:00,19702.630859375,19739.0390625,19679.369140625
2017-08-18 00:00:00,19470.41015625,19543.130859375,19433.08984375
2017-08-21 00:00:00,19393.130859375,19509.529296875,19365.650390625
2017-08-22 00:00:00,19383.83984375,19437.25,19361.94921875
2017-08-23 00:00:00,19434.640625,19561.3203125,19408.470703125
2017-08-24 00:00:00,19353.76953125,19428.55078125,19351.919921875
2017-08-25 00:00:00,19452.609375,19485.970703125,19384.369140625
2017-08-28 00:00:00,19449.900390625,19535.5,19420.5
2017-08-29 00:00:00,19362.55078125,19371.900390625,19280.01953125
2017-08-30 00:00:00,19506.5390625,19538.23046875,19435.099609375
2017-08-31 00:00:00,19646.240234375,19687.990234375,19583.109375
2017-09-01 00:00:00,19691.470703125,19735.9609375,19620.0703125
2017-09-04 00:00:00,19508.25,19628.400390625,19479.400390625
2017-09-05 00:00:00,19385.810546875,19542.779296875,19354.58984375
2017-09-06 00:00:00,19357.970703125,19371.380859375,19254.669921875
2017-09-07 00:00:00,19396.51953125,19482.720703125,19365.75
2017-09-08 00:00:00,19274.8203125,19357.490234375,19239.51953125
2017-09-11 00:00:00,19545.76953125,19567.029296875,19437.140625
2017-09-12 00:00:00,19776.619140625,19792.060546875,19718.80078125
2017-09-13 00:00:00,19865.8203125,19888.83984375,19845.01953125
2017-09-14 00:00:00,19807.439453125,19918.390625,19793.849609375
2017-09-15 00:00:00,19909.5,19933.400390625,19787.650390625
2017-09-19 00:00:00,20299.380859375,20320.779296875,20122.0
2017-09-20 00:00:00,20310.4609375,20339.369140625,20272.8203125
2017-09-21 00:00:00,20347.48046875,20481.26953125,20332.689453125
2017-09-22 00:00:00,20296.44921875,20417.0703125,20249.240234375
2017-09-25 00:00:00,20397.580078125,20454.2890625,20367.029296875
2017-09-26 00:00:00,20330.189453125,20385.5,20303.98046875
2017-09-27 00:00:00,20267.05078125,20278.08984375,20213.66015625
2017-09-28 00:00:00,20363.109375,20399.869140625,20299.6796875
2017-09-29 00:00:00,20356.279296875,20370.330078125,20285.060546875
2017-10-02 00:00:00,20400.779296875,20411.330078125,20363.279296875
2017-10-03 00:00:00,20614.0703125,20628.380859375,20438.169921875
2017-10-04 00:00:00,20626.66015625,20689.080078125,20592.1796875
2017-10-05 00:00:00,20628.560546875,20667.470703125,20602.259765625
2017-10-06 00:00:00,20690.7109375,20721.150390625,20659.150390625
2017-10-10 00:00:00,20823.509765625,20823.66015625,20663.080078125
2017-10-11 00:00:00,20881.26953125,20898.41015625,20788.119140625
2017-10-12 00:00:00,20954.720703125,20994.400390625,20917.0390625
2017-10-13 00:00:00,21155.1796875,21211.2890625,20933.0
2017-10-16 00:00:00,21255.560546875,21347.0703125,21187.9296875
2017-10-17 00:00:00,21336.119140625,21393.9609375,21230.669921875
2017-10-18 00:00:00,21363.05078125,21402.759765625,21317.669921875
2017-10-19 00:00:00,21448.51953125,21503.849609375,21381.51953125
2017-10-20 00:00:00,21457.640625,21489.259765625,21363.099609375
2017-10-23 00:00:00,21696.650390625,21723.599609375,21614.509765625
2017-10-24 00:00:00,21805.169921875,21805.169921875,21646.51953125
2017-10-25 00:00:00,21707.619140625,21921.359375,21648.349609375
2017-10-26 00:00:00,21739.779296875,21793.619140625,21688.560546875
2017-10-27 00:00:00,22008.44921875,22016.5,21815.720703125
2017-10-30 00:00:00,22011.669921875,22086.880859375,21921.240234375
2017-10-31 00:00:00,22011.609375,22020.380859375,21840.0703125
2017-11-01 00:00:00,22420.080078125,22455.919921875,22130.029296875
2017-11-02 00:00:00,22539.119140625,22540.25,22400.009765625
2017-11-06 00:00:00,22548.349609375,22644.6796875,22435.33984375
2017-11-07 00:00:00,22937.599609375,22953.1796875,22512.91015625
2017-11-08 00:00:00,22913.8203125,22922.80078125,22759.0703125
2017-11-09 00:00:00,22868.7109375,23382.150390625,22522.830078125
2017-11-10 00:00:00,22681.419921875,22724.390625,22511.9296875
2017-11-13 00:00:00,22380.990234375,22607.919921875,22380.990234375
2017-11-14 00:00:00,22380.009765625,22532.30078125,22323.240234375
2017-11-15 00:00:00,22028.3203125,22305.240234375,22004.7890625
2017-11-16 00:00:00,22351.119140625,22392.130859375,21972.33984375
2017-11-17 00:00:00,22396.80078125,22757.400390625,22319.119140625
2017-11-20 00:00:00,22261.759765625,22410.240234375,22215.0703125
2017-11-21 00:00:00,22416.48046875,22563.25,22416.48046875
2017-11-22 00:00:00,22523.150390625,22677.33984375,22513.439453125
2017-11-24 00:00:00,22550.849609375,22567.19921875,22381.009765625
2017-11-27 00:00:00,22495.990234375,22659.330078125,22423.400390625
2017-11-28 00:00:00,22486.240234375,22580.990234375,22363.939453125
2017-11-29 00:00:00,22597.19921875,22643.9296875,22537.119140625
2017-11-30 00:00:00,22724.9609375,22748.3203125,22502.6796875
2017-12-01 00:00:00,22819.029296875,22994.310546875,22675.0703125
2017-12-04 00:00:00,22707.16015625,22864.330078125,22693.990234375
2017-12-05 00:00:00,22622.380859375,22682.7109375,22522.279296875
2017-12-06 00:00:00,22177.0390625,22528.2109375,22119.2109375
2017-12-07 00:00:00,22498.029296875,22515.240234375,22317.150390625
2017-12-08 00:00:00,22811.080078125,22819.7109375,22625.41015625
2017-12-11 00:00:00,22938.73046875,22938.73046875,22787.400390625
2017-12-12 00:00:00,22866.169921875,22994.330078125,22834.890625
2017-12-13 00:00:00,22758.0703125,22879.369140625,22697.3203125
2017-12-14 00:00:00,22694.44921875,22786.609375,22638.759765625
2017-12-15 00:00:00,22553.220703125,22745.08984375,22478.3203125
2017-12-18 00:00:00,22901.76953125,22927.5,22735.19921875
2017-12-19 00:00:00,22868.0,22990.419921875,22862.8203125
2017-12-20 00:00:00,22891.720703125,22923.5,22806.73046875
2017-12-21 00:00:00,22866.099609375,22894.94921875,22728.060546875
2017-12-22 00:00:00,22902.759765625,22908.83984375,22801.16015625
2017-12-25 00:00:00,22939.1796875,22948.830078125,22870.189453125
2017-12-26 00:00:00,22892.689453125,22950.150390625,22877.630859375
2017-12-27 00:00:00,22911.2109375,22936.16015625,22854.390625
2017-12-28 00:00:00,22783.98046875,22954.44921875,22736.4296875
2017-12-29 00:00:00,22764.939453125,22881.2109375,22753.19921875
2018-01-04 00:00:00,23506.330078125,23506.330078125,23065.19921875
2018-01-05 00:00:00,23714.529296875,23730.470703125,23520.51953125
2018-01-09 00:00:00,23849.990234375,23952.609375,23789.029296875
2018-01-10 00:00:00,23788.19921875,23864.759765625,23755.44921875
2018-01-11 00:00:00,23710.4296875,23734.970703125,23601.83984375
2018-01-12 00:00:00,23653.8203125,23743.05078125,23588.0703125
2018-01-15 00:00:00,23714.880859375,23833.26953125,23685.01953125
2018-01-16 00:00:00,23951.810546875,23962.0703125,23701.830078125
2018-01-17 00:00:00,23868.33984375,23891.630859375,23739.169921875
2018-01-18 00:00:00,23763.369140625,24084.419921875,23699.470703125
2018-01-19 00:00:00,23808.060546875,23872.689453125,23735.609375
2018-01-22 00:00:00,23816.330078125,23816.330078125,23697.810546875
2018-01-23 00:00:00,24124.150390625,24129.33984375,23916.01953125
2018-01-24 00:00:00,23940.779296875,24072.76953125,23917.140625
2018-01-25 00:00:00,23669.490234375,23828.400390625,23649.029296875
2018-01-26 00:00:00,23631.880859375,23797.9609375,23592.279296875
2018-01-29 00:00:00,23629.33984375,23787.23046875,23580.169921875
2018-01-30 00:00:00,23291.970703125,23581.98046875,23233.369140625
2018-01-31 00:00:00,23098.2890625,23375.380859375,23092.849609375
2018-02-01 00:00:00,23486.109375,23492.76953125,23211.119140625
2018-02-02 00:00:00,23274.529296875,23367.9609375,23122.44921875
2018-02-05 00:00:00,22682.080078125,22967.689453125,22659.4296875
2018-02-06 00:00:00,21610.240234375,22277.44921875,21078.7109375
2018-02-07 00:00:00,21645.369140625,22353.869140625,21627.130859375
2018-02-08 00:00:00,21890.859375,21977.029296875,21649.69921875
2018-02-09 00:00:00,21382.619140625,21510.30078125,21119.009765625
2018-02-13 00:00:00,21244.6796875,21679.19921875,21211.529296875
2018-02-14 00:00:00,21154.169921875,21371.009765625,20950.150390625
2018-02-15 00:00:00,21464.98046875,21578.990234375,21308.919921875
2018-02-16 00:00:00,21720.25,21866.369140625,21499.880859375
2018-02-19 00:00:00,22149.2109375,22152.849609375,21858.330078125
2018-02-20 00:00:00,21925.099609375,22063.869140625,21831.44921875
2018-02-21 00:00:00,21970.810546875,22130.580078125,21836.73046875
2018-02-22 00:00:00,21736.439453125,21799.400390625,21626.849609375
2018-02-23 00:00:00,21892.779296875,21903.390625,21741.630859375
2018-02-26 00:00:00,22153.630859375,22226.529296875,22040.869140625
2018-02-27 00:00:00,22389.859375,22502.05078125,22325.0703125
2018-02-28 00:00:00,22068.240234375,22380.279296875,22068.240234375
2018-03-01 00:00:00,21724.470703125,21901.130859375,21645.220703125
2018-03-02 00:00:00,21181.640625,21366.08984375,21088.9609375
2018-03-05 00:00:00,21042.08984375,21164.380859375,20937.259765625
2018-03-06 00:00:00,21417.759765625,21551.140625,21381.419921875
2018-03-07 00:00:00,21252.720703125,21484.080078125,21201.939453125
2018-03-08 00:00:00,21368.0703125,21488.16015625,21299.400390625
2018-03-09 00:00:00,21469.19921875,21884.44921875,21357.55078125
2018-03-12 00:00:00,21824.029296875,21971.16015625,21689.970703125
2018-03-13 00:00:00,21968.099609375,21968.099609375,21700.779296875
2018-03-14 00:00:00,21777.2890625,21881.08984375,21684.01953125
2018-03-15 00:00:00,21803.94921875,21825.970703125,21555.490234375
2018-03-16 00:00:00,21676.509765625,21879.279296875,21632.849609375
2018-03-19 00:00:00,21480.900390625,21659.0390625,21366.880859375
2018-03-20 00:00:00,21380.970703125,21384.859375,21223.970703125
2018-03-22 00:00:00,21591.990234375,21592.0,21349.7109375
2018-03-23 00:00:00,20617.859375,21188.80078125,20559.609375
2018-03-26 00:00:00,20766.099609375,20766.099609375,20347.490234375
2018-03-27 00:00:00,21317.3203125,21317.3203125,20943.310546875
2018-03-28 00:00:00,21031.310546875,21031.310546875,20776.8203125
2018-03-29 00:00:00,21159.080078125,21298.5703125,20996.220703125
2018-03-30 00:00:00,21454.30078125,21512.80078125,21311.5
2018-04-02 00:00:00,21388.580078125,21597.470703125,21388.580078125
2018-04-03 00:00:00,21292.2890625,21333.5,21056.01953125
2018-04-04 00:00:00,21319.55078125,21415.849609375,21238.1796875
2018-04-05 00:00:00,21645.419921875,21737.66015625,21462.099609375
2018-04-06 00:00:00,21567.51953125,21742.83984375,21550.419921875
2018-04-09 00:00:00,21678.259765625,21737.08984375,21517.76953125
2018-04-10 00:00:00,21794.3203125,21933.990234375,21542.369140625
2018-04-11 00:00:00,21687.099609375,21837.359375,21687.099609375
2018-04-12 00:00:00,21660.279296875,21719.4296875,21591.390625
2018-04-13 00:00:00,21778.740234375,21917.349609375,21746.689453125
2018-04-16 00:00:00,21835.529296875,21879.689453125,21775.609375
2018-04-17 00:00:00,21847.58984375,21889.890625,21772.419921875
2018-04-18 00:00:00,22158.19921875,22194.109375,21914.9609375
2018-04-19 00:00:00,22191.1796875,22360.650390625,22176.859375
2018-04-20 00:00:00,22162.240234375,22261.349609375,22076.630859375
2018-04-23 00:00:00,22088.0390625,22204.859375,22065.51953125
2018-04-24 00:00:00,22278.119140625,22304.689453125,22149.58984375
2018-04-25 00:00:00,22215.3203125,22228.779296875,22080.759765625
2018-04-26 00:00:00,22319.609375,22381.66015625,22265.19921875
2018-04-27 00:00:00,22467.869140625,22495.560546875,22357.529296875
2018-05-01 00:00:00,22508.029296875,22519.44921875,22411.4296875
2018-05-02 00:00:00,22472.779296875,22568.189453125,22426.55078125
2018-05-07 00:00:00,22467.16015625,22513.48046875,22350.91015625
2018-05-08 00:00:00,22508.689453125,22566.6796875,22423.23046875
2018-05-09 00:00:00,22408.880859375,22478.640625,22364.75
2018-05-10 00:00:00,22497.1796875,22530.640625,22418.75
2018-05-11 00:00:00,22758.48046875,22769.16015625,22545.470703125
2018-05-14 00:00:00,22865.859375,22894.759765625,22683.640625
2018-05-15 00:00:00,22818.01953125,22912.060546875,22805.720703125
2018-05-16 00:00:00,22717.23046875,22796.140625,22695.83984375
2018-05-17 00:00:00,22838.369140625,22887.029296875,22799.16015625
2018-05-18 00:00:00,22930.359375,22954.189453125,22867.30078125
2018-05-21 00:00:00,23002.369140625,23050.390625,22935.310546875
2018-05-22 00:00:00,22960.33984375,23031.669921875,22952.869140625
2018-05-23 00:00:00,22689.740234375,22949.73046875,22649.849609375
2018-05-24 00:00:00,22437.009765625,22644.689453125,22366.599609375
2018-05-25 00:00:00,22450.7890625,22509.359375,22318.150390625
2018-05-28 00:00:00,22481.08984375,22547.669921875,22410.91015625
2018-05-29 00:00:00,22358.4296875,22439.099609375,22240.390625
2018-05-30 00:00:00,22018.51953125,22079.23046875,21931.650390625
2018-05-31 00:00:00,22201.8203125,22254.419921875,22098.0
2018-06-01 00:00:00,22171.349609375,22316.91015625,22098.0390625
2018-06-04 00:00:00,22475.939453125,22515.720703125,22355.830078125
2018-06-05 00:00:00,22539.5390625,22602.130859375,22470.0390625
2018-06-06 00:00:00,22625.73046875,22662.8203125,22498.58984375
2018-06-07 00:00:00,22823.259765625,22856.369140625,22732.1796875
2018-06-08 00:00:00,22694.5,22879.0,22694.5
2018-06-11 00:00:00,22804.0390625,22856.080078125,22667.30078125
2018-06-12 00:00:00,22878.349609375,23011.5703125,22797.73046875
2018-06-13 00:00:00,22966.380859375,22993.259765625,22895.310546875
2018-06-14 00:00:00,22738.609375,22898.390625,22738.609375
2018-06-15 00:00:00,22851.75,22885.83984375,22770.380859375
2018-06-18 00:00:00,22680.330078125,22806.890625,22601.130859375
2018-06-19 00:00:00,22278.48046875,22618.51953125,22278.48046875
2018-06-20 00:00:00,22555.4296875,22581.400390625,22167.16015625
2018-06-21 00:00:00,22693.0390625,22782.009765625,22491.080078125
2018-06-22 00:00:00,22516.830078125,22535.650390625,22414.1796875
2018-06-25 00:00:00,22338.150390625,22556.55078125,22312.7890625
2018-06-26 00:00:00,22342.0,22368.779296875,22104.119140625
2018-06-27 00:00:00,22271.76953125,22356.5390625,22205.33984375
2018-06-28 00:00:00,22270.390625,22299.390625,22038.400390625
2018-06-29 00:00:00,22304.509765625,22332.8203125,22145.48046875
2018-07-02 00:00:00,21811.9296875,22312.25,21784.48046875
2018-07-03 00:00:00,21785.5390625,21927.810546875,21574.560546875
2018-07-04 00:00:00,21717.0390625,21784.0,21604.1796875
2018-07-05 00:00:00,21546.990234375,21751.5,21462.94921875
2018-07-06 00:00:00,21788.140625,21866.16015625,21642.9609375
2018-07-09 00:00:00,22052.1796875,22105.94921875,21825.759765625
2018-07-10 00:00:00,22196.890625,22321.599609375,22196.890625
2018-07-11 00:00:00,21932.2109375,22044.619140625,21744.25
2018-07-12 00:00:00,22187.9609375,22233.51953125,22019.189453125
2018-07-13 00:00:00,22597.349609375,22692.859375,22316.51953125
2018-07-16 00:00:00,22597.349609375,22692.859375,22316.51953125
2018-07-17 00:00:00,22697.359375,22832.220703125,22575.419921875
2018-07-18 00:00:00,22794.189453125,22949.3203125,22794.189453125
2018-07-19 00:00:00,22764.6796875,22926.470703125,22761.869140625
2018-07-20 00:00:00,22697.880859375,22869.98046875,22541.349609375
2018-07-23 00:00:00,22396.990234375,22507.169921875,22341.869140625
2018-07-24 00:00:00,22510.48046875,22555.05078125,22416.23046875
2018-07-25 00:00:00,22614.25,22645.66015625,22547.140625
2018-07-26 00:00:00,22586.869140625,22717.150390625,22549.76953125
2018-07-27 00:00:00,22712.75,22712.75,22593.19921875
2018-07-30 00:00:00,22544.83984375,22631.3203125,22518.939453125
2018-07-31 00:00:00,22553.720703125,22678.060546875,22352.2109375
2018-08-01 00:00:00,22746.69921875,22775.470703125,22615.98046875
2018-08-02 00:00:00,22512.529296875,22754.73046875,22464.810546875
2018-08-03 00:00:00,22525.1796875,22613.5,22490.5703125
2018-08-06 00:00:00,22507.3203125,22635.6796875,22486.740234375
2018-08-07 00:00:00,22662.740234375,22666.6796875,22499.05078125
2018-08-08 00:00:00,22644.310546875,22800.609375,22610.2890625
2018-08-09 00:00:00,22598.390625,22648.880859375,22497.990234375
2018-08-10 00:00:00,22298.080078125,22608.859375,22272.689453125
2018-08-13 00:00:00,21857.4296875,22124.599609375,21851.3203125
2018-08-14 00:00:00,22356.080078125,22356.080078125,22047.189453125
2018-08-15 00:00:00,22204.220703125,22380.279296875,22110.2890625
2018-08-16 00:00:00,22192.0390625,22240.419921875,21871.69921875
2018-08-17 00:00:00,22270.380859375,22340.94921875,22244.099609375
2018-08-20 00:00:00,22199.0,22288.310546875,22150.75
2018-08-21 00:00:00,22219.73046875,22306.830078125,22053.140625
2018-08-22 00:00:00,22362.55078125,22390.19921875,22162.810546875
2018-08-23 00:00:00,22410.8203125,22463.029296875,22377.880859375
2018-08-24 00:00:00,22601.76953125,22602.240234375,22452.419921875
2018-08-27 00:00:00,22799.640625,22838.060546875,22682.390625
2018-08-28 00:00:00,22813.470703125,23006.76953125,22813.470703125
2018-08-29 00:00:00,22848.220703125,22968.1796875,22819.970703125
2018-08-30 00:00:00,22869.5,23032.169921875,22832.830078125
2018-08-31 00:00:00,22865.150390625,22890.609375,22678.029296875
2018-09-03 00:00:00,22707.380859375,22820.48046875,22684.4296875
2018-09-04 00:00:00,22696.900390625,22753.1796875,22612.150390625
2018-09-05 00:00:00,22580.830078125,22692.25,22570.51953125
2018-09-06 00:00:00,22487.939453125,22535.33984375,22416.630859375
2018-09-07 00:00:00,22307.060546875,22372.890625,22172.900390625
2018-09-10 00:00:00,22373.08984375,22396.880859375,22249.609375
2018-09-11 00:00:00,22664.689453125,22667.849609375,22457.099609375
2018-09-12 00:00:00,22604.609375,22709.369140625,22522.169921875
2018-09-13 00:00:00,22821.3203125,22858.41015625,22643.880859375
2018-09-14 00:00:00,23094.669921875,23105.279296875,22965.48046875
2018-09-18 00:00:00,23420.5390625,23481.529296875,23039.259765625
2018-09-19 00:00:00,23672.51953125,23842.05078125,23672.51953125
2018-09-20 00:00:00,23674.9296875,23781.75,23582.150390625
2018-09-21 00:00:00,23869.9296875,23971.41015625,23764.05078125
2018-09-25 00:00:00,23940.259765625,23950.98046875,23808.94921875
2018-09-26 00:00:00,24033.7890625,24033.7890625,23833.919921875
2018-09-27 00:00:00,23796.740234375,24089.3203125,23778.0390625
2018-09-28 00:00:00,24120.0390625,24286.099609375,24021.26953125
2018-10-01 00:00:00,24245.759765625,24306.5390625,24123.5
2018-10-02 00:00:00,24270.619140625,24448.0703125,24217.259765625
2018-10-03 00:00:00,24110.9609375,24260.630859375,24030.58984375
2018-10-04 00:00:00,23975.619140625,24247.8203125,23923.259765625
2018-10-05 00:00:00,23783.720703125,23928.619140625,23730.189453125
2018-10-09 00:00:00,23469.390625,23587.05078125,23442.4609375
2018-10-10 00:00:00,23506.0390625,23589.380859375,23373.5390625
2018-10-11 00:00:00,22590.859375,23051.189453125,22459.01953125
2018-10-12 00:00:00,22694.66015625,22711.130859375,22323.4296875
2018-10-15 00:00:00,22271.30078125,22520.58984375,22261.919921875
2018-10-16 00:00:00,22549.240234375,22549.240234375,22269.529296875
2018-10-17 00:00:00,22841.119140625,22959.41015625,22765.580078125
2018-10-18 00:00:00,22658.16015625,22873.130859375,22637.2890625
2018-10-19 00:00:00,22532.080078125,22551.669921875,22212.5703125
2018-10-22 00:00:00,22614.8203125,22672.25,22271.58984375
2018-10-23 00:00:00,22010.779296875,22410.150390625,21993.0703125
2018-10-24 00:00:00,22091.1796875,22207.08984375,21911.419921875
2018-10-25 00:00:00,21268.73046875,21703.2109375,21204.400390625
2018-10-26 00:00:00,21184.599609375,21476.66015625,20971.9296875
2018-10-29 00:00:00,21149.80078125,21465.990234375,21109.970703125
2018-10-30 00:00:00,21457.2890625,21568.400390625,21035.880859375
2018-10-31 00:00:00,21920.4609375,21920.4609375,21530.390625
2018-11-01 00:00:00,21687.650390625,21906.41015625,21628.44921875
2018-11-02 00:00:00,22243.66015625,22308.419921875,21751.330078125
2018-11-05 00:00:00,21898.990234375,22051.650390625,21865.98046875
2018-11-06 00:00:00,22147.75,22160.830078125,21994.279296875
2018-11-07 00:00:00,22085.80078125,22444.650390625,21996.939453125
2018-11-08 00:00:00,22486.919921875,22583.4296875,22421.0
2018-11-09 00:00:00,22250.25,22494.580078125,22226.009765625
2018-11-12 00:00:00,22269.880859375,22324.009765625,22046.2890625
2018-11-13 00:00:00,21810.51953125,21892.2890625,21484.650390625
2018-11-14 00:00:00,21846.48046875,21990.41015625,21764.880859375
2018-11-15 00:00:00,21803.619140625,21818.73046875,21613.529296875
2018-11-16 00:00:00,21680.33984375,21873.740234375,21663.990234375
2018-11-19 00:00:00,21821.16015625,21852.919921875,21665.2890625
2018-11-20 00:00:00,21583.119140625,21687.119140625,21526.94921875
2018-11-21 00:00:00,21507.5390625,21555.609375,21243.380859375
2018-11-22 00:00:00,21646.55078125,21684.640625,21484.98046875
2018-11-26 00:00:00,21812.0,21838.099609375,21622.599609375
2018-11-27 00:00:00,21952.400390625,22006.830078125,21816.05078125
2018-11-28 00:00:00,22177.01953125,22216.98046875,22032.720703125
2018-11-29 00:00:00,22262.599609375,22437.94921875,22241.169921875
2018-11-30 00:00:00,22351.060546875,22362.19921875,22231.9609375
2018-12-03 00:00:00,22574.759765625,22698.7890625,22550.2890625
2018-12-04 00:00:00,22036.05078125,22576.619140625,22033.41015625
2018-12-05 00:00:00,21919.330078125,21979.1796875,21708.8203125
2018-12-06 00:00:00,21501.619140625,21805.01953125,21307.720703125
2018-12-07 00:00:00,21678.6796875,21734.939453125,21506.44921875
2018-12-10 00:00:00,21219.5,21365.779296875,21169.9609375
2018-12-11 00:00:00,21148.01953125,21279.01953125,21062.310546875
2018-12-12 00:00:00,21602.75,21631.470703125,21320.720703125
2018-12-13 00:00:00,21816.189453125,21871.33984375,21675.66015625
2018-12-14 00:00:00,21374.830078125,21751.310546875,21353.939453125
2018-12-17 00:00:00,21506.880859375,21563.26953125,21363.669921875
2018-12-18 00:00:00,21115.44921875,21330.359375,21101.439453125
2018-12-19 00:00:00,20987.919921875,21168.619140625,20880.73046875
2018-12-20 00:00:00,20392.580078125,20841.33984375,20282.9296875
2018-12-21 00:00:00,20166.189453125,20334.73046875,20006.669921875
2018-12-25 00:00:00,19155.740234375,19785.4296875,19117.9609375
2018-12-26 00:00:00,19327.060546875,19530.349609375,18948.580078125
2018-12-27 00:00:00,20077.619140625,20211.5703125,19701.759765625
2018-12-28 00:00:00,20014.76953125,20084.380859375,19900.0390625
2019-01-04 00:00:00,19561.9609375,19692.580078125,19241.369140625
2019-01-07 00:00:00,20038.970703125,20266.220703125,19920.80078125
2019-01-08 00:00:00,20204.0390625,20347.919921875,20106.359375
2019-01-09 00:00:00,20427.060546875,20494.349609375,20331.19921875
2019-01-10 00:00:00,20163.80078125,20345.919921875,20101.9296875
2019-01-11 00:00:00,20359.69921875,20389.890625,20294.740234375
2019-01-15 00:00:00,20555.2890625,20571.279296875,20204.4296875
2019-01-16 00:00:00,20442.75,20580.25,20323.3203125
2019-01-17 00:00:00,20402.26953125,20571.75,20342.4609375
2019-01-18 00:00:00,20666.0703125,20682.119140625,20454.130859375
2019-01-21 00:00:00,20719.330078125,20892.6796875,20678.259765625
2019-01-22 00:00:00,20622.91015625,20805.9296875,20558.30078125
2019-01-23 00:00:00,20593.720703125,20686.2890625,20438.220703125
2019-01-24 00:00:00,20574.630859375,20620.720703125,20467.58984375
2019-01-25 00:00:00,20773.560546875,20844.310546875,20598.640625
2019-01-28 00:00:00,20649.0,20759.48046875,20624.55078125
2019-01-29 00:00:00,20664.640625,20673.66015625,20406.220703125
2019-01-30 00:00:00,20556.5390625,20706.26953125,20527.529296875
2019-01-31 00:00:00,20773.490234375,20869.419921875,20682.91015625
2019-02-01 00:00:00,20788.390625,20929.630859375,20741.98046875
2019-02-04 00:00:00,20883.76953125,20922.580078125,20823.6796875
2019-02-05 00:00:00,20844.44921875,20981.23046875,20823.1796875
2019-02-06 00:00:00,20874.060546875,20971.66015625,20860.990234375
2019-02-07 00:00:00,20751.279296875,20844.76953125,20665.509765625
2019-02-08 00:00:00,20333.169921875,20562.390625,20315.310546875
2019-02-12 00:00:00,20864.2109375,20885.880859375,20428.5703125
2019-02-13 00:00:00,21144.48046875,21213.740234375,20992.880859375
2019-02-14 00:00:00,21139.7109375,21235.619140625,21102.16015625
2019-02-15 00:00:00,20900.630859375,21051.509765625,20853.330078125
2019-02-18 00:00:00,21281.849609375,21306.359375,21189.970703125
2019-02-19 00:00:00,21302.650390625,21344.169921875,21217.16015625
2019-02-20 00:00:00,21431.490234375,21494.849609375,21315.390625
2019-02-21 00:00:00,21464.23046875,21553.349609375,21318.740234375
2019-02-22 00:00:00,21425.509765625,21451.23046875,21348.669921875
2019-02-25 00:00:00,21528.23046875,21590.029296875,21505.0703125
2019-02-26 00:00:00,21449.390625,21610.880859375,21405.83984375
2019-02-27 00:00:00,21556.509765625,21578.810546875,21492.650390625
2019-02-28 00:00:00,21385.16015625,21536.55078125,21364.08984375
2019-03-01 00:00:00,21602.689453125,21641.580078125,21490.01953125
2019-03-04 00:00:00,21822.0390625,21860.390625,21740.919921875
2019-03-05 00:00:00,21726.279296875,21798.380859375,21659.0390625
2019-03-06 00:00:00,21596.810546875,21684.599609375,21550.44921875
2019-03-07 00:00:00,21456.009765625,21472.16015625,21402.119140625
2019-03-08 00:00:00,21025.560546875,21359.3203125,20993.0703125
2019-03-11 00:00:00,21125.08984375,21145.939453125,20938.0
2019-03-12 00:00:00,21503.689453125,21568.48046875,21348.810546875
2019-03-13 00:00:00,21290.240234375,21474.169921875,21198.990234375
2019-03-14 00:00:00,21287.01953125,21522.75,21287.01953125
2019-03-15 00:00:00,21450.849609375,21521.6796875,21374.849609375
2019-03-18 00:00:00,21584.5,21612.669921875,21500.3203125
2019-03-19 00:00:00,21566.849609375,21585.55078125,21425.7890625
2019-03-20 00:00:00,21608.919921875,21614.169921875,21499.16015625
2019-03-22 00:00:00,21627.33984375,21713.259765625,21542.029296875
2019-03-25 00:00:00,20977.109375,21275.4296875,20911.5703125
2019-03-26 00:00:00,21428.390625,21460.990234375,21174.33984375
2019-03-27 00:00:00,21378.73046875,21388.58984375,21242.51953125
2019-03-28 00:00:00,21033.759765625,21191.3203125,20974.189453125
2019-03-29 00:00:00,21205.810546875,21267.25,21149.419921875
2019-04-01 00:00:00,21509.029296875,21682.939453125,21471.119140625
2019-04-02 00:00:00,21505.310546875,21744.640625,21490.560546875
2019-04-03 00:00:00,21713.2109375,21722.720703125,21489.94921875
2019-04-04 00:00:00,21724.94921875,21787.599609375,21662.900390625
2019-04-05 00:00:00,21807.5,21839.1796875,21731.33984375
2019-04-08 00:00:00,21761.650390625,21900.55078125,21740.529296875
2019-04-09 00:00:00,21802.58984375,21811.880859375,21698.419921875
2019-04-10 00:00:00,21687.5703125,21687.5703125,21571.669921875
2019-04-11 00:00:00,21711.380859375,21721.419921875,21627.869140625
2019-04-12 00:00:00,21870.560546875,21878.779296875,21698.7109375
2019-04-15 00:00:00,22169.109375,22211.029296875,22102.9296875
2019-04-16 00:00:00,22221.66015625,22261.330078125,22095.3203125
2019-04-17 00:00:00,22277.970703125,22345.189453125,22185.869140625
2019-04-18 00:00:00,22090.119140625,22305.630859375,22058.390625
2019-04-19 00:00:00,22200.560546875,22250.369140625,22162.23046875
2019-04-22 00:00:00,22217.900390625,22280.189453125,22099.380859375
2019-04-23 00:00:00,22259.740234375,22268.369140625,22119.939453125
2019-04-24 00:00:00,22200.0,22362.919921875,22125.48046875
2019-04-25 00:00:00,22307.580078125,22334.689453125,22155.23046875
2019-04-26 00:00:00,22258.73046875,22270.2890625,22073.099609375
2019-05-07 00:00:00,21923.720703125,22190.490234375,21875.109375
2019-05-08 00:00:00,21602.58984375,21639.119140625,21514.849609375
2019-05-09 00:00:00,21402.130859375,21559.759765625,21315.0703125
2019-05-10 00:00:00,21344.919921875,21584.08984375,21175.330078125
2019-05-13 00:00:00,21191.279296875,21277.66015625,21127.9296875
2019-05-14 00:00:00,21067.23046875,21077.48046875,20751.44921875
2019-05-15 00:00:00,21188.560546875,21191.529296875,20968.080078125
2019-05-16 00:00:00,21062.98046875,21153.19921875,20951.669921875
2019-05-17 00:00:00,21250.08984375,21398.849609375,21199.98046875
2019-05-20 00:00:00,21301.73046875,21430.060546875,21282.650390625
2019-05-21 00:00:00,21272.44921875,21318.80078125,21160.4296875
2019-05-22 00:00:00,21283.369140625,21404.5390625,21266.98046875
2019-05-23 00:00:00,21151.140625,21209.560546875,21072.720703125
2019-05-24 00:00:00,21117.220703125,21117.220703125,20922.0
2019-05-27 00:00:00,21182.580078125,21232.380859375,21113.759765625
2019-05-28 00:00:00,21260.140625,21297.69921875,21177.26953125
2019-05-29 00:00:00,21003.369140625,21071.73046875,20884.609375
2019-05-30 00:00:00,20942.529296875,20942.529296875,20809.2890625
2019-05-31 00:00:00,20601.189453125,20823.099609375,20581.580078125
2019-06-03 00:00:00,20410.880859375,20438.029296875,20305.740234375
2019-06-04 00:00:00,20408.5390625,20464.5703125,20289.640625
2019-06-05 00:00:00,20776.099609375,20800.640625,20646.150390625
2019-06-06 00:00:00,20774.0390625,20842.279296875,20745.83984375
2019-06-07 00:00:00,20884.7109375,20907.76953125,20816.580078125
2019-06-10 00:00:00,21134.419921875,21166.119140625,21077.94921875
2019-06-11 00:00:00,21204.279296875,21227.1796875,21066.619140625
2019-06-12 00:00:00,21129.720703125,21259.69921875,21118.75
2019-06-13 00:00:00,21032.0,21111.23046875,20932.130859375
2019-06-14 00:00:00,21116.890625,21119.73046875,20971.1796875
2019-06-17 00:00:00,21124.0,21185.25,21044.619140625
2019-06-18 00:00:00,20972.7109375,21153.650390625,20924.189453125
2019-06-19 00:00:00,21333.869140625,21358.720703125,21213.4296875
2019-06-20 00:00:00,21462.859375,21491.390625,21377.26953125
2019-06-21 00:00:00,21258.640625,21497.8203125,21221.69921875
2019-06-24 00:00:00,21285.990234375,21317.859375,21185.669921875
2019-06-25 00:00:00,21193.810546875,21313.76953125,21114.470703125
2019-06-26 00:00:00,21086.58984375,21129.640625,21035.83984375
2019-06-27 00:00:00,21338.169921875,21338.169921875,21123.970703125
2019-06-28 00:00:00,21275.919921875,21324.9296875,21199.849609375
2019-07-01 00:00:00,21729.970703125,21758.33984375,21559.169921875
2019-07-02 00:00:00,21754.26953125,21784.220703125,21697.310546875
2019-07-03 00:00:00,21638.16015625,21708.720703125,21566.650390625
2019-07-04 00:00:00,21702.44921875,21755.630859375,21672.5
2019-07-05 00:00:00,21746.380859375,21746.380859375,21647.73046875
2019-07-08 00:00:00,21534.349609375,21672.650390625,21499.5703125
2019-07-09 00:00:00,21565.150390625,21687.2890625,21508.220703125
2019-07-10 00:00:00,21533.48046875,21601.859375,21488.220703125
2019-07-11 00:00:00,21643.529296875,21649.9296875,21532.5703125
2019-07-12 00:00:00,21685.900390625,21720.140625,21589.830078125
2019-07-16 00:00:00,21535.25,21655.51953125,21514.890625
2019-07-17 00:00:00,21469.1796875,21488.26953125,21380.55078125
2019-07-18 00:00:00,21046.240234375,21347.83984375,20993.439453125
2019-07-19 00:00:00,21466.990234375,21474.30078125,21121.900390625
2019-07-22 00:00:00,21416.7890625,21445.029296875,21317.849609375
2019-07-23 00:00:00,21620.880859375,21686.529296875,21411.9296875
2019-07-24 00:00:00,21709.5703125,21744.880859375,21677.7109375
2019-07-25 00:00:00,21756.55078125,21823.0703125,21715.689453125
2019-07-26 00:00:00,21658.150390625,21709.740234375,21590.66015625
2019-07-29 00:00:00,21616.80078125,21652.94921875,21518.69921875
2019-07-30 00:00:00,21709.310546875,21792.98046875,21665.859375
2019-07-31 00:00:00,21521.529296875,21589.109375,21476.0703125
2019-08-01 00:00:00,21540.990234375,21556.689453125,21288.900390625
2019-08-02 00:00:00,21087.16015625,21211.060546875,20960.08984375
2019-08-05 00:00:00,20720.2890625,20941.830078125,20514.189453125
2019-08-06 00:00:00,20585.310546875,20607.830078125,20110.759765625
2019-08-07 00:00:00,20516.560546875,20570.189453125,20406.51953125
2019-08-08 00:00:00,20593.349609375,20682.240234375,20462.98046875
2019-08-09 00:00:00,20684.8203125,20782.060546875,20676.919921875
2019-08-13 00:00:00,20455.439453125,20503.380859375,20369.26953125
2019-08-14 00:00:00,20655.130859375,20697.419921875,20581.169921875
2019-08-15 00:00:00,20405.650390625,20419.880859375,20184.849609375
2019-08-16 00:00:00,20418.810546875,20465.7109375,20300.349609375
2019-08-19 00:00:00,20563.16015625,20633.900390625,20502.66015625
2019-08-20 00:00:00,20677.220703125,20684.060546875,20582.009765625
2019-08-21 00:00:00,20618.5703125,20626.05078125,20482.619140625
2019-08-22 00:00:00,20628.009765625,20731.189453125,20584.2890625
2019-08-23 00:00:00,20710.91015625,20719.310546875,20579.98046875
2019-08-26 00:00:00,20261.0390625,20329.009765625,20173.759765625
2019-08-27 00:00:00,20456.080078125,20529.939453125,20439.919921875
2019-08-28 00:00:00,20479.419921875,20511.2109375,20433.310546875
2019-08-29 00:00:00,20460.9296875,20520.6796875,20361.119140625
2019-08-30 00:00:00,20704.369140625,20748.349609375,20633.30078125
2019-09-02 00:00:00,20620.189453125,20667.560546875,20614.2890625
2019-09-03 00:00:00,20625.16015625,20662.23046875,20578.01953125
2019-09-04 00:00:00,20649.140625,20694.349609375,20554.16015625
2019-09-05 00:00:00,21085.939453125,21164.609375,20787.9296875
2019-09-06 00:00:00,21199.5703125,21241.2890625,21145.810546875
2019-09-09 00:00:00,21318.419921875,21333.509765625,21182.259765625
2019-09-10 00:00:00,21392.099609375,21438.349609375,21350.349609375
2019-09-11 00:00:00,21597.759765625,21619.2109375,21437.8203125
2019-09-12 00:00:00,21759.609375,21825.919921875,21743.9609375
2019-09-13 00:00:00,21988.2890625,22019.66015625,21820.939453125
2019-09-17 00:00:00,22001.3203125,22041.080078125,21878.630859375
2019-09-18 00:00:00,21960.7109375,22027.859375,21942.029296875
2019-09-19 00:00:00,22044.44921875,22255.560546875,22003.30078125
2019-09-20 00:00:00,22079.08984375,22204.75,22047.900390625
2019-09-24 00:00:00,22098.83984375,22168.740234375,22077.939453125
2019-09-25 00:00:00,22020.150390625,22036.48046875,21906.0
2019-09-26 00:00:00,22048.240234375,22184.91015625,21986.240234375
2019-09-27 00:00:00,21878.900390625,21955.7890625,21733.689453125
2019-09-30 00:00:00,21755.83984375,21811.98046875,21666.599609375
2019-10-01 00:00:00,21885.240234375,21938.76953125,21811.98046875
2019-10-02 00:00:00,21778.609375,21795.009765625,21725.23046875
2019-10-03 00:00:00,21341.740234375,21437.740234375,21277.359375
2019-10-04 00:00:00,21410.19921875,21410.19921875,21276.009765625
2019-10-07 00:00:00,21375.25,21475.279296875,21328.259765625
2019-10-08 00:00:00,21587.779296875,21629.240234375,21483.1796875
2019-10-09 00:00:00,21456.380859375,21467.76953125,21359.83984375
2019-10-10 00:00:00,21551.98046875,21601.4609375,21308.880859375
2019-10-11 00:00:00,21798.869140625,21820.76953125,21658.26953125
2019-10-15 00:00:00,22207.2109375,22219.630859375,22049.7109375
2019-10-16 00:00:00,22472.919921875,22615.470703125,22434.349609375
2019-10-17 00:00:00,22451.859375,22522.390625,22424.919921875
2019-10-18 00:00:00,22492.6796875,22649.849609375,22466.259765625
2019-10-21 00:00:00,22548.900390625,22581.279296875,22515.73046875
2019-10-23 00:00:00,22625.380859375,22648.810546875,22457.890625
2019-10-24 00:00:00,22750.599609375,22780.990234375,22704.330078125
2019-10-25 00:00:00,22799.810546875,22819.919921875,22715.130859375
2019-10-28 00:00:00,22867.26953125,22896.220703125,22830.5703125
2019-10-29 00:00:00,22974.130859375,23008.4296875,22935.349609375
2019-10-30 00:00:00,22843.119140625,22961.23046875,22827.9296875
2019-10-31 00:00:00,22927.0390625,22988.80078125,22875.5
2019-11-01 00:00:00,22850.76953125,22852.720703125,22705.599609375
2019-11-05 00:00:00,23251.990234375,23328.51953125,23090.939453125
2019-11-06 00:00:00,23303.8203125,23352.560546875,23246.5703125
2019-11-07 00:00:00,23330.3203125,23336.0,23253.3203125
2019-11-08 00:00:00,23391.869140625,23591.08984375,23313.41015625
2019-11-11 00:00:00,23331.83984375,23471.8203125,23323.01953125
2019-11-12 00:00:00,23520.009765625,23545.69921875,23312.25
2019-11-13 00:00:00,23319.869140625,23452.630859375,23270.9296875
2019-11-14 00:00:00,23141.55078125,23360.060546875,23062.16015625
2019-11-15 00:00:00,23303.3203125,23340.76953125,23121.58984375
2019-11-18 00:00:00,23416.759765625,23420.619140625,23271.2890625
2019-11-19 00:00:00,23292.650390625,23389.529296875,23244.9296875
2019-11-20 00:00:00,23148.5703125,23303.169921875,23086.119140625
2019-11-21 00:00:00,23038.580078125,23108.080078125,22726.7109375
2019-11-22 00:00:00,23112.880859375,23219.509765625,23030.330078125
2019-11-25 00:00:00,23292.810546875,23347.1796875,23255.390625
2019-11-26 00:00:00,23373.3203125,23608.060546875,23350.099609375
2019-11-27 00:00:00,23437.76953125,23507.8203125,23418.23046875
2019-11-28 00:00:00,23409.140625,23482.3203125,23367.330078125
2019-11-29 00:00:00,23293.91015625,23498.76953125,23273.369140625
2019-12-02 00:00:00,23529.5,23562.05078125,23378.400390625
2019-12-03 00:00:00,23379.810546875,23388.1796875,23186.83984375
2019-12-04 00:00:00,23135.23046875,23203.76953125,23044.779296875
2019-12-05 00:00:00,23300.08984375,23363.439453125,23259.8203125
2019-12-06 00:00:00,23354.400390625,23412.48046875,23338.400390625
2019-12-09 00:00:00,23430.69921875,23544.310546875,23360.009765625
2019-12-10 00:00:00,23410.189453125,23449.470703125,23336.9296875
2019-12-11 00:00:00,23391.859375,23438.4296875,23333.630859375
2019-12-12 00:00:00,23424.810546875,23468.150390625,23360.4296875
2019-12-13 00:00:00,24023.099609375,24050.0390625,23775.73046875
2019-12-16 00:00:00,23952.349609375,24036.30078125,23950.05078125
2019-12-17 00:00:00,24066.119140625,24091.119140625,23996.509765625
2019-12-18 00:00:00,23934.4296875,24046.08984375,23919.359375
2019-12-19 00:00:00,23864.849609375,23945.529296875,23835.2890625
2019-12-20 00:00:00,23816.630859375,23908.76953125,23746.630859375
2019-12-23 00:00:00,23821.109375,23923.08984375,23810.8203125
2019-12-24 00:00:00,23830.580078125,23853.560546875,23796.349609375
2019-12-25 00:00:00,23782.869140625,23824.849609375,23782.869140625
2019-12-26 00:00:00,23924.919921875,23931.509765625,23775.400390625
2019-12-27 00:00:00,23837.720703125,23967.1796875,23837.720703125
2019-12-30 00:00:00,23656.619140625,23782.490234375,23656.619140625
2020-01-06 00:00:00,23204.859375,23365.359375,23148.529296875
2020-01-07 00:00:00,23575.720703125,23577.439453125,23299.919921875
2020-01-08 00:00:00,23204.759765625,23303.2109375,22951.1796875
2020-01-09 00:00:00,23739.869140625,23767.08984375,23506.150390625
2020-01-10 00:00:00,23850.5703125,23903.2890625,23761.080078125
2020-01-14 00:00:00,24025.169921875,24059.859375,23951.66015625
2020-01-15 00:00:00,23916.580078125,23997.390625,23875.8203125
2020-01-16 00:00:00,23933.130859375,23975.380859375,23905.380859375
2020-01-17 00:00:00,24041.259765625,24115.94921875,24013.75
2020-01-20 00:00:00,24083.509765625,24108.109375,24061.669921875
2020-01-21 00:00:00,23864.560546875,24081.75,23843.48046875
2020-01-22 00:00:00,24031.349609375,24040.869140625,23831.099609375
2020-01-23 00:00:00,23795.439453125,23910.009765625,23779.23046875
2020-01-24 00:00:00,23827.1796875,23869.380859375,23755.3203125
2020-01-27 00:00:00,23343.509765625,23463.890625,23317.3203125
2020-01-28 00:00:00,23215.7109375,23243.359375,23115.150390625
2020-01-29 00:00:00,23379.400390625,23392.609375,23214.279296875
2020-01-30 00:00:00,22977.75,23318.5703125,22892.94921875
2020-01-31 00:00:00,23205.1796875,23421.58984375,23139.98046875
2020-02-03 00:00:00,22971.939453125,23023.73046875,22775.919921875
2020-02-04 00:00:00,23084.58984375,23118.130859375,22854.44921875
2020-02-05 00:00:00,23319.560546875,23414.689453125,23241.640625
2020-02-06 00:00:00,23873.58984375,23995.369140625,23625.130859375
2020-02-07 00:00:00,23827.98046875,23943.44921875,23759.419921875
2020-02-10 00:00:00,23685.98046875,23788.25,23621.720703125
2020-02-12 00:00:00,23861.2109375,23869.73046875,23693.720703125
2020-02-13 00:00:00,23827.73046875,23908.849609375,23784.310546875
2020-02-14 00:00:00,23687.58984375,23738.419921875,23603.48046875
2020-02-17 00:00:00,23523.240234375,23561.98046875,23335.990234375
2020-02-18 00:00:00,23193.80078125,23402.009765625,23133.599609375
2020-02-19 00:00:00,23400.69921875,23468.560546875,23234.9609375
2020-02-20 00:00:00,23479.150390625,23806.560546875,23426.419921875
2020-02-21 00:00:00,23386.740234375,23588.55078125,23378.330078125
2020-02-25 00:00:00,22605.41015625,22950.23046875,22335.2109375
2020-02-26 00:00:00,22426.189453125,22456.55078125,22127.419921875
2020-02-27 00:00:00,21948.23046875,22272.259765625,21844.2890625
2020-02-28 00:00:00,21142.9609375,21528.130859375,20916.400390625
2020-03-02 00:00:00,21344.080078125,21593.109375,20834.2890625
2020-03-03 00:00:00,21082.73046875,21719.779296875,21082.73046875
2020-03-04 00:00:00,21100.060546875,21245.9296875,20862.05078125
2020-03-05 00:00:00,21329.119140625,21399.869140625,21220.759765625
2020-03-06 00:00:00,20749.75,21061.19921875,20613.91015625
2020-03-09 00:00:00,19698.759765625,20347.189453125,19472.259765625
2020-03-10 00:00:00,19867.119140625,19970.349609375,18891.76953125
2020-03-11 00:00:00,19416.060546875,19974.830078125,19392.25
2020-03-12 00:00:00,18559.630859375,19142.1796875,18339.26953125
2020-03-13 00:00:00,17431.05078125,18184.4609375,16690.599609375
2020-03-16 00:00:00,17002.0390625,17785.759765625,16914.44921875
2020-03-17 00:00:00,17011.529296875,17557.0390625,16378.9404296875
2020-03-18 00:00:00,16726.55078125,17396.83984375,16698.4609375
2020-03-19 00:00:00,16552.830078125,17160.970703125,16358.1904296875
2020-03-23 00:00:00,16887.779296875,17049.029296875,16480.94921875
2020-03-24 00:00:00,18092.349609375,18100.390625,17197.140625
2020-03-25 00:00:00,19546.630859375,19564.380859375,18446.80078125
2020-03-26 00:00:00,18664.599609375,19240.2890625,18512.810546875
2020-03-27 00:00:00,19389.4296875,19389.4296875,18832.2109375
2020-03-30 00:00:00,19084.970703125,19084.970703125,18578.19921875
2020-03-31 00:00:00,18917.009765625,19336.189453125,18834.16015625
2020-04-01 00:00:00,18065.41015625,18784.25,17871.619140625
2020-04-02 00:00:00,17818.720703125,18132.0390625,17707.66015625
2020-04-03 00:00:00,17820.189453125,18059.150390625,17646.5
2020-04-06 00:00:00,18576.30078125,18672.259765625,17802.619140625
2020-04-07 00:00:00,18950.1796875,19162.51953125,18553.140625
2020-04-08 00:00:00,19353.240234375,19454.33984375,18730.80078125
2020-04-09 00:00:00,19345.76953125,19406.9609375,19158.55078125
2020-04-10 00:00:00,19498.5,19500.0703125,19235.9609375
2020-04-13 00:00:00,19043.400390625,19355.0390625,19014.3203125
2020-04-14 00:00:00,19638.810546875,19705.990234375,19093.119140625
2020-04-15 00:00:00,19550.08984375,19660.6796875,19465.94921875
2020-04-16 00:00:00,19290.19921875,19362.169921875,19154.41015625
2020-04-17 00:00:00,19897.259765625,19922.0703125,19554.69921875
2020-04-20 00:00:00,19669.119140625,19784.380859375,19611.7890625
2020-04-21 00:00:00,19280.779296875,19529.060546875,19193.220703125
2020-04-22 00:00:00,19137.94921875,19137.94921875,18858.25
2020-04-23 00:00:00,19429.439453125,19429.439453125,19221.5390625
2020-04-24 00:00:00,19262.0,19352.240234375,19175.380859375
2020-04-27 00:00:00,19783.220703125,19819.060546875,19410.1796875
2020-04-28 00:00:00,19771.189453125,19841.779296875,19638.48046875
2020-04-30 00:00:00,20193.689453125,20365.890625,20084.830078125
2020-05-01 00:00:00,19619.349609375,20000.25,19551.73046875
2020-05-07 00:00:00,19674.76953125,19720.869140625,19448.9296875
2020-05-08 00:00:00,20179.08984375,20179.08984375,19894.580078125
2020-05-11 00:00:00,20390.66015625,20534.880859375,20285.0390625
2020-05-12 00:00:00,20366.48046875,20457.369140625,20293.970703125
2020-05-13 00:00:00,20267.05078125,20329.890625,20056.4609375
2020-05-14 00:00:00,19914.779296875,20185.0,19902.9296875
2020-05-15 00:00:00,20037.470703125,20198.25,19832.880859375
2020-05-18 00:00:00,20133.73046875,20197.58984375,19999.099609375
2020-05-19 00:00:00,20433.44921875,20659.4609375,20433.44921875
2020-05-20 00:00:00,20595.150390625,20684.4609375,20454.029296875
2020-05-21 00:00:00,20552.310546875,20734.91015625,20503.869140625
2020-05-22 00:00:00,20388.16015625,20615.119140625,20334.990234375
2020-05-25 00:00:00,20741.650390625,20741.650390625,20584.060546875
2020-05-26 00:00:00,21271.169921875,21328.33984375,20918.109375
2020-05-27 00:00:00,21419.23046875,21475.6796875,21142.720703125
2020-05-28 00:00:00,21916.310546875,21926.2890625,21580.5
2020-05-29 00:00:00,21877.890625,21955.439453125,21710.80078125
2020-06-01 00:00:00,22062.390625,22161.390625,21898.990234375
2020-06-02 00:00:00,22325.609375,22401.7890625,22118.400390625
2020-06-03 00:00:00,22613.759765625,22818.869140625,22462.6796875
2020-06-04 00:00:00,22695.740234375,22907.919921875,22501.810546875
2020-06-05 00:00:00,22863.73046875,22865.880859375,22563.560546875
2020-06-08 00:00:00,23178.099609375,23178.099609375,23028.619140625
2020-06-09 00:00:00,23091.029296875,23185.849609375,22933.140625
2020-06-10 00:00:00,23124.94921875,23175.8203125,22900.30078125
2020-06-11 00:00:00,22472.91015625,22939.390625,22466.5390625
2020-06-12 00:00:00,22305.48046875,22350.30078125,21786.9296875
2020-06-15 00:00:00,21530.94921875,22251.830078125,21529.830078125
2020-06-16 00:00:00,22582.2109375,22624.140625,21899.48046875
2020-06-17 00:00:00,22455.759765625,22536.380859375,22318.0703125
2020-06-18 00:00:00,22355.4609375,22432.25,22125.349609375
2020-06-19 00:00:00,22478.7890625,22523.66015625,22352.16015625
2020-06-22 00:00:00,22437.26953125,22575.740234375,22311.939453125
2020-06-23 00:00:00,22549.05078125,22693.890625,22257.140625
2020-06-24 00:00:00,22534.3203125,22663.2890625,22479.859375
2020-06-25 00:00:00,22259.7890625,22423.41015625,22165.140625
2020-06-26 00:00:00,22512.080078125,22589.140625,22408.26953125
2020-06-29 00:00:00,21995.0390625,22281.380859375,21969.58984375
2020-06-30 00:00:00,22288.140625,22448.30078125,22273.380859375
2020-07-01 00:00:00,22121.73046875,22360.310546875,22039.560546875
2020-07-02 00:00:00,22145.9609375,22267.509765625,22072.109375
2020-07-03 00:00:00,22306.48046875,22312.439453125,22154.970703125
2020-07-06 00:00:00,22714.439453125,22734.109375,22325.75
2020-07-07 00:00:00,22614.689453125,22742.279296875,22540.439453125
2020-07-08 00:00:00,22438.650390625,22667.94921875,22438.650390625
2020-07-09 00:00:00,22529.2890625,22679.080078125,22434.380859375
2020-07-10 00:00:00,22290.810546875,22563.6796875,22285.0703125
2020-07-13 00:00:00,22784.740234375,22784.740234375,22561.470703125
2020-07-14 00:00:00,22587.009765625,22677.01953125,22538.779296875
2020-07-15 00:00:00,22945.5,22965.560546875,22800.109375
2020-07-16 00:00:00,22770.359375,22925.900390625,22739.419921875
2020-07-17 00:00:00,22696.419921875,22857.8203125,22643.51953125
2020-07-20 00:00:00,22717.48046875,22788.529296875,22580.189453125
2020-07-21 00:00:00,22884.220703125,22925.580078125,22780.220703125
2020-07-22 00:00:00,22751.609375,22855.310546875,22732.919921875
2020-07-27 00:00:00,22715.849609375,22741.130859375,22429.5703125
2020-07-28 00:00:00,22657.380859375,22842.189453125,22646.220703125
2020-07-29 00:00:00,22397.109375,22584.869140625,22366.33984375
2020-07-30 00:00:00,22339.23046875,22506.599609375,22334.7109375
2020-07-31 00:00:00,21710.0,22295.05078125,21710.0
2020-08-03 00:00:00,22195.380859375,22214.58984375,21919.830078125
2020-08-04 00:00:00,22573.66015625,22603.8203125,22379.740234375
2020-08-05 00:00:00,22514.849609375,22554.19921875,22356.25
2020-08-06 00:00:00,22418.150390625,22587.75,22362.890625
2020-08-07 00:00:00,22329.939453125,22436.16015625,22204.609375
2020-08-11 00:00:00,22750.240234375,22760.869140625,22497.0703125
2020-08-12 00:00:00,22843.9609375,22874.369140625,22670.740234375
2020-08-13 00:00:00,23249.609375,23316.689453125,23111.5
2020-08-14 00:00:00,23289.359375,23338.7890625,23222.849609375
2020-08-17 00:00:00,23096.75,23248.75,23068.529296875
2020-08-18 00:00:00,23051.080078125,23128.1796875,22948.890625
2020-08-19 00:00:00,23110.609375,23149.849609375,22953.599609375
2020-08-20 00:00:00,22880.619140625,23078.359375,22851.830078125
2020-08-21 00:00:00,22920.30078125,23135.4296875,22920.30078125
2020-08-24 00:00:00,22985.509765625,23012.7109375,22862.5390625
2020-08-25 00:00:00,23296.76953125,23431.0390625,23225.390625
2020-08-26 00:00:00,23290.859375,23348.80078125,23203.0
2020-08-27 00:00:00,23208.859375,23323.0703125,23177.849609375
2020-08-28 00:00:00,22882.650390625,23376.130859375,22594.7890625
2020-08-31 00:00:00,23139.759765625,23342.3203125,23102.609375
2020-09-01 00:00:00,23138.0703125,23206.66015625,23047.76953125
2020-09-02 00:00:00,23247.150390625,23287.400390625,23170.8203125
2020-09-03 00:00:00,23465.529296875,23580.509765625,23426.109375
2020-09-04 00:00:00,23205.4296875,23257.689453125,23098.76953125
2020-09-07 00:00:00,23089.94921875,23218.220703125,23086.890625
2020-09-08 00:00:00,23274.130859375,23277.66015625,23129.66015625
2020-09-09 00:00:00,23032.5390625,23059.01953125,22878.7109375
2020-09-10 00:00:00,23235.470703125,23250.310546875,23134.01953125
2020-09-11 00:00:00,23406.490234375,23412.9296875,23114.630859375
2020-09-14 00:00:00,23559.30078125,23582.2109375,23429.419921875
2020-09-15 00:00:00,23454.890625,23477.859375,23351.349609375
2020-09-16 00:00:00,23475.529296875,23506.44921875,23397.4296875
2020-09-17 00:00:00,23319.369140625,23446.390625,23272.23046875
2020-09-18 00:00:00,23360.30078125,23398.4609375,23290.189453125
2020-09-23 00:00:00,23346.490234375,23370.130859375,23154.44921875
2020-09-24 00:00:00,23087.8203125,23234.720703125,23039.48046875
2020-09-25 00:00:00,23204.619140625,23272.669921875,23154.66015625
2020-09-28 00:00:00,23511.619140625,23516.0390625,23303.029296875
2020-09-29 00:00:00,23539.099609375,23622.740234375,23347.640625
2020-09-30 00:00:00,23185.119140625,23522.380859375,23170.890625
2020-10-02 00:00:00,23029.900390625,23365.580078125,22951.41015625
2020-10-05 00:00:00,23312.140625,23377.4296875,23252.689453125
2020-10-06 00:00:00,23433.73046875,23441.16015625,23331.400390625
2020-10-07 00:00:00,23422.8203125,23432.73046875,23272.44921875
2020-10-08 00:00:00,23647.0703125,23701.76953125,23477.73046875
2020-10-09 00:00:00,23619.689453125,23725.580078125,23552.73046875
2020-10-12 00:00:00,23558.689453125,23597.91015625,23501.259765625
2020-10-13 00:00:00,23601.779296875,23667.900390625,23490.94921875
2020-10-14 00:00:00,23626.73046875,23656.69921875,23518.810546875
2020-10-15 00:00:00,23507.23046875,23581.16015625,23458.4296875
2020-10-16 00:00:00,23410.630859375,23538.740234375,23382.669921875
2020-10-19 00:00:00,23671.130859375,23707.16015625,23543.689453125
2020-10-20 00:00:00,23567.0390625,23674.869140625,23518.2890625
2020-10-21 00:00:00,23639.4609375,23702.30078125,23611.330078125
2020-10-22 00:00:00,23474.26953125,23555.779296875,23436.169921875
2020-10-23 00:00:00,23516.58984375,23587.900390625,23469.130859375
2020-10-26 00:00:00,23494.33984375,23572.599609375,23475.51953125
2020-10-27 00:00:00,23485.80078125,23485.80078125,23232.310546875
2020-10-28 00:00:00,23418.509765625,23451.029296875,23334.23046875
2020-10-29 00:00:00,23331.939453125,23374.099609375,23170.759765625
2020-10-30 00:00:00,22977.130859375,23320.7109375,22948.470703125
2020-11-02 00:00:00,23295.48046875,23370.91015625,23096.7890625
2020-11-04 00:00:00,23695.23046875,23801.880859375,23505.779296875
2020-11-05 00:00:00,24105.279296875,24112.419921875,23756.779296875
2020-11-06 00:00:00,24325.23046875,24389.0,24039.16015625
2020-11-09 00:00:00,24839.83984375,24962.80078125,24541.279296875
2020-11-10 00:00:00,24905.58984375,25279.939453125,24833.1796875
2020-11-11 00:00:00,25349.599609375,25401.30078125,25145.66015625
2020-11-12 00:00:00,25520.880859375,25587.9609375,25316.599609375
2020-11-13 00:00:00,25385.869140625,25456.1796875,25215.310546875
2020-11-16 00:00:00,25906.9296875,25928.1796875,25640.2890625
2020-11-17 00:00:00,26014.619140625,26057.30078125,25851.5390625
2020-11-18 00:00:00,25728.140625,25882.140625,25656.69921875
2020-11-19 00:00:00,25634.33984375,25650.859375,25474.939453125
2020-11-20 00:00:00,25527.369140625,25555.369140625,25425.58984375
2020-11-24 00:00:00,26165.58984375,26261.779296875,25901.44921875
2020-11-25 00:00:00,26296.859375,26706.419921875,26258.349609375
2020-11-26 00:00:00,26537.310546875,26560.029296875,26255.470703125
2020-11-27 00:00:00,26644.7109375,26672.400390625,26419.05078125
2020-11-30 00:00:00,26433.619140625,26834.19921875,26405.830078125
2020-12-01 00:00:00,26787.5390625,26852.16015625,26618.390625
2020-12-02 00:00:00,26800.98046875,26889.900390625,26695.279296875
2020-12-03 00:00:00,26809.369140625,26868.08984375,26719.23046875
2020-12-04 00:00:00,26751.240234375,26799.830078125,26646.080078125
2020-12-07 00:00:00,26547.439453125,26894.25,26500.3203125
2020-12-08 00:00:00,26467.080078125,26523.30078125,26327.080078125
2020-12-09 00:00:00,26817.939453125,26826.779296875,26520.599609375
2020-12-10 00:00:00,26756.240234375,26852.76953125,26639.98046875
2020-12-11 00:00:00,26652.51953125,26819.41015625,26553.009765625
2020-12-14 00:00:00,26732.439453125,26870.470703125,26648.689453125
2020-12-15 00:00:00,26687.83984375,26736.83984375,26605.5390625
2020-12-16 00:00:00,26757.400390625,26874.98046875,26717.029296875
2020-12-17 00:00:00,26806.669921875,26843.05078125,26676.279296875
2020-12-18 00:00:00,26763.390625,26824.2890625,26707.30078125
2020-12-21 00:00:00,26714.419921875,26905.669921875,26533.630859375
2020-12-22 00:00:00,26436.390625,26639.990234375,26361.66015625
2020-12-23 00:00:00,26524.7890625,26585.2109375,26414.740234375
2020-12-24 00:00:00,26668.349609375,26764.529296875,26605.259765625
2020-12-25 00:00:00,26656.609375,26716.609375,26638.279296875
2020-12-28 00:00:00,26854.029296875,26854.029296875,26664.599609375
2020-12-29 00:00:00,27568.150390625,27602.51953125,26921.140625
2020-12-30 00:00:00,27444.169921875,27572.5703125,27338.560546875
2021-01-04 00:00:00,27258.380859375,27602.109375,27042.3203125
2021-01-05 00:00:00,27158.630859375,27279.779296875,27073.4609375
2021-01-06 00:00:00,27055.939453125,27196.400390625,27002.1796875
2021-01-07 00:00:00,27490.130859375,27624.73046875,27340.4609375
2021-01-08 00:00:00,28139.029296875,28139.029296875,27667.75
2021-01-12 00:00:00,28164.33984375,28287.369140625,27899.44921875
2021-01-13 00:00:00,28456.58984375,28503.4296875,28133.58984375
2021-01-14 00:00:00,28698.259765625,28979.529296875,28411.580078125
2021-01-15 00:00:00,28519.1796875,28820.5,28477.029296875
2021-01-18 00:00:00,28242.2109375,28349.970703125,28111.5390625
2021-01-19 00:00:00,28633.4609375,28720.91015625,28373.33984375
2021-01-20 00:00:00,28523.259765625,28801.189453125,28402.109375
2021-01-21 00:00:00,28756.859375,28846.150390625,28677.609375
2021-01-22 00:00:00,28631.44921875,28698.1796875,28527.16015625
2021-01-25 00:00:00,28822.2890625,28822.2890625,28566.849609375
2021-01-26 00:00:00,28546.1796875,28740.7109375,28527.810546875
2021-01-27 00:00:00,28635.2109375,28754.990234375,28542.0
2021-01-28 00:00:00,28197.419921875,28360.48046875,27975.849609375
2021-01-29 00:00:00,27663.390625,28320.720703125,27629.80078125
2021-02-01 00:00:00,28091.05078125,28107.099609375,27649.0703125
2021-02-02 00:00:00,28362.169921875,28379.310546875,28089.119140625
2021-02-03 00:00:00,28646.5,28669.94921875,28402.30078125
2021-02-04 00:00:00,28341.94921875,28600.220703125,28325.890625
2021-02-05 00:00:00,28779.189453125,28785.7109375,28548.26953125
2021-02-08 00:00:00,29388.5,29400.560546875,28817.599609375
2021-02-09 00:00:00,29505.9296875,29585.75,29350.48046875
2021-02-10 00:00:00,29562.9296875,29562.9296875,29368.1796875
2021-02-12 00:00:00,29520.0703125,29650.509765625,29417.3203125
2021-02-15 00:00:00,30084.150390625,30092.33984375,29662.41015625
2021-02-16 00:00:00,30467.75,30714.51953125,30191.650390625
2021-02-17 00:00:00,30292.189453125,30398.19921875,30191.009765625
2021-02-18 00:00:00,30236.08984375,30560.490234375,30140.009765625
2021-02-19 00:00:00,30017.919921875,30169.58984375,29847.330078125
2021-02-22 00:00:00,30156.029296875,30458.130859375,30089.1796875
2021-02-24 00:00:00,29671.69921875,30089.58984375,29671.69921875
2021-02-25 00:00:00,30168.26953125,30213.279296875,30044.4296875
2021-02-26 00:00:00,28966.009765625,29760.310546875,28966.009765625
2021-03-01 00:00:00,29663.5,29686.390625,29396.0390625
2021-03-02 00:00:00,29408.169921875,29996.390625,29314.8203125
2021-03-03 00:00:00,29559.099609375,29604.369140625,29336.599609375
2021-03-04 00:00:00,28930.109375,29277.189453125,28711.0390625
2021-03-05 00:00:00,28864.3203125,28867.830078125,28308.5703125
2021-03-08 00:00:00,28743.25,29255.900390625,28644.259765625
2021-03-09 00:00:00,29027.939453125,29053.560546875,28609.2109375
2021-03-10 00:00:00,29036.560546875,29233.470703125,28960.08984375
2021-03-11 00:00:00,29211.640625,29255.419921875,28995.330078125
2021-03-12 00:00:00,29717.830078125,29744.3203125,29210.400390625
2021-03-15 00:00:00,29766.970703125,29884.73046875,29670.310546875
2021-03-16 00:00:00,29921.08984375,30026.400390625,29755.470703125
2021-03-17 00:00:00,29914.330078125,29984.970703125,29825.16015625
2021-03-18 00:00:00,30216.75,30485.0,30041.5
2021-03-19 00:00:00,29792.05078125,30049.76953125,29621.220703125
2021-03-22 00:00:00,29174.150390625,29472.98046875,29107.630859375
2021-03-23 00:00:00,28995.919921875,29496.830078125,28995.919921875
2021-03-24 00:00:00,28405.51953125,28867.669921875,28379.060546875
2021-03-25 00:00:00,28729.880859375,28821.830078125,28414.919921875
2021-03-26 00:00:00,29176.69921875,29240.740234375,28953.220703125
2021-03-29 00:00:00,29384.51953125,29578.369140625,29200.880859375
2021-03-30 00:00:00,29432.69921875,29478.19921875,29283.890625
2021-03-31 00:00:00,29178.80078125,29348.990234375,29165.51953125
2021-04-01 00:00:00,29388.869140625,29585.4609375,29318.8203125
2021-04-02 00:00:00,29854.0,29869.669921875,29694.08984375
2021-04-05 00:00:00,30089.25,30195.0,30024.25
2021-04-06 00:00:00,29696.630859375,30208.890625,29665.859375
2021-04-07 00:00:00,29730.7890625,29867.939453125,29523.55078125
2021-04-08 00:00:00,29708.98046875,29744.7890625,29516.419921875
2021-04-09 00:00:00,29768.060546875,30064.349609375,29768.060546875
2021-04-12 00:00:00,29538.73046875,29876.0390625,29538.73046875
2021-04-13 00:00:00,29751.609375,29897.109375,29573.7890625
2021-04-14 00:00:00,29620.990234375,29722.400390625,29567.1796875
2021-04-15 00:00:00,29642.689453125,29787.66015625,29558.55078125
2021-04-16 00:00:00,29683.369140625,29789.080078125,29621.830078125
2021-04-19 00:00:00,29685.369140625,29808.009765625,29530.83984375
2021-04-20 00:00:00,29100.380859375,29361.279296875,29014.359375
2021-04-21 00:00:00,28508.55078125,28778.9296875,28419.83984375
2021-04-22 00:00:00,29188.169921875,29192.390625,28800.859375
2021-04-23 00:00:00,29020.630859375,29035.33984375,28770.619140625
2021-04-26 00:00:00,29126.23046875,29241.279296875,28896.369140625
2021-04-27 00:00:00,28991.890625,29187.109375,28990.189453125
2021-04-28 00:00:00,29053.970703125,29139.69921875,28875.91015625
2021-04-30 00:00:00,28812.630859375,29046.490234375,28760.26953125
2021-05-06 00:00:00,29331.369140625,29430.220703125,28966.470703125
2021-05-07 00:00:00,29357.8203125,29449.859375,29237.359375
2021-05-10 00:00:00,29518.33984375,29685.41015625,29346.140625
2021-05-11 00:00:00,28608.58984375,29289.119140625,28535.359375
2021-05-12 00:00:00,28147.509765625,28831.029296875,27888.58984375
2021-05-13 00:00:00,27448.009765625,27961.9609375,27385.029296875
2021-05-14 00:00:00,28084.470703125,28139.9609375,27723.69921875
2021-05-17 00:00:00,27824.830078125,28312.779296875,27632.529296875
2021-05-18 00:00:00,28406.83984375,28481.169921875,27931.5703125
2021-05-19 00:00:00,28044.44921875,28216.650390625,27842.98046875
2021-05-20 00:00:00,28098.25,28176.869140625,27821.9609375
2021-05-21 00:00:00,28317.830078125,28411.560546875,28193.029296875
2021-05-24 00:00:00,28364.609375,28584.1796875,28212.3203125
2021-05-25 00:00:00,28553.98046875,28576.970703125,28443.740234375
2021-05-26 00:00:00,28642.189453125,28710.830078125,28396.619140625
2021-05-27 00:00:00,28549.009765625,28587.2109375,28360.560546875
2021-05-28 00:00:00,29149.41015625,29194.109375,28899.66015625
2021-05-31 00:00:00,28860.080078125,29147.7109375,28791.599609375
2021-06-01 00:00:00,28814.33984375,29075.470703125,28611.25
2021-06-02 00:00:00,28946.140625,29003.55078125,28565.830078125
2021-06-03 00:00:00,29058.109375,29157.16015625,28879.150390625
2021-06-04 00:00:00,28941.51953125,28991.240234375,28764.6796875
2021-06-07 00:00:00,29019.240234375,29241.19921875,28973.05078125
2021-06-08 00:00:00,28963.560546875,29140.6796875,28897.640625
2021-06-09 00:00:00,28860.80078125,28932.029296875,28801.830078125
2021-06-10 00:00:00,28958.560546875,29007.529296875,28799.740234375
2021-06-11 00:00:00,28948.73046875,29080.890625,28839.5390625
2021-06-14 00:00:00,29161.80078125,29208.349609375,29026.26953125
2021-06-15 00:00:00,29441.30078125,29480.849609375,29235.7109375
2021-06-16 00:00:00,29291.009765625,29434.099609375,29263.720703125
2021-06-17 00:00:00,29018.330078125,29197.6796875,28875.390625
2021-06-18 00:00:00,28964.080078125,29136.740234375,28957.98046875
2021-06-21 00:00:00,28010.9296875,28506.83984375,27795.859375
2021-06-22 00:00:00,28884.130859375,28895.259765625,28494.4609375
2021-06-23 00:00:00,28874.890625,29007.830078125,28860.060546875
2021-06-24 00:00:00,28875.23046875,28935.33984375,28758.369140625
2021-06-25 00:00:00,29066.1796875,29174.169921875,28992.740234375
2021-06-28 00:00:00,29048.01953125,29121.279296875,28984.9296875
2021-06-29 00:00:00,28812.609375,28951.6796875,28735.55078125
2021-06-30 00:00:00,28791.529296875,28998.990234375,28779.759765625
2021-07-01 00:00:00,28707.0390625,28833.169921875,28624.80078125
2021-07-02 00:00:00,28783.279296875,28849.3203125,28688.630859375
2021-07-05 00:00:00,28598.189453125,28731.0703125,28581.080078125
2021-07-06 00:00:00,28643.2109375,28748.23046875,28587.609375
2021-07-07 00:00:00,28366.94921875,28434.990234375,28161.75
2021-07-08 00:00:00,28118.029296875,28366.759765625,28118.029296875
2021-07-09 00:00:00,27940.419921875,28000.01953125,27419.400390625
2021-07-12 00:00:00,28569.01953125,28595.119140625,28405.599609375
2021-07-13 00:00:00,28718.240234375,28852.310546875,28699.0390625
2021-07-14 00:00:00,28608.490234375,28696.80078125,28482.8203125
2021-07-15 00:00:00,28279.08984375,28571.720703125,28240.2109375
2021-07-16 00:00:00,28003.080078125,28201.30078125,27847.349609375
2021-07-19 00:00:00,27652.740234375,27792.51953125,27493.630859375
2021-07-20 00:00:00,27388.16015625,27564.51953125,27330.150390625
2021-07-21 00:00:00,27548.0,27882.4296875,27438.0703125
2021-07-26 00:00:00,27833.2890625,28036.470703125,27786.439453125
2021-07-27 00:00:00,27970.220703125,28036.23046875,27862.689453125
2021-07-28 00:00:00,27581.66015625,27809.859375,27466.990234375
2021-07-29 00:00:00,27782.419921875,27798.05078125,27663.41015625
2021-07-30 00:00:00,27283.58984375,27699.349609375,27272.490234375
2021-08-02 00:00:00,27781.01953125,27834.599609375,27493.3203125
2021-08-03 00:00:00,27641.830078125,27724.44921875,27492.400390625
2021-08-04 00:00:00,27584.080078125,27636.33984375,27488.740234375
2021-08-05 00:00:00,27728.119140625,27741.55078125,27526.669921875
2021-08-06 00:00:00,27820.0390625,27888.869140625,27709.220703125
2021-08-10 00:00:00,27888.150390625,28128.609375,27808.5390625
2021-08-11 00:00:00,28070.509765625,28146.6796875,27974.990234375
2021-08-12 00:00:00,28015.01953125,28279.80078125,28006.310546875
2021-08-13 00:00:00,27977.150390625,28070.0,27949.330078125
2021-08-16 00:00:00,27523.189453125,27833.2109375,27427.380859375
2021-08-17 00:00:00,27424.470703125,27750.390625,27424.470703125
2021-08-18 00:00:00,27585.91015625,27671.5703125,27347.76953125
2021-08-19 00:00:00,27281.169921875,27504.80078125,27255.580078125
2021-08-20 00:00:00,27013.25,27316.7890625,26954.810546875
2021-08-23 00:00:00,27494.240234375,27541.630859375,27193.099609375
2021-08-24 00:00:00,27732.099609375,27817.890625,27653.23046875
2021-08-25 00:00:00,27724.80078125,27897.720703125,27684.05078125
2021-08-26 00:00:00,27742.2890625,27828.279296875,27684.5
2021-08-27 00:00:00,27641.140625,27670.66015625,27481.23046875
2021-08-30 00:00:00,27789.2890625,27921.55078125,27656.630859375
2021-08-31 00:00:00,28089.5390625,28158.94921875,27602.2109375
2021-09-01 00:00:00,28451.01953125,28457.669921875,28179.0390625
2021-09-02 00:00:00,28543.509765625,28626.19921875,28412.91015625
2021-09-03 00:00:00,29128.109375,29149.650390625,28607.869140625
2021-09-06 00:00:00,29659.890625,29705.0390625,29469.349609375
2021-09-07 00:00:00,29916.140625,30048.23046875,29838.4296875
2021-09-08 00:00:00,30181.2109375,30241.869140625,29787.130859375
2021-09-09 00:00:00,30008.189453125,30097.560546875,29909.919921875
2021-09-10 00:00:00,30381.83984375,30381.83984375,30064.01953125
2021-09-13 00:00:00,30447.369140625,30447.369140625,30229.009765625
2021-09-14 00:00:00,30670.099609375,30795.779296875,30504.810546875
2021-09-15 00:00:00,30511.7109375,30573.41015625,30347.30078125
2021-09-16 00:00:00,30323.33984375,30622.390625,30202.509765625
2021-09-17 00:00:00,30500.05078125,30541.990234375,30358.9296875
2021-09-21 00:00:00,29839.7109375,30051.0,29832.51953125
2021-09-22 00:00:00,29639.400390625,29868.099609375,29573.880859375
2021-09-24 00:00:00,30248.810546875,30276.380859375,30110.30078125
2021-09-27 00:00:00,30240.060546875,30414.609375,30197.400390625
2021-09-28 00:00:00,30183.9609375,30207.630859375,30001.990234375
2021-09-29 00:00:00,29544.2890625,29679.259765625,29329.16015625
2021-09-30 00:00:00,29452.66015625,29622.26953125,29311.33984375
2021-10-01 00:00:00,28771.0703125,29393.669921875,28680.73046875
2021-10-04 00:00:00,28444.890625,29046.060546875,28343.580078125
2021-10-05 00:00:00,27822.119140625,28058.669921875,27460.2890625
2021-10-06 00:00:00,27528.869140625,28209.8203125,27293.619140625
2021-10-07 00:00:00,27678.2109375,28015.109375,27607.970703125
2021-10-08 00:00:00,28048.939453125,28321.349609375,28018.890625
2021-10-11 00:00:00,28498.19921875,28581.359375,27893.3203125
2021-10-12 00:00:00,28230.609375,28468.880859375,28166.380859375
2021-10-13 00:00:00,28140.279296875,28364.990234375,27993.4609375
2021-10-14 00:00:00,28550.9296875,28576.6796875,28234.009765625
2021-10-15 00:00:00,29068.630859375,29082.349609375,28726.220703125
2021-10-18 00:00:00,29025.4609375,29144.330078125,28924.400390625
2021-10-19 00:00:00,29215.51953125,29272.490234375,29075.369140625
2021-10-20 00:00:00,29255.55078125,29489.109375,29222.3203125
2021-10-21 00:00:00,28708.580078125,29220.8203125,28688.779296875
2021-10-22 00:00:00,28804.849609375,28989.5,28546.5703125
2021-10-25 00:00:00,28600.41015625,28668.69921875,28472.55078125
2021-10-26 00:00:00,29106.009765625,29160.759765625,28893.94921875
2021-10-27 00:00:00,29098.240234375,29139.220703125,28870.25
2021-10-28 00:00:00,28820.08984375,28895.109375,28693.060546875
2021-10-29 00:00:00,28892.689453125,29000.650390625,28475.060546875
2021-11-01 00:00:00,29647.080078125,29666.830078125,29267.630859375
2021-11-02 00:00:00,29520.900390625,29599.5703125,29457.1796875
2021-11-04 00:00:00,29794.369140625,29880.810546875,29718.779296875
2021-11-05 00:00:00,29611.5703125,29840.73046875,29504.0703125
2021-11-08 00:00:00,29507.05078125,29735.44921875,29507.05078125
2021-11-09 00:00:00,29285.4609375,29750.4609375,29240.310546875
2021-11-10 00:00:00,29106.779296875,29296.880859375,29079.76953125
2021-11-11 00:00:00,29277.859375,29336.029296875,29040.080078125
2021-11-12 00:00:00,29609.970703125,29661.220703125,29381.44921875
2021-11-15 00:00:00,29776.80078125,29861.880859375,29718.2109375
2021-11-16 00:00:00,29808.119140625,29960.9296875,29681.25
2021-11-17 00:00:00,29688.330078125,29909.970703125,29623.7890625
2021-11-18 00:00:00,29598.66015625,29715.94921875,29402.5703125
2021-11-19 00:00:00,29745.869140625,29768.5390625,29589.189453125
2021-11-22 00:00:00,29774.109375,29806.490234375,29542.2890625
2021-11-24 00:00:00,29302.66015625,29758.05078125,29212.9296875
2021-11-25 00:00:00,29499.279296875,29570.419921875,29444.44921875
2021-11-26 00:00:00,28751.619140625,29332.990234375,28605.609375
2021-11-29 00:00:00,28283.919921875,28776.33984375,28187.119140625
2021-11-30 00:00:00,27821.759765625,28718.69921875,27819.140625
2021-12-01 00:00:00,27935.619140625,28106.30078125,27594.009765625
2021-12-02 00:00:00,27753.369140625,27938.55078125,27644.9609375
2021-12-03 00:00:00,28029.5703125,28029.5703125,27588.609375
2021-12-06 00:00:00,27927.369140625,28081.0390625,27693.91015625
2021-12-07 00:00:00,28455.599609375,28618.4609375,27961.66015625
2021-12-08 00:00:00,28860.619140625,28897.439453125,28621.470703125
2021-12-09 00:00:00,28725.470703125,28908.2890625,28725.470703125
2021-12-10 00:00:00,28437.76953125,28699.009765625,28392.869140625
2021-12-13 00:00:00,28640.490234375,28793.3203125,28593.44921875
2021-12-14 00:00:00,28432.640625,28672.9609375,28309.669921875
2021-12-15 00:00:00,28459.720703125,28525.830078125,28358.470703125
2021-12-16 00:00:00,29066.3203125,29070.080078125,28782.189453125
2021-12-17 00:00:00,28545.6796875,28904.939453125,28503.080078125
2021-12-20 00:00:00,27937.810546875,28441.509765625,27893.1796875
2021-12-21 00:00:00,28517.58984375,28533.740234375,28226.4296875
2021-12-22 00:00:00,28562.2109375,28673.76953125,28473.849609375
2021-12-23 00:00:00,28798.369140625,28798.369140625,28640.150390625
2021-12-24 00:00:00,28782.58984375,28870.130859375,28773.5
2021-12-27 00:00:00,28676.4609375,28805.279296875,28658.8203125
2021-12-28 00:00:00,29069.16015625,29121.009765625,28879.6796875
2021-12-29 00:00:00,28906.880859375,29106.279296875,28729.609375
2021-12-30 00:00:00,28791.7109375,28904.419921875,28579.490234375
2022-01-04 00:00:00,29301.7890625,29323.7890625,28954.560546875
2022-01-05 00:00:00,29332.16015625,29388.16015625,29204.44921875
2022-01-06 00:00:00,28487.869140625,29158.94921875,28487.869140625
2022-01-07 00:00:00,28478.560546875,28813.08984375,28293.69921875
2022-01-11 00:00:00,28222.48046875,28473.470703125,28089.490234375
2022-01-12 00:00:00,28765.66015625,28814.310546875,28427.599609375
2022-01-13 00:00:00,28489.130859375,28660.44921875,28444.9609375
2022-01-14 00:00:00,28124.279296875,28252.9609375,27889.2109375
2022-01-17 00:00:00,28333.51953125,28449.990234375,28274.1796875
2022-01-18 00:00:00,28257.25,28690.33984375,28129.66015625
2022-01-19 00:00:00,27467.23046875,27958.169921875,27314.41015625
2022-01-20 00:00:00,27772.9296875,27882.529296875,27217.58984375
2022-01-21 00:00:00,27522.259765625,27586.419921875,27129.609375
2022-01-24 00:00:00,27588.369140625,27627.599609375,27203.330078125
2022-01-25 00:00:00,27131.33984375,27493.75,26890.939453125
2022-01-26 00:00:00,27011.330078125,27184.5390625,26858.6796875
2022-01-27 00:00:00,26170.30078125,27193.58984375,26044.51953125
2022-01-28 00:00:00,26717.33984375,26764.849609375,26289.689453125
2022-01-31 00:00:00,27001.98046875,27134.5703125,26541.650390625
2022-02-01 00:00:00,27078.48046875,27410.7890625,27016.7109375
2022-02-02 00:00:00,27533.599609375,27564.619140625,27289.16015625
2022-02-03 00:00:00,27241.310546875,27357.330078125,27165.9296875
2022-02-04 00:00:00,27439.990234375,27455.98046875,27075.990234375
2022-02-07 00:00:00,27248.869140625,27369.6796875,27085.3203125
2022-02-08 00:00:00,27284.51953125,27461.330078125,27280.25
2022-02-09 00:00:00,27579.869140625,27633.099609375,27405.880859375
2022-02-10 00:00:00,27696.080078125,27880.69921875,27575.0703125
2022-02-14 00:00:00,27079.58984375,27325.5,26947.650390625
2022-02-15 00:00:00,26865.189453125,27205.19921875,26724.91015625
2022-02-16 00:00:00,27460.400390625,27486.08984375,27227.240234375
2022-02-17 00:00:00,27232.869140625,27438.740234375,27080.919921875
2022-02-18 00:00:00,27122.0703125,27216.16015625,26792.5390625
2022-02-21 00:00:00,26910.869140625,26998.470703125,26549.0
2022-02-22 00:00:00,26449.609375,26550.140625,26243.73046875
2022-02-24 00:00:00,25970.8203125,26357.580078125,25775.640625
2022-02-25 00:00:00,26476.5,26481.599609375,26160.189453125
2022-02-28 00:00:00,26526.8203125,26644.560546875,26262.630859375
2022-03-01 00:00:00,26844.720703125,27013.259765625,26821.75
2022-03-02 00:00:00,26393.029296875,26585.30078125,26313.720703125
2022-03-03 00:00:00,26577.26953125,26704.849609375,26496.720703125
2022-03-04 00:00:00,25985.470703125,26421.849609375,25774.279296875
2022-03-07 00:00:00,25221.41015625,25640.41015625,25006.259765625
2022-03-08 00:00:00,24790.94921875,25291.330078125,24767.330078125
2022-03-09 00:00:00,24717.529296875,25084.080078125,24681.740234375
2022-03-10 00:00:00,25690.400390625,25720.310546875,25099.849609375
2022-03-11 00:00:00,25162.779296875,25503.650390625,24966.5
2022-03-14 00:00:00,25307.849609375,25631.009765625,25299.640625
2022-03-15 00:00:00,25346.48046875,25441.669921875,25219.130859375
2022-03-16 00:00:00,25762.009765625,25824.939453125,25470.4609375
2022-03-17 00:00:00,26652.890625,26702.939453125,26152.890625
2022-03-18 00:00:00,26827.4296875,26862.4296875,26592.98046875
2022-03-22 00:00:00,27224.109375,27284.470703125,27076.330078125
2022-03-23 00:00:00,28040.16015625,28056.19921875,27604.369140625
2022-03-24 00:00:00,28110.390625,28110.390625,27624.619140625
2022-03-25 00:00:00,28149.83984375,28338.810546875,27946.7890625
2022-03-28 00:00:00,27943.890625,28084.080078125,27812.669921875
2022-03-29 00:00:00,28252.419921875,28252.419921875,28063.919921875
2022-03-30 00:00:00,28027.25,28281.44921875,27736.26953125
2022-03-31 00:00:00,27821.4296875,28101.6796875,27763.9609375
2022-04-01 00:00:00,27665.98046875,27738.310546875,27399.48046875
2022-04-04 00:00:00,27736.470703125,27754.240234375,27578.810546875
2022-04-05 00:00:00,27787.98046875,27965.939453125,27662.279296875
2022-04-06 00:00:00,27350.30078125,27549.669921875,27214.609375
2022-04-07 00:00:00,26888.5703125,27042.490234375,26801.7890625
2022-04-08 00:00:00,26985.80078125,27185.23046875,26764.359375
2022-04-11 00:00:00,26821.51953125,27004.5,26720.4609375
2022-04-12 00:00:00,26334.98046875,26674.859375,26304.080078125
2022-04-13 00:00:00,26843.490234375,26885.869140625,26429.470703125
2022-04-14 00:00:00,27172.0,27200.890625,26890.6796875
2022-04-15 00:00:00,27093.189453125,27203.76953125,26784.919921875
2022-04-18 00:00:00,26799.7109375,26851.80078125,26571.380859375
2022-04-19 00:00:00,26985.08984375,27100.58984375,26777.7109375
2022-04-20 00:00:00,27217.849609375,27389.83984375,27066.1796875
2022-04-21 00:00:00,27553.060546875,27580.640625,27252.830078125
2022-04-22 00:00:00,27105.259765625,27205.830078125,26904.380859375
2022-04-25 00:00:00,26590.779296875,26764.48046875,26487.83984375
2022-04-26 00:00:00,26700.109375,26808.990234375,26592.990234375
2022-04-27 00:00:00,26386.630859375,26406.619140625,26051.0390625
2022-04-28 00:00:00,26847.900390625,26876.94921875,26348.359375
2022-05-02 00:00:00,26818.529296875,26964.58984375,26610.859375
2022-05-06 00:00:00,27003.560546875,27072.58984375,26543.2890625
2022-05-09 00:00:00,26319.33984375,26732.609375,26309.220703125
2022-05-10 00:00:00,26167.099609375,26246.630859375,25773.830078125
2022-05-11 00:00:00,26213.640625,26290.619140625,26003.259765625
2022-05-12 00:00:00,25748.720703125,26028.359375,25688.109375
2022-05-13 00:00:00,26427.650390625,26479.9296875,25904.400390625
2022-05-16 00:00:00,26547.05078125,26836.9609375,26438.609375
2022-05-17 00:00:00,26659.75,26709.259765625,26440.619140625
2022-05-18 00:00:00,26911.19921875,27053.1796875,26741.33984375
2022-05-19 00:00:00,26402.83984375,26458.849609375,26150.08984375
2022-05-20 00:00:00,26739.029296875,26769.19921875,26426.990234375
2022-05-23 00:00:00,27001.51953125,27047.470703125,26832.650390625
2022-05-24 00:00:00,26748.140625,27005.4296875,26736.009765625
2022-05-25 00:00:00,26677.80078125,26795.890625,26578.029296875
2022-05-26 00:00:00,26604.83984375,26898.75,26597.970703125
2022-05-27 00:00:00,26781.6796875,26996.69921875,26731.599609375
2022-05-30 00:00:00,27369.4296875,27401.240234375,27057.19921875
2022-05-31 00:00:00,27279.80078125,27463.330078125,27250.69921875
2022-06-01 00:00:00,27457.890625,27482.310546875,27295.419921875
2022-06-02 00:00:00,27413.880859375,27450.470703125,27251.240234375
2022-06-03 00:00:00,27761.5703125,27776.330078125,27614.859375
2022-06-06 00:00:00,27915.890625,27979.5390625,27523.94921875
2022-06-07 00:00:00,27943.94921875,28094.73046875,27863.380859375
2022-06-08 00:00:00,28234.2890625,28234.2890625,28089.779296875
2022-06-09 00:00:00,28246.529296875,28389.75,28189.349609375
2022-06-10 00:00:00,27824.2890625,28044.44921875,27795.169921875
2022-06-13 00:00:00,26987.439453125,27389.30078125,26948.220703125
2022-06-14 00:00:00,26629.859375,26657.919921875,26357.900390625
2022-06-15 00:00:00,26326.16015625,26638.759765625,26321.6796875
2022-06-16 00:00:00,26431.19921875,26947.69921875,26431.19921875
2022-06-17 00:00:00,25963.0,26072.349609375,25720.80078125
2022-06-20 00:00:00,25771.220703125,26156.619140625,25520.23046875
2022-06-21 00:00:00,26246.310546875,26418.83984375,25972.279296875
2022-06-22 00:00:00,26149.55078125,26462.830078125,26149.169921875
2022-06-23 00:00:00,26171.25,26401.970703125,26039.5703125
2022-06-24 00:00:00,26491.970703125,26519.16015625,26148.560546875
2022-06-27 00:00:00,26871.26953125,26938.4296875,26665.439453125
2022-06-28 00:00:00,27049.470703125,27062.310546875,26789.5
2022-06-29 00:00:00,26804.599609375,26858.6796875,26687.470703125
2022-06-30 00:00:00,26393.0390625,26753.279296875,26324.310546875
2022-07-01 00:00:00,25935.619140625,26531.240234375,25841.75
2022-07-04 00:00:00,26153.810546875,26258.859375,25945.830078125
2022-07-05 00:00:00,26423.470703125,26532.509765625,26294.83984375
2022-07-06 00:00:00,26107.650390625,26298.9609375,26051.189453125
2022-07-07 00:00:00,26490.529296875,26533.650390625,26136.990234375
2022-07-08 00:00:00,26517.189453125,26881.75,26510.529296875
2022-07-11 00:00:00,26812.30078125,27062.169921875,26710.58984375
2022-07-12 00:00:00,26336.66015625,26718.669921875,26278.279296875
2022-07-13 00:00:00,26478.76953125,26543.0703125,26389.099609375
2022-07-14 00:00:00,26643.390625,26713.0703125,26312.7890625
2022-07-15 00:00:00,26788.470703125,26857.76953125,26571.380859375
2022-07-19 00:00:00,26961.6796875,27043.580078125,26791.7109375
2022-07-20 00:00:00,27680.259765625,27692.849609375,27295.94921875
2022-07-21 00:00:00,27803.0,27803.0,27549.560546875
2022-07-22 00:00:00,27914.66015625,27952.25,27701.25
2022-07-25 00:00:00,27699.25,27848.58984375,27663.16015625
2022-07-26 00:00:00,27655.2109375,27715.779296875,27538.390625
2022-07-27 00:00:00,27715.75,27772.970703125,27525.08984375
2022-07-28 00:00:00,27815.48046875,28015.6796875,27651.990234375
2022-07-29 00:00:00,27801.640625,28001.80078125,27725.240234375
2022-08-01 00:00:00,27993.349609375,27993.349609375,27751.58984375
2022-08-02 00:00:00,27594.73046875,27830.580078125,27530.599609375
2022-08-03 00:00:00,27741.900390625,27837.630859375,27634.650390625
2022-08-04 00:00:00,27932.19921875,28005.58984375,27870.05078125
2022-08-05 00:00:00,28175.869140625,28190.0390625,27910.220703125
2022-08-08 00:00:00,28249.240234375,28279.119140625,28047.080078125
2022-08-09 00:00:00,27999.9609375,28257.33984375,27966.91015625
2022-08-10 00:00:00,27819.330078125,27964.9609375,27729.4609375
2022-08-12 00:00:00,28546.98046875,28546.98046875,28207.859375
2022-08-15 00:00:00,28871.779296875,28897.0703125,28623.779296875
2022-08-16 00:00:00,28868.91015625,28928.16015625,28752.880859375
2022-08-17 00:00:00,29222.76953125,29222.76953125,28944.7109375
2022-08-18 00:00:00,28942.140625,28999.640625,28846.51953125
2022-08-19 00:00:00,28930.330078125,29150.80078125,28913.05078125
2022-08-22 00:00:00,28794.5,28828.2109375,28586.359375
2022-08-23 00:00:00,28452.75,28580.19921875,28395.30078125
2022-08-24 00:00:00,28313.470703125,28515.609375,28282.2109375
2022-08-25 00:00:00,28479.009765625,28534.7109375,28357.029296875
2022-08-26 00:00:00,28641.380859375,28792.9296875,28608.69921875
2022-08-29 00:00:00,27878.9609375,28179.08984375,27788.119140625
2022-08-30 00:00:00,28195.580078125,28233.80078125,27944.25
2022-08-31 00:00:00,28091.529296875,28104.80078125,27906.169921875
2022-09-01 00:00:00,27661.470703125,27832.779296875,27589.69921875
2022-09-02 00:00:00,27650.83984375,27772.369140625,27570.740234375
2022-09-05 00:00:00,27619.609375,27673.439453125,27511.6796875
2022-09-06 00:00:00,27626.509765625,27813.779296875,27557.990234375
2022-09-07 00:00:00,27430.30078125,27546.009765625,27268.69921875
2022-09-08 00:00:00,28065.279296875,28083.7890625,27718.30078125
2022-09-09 00:00:00,28214.75,28286.01953125,28091.380859375
2022-09-12 00:00:00,28542.109375,28612.890625,28438.369140625
2022-09-13 00:00:00,28614.630859375,28659.759765625,28530.359375
2022-09-14 00:00:00,27818.619140625,28141.919921875,27795.640625
2022-09-15 00:00:00,27875.91015625,27946.19921875,27801.439453125
2022-09-16 00:00:00,27567.650390625,27654.990234375,27525.6796875
2022-09-20 00:00:00,27688.419921875,27907.44921875,27627.859375
2022-09-21 00:00:00,27313.130859375,27467.33984375,27297.5
2022-09-22 00:00:00,27153.830078125,27197.0703125,26955.1796875
2022-09-26 00:00:00,26431.55078125,26779.439453125,26424.599609375
2022-09-27 00:00:00,26571.869140625,26680.19921875,26523.76953125
2022-09-28 00:00:00,26173.98046875,26516.3203125,25938.359375
2022-09-29 00:00:00,26422.05078125,26458.669921875,26221.779296875
2022-09-30 00:00:00,25937.2109375,26273.650390625,25805.58984375
2022-10-03 00:00:00,26215.7890625,26223.83984375,25621.9609375
2022-10-04 00:00:00,26992.2109375,26994.439453125,26633.51953125
2022-10-05 00:00:00,27120.529296875,27216.80078125,27030.55078125
2022-10-06 00:00:00,27311.30078125,27399.189453125,27137.98046875
2022-10-07 00:00:00,27116.109375,27198.91015625,26921.900390625
2022-10-11 00:00:00,26401.25,26759.619140625,26369.560546875
2022-10-12 00:00:00,26396.830078125,26495.75,26313.41015625
2022-10-13 00:00:00,26237.419921875,26408.310546875,26237.419921875
2022-10-14 00:00:00,27090.759765625,27180.16015625,26595.349609375
2022-10-17 00:00:00,26775.7890625,26814.919921875,26649.130859375
2022-10-18 00:00:00,27156.140625,27229.880859375,26910.099609375
2022-10-19 00:00:00,27257.380859375,27371.380859375,27192.7890625
2022-10-20 00:00:00,27006.9609375,27092.55078125,26872.44921875
2022-10-21 00:00:00,26890.580078125,26985.380859375,26869.380859375
2022-10-24 00:00:00,26974.900390625,27308.970703125,26974.900390625
2022-10-25 00:00:00,27250.279296875,27337.80078125,27073.1796875
2022-10-26 00:00:00,27431.83984375,27578.05078125,27404.900390625
2022-10-27 00:00:00,27345.240234375,27450.259765625,27330.7890625
2022-10-28 00:00:00,27105.19921875,27265.4609375,26981.080078125
2022-10-31 00:00:00,27587.4609375,27602.990234375,27392.990234375
2022-11-01 00:00:00,27678.919921875,27682.970703125,27526.1796875
2022-11-02 00:00:00,27663.390625,27692.55078125,27546.880859375
2022-11-04 00:00:00,27199.740234375,27389.30078125,27032.01953125
2022-11-07 00:00:00,27527.640625,27578.009765625,27357.529296875
2022-11-08 00:00:00,27872.109375,27943.26953125,27704.640625
2022-11-09 00:00:00,27716.4296875,27926.51953125,27688.859375
2022-11-10 00:00:00,27446.099609375,27485.380859375,27370.619140625
2022-11-11 00:00:00,28263.5703125,28329.5390625,27837.08984375
2022-11-14 00:00:00,27963.470703125,28305.0390625,27963.470703125
2022-11-15 00:00:00,27990.169921875,28038.630859375,27903.26953125
2022-11-16 00:00:00,28028.30078125,28069.25,27743.150390625
2022-11-17 00:00:00,27930.5703125,28029.619140625,27910.009765625
2022-11-18 00:00:00,27899.76953125,28045.439453125,27877.779296875
2022-11-21 00:00:00,27944.7890625,28007.060546875,27846.30078125
2022-11-22 00:00:00,28115.740234375,28203.349609375,28038.16015625
2022-11-24 00:00:00,28383.08984375,28502.2890625,28363.66015625
2022-11-25 00:00:00,28283.029296875,28399.880859375,28263.599609375
2022-11-28 00:00:00,28162.830078125,28238.5,28046.3203125
2022-11-29 00:00:00,28027.83984375,28055.91015625,27899.98046875
2022-11-30 00:00:00,27968.990234375,27972.890625,27802.7109375
2022-12-01 00:00:00,28226.080078125,28423.4609375,28226.080078125
2022-12-02 00:00:00,27777.900390625,27983.1796875,27662.119140625
2022-12-05 00:00:00,27820.400390625,27854.109375,27700.859375
2022-12-06 00:00:00,27885.869140625,27934.0703125,27698.310546875
2022-12-07 00:00:00,27686.400390625,27786.25,27646.779296875
2022-12-08 00:00:00,27574.4296875,27643.640625,27415.66015625
2022-12-09 00:00:00,27901.009765625,27952.80078125,27633.9609375
2022-12-12 00:00:00,27842.330078125,27865.720703125,27734.66015625
2022-12-13 00:00:00,27954.849609375,28116.560546875,27907.490234375
2022-12-14 00:00:00,28156.2109375,28195.689453125,27993.779296875
2022-12-15 00:00:00,28051.69921875,28163.169921875,27987.5390625
2022-12-16 00:00:00,27527.119140625,27713.0390625,27488.830078125
2022-12-19 00:00:00,27237.640625,27349.580078125,27165.779296875
2022-12-20 00:00:00,26568.029296875,27339.490234375,26416.91015625
2022-12-21 00:00:00,26387.720703125,26616.279296875,26269.80078125
2022-12-22 00:00:00,26507.869140625,26585.279296875,26399.310546875
2022-12-23 00:00:00,26235.25,26291.98046875,26106.380859375
2022-12-26 00:00:00,26405.869140625,26438.650390625,26294.849609375
2022-12-27 00:00:00,26447.869140625,26620.490234375,26447.869140625
2022-12-28 00:00:00,26340.5,26354.26953125,26199.669921875
2022-12-29 00:00:00,26093.669921875,26126.69921875,25953.919921875
2022-12-30 00:00:00,26094.5,26321.369140625,26067.919921875
2023-01-04 00:00:00,25716.859375,25840.6796875,25661.890625
2023-01-05 00:00:00,25820.80078125,25947.099609375,25750.4609375
2023-01-06 00:00:00,25973.849609375,26034.060546875,25719.609375
2023-01-10 00:00:00,26175.560546875,26316.66015625,26132.80078125
2023-01-11 00:00:00,26446.0,26479.990234375,26332.05078125
2023-01-12 00:00:00,26449.8203125,26547.609375,26381.9296875
2023-01-13 00:00:00,26119.51953125,26409.2109375,26090.83984375
2023-01-16 00:00:00,25822.3203125,25938.0390625,25748.099609375
2023-01-17 00:00:00,26138.6796875,26198.689453125,25895.30078125
2023-01-18 00:00:00,26791.119140625,26816.6796875,26211.83984375
2023-01-19 00:00:00,26405.23046875,26592.869140625,26368.970703125
2023-01-20 00:00:00,26553.529296875,26553.529296875,26320.9609375
2023-01-23 00:00:00,26906.0390625,26938.279296875,26788.759765625
2023-01-24 00:00:00,27299.189453125,27381.0,27150.4296875
2023-01-25 00:00:00,27395.009765625,27473.900390625,27175.880859375
2023-01-26 00:00:00,27362.75,27502.150390625,27284.080078125
2023-01-27 00:00:00,27382.560546875,27452.669921875,27326.91015625
2023-01-30 00:00:00,27433.400390625,27486.419921875,27337.25
2023-01-31 00:00:00,27327.109375,27494.169921875,27302.220703125
2023-02-01 00:00:00,27346.880859375,27547.669921875,27322.7890625
2023-02-02 00:00:00,27402.05078125,27472.439453125,27338.4296875
2023-02-03 00:00:00,27509.4609375,27612.5703125,27445.689453125
2023-02-06 00:00:00,27693.650390625,27821.220703125,27656.470703125
2023-02-07 00:00:00,27685.470703125,27814.9609375,27662.109375
2023-02-08 00:00:00,27606.4609375,27719.44921875,27458.529296875
2023-02-09 00:00:00,27584.349609375,27635.380859375,27424.689453125
2023-02-10 00:00:00,27670.98046875,27814.01953125,27609.330078125
2023-02-13 00:00:00,27427.3203125,27570.3203125,27266.939453125
2023-02-14 00:00:00,27602.76953125,27721.8203125,27553.1796875
2023-02-15 00:00:00,27501.859375,27720.26953125,27444.130859375
2023-02-16 00:00:00,27696.439453125,27727.66015625,27597.119140625
2023-02-17 00:00:00,27513.130859375,27608.58984375,27466.609375
2023-02-20 00:00:00,27531.939453125,27531.939453125,27426.48046875
2023-02-21 00:00:00,27473.099609375,27538.2890625,27359.119140625
2023-02-22 00:00:00,27104.3203125,27300.529296875,27046.080078125
2023-02-24 00:00:00,27453.48046875,27465.900390625,27128.3203125
2023-02-27 00:00:00,27423.9609375,27456.220703125,27292.740234375
2023-02-28 00:00:00,27445.560546875,27585.169921875,27400.359375
2023-03-01 00:00:00,27516.529296875,27530.759765625,27305.369140625
2023-03-02 00:00:00,27498.869140625,27617.80078125,27408.5390625
2023-03-03 00:00:00,27927.470703125,27961.2109375,27655.33984375
2023-03-06 00:00:00,28237.779296875,28288.619140625,28153.8203125
2023-03-07 00:00:00,28309.16015625,28398.26953125,28202.58984375
2023-03-08 00:00:00,28444.189453125,28469.41015625,28232.6796875
2023-03-09 00:00:00,28623.150390625,28734.7890625,28558.880859375
2023-03-10 00:00:00,28143.970703125,28424.240234375,28118.740234375
2023-03-13 00:00:00,27832.9609375,27906.970703125,27631.529296875
2023-03-14 00:00:00,27222.0390625,27455.94921875,27104.75
2023-03-15 00:00:00,27229.48046875,27424.939453125,27105.990234375
2023-03-16 00:00:00,27010.609375,27057.5390625,26632.919921875
2023-03-17 00:00:00,27333.7890625,27356.150390625,27071.7109375
2023-03-20 00:00:00,26945.669921875,27367.1796875,26945.669921875
2023-03-22 00:00:00,27466.609375,27520.970703125,27267.259765625
2023-03-23 00:00:00,27419.609375,27461.970703125,27175.630859375
2023-03-24 00:00:00,27385.25,27397.2890625,27257.439453125
2023-03-27 00:00:00,27476.869140625,27543.48046875,27359.720703125
2023-03-28 00:00:00,27518.25,27603.44921875,27432.759765625
2023-03-29 00:00:00,27883.779296875,27897.720703125,27505.48046875
2023-03-30 00:00:00,27782.9296875,27876.380859375,27630.55078125
2023-03-31 00:00:00,28041.48046875,28124.619140625,27986.619140625
2023-04-03 00:00:00,28188.150390625,28258.91015625,28120.7109375
2023-04-04 00:00:00,28287.419921875,28287.419921875,28139.119140625
2023-04-05 00:00:00,27813.259765625,28133.5703125,27788.76953125
2023-04-06 00:00:00,27472.630859375,27609.859375,27427.66015625
2023-04-07 00:00:00,27518.310546875,27591.150390625,27456.25
2023-04-10 00:00:00,27633.66015625,27737.490234375,27597.1796875
2023-04-11 00:00:00,27923.369140625,28068.390625,27854.8203125
2023-04-12 00:00:00,28082.69921875,28121.4609375,27983.970703125
2023-04-13 00:00:00,28156.970703125,28163.869140625,27952.009765625
2023-04-14 00:00:00,28493.470703125,28515.509765625,28282.8203125
2023-04-17 00:00:00,28514.779296875,28599.75,28414.98046875
2023-04-18 00:00:00,28658.830078125,28698.220703125,28520.759765625
2023-04-19 00:00:00,28606.759765625,28677.220703125,28531.5390625
2023-04-20 00:00:00,28657.5703125,28694.25,28442.44921875
2023-04-21 00:00:00,28564.369140625,28778.369140625,28527.80078125
2023-04-24 00:00:00,28593.51953125,28680.650390625,28567.240234375
2023-04-25 00:00:00,28620.0703125,28806.689453125,28609.76953125
2023-04-26 00:00:00,28416.470703125,28551.609375,28319.76953125
2023-04-27 00:00:00,28457.6796875,28459.73046875,28241.669921875
2023-04-28 00:00:00,28856.439453125,28879.240234375,28499.509765625
2023-05-01 00:00:00,29123.1796875,29145.890625,29016.830078125
2023-05-02 00:00:00,29157.94921875,29278.80078125,29083.130859375
2023-05-08 00:00:00,28949.880859375,29144.119140625,28931.810546875
2023-05-09 00:00:00,29242.8203125,29262.359375,29020.630859375
2023-05-10 00:00:00,29122.1796875,29195.16015625,29070.109375
2023-05-11 00:00:00,29126.720703125,29165.58984375,29028.7109375
2023-05-12 00:00:00,29388.30078125,29426.060546875,29141.51953125
2023-05-15 00:00:00,29626.33984375,29629.470703125,29475.970703125
2023-05-16 00:00:00,29842.990234375,29916.560546875,29779.0703125
2023-05-17 00:00:00,30093.58984375,30115.3203125,29912.439453125
2023-05-18 00:00:00,30573.9296875,30667.130859375,30381.900390625
2023-05-19 00:00:00,30808.349609375,30924.5703125,30679.16015625
2023-05-22 00:00:00,31086.8203125,31086.8203125,30689.26953125
2023-05-23 00:00:00,30957.76953125,31352.529296875,30828.73046875
2023-05-24 00:00:00,30682.6796875,30856.919921875,30566.830078125
2023-05-25 00:00:00,30801.130859375,30889.98046875,30558.140625
2023-05-26 00:00:00,30916.310546875,31101.599609375,30864.490234375
2023-05-29 00:00:00,31233.5390625,31560.4296875,31164.0
2023-05-30 00:00:00,31328.16015625,31374.830078125,31064.189453125
2023-05-31 00:00:00,30887.880859375,31142.779296875,30785.98046875
2023-06-01 00:00:00,31148.009765625,31185.05078125,30853.439453125
2023-06-02 00:00:00,31524.220703125,31555.5390625,31257.009765625
2023-06-05 00:00:00,32217.4296875,32217.4296875,31798.720703125
2023-06-06 00:00:00,32506.779296875,32534.470703125,31933.869140625
2023-06-07 00:00:00,31913.740234375,32708.529296875,31913.740234375
2023-06-08 00:00:00,31641.26953125,32035.94921875,31420.44921875
2023-06-09 00:00:00,32265.169921875,32304.0390625,31898.75
2023-06-12 00:00:00,32434.0,32517.6796875,32280.5390625
2023-06-13 00:00:00,33018.6484375,33127.359375,32638.2109375
2023-06-14 00:00:00,33502.421875,33665.51953125,33203.94921875
2023-06-15 00:00:00,33485.48828125,33767.12890625,33386.01171875
2023-06-16 00:00:00,33706.078125,33772.76171875,33186.9296875
2023-06-19 00:00:00,33370.421875,33772.890625,33231.55859375
2023-06-20 00:00:00,33388.91015625,33474.73828125,33089.01953125
2023-06-21 00:00:00,33575.140625,33657.87109375,33154.6796875
2023-06-22 00:00:00,33264.87890625,33641.4609375,33232.19140625
2023-06-23 00:00:00,32781.5390625,33533.46875,32575.560546875
2023-06-26 00:00:00,32698.810546875,32884.73046875,32392.720703125
2023-06-27 00:00:00,32538.330078125,32689.099609375,32306.990234375
2023-06-28 00:00:00,33193.98828125,33193.98828125,32642.869140625
2023-06-29 00:00:00,33234.140625,33527.98046875,33185.19921875
2023-06-30 00:00:00,33189.0390625,33232.890625,32918.76953125
2023-07-03 00:00:00,33753.328125,33762.80859375,33510.55078125
2023-07-04 00:00:00,33422.51953125,33576.44921875,33338.78125
2023-07-05 00:00:00,33338.69921875,33389.21875,33041.140625
2023-07-06 00:00:00,32773.01953125,33079.44921875,32637.720703125
2023-07-07 00:00:00,32388.419921875,32730.25,32327.900390625
2023-07-10 00:00:00,32189.73046875,32558.98046875,32065.630859375
2023-07-11 00:00:00,32203.5703125,32468.69921875,32084.419921875
2023-07-12 00:00:00,31943.9296875,32312.029296875,31791.7109375
2023-07-13 00:00:00,32419.330078125,32484.400390625,31952.98046875
2023-07-14 00:00:00,32391.259765625,32780.62890625,32225.369140625
2023-07-18 00:00:00,32493.890625,32714.58984375,32338.30078125
2023-07-19 00:00:00,32896.03125,32896.03125,32671.029296875
2023-07-20 00:00:00,32490.51953125,32861.01953125,32462.859375
2023-07-21 00:00:00,32304.25,32462.439453125,32080.94921875
2023-07-24 00:00:00,32700.939453125,32793.76953125,32554.4609375
2023-07-25 00:00:00,32682.509765625,32715.560546875,32509.939453125
2023-07-26 00:00:00,32668.33984375,32724.25,32488.51953125
2023-07-27 00:00:00,32891.16015625,32938.58984375,32503.689453125
2023-07-28 00:00:00,32759.23046875,32846.96875,32037.55078125
2023-07-31 00:00:00,33172.21875,33402.078125,33025.9296875
2023-08-01 00:00:00,33476.578125,33488.76953125,33203.87890625
2023-08-02 00:00:00,32707.689453125,33158.578125,32628.2890625
2023-08-03 00:00:00,32159.279296875,32467.060546875,32142.25
2023-08-04 00:00:00,32192.75,32294.69921875,31934.349609375
2023-08-07 00:00:00,32254.560546875,32306.869140625,31830.23046875
2023-08-08 00:00:00,32377.2890625,32539.880859375,32238.58984375
2023-08-09 00:00:00,32204.330078125,32407.849609375,32175.640625
2023-08-10 00:00:00,32473.650390625,32504.849609375,32015.9609375
2023-08-14 00:00:00,32059.91015625,32613.990234375,32031.5390625
2023-08-15 00:00:00,32238.890625,32403.9296875,32217.51953125
2023-08-16 00:00:00,31766.8203125,31997.279296875,31766.8203125
2023-08-17 00:00:00,31626.0,31704.080078125,31309.6796875
2023-08-18 00:00:00,31450.759765625,31644.890625,31275.25
2023-08-21 00:00:00,31565.640625,31758.69921875,31409.859375
2023-08-22 00:00:00,31856.7109375,31906.099609375,31693.759765625
2023-08-23 00:00:00,32010.259765625,32039.599609375,31717.91015625
2023-08-24 00:00:00,32287.2109375,32297.91015625,32063.140625
2023-08-25 00:00:00,31624.279296875,31885.529296875,31572.060546875
2023-08-28 00:00:00,32169.990234375,32205.48046875,31881.9296875
2023-08-29 00:00:00,32226.970703125,32389.119140625,32186.5703125
2023-08-30 00:00:00,32333.4609375,32557.44921875,32300.560546875
2023-08-31 00:00:00,32619.33984375,32692.759765625,32359.150390625
2023-09-01 00:00:00,32710.619140625,32845.4609375,32499.439453125
2023-09-04 00:00:00,32939.1796875,32939.1796875,32714.939453125
2023-09-05 00:00:00,33036.76171875,33036.76171875,32784.3203125
2023-09-06 00:00:00,33241.01953125,33282.1484375,33088.21875
2023-09-07 00:00:00,32991.078125,33322.44921875,32986.3515625
2023-09-08 00:00:00,32606.83984375,32920.4296875,32512.80078125
2023-09-11 00:00:00,32467.759765625,32746.140625,32391.689453125
2023-09-12 00:00:00,32776.37109375,32799.69140625,32486.48046875
2023-09-13 00:00:00,32706.51953125,32872.44140625,32616.650390625
2023-09-14 00:00:00,33168.1015625,33244.44921875,32851.23828125
2023-09-15 00:00:00,33533.08984375,33634.30859375,33391.4609375
2023-09-19 00:00:00,33242.58984375,33337.23046875,33128.859375
2023-09-20 00:00:00,33023.78125,33267.140625,32988.6484375
2023-09-21 00:00:00,32571.029296875,32939.890625,32550.650390625
2023-09-22 00:00:00,32402.41015625,32535.669921875,32154.529296875
2023-09-25 00:00:00,32678.619140625,32722.220703125,32388.279296875
2023-09-26 00:00:00,32315.05078125,32643.41015625,32315.05078125
2023-09-27 00:00:00,32371.900390625,32371.900390625,31960.3203125
2023-09-28 00:00:00,31872.51953125,32164.44921875,31674.419921875
2023-09-29 00:00:00,31857.619140625,32027.4609375,31717.740234375
2023-10-02 00:00:00,31759.880859375,32401.580078125,31759.880859375
2023-10-03 00:00:00,31237.939453125,31607.970703125,31157.400390625
2023-10-04 00:00:00,30526.880859375,30830.849609375,30487.669921875
2023-10-05 00:00:00,31075.359375,31083.900390625,30565.3203125
2023-10-06 00:00:00,30994.669921875,31160.44921875,30928.16015625
2023-10-10 00:00:00,31746.529296875,31818.259765625,31314.669921875
2023-10-11 00:00:00,31936.509765625,32037.0703125,31804.08984375
2023-10-12 00:00:00,32494.66015625,32494.66015625,32120.939453125
2023-10-13 00:00:00,32315.990234375,32533.080078125,32249.029296875
2023-10-16 00:00:00,31659.029296875,31999.7890625,31564.310546875
2023-10-17 00:00:00,32040.2890625,32260.76953125,31901.390625
2023-10-18 00:00:00,32042.25,32101.470703125,31866.94921875
2023-10-19 00:00:00,31430.619140625,31669.419921875,31399.169921875
2023-10-20 00:00:00,31259.359375,31428.970703125,31093.900390625
2023-10-23 00:00:00,30999.55078125,31177.41015625,30974.259765625
2023-10-24 00:00:00,31062.349609375,31210.259765625,30551.669921875
2023-10-25 00:00:00,31269.919921875,31466.919921875,31195.580078125
2023-10-26 00:00:00,30601.779296875,30943.330078125,30567.609375
2023-10-27 00:00:00,30991.689453125,31081.48046875,30687.330078125
2023-10-30 00:00:00,30696.9609375,30762.5,30538.2890625
2023-10-31 00:00:00,30858.849609375,30973.66015625,30552.650390625
2023-11-01 00:00:00,31601.650390625,31601.650390625,31301.509765625
2023-11-02 00:00:00,31949.890625,32087.130859375,31878.359375
2023-11-06 00:00:00,32708.48046875,32766.5390625,32395.5
2023-11-07 00:00:00,32271.8203125,32591.109375,32250.9296875
2023-11-08 00:00:00,32166.48046875,32512.169921875,32049.33984375
2023-11-09 00:00:00,32646.4609375,32723.7109375,32193.19921875
2023-11-10 00:00:00,32568.109375,32598.9296875,32248.240234375
2023-11-13 00:00:00,32585.109375,32913.30859375,32499.279296875
2023-11-14 00:00:00,32695.9296875,32836.26953125,32667.400390625
2023-11-15 00:00:00,33519.69921875,33556.51953125,33096.9296875
2023-11-16 00:00:00,33424.41015625,33614.12890625,33233.83984375
2023-11-17 00:00:00,33585.19921875,33599.62890625,33263.671875
2023-11-20 00:00:00,33388.03125,33853.4609375,33352.69140625
2023-11-21 00:00:00,33354.140625,33460.3203125,33254.73046875
2023-11-22 00:00:00,33451.828125,33593.5,33182.98828125
2023-11-24 00:00:00,33625.53125,33817.859375,33622.5703125
2023-11-27 00:00:00,33447.671875,33811.41015625,33397.0390625
2023-11-28 00:00:00,33408.390625,33545.8515625,33298.0390625
2023-11-29 00:00:00,33321.21875,33516.23046875,33179.0703125
2023-11-30 00:00:00,33486.890625,33486.890625,33161.0703125
2023-12-01 00:00:00,33431.51171875,33551.5703125,33397.421875
2023-12-04 00:00:00,33231.26953125,33324.37890625,33023.0390625
2023-12-05 00:00:00,32775.8203125,33089.8203125,32726.6796875
2023-12-06 00:00:00,33445.8984375,33452.12890625,32914.08984375
2023-12-07 00:00:00,32858.30859375,33195.87109375,32814.69140625
2023-12-08 00:00:00,32307.859375,32604.349609375,32205.380859375
2023-12-11 00:00:00,32791.80078125,32933.078125,32650.099609375
2023-12-12 00:00:00,32843.69921875,33172.12890625,32800.23828125
2023-12-13 00:00:00,32926.3515625,33104.46875,32864.37890625
2023-12-14 00:00:00,32686.25,33120.55078125,32515.0390625
2023-12-15 00:00:00,32970.55078125,33122.328125,32732.66015625
2023-12-18 00:00:00,32758.98046875,32790.578125,32541.23046875
2023-12-19 00:00:00,33219.390625,33219.390625,32654.4296875
2023-12-20 00:00:00,33675.94140625,33824.05859375,33467.3203125
2023-12-21 00:00:00,33140.46875,33337.83984375,33097.7890625
2023-12-22 00:00:00,33169.05078125,33375.19140625,33151.69921875
2023-12-25 00:00:00,33254.03125,33414.51171875,33221.5703125
2023-12-26 00:00:00,33305.8515625,33312.26171875,33181.359375
2023-12-27 00:00:00,33681.23828125,33755.75,33521.51953125
2023-12-28 00:00:00,33539.62109375,33571.73046875,33411.23828125
2023-12-29 00:00:00,33464.171875,33652.7109375,33305.171875
2024-01-04 00:00:00,33288.2890625,33299.390625,32693.1796875
2024-01-05 00:00:00,33377.421875,33568.0390625,33257.4296875
2024-01-09 00:00:00,33763.1796875,33990.28125,33600.3203125
2024-01-10 00:00:00,34441.71875,34539.01953125,33885.73828125
2024-01-11 00:00:00,35049.859375,35157.55859375,34849.5703125
2024-01-12 00:00:00,35577.109375,35839.6484375,35362.23828125
2024-01-15 00:00:00,35901.7890625,36008.23046875,35544.3203125
2024-01-16 00:00:00,35619.1796875,35955.6796875,35587.53125
2024-01-17 00:00:00,35477.75,36239.21875,35476.51953125
2024-01-18 00:00:00,35466.171875,35728.08984375,35371.25
2024-01-19 00:00:00,35963.26953125,36076.23046875,35790.0703125
2024-01-22 00:00:00,36546.94921875,36571.80078125,36225.91015625
2024-01-23 00:00:00,36517.5703125,36984.51171875,36436.0703125
2024-01-24 00:00:00,36226.48046875,36471.390625,36104.890625
2024-01-25 00:00:00,36236.46875,36312.359375,35912.5390625
2024-01-26 00:00:00,35751.0703125,36060.3984375,35687.578125
2024-01-29 00:00:00,36026.94140625,36186.87109375,35813.76953125
2024-01-30 00:00:00,36065.859375,36249.03125,36039.30859375
2024-01-31 00:00:00,36286.7109375,36292.53125,35704.578125
2024-02-01 00:00:00,36011.4609375,36146.359375,35924.6015625
2024-02-02 00:00:00,36158.01953125,36441.08984375,36083.609375
2024-02-05 00:00:00,36354.16015625,36452.62109375,36213.0
2024-02-06 00:00:00,36160.66015625,36294.48046875,36065.98046875
2024-02-07 00:00:00,36119.921875,36195.5,35854.62890625
2024-02-08 00:00:00,36863.28125,36956.96875,36206.19921875
2024-02-09 00:00:00,36897.421875,37287.26171875,36807.03125
2024-02-13 00:00:00,37963.96875,38010.69140625,37184.1015625
2024-02-14 00:00:00,37703.3203125,37825.8515625,37594.46875
2024-02-15 00:00:00,38157.94140625,38188.73828125,37935.359375
2024-02-16 00:00:00,38487.23828125,38865.05859375,38361.55078125
2024-02-19 00:00:00,38470.37890625,38555.83984375,38281.69921875
2024-02-20 00:00:00,38363.609375,38742.328125,38288.0390625
2024-02-21 00:00:00,38262.16015625,38339.69921875,38095.1484375
2024-02-22 00:00:00,39098.6796875,39156.96875,38508.0703125
2024-02-26 00:00:00,39233.7109375,39388.078125,39181.03125
2024-02-27 00:00:00,39239.51953125,39426.2890625,39113.03125
2024-02-28 00:00:00,39208.03125,39283.94921875,39075.46875
2024-02-29 00:00:00,39166.19140625,39250.12109375,38876.80859375
2024-03-01 00:00:00,39910.8203125,39990.23046875,39224.640625
2024-03-04 00:00:00,40109.23046875,40314.640625,40001.55078125
2024-03-05 00:00:00,40097.62890625,40226.98828125,39840.33984375
2024-03-06 00:00:00,40090.78125,40147.76953125,39769.0390625
2024-03-07 00:00:00,39598.7109375,40472.109375,39518.3984375
2024-03-08 00:00:00,39688.94140625,39989.328125,39551.6015625
2024-03-11 00:00:00,38820.48828125,39241.28125,38496.66015625
2024-03-12 00:00:00,38797.51171875,38841.80078125,38271.37890625
2024-03-13 00:00:00,38695.96875,39147.80078125,38452.5703125
2024-03-14 00:00:00,38807.37890625,38840.328125,38400.171875
2024-03-15 00:00:00,38707.640625,38808.6796875,38519.94140625
2024-03-18 00:00:00,39740.44140625,39769.109375,38935.46875
2024-03-19 00:00:00,40003.6015625,40003.6015625,39407.5
2024-03-21 00:00:00,40815.66015625,40823.3203125,40452.19140625
2024-03-22 00:00:00,40888.4296875,41087.75,40714.140625
2024-03-25 00:00:00,40414.12109375,40837.1796875,40414.12109375
2024-03-26 00:00:00,40398.03125,40529.53125,40280.8515625
2024-03-27 00:00:00,40762.73046875,40979.359375,40452.2109375
2024-03-28 00:00:00,40168.0703125,40482.01953125,40054.05859375
2024-03-29 00:00:00,40369.44140625,40521.7109375,40268.109375
2024-04-01 00:00:00,39803.08984375,40697.21875,39706.44921875
2024-04-02 00:00:00,39838.91015625,40151.05078125,39707.87109375
2024-04-03 00:00:00,39451.8515625,39625.8984375,39217.0390625
2024-04-04 00:00:00,39773.140625,40243.01953125,39773.140625
2024-04-05 00:00:00,38992.078125,39274.76171875,38774.23828125
2024-04-08 00:00:00,39347.0390625,39617.359375,39197.0
2024-04-09 00:00:00,39773.12890625,39773.12890625,39476.12890625
2024-04-10 00:00:00,39581.80859375,39708.69921875,39510.48046875
2024-04-11 00:00:00,39442.62890625,39473.48046875,39065.30859375
2024-04-12 00:00:00,39523.55078125,39774.8203125,39457.73046875
2024-04-15 00:00:00,39232.80078125,39232.80078125,38820.94921875
2024-04-16 00:00:00,38471.19921875,38764.8203125,38322.3203125
2024-04-17 00:00:00,37961.80078125,38587.609375,37961.80078125
2024-04-18 00:00:00,38079.69921875,38216.75,37644.91015625
2024-04-19 00:00:00,37068.3515625,37749.48046875,36733.05859375
2024-04-22 00:00:00,37438.609375,37511.80078125,37052.62890625
2024-04-23 00:00:00,37552.16015625,37817.78125,37397.26953125
2024-04-24 00:00:00,38460.078125,38460.078125,37857.46875
2024-04-25 00:00:00,37628.48046875,38129.53125,37604.23046875
2024-04-26 00:00:00,37934.76171875,38097.5390625,37550.69921875
2024-04-30 00:00:00,38405.66015625,38608.171875,38182.109375
2024-05-01 00:00:00,38274.05078125,38433.33984375,38036.23828125
2024-05-02 00:00:00,38236.0703125,38355.6015625,37958.19140625
2024-05-07 00:00:00,38835.1015625,38863.140625,38541.96875
2024-05-08 00:00:00,38202.37109375,38749.3515625,38159.8515625
2024-05-09 00:00:00,38073.98046875,38429.80859375,38072.23828125
2024-05-10 00:00:00,38229.109375,38741.87890625,38126.91015625
2024-05-13 00:00:00,38179.4609375,38273.3984375,37969.578125
2024-05-14 00:00:00,38356.05859375,38477.6796875,38084.7109375
2024-05-15 00:00:00,38385.73046875,38816.6015625,38335.609375
2024-05-16 00:00:00,38920.26171875,38949.37890625,38513.328125
2024-05-17 00:00:00,38787.37890625,38842.48828125,38539.55859375
2024-05-20 00:00:00,39069.6796875,39437.16015625,38703.69921875
2024-05-21 00:00:00,38946.9296875,39346.1484375,38942.28125
2024-05-22 00:00:00,38617.1015625,38854.98828125,38592.94140625
2024-05-23 00:00:00,39103.21875,39129.46875,38617.4296875
2024-05-24 00:00:00,38646.109375,38740.8203125,38367.69921875
2024-05-27 00:00:00,38900.01953125,38900.01953125,38667.9296875
2024-05-28 00:00:00,38855.37109375,38981.96875,38756.12890625
2024-05-29 00:00:00,38556.87109375,39141.98828125,38524.23828125
2024-05-30 00:00:00,38054.12890625,38138.03125,37617.0
2024-05-31 00:00:00,38487.8984375,38526.9296875,38087.609375
2024-06-03 00:00:00,38923.03125,39032.5,38734.94921875
2024-06-04 00:00:00,38837.4609375,38895.05859375,38591.7890625
2024-06-05 00:00:00,38490.171875,38656.41015625,38343.98046875
2024-06-06 00:00:00,38703.51171875,39011.9296875,38693.5
2024-06-07 00:00:00,38683.9296875,38747.26953125,38560.8515625
2024-06-10 00:00:00,39038.16015625,39081.5390625,38689.78125
2024-06-11 00:00:00,39134.7890625,39336.66015625,39074.87890625
2024-06-12 00:00:00,38876.7109375,38945.98828125,38809.359375
2024-06-13 00:00:00,38720.46875,39252.44140625,38689.7890625
2024-06-14 00:00:00,38814.55859375,39025.69921875,38554.75
2024-06-17 00:00:00,38102.44140625,38442.69921875,37950.19921875
2024-06-18 00:00:00,38482.109375,38519.01953125,38332.890625
2024-06-19 00:00:00,38570.76171875,38797.96875,38453.41015625
2024-06-20 00:00:00,38633.01953125,38637.62109375,38263.078125
2024-06-21 00:00:00,38596.46875,38795.6796875,38532.12890625
2024-06-24 00:00:00,38804.6484375,38905.46875,38416.0703125
2024-06-25 00:00:00,39173.1484375,39215.0703125,38758.0703125
2024-06-26 00:00:00,39667.0703125,39788.62890625,39233.55859375
2024-06-27 00:00:00,39341.5390625,39439.23828125,39193.51171875
2024-06-28 00:00:00,39583.078125,39783.69921875,39485.73046875
2024-07-01 00:00:00,39631.05859375,39942.69140625,39537.1015625
2024-07-02 00:00:00,40074.69140625,40113.48046875,39457.62109375
2024-07-03 00:00:00,40580.76171875,40694.2109375,40172.8515625
2024-07-04 00:00:00,40913.6484375,40971.23046875,40604.1484375
2024-07-05 00:00:00,40912.37109375,41100.12890625,40746.890625
2024-07-08 00:00:00,40780.69921875,41112.23828125,40780.69921875
2024-07-09 00:00:00,41580.171875,41769.3515625,40942.44140625
2024-07-10 00:00:00,41831.98828125,41889.16015625,41430.37890625
2024-07-11 00:00:00,42224.01953125,42426.76953125,42102.4609375
2024-07-12 00:00:00,41190.6796875,41754.76171875,41188.2890625
2024-07-16 00:00:00,41275.078125,41520.0703125,41220.6484375
2024-07-17 00:00:00,41097.69140625,41466.44921875,41054.71875
2024-07-18 00:00:00,40126.3515625,40587.62890625,40104.21875
2024-07-19 00:00:00,40063.7890625,40212.8984375,39824.578125
2024-07-22 00:00:00,39599.0,39973.19921875,39519.390625
2024-07-23 00:00:00,39594.390625,39927.890625,39519.91015625
2024-07-24 00:00:00,39154.8515625,39643.26953125,39096.5
2024-07-25 00:00:00,37869.51171875,38557.7890625,37825.578125
2024-07-26 00:00:00,37667.41015625,38105.9609375,37611.19140625
2024-07-29 00:00:00,38468.62890625,38719.69921875,38010.01171875
2024-07-30 00:00:00,38525.94921875,38531.16015625,38076.69921875
2024-07-31 00:00:00,39101.8203125,39188.37109375,37954.37890625
2024-08-01 00:00:00,38126.328125,38781.55859375,37737.87890625
2024-08-02 00:00:00,35909.69921875,37471.51953125,35880.1484375
2024-08-05 00:00:00,31458.419921875,35301.1796875,31156.119140625
2024-08-06 00:00:00,34675.4609375,34911.80078125,32077.330078125
2024-08-07 00:00:00,35089.62109375,35849.76953125,33739.4609375
2024-08-08 00:00:00,34831.1484375,35379.6484375,34207.16015625
2024-08-09 00:00:00,35025.0,35671.30859375,34445.5703125
2024-08-13 00:00:00,36232.51171875,36232.51171875,35476.7890625
2024-08-14 00:00:00,36442.4296875,36683.890625,36074.7109375
2024-08-15 00:00:00,36726.640625,36885.16015625,36381.3984375
2024-08-16 00:00:00,38062.671875,38143.55078125,37304.9296875
2024-08-19 00:00:00,37388.62109375,38125.26953125,37318.0390625
2024-08-20 00:00:00,38062.921875,38236.390625,37738.30078125
2024-08-21 00:00:00,37951.80078125,38026.01953125,37605.828125
2024-08-22 00:00:00,38211.01171875,38408.19140625,37883.859375
2024-08-23 00:00:00,38364.26953125,38424.26953125,38053.46875
2024-08-26 00:00:00,38110.21875,38204.80859375,37825.30859375
2024-08-27 00:00:00,38288.62109375,38365.640625,37911.3203125
2024-08-28 00:00:00,38371.76171875,38399.91015625,38141.48828125
2024-08-29 00:00:00,38362.53125,38401.1484375,37970.19921875
2024-08-30 00:00:00,38647.75,38669.7890625,38316.87109375
2024-09-02 00:00:00,38700.87109375,39080.640625,38476.51171875
2024-09-03 00:00:00,38686.30859375,38967.55859375,38581.55078125
2024-09-04 00:00:00,37047.609375,38080.01953125,36879.328125
2024-09-05 00:00:00,36657.08984375,37099.9609375,36359.23046875
2024-09-06 00:00:00,36391.46875,36898.28125,36235.609375
2024-09-09 00:00:00,36215.75,36248.12109375,35247.87109375
2024-09-10 00:00:00,36159.16015625,36537.03125,36001.578125
2024-09-11 00:00:00,35619.76953125,36056.87109375,35253.4296875
2024-09-12 00:00:00,36833.26953125,36902.2109375,36172.26171875
2024-09-13 00:00:00,36581.76171875,36887.3984375,36441.33984375
2024-09-17 00:00:00,36203.21875,36663.1796875,35828.5390625
2024-09-18 00:00:00,36380.171875,36675.0703125,36127.44921875
2024-09-19 00:00:00,37155.328125,37394.51953125,36958.9296875
2024-09-20 00:00:00,37723.91015625,37974.71875,37654.109375
2024-09-24 00:00:00,37940.58984375,38427.1484375,37902.98828125
2024-09-25 00:00:00,37870.26171875,38109.23828125,37868.83984375
2024-09-26 00:00:00,38925.62890625,38925.62890625,38240.6484375
2024-09-27 00:00:00,39829.55859375,39829.55859375,38917.98046875
2024-09-30 00:00:00,37919.55078125,39126.359375,37797.91015625
2024-10-01 00:00:00,38651.96875,38718.12890625,38232.46875
2024-10-02 00:00:00,37808.76171875,38213.5390625,37651.0703125
2024-10-03 00:00:00,38552.05859375,38856.75,38457.62109375
2024-10-04 00:00:00,38635.62109375,38735.2890625,38501.8203125
2024-10-07 00:00:00,39332.73828125,39560.78125,39195.9296875
2024-10-08 00:00:00,38937.5390625,39117.08984375,38817.5390625
2024-10-09 00:00:00,39277.9609375,39456.28125,39115.62890625
2024-10-10 00:00:00,39380.890625,39616.58984375,39282.19140625
2024-10-11 00:00:00,39605.80078125,39668.9296875,39415.26171875
2024-10-15 00:00:00,39910.55078125,40257.33984375,39910.55078125
2024-10-16 00:00:00,39180.30078125,39362.62890625,39062.8515625
2024-10-17 00:00:00,38911.19140625,39299.73828125,38911.19140625
2024-10-18 00:00:00,38981.75,39186.640625,38893.51953125
2024-10-21 00:00:00,38954.6015625,39119.671875,38775.58984375
2024-10-22 00:00:00,38411.9609375,38995.03125,38200.8203125
2024-10-23 00:00:00,38104.859375,38514.328125,37987.62109375
2024-10-24 00:00:00,38143.2890625,38320.390625,37712.19140625
2024-10-25 00:00:00,37913.921875,38028.140625,37713.0
2024-10-28 00:00:00,38605.53125,38740.171875,37757.94921875
2024-10-29 00:00:00,38903.6796875,38903.6796875,38416.8515625
2024-10-30 00:00:00,39277.390625,39417.87890625,39094.30078125
2024-10-31 00:00:00,39081.25,39249.2109375,38832.2109375
2024-11-01 00:00:00,38053.671875,38512.828125,37946.66015625
2024-11-05 00:00:00,38474.8984375,38620.19140625,38159.73046875
2024-11-06 00:00:00,39480.671875,39664.53125,38662.171875
2024-11-07 00:00:00,39381.41015625,39884.01171875,39020.21875
2024-11-08 00:00:00,39500.37109375,39818.41015625,39377.87109375
2024-11-11 00:00:00,39533.3203125,39598.73828125,39315.609375
2024-11-12 00:00:00,39376.08984375,39866.71875,39137.890625
2024-11-13 00:00:00,38721.66015625,39377.23828125,38600.26171875
2024-11-14 00:00:00,38535.69921875,39084.44140625,38535.69921875
2024-11-15 00:00:00,38642.91015625,39101.640625,38642.91015625
2024-11-18 00:00:00,38220.8515625,38548.30078125,38150.390625
2024-11-19 00:00:00,38414.4296875,38560.1015625,38246.359375
2024-11-20 00:00:00,38352.33984375,38520.44921875,38180.1484375
2024-11-21 00:00:00,38026.171875,38374.69140625,37945.2109375
2024-11-22 00:00:00,38283.8515625,38420.62890625,38085.12890625
2024-11-25 00:00:00,38780.140625,39053.640625,38672.171875
2024-11-26 00:00:00,38442.0,38596.76171875,38020.078125
2024-11-27 00:00:00,38134.96875,38332.44921875,37988.98828125
2024-11-28 00:00:00,38349.05859375,38478.3203125,37801.62109375
2024-11-29 00:00:00,38208.03125,38270.05859375,37986.96875
2024-12-02 00:00:00,38513.01953125,38552.41015625,37958.55078125
2024-12-03 00:00:00,39248.859375,39427.37109375,38746.05078125
2024-12-04 00:00:00,39276.390625,39417.078125,39062.03125
2024-12-05 00:00:00,39395.6015625,39632.30078125,39323.0390625
2024-12-06 00:00:00,39091.171875,39468.46875,38940.44140625
2024-12-09 00:00:00,39160.5,39332.55078125,38972.78125
2024-12-10 00:00:00,39367.578125,39465.140625,39171.69140625
2024-12-11 00:00:00,39372.23046875,39401.9296875,39112.80078125
2024-12-12 00:00:00,39849.140625,40091.55078125,39827.58984375
2024-12-13 00:00:00,39470.44140625,39734.98828125,39247.41015625
2024-12-16 00:00:00,39457.48828125,39632.171875,39371.421875
2024-12-17 00:00:00,39364.6796875,39796.21875,39364.6796875
2024-12-18 00:00:00,39081.7109375,39382.69140625,39081.7109375
2024-12-19 00:00:00,38813.578125,38913.0703125,38355.51953125
2024-12-20 00:00:00,38701.8984375,39039.6796875,38701.8984375
2024-12-23 00:00:00,39161.33984375,39210.171875,38847.12890625
2024-12-24 00:00:00,39036.8515625,39245.75,38995.76171875
2024-12-25 00:00:00,39130.4296875,39180.58984375,38927.16015625
2024-12-26 00:00:00,39568.05859375,39592.28125,39110.921875
2024-12-27 00:00:00,40281.16015625,40398.23046875,39669.390625
2024-12-30 00:00:00,39894.5390625,40325.78125,39864.4609375
2025-01-06 00:00:00,39307.05078125,39993.5,39232.78125
2025-01-07 00:00:00,40083.30078125,40288.80078125,39584.359375
2025-01-08 00:00:00,39981.05859375,40105.71875,39705.80859375
2025-01-09 00:00:00,39605.08984375,39930.0703125,39385.05078125
2025-01-10 00:00:00,39190.3984375,39591.4609375,39166.05078125
2025-01-14 00:00:00,38474.30078125,39054.3515625,38305.91015625
2025-01-15 00:00:00,38444.578125,38774.98828125,38316.01171875
2025-01-16 00:00:00,38572.6015625,38932.5390625,38426.19921875
2025-01-17 00:00:00,38451.4609375,38503.94140625,38055.6796875
2025-01-20 00:00:00,38902.5,39032.9296875,38671.76953125
2025-01-21 00:00:00,39027.98046875,39238.2109375,38643.83984375
2025-01-22 00:00:00,39646.25,39694.5703125,39332.62890625
2025-01-23 00:00:00,39958.87109375,40036.0703125,39677.21875
2025-01-24 00:00:00,39931.98046875,40279.7890625,39806.69140625
2025-01-27 00:00:00,39565.80078125,40255.6796875,39520.7890625
2025-01-28 00:00:00,39016.87109375,39448.55078125,38886.05078125
2025-01-29 00:00:00,39414.78125,39448.23828125,39129.140625
2025-01-30 00:00:00,39513.96875,39600.9296875,39221.359375
2025-01-31 00:00:00,39572.48828125,39681.8203125,39458.94921875
2025-02-03 00:00:00,38520.08984375,38948.609375,38401.8203125
2025-02-04 00:00:00,38798.37109375,39192.51171875,38590.9609375
2025-02-05 00:00:00,38831.48046875,39118.94921875,38682.1796875
2025-02-06 00:00:00,39066.53125,39190.12890625,38851.51171875
2025-02-07 00:00:00,38787.01953125,39007.94140625,38753.19921875
2025-02-10 00:00:00,38801.171875,38895.73828125,38606.3203125
2025-02-12 00:00:00,38963.69921875,39102.6484375,38794.23828125
2025-02-13 00:00:00,39461.46875,39581.46875,39112.171875
2025-02-14 00:00:00,39149.4296875,39543.9296875,39133.94140625
2025-02-17 00:00:00,39174.25,39238.75,39021.23046875
2025-02-18 00:00:00,39270.3984375,39508.55078125,39151.7109375
2025-02-19 00:00:00,39164.609375,39298.05078125,38994.69921875
2025-02-20 00:00:00,38678.0390625,38967.01171875,38468.71875
2025-02-21 00:00:00,38776.94140625,38808.80859375,38456.53125
2025-02-25 00:00:00,38237.7890625,38485.94921875,38131.7890625
2025-02-26 00:00:00,38142.37109375,38175.23828125,37742.76171875
2025-02-27 00:00:00,38256.171875,38369.9609375,38061.94140625
2025-02-28 00:00:00,37155.5,37925.28125,36840.12109375
2025-03-03 00:00:00,37785.46875,37827.62109375,37372.26171875
2025-03-04 00:00:00,37331.1796875,37587.48828125,36816.16015625
2025-03-05 00:00:00,37418.23828125,37606.33984375,37178.71875
2025-03-06 00:00:00,37704.9296875,37874.37890625,37580.87890625
2025-03-07 00:00:00,36887.171875,37221.6484375,36813.62109375
2025-03-10 00:00:00,37028.26953125,37113.48046875,36705.01953125
2025-03-11 00:00:00,36793.109375,36793.109375,35987.12890625
2025-03-12 00:00:00,36819.08984375,36956.328125,36658.859375
2025-03-13 00:00:00,36790.03125,37326.26953125,36776.94140625
2025-03-14 00:00:00,37053.1015625,37154.390625,36594.0390625
2025-03-17 00:00:00,37396.51953125,37563.26953125,37377.55078125
2025-03-18 00:00:00,37845.421875,38004.19921875,37822.87109375
2025-03-19 00:00:00,37751.87890625,38128.578125,37751.87890625
2025-03-21 00:00:00,37677.05859375,37968.01953125,37619.37109375
2025-03-24 00:00:00,37608.48828125,37841.6796875,37608.48828125
2025-03-25 00:00:00,37780.5390625,38115.6484375,37686.26171875
2025-03-26 00:00:00,38027.2890625,38220.69140625,37873.28125
2025-03-27 00:00:00,37799.96875,37859.05859375,37556.75
2025-03-28 00:00:00,37120.328125,37359.94921875,36864.9296875
2025-03-31 00:00:00,35617.55859375,36440.1796875,35541.71875
2025-04-01 00:00:00,35624.48046875,36052.5390625,35537.859375
2025-04-02 00:00:00,35725.87109375,35778.8984375,35426.328125
2025-04-03 00:00:00,34735.9296875,35044.73046875,34102.0
2025-04-04 00:00:00,33780.578125,34320.109375,33259.76171875
2025-04-07 00:00:00,31136.580078125,33158.87109375,30792.740234375
2025-04-08 00:00:00,33012.578125,33257.16015625,31703.689453125
2025-04-09 00:00:00,31714.029296875,32565.83984375,31258.1796875
2025-04-10 00:00:00,34609.0,34639.390625,32320.66015625
2025-04-11 00:00:00,33585.578125,33953.2890625,32626.580078125
2025-04-14 00:00:00,33982.359375,34325.58984375,33887.69921875
2025-04-15 00:00:00,34267.5390625,34459.0,34266.30859375
2025-04-16 00:00:00,33920.3984375,34329.26953125,33658.46875
2025-04-17 00:00:00,34377.6015625,34379.12890625,33931.53125
2025-04-18 00:00:00,34730.28125,34758.96875,34224.5703125
2025-04-21 00:00:00,34279.921875,34610.6015625,34216.98046875
2025-04-22 00:00:00,34220.6015625,34340.5703125,34109.8515625
2025-04-23 00:00:00,34868.62890625,35142.12109375,34682.28125
2025-04-24 00:00:00,35039.1484375,35287.94921875,34960.6484375
2025-04-25 00:00:00,35705.73828125,35835.28125,35337.98046875
2025-04-28 00:00:00,35839.98828125,36075.26171875,35773.48828125
2025-04-30 00:00:00,36045.37890625,36056.51953125,35793.328125
2025-05-01 00:00:00,36452.30078125,36544.1484375,36040.05078125
2025-05-02 00:00:00,36830.69140625,36976.51171875,36606.578125
2025-05-07 00:00:00,36779.66015625,36942.37890625,36731.390625
2025-05-08 00:00:00,36928.62890625,36977.3515625,36606.7109375
2025-05-09 00:00:00,37503.328125,37557.41015625,37219.03125
2025-05-12 00:00:00,37644.26171875,37726.44140625,37417.390625
2025-05-13 00:00:00,38183.26171875,38494.05859375,38124.19921875
2025-05-14 00:00:00,38128.12890625,38325.87890625,37851.80078125
2025-05-15 00:00:00,37755.51171875,37876.83984375,37633.359375
2025-05-16 00:00:00,37753.71875,37786.4296875,37479.2109375
2025-05-19 00:00:00,37498.62890625,37656.23046875,37445.9296875
2025-05-20 00:00:00,37529.48828125,37921.80859375,37455.69921875
2025-05-21 00:00:00,37298.98046875,37659.94140625,37298.98046875
2025-05-22 00:00:00,36985.87109375,37100.44921875,36855.828125
2025-05-23 00:00:00,37160.46875,37373.91015625,37111.62890625
2025-05-26 00:00:00,37531.53125,37531.53125,37167.01171875
2025-05-27 00:00:00,37724.109375,37769.05078125,37411.6796875
2025-05-28 00:00:00,37722.3984375,38178.73046875,37709.7109375
2025-05-29 00:00:00,38432.98046875,38454.0703125,38035.3203125
2025-05-30 00:00:00,37965.1015625,38114.46875,37748.171875
2025-06-02 00:00:00,37470.671875,37651.1796875,37320.71875
2025-06-03 00:00:00,37446.80859375,37729.44921875,37446.80859375
2025-06-04 00:00:00,37747.44921875,37868.421875,37672.46875
2025-06-05 00:00:00,37554.48828125,37732.87890625,37527.87890625
2025-06-06 00:00:00,37741.609375,37756.1484375,37590.421875
2025-06-09 00:00:00,38088.5703125,38178.01171875,38018.21875
2025-06-10 00:00:00,38211.51171875,38495.69921875,38139.1015625
2025-06-11 00:00:00,38421.19140625,38529.640625,38288.28125
2025-06-12 00:00:00,38173.08984375,38407.5703125,38102.05078125
2025-06-13 00:00:00,37834.25,38141.58984375,37540.19921875
2025-06-16 00:00:00,38311.328125,38342.51953125,38055.51953125
2025-06-17 00:00:00,38536.73828125,38581.25,38333.3515625
2025-06-18 00:00:00,38885.1484375,38885.1484375,38364.16015625
2025-06-19 00:00:00,38488.33984375,38870.55078125,38488.33984375
2025-06-20 00:00:00,38403.23046875,38646.16015625,38362.5390625
2025-06-23 00:00:00,38354.08984375,38368.21875,38026.3203125
2025-06-24 00:00:00,38790.55859375,38990.109375,38665.609375
2025-06-25 00:00:00,38942.0703125,38944.76953125,38711.109375
2025-06-26 00:00:00,39584.578125,39615.58984375,39056.140625
2025-06-27 00:00:00,40150.7890625,40267.83984375,39847.30859375
2025-06-30 00:00:00,40487.390625,40852.5390625,40322.5390625
2025-07-01 00:00:00,39986.328125,40345.87109375,39885.37890625
2025-07-02 00:00:00,39762.48046875,39943.62109375,39444.69921875
2025-07-03 00:00:00,39785.8984375,39865.890625,39667.8203125
2025-07-04 00:00:00,39810.87890625,40012.66015625,39693.3984375
2025-07-07 00:00:00,39587.6796875,39829.37890625,39524.25
2025-07-08 00:00:00,39688.80859375,39816.26953125,39510.48046875
2025-07-09 00:00:00,39821.28125,39971.05859375,39573.33984375
2025-07-10 00:00:00,39646.359375,39795.75,39530.94921875
2025-07-11 00:00:00,39569.6796875,39957.80078125,39497.69921875
2025-07-14 00:00:00,39459.62109375,39608.01953125,39288.8984375
2025-07-15 00:00:00,39678.01953125,39678.01953125,39379.3203125
2025-07-16 00:00:00,39663.3984375,39923.609375,39520.9609375
2025-07-17 00:00:00,39901.19140625,39910.9609375,39370.4296875
2025-07-18 00:00:00,39819.109375,40087.58984375,39745.421875
2025-07-22 00:00:00,39774.921875,40275.890625,39586.53125
2025-07-23 00:00:00,41171.3203125,41342.58984375,40087.859375
2025-07-24 00:00:00,41826.33984375,42065.828125,41554.1796875
2025-07-25 00:00:00,41456.23046875,41773.69921875,41389.7890625
2025-07-28 00:00:00,40998.26953125,41534.2109375,40997.87109375
2025-07-29 00:00:00,40674.55078125,40792.8515625,40563.53125
2025-07-30 00:00:00,40654.69921875,40744.53125,40556.609375
2025-07-31 00:00:00,41069.8203125,41151.25,40639.3203125
2025-08-01 00:00:00,40799.6015625,41064.73046875,40588.171875
2025-08-04 00:00:00,40290.69921875,40332.25,39850.51953125
2025-08-05 00:00:00,40549.5390625,40649.37890625,40421.87890625
2025-08-06 00:00:00,40794.859375,40850.890625,40423.12890625
2025-08-07 00:00:00,41059.1484375,41164.109375,40668.19140625
2025-08-08 00:00:00,41820.48046875,42033.921875,41248.05078125
2025-08-12 00:00:00,42718.171875,42999.7109375,42083.578125
2025-08-13 00:00:00,43274.671875,43451.4609375,43008.19921875
2025-08-14 00:00:00,42649.26171875,43199.828125,42606.73046875
2025-08-15 00:00:00,43378.30859375,43405.4296875,42736.859375
2025-08-18 00:00:00,43714.30859375,43835.12109375,43390.21875
2025-08-19 00:00:00,43546.2890625,43876.421875,43411.96875
2025-08-20 00:00:00,42888.55078125,43425.78125,42724.1484375
2025-08-21 00:00:00,42610.171875,42926.109375,42564.30078125
2025-08-22 00:00:00,42633.2890625,42720.5703125,42331.390625
2025-08-25 00:00:00,42807.8203125,43201.421875,42681.37109375
2025-08-26 00:00:00,42394.3984375,42703.26953125,42137.62109375
2025-08-27 00:00:00,42520.26953125,42628.0390625,42270.1796875
2025-08-28 00:00:00,42828.7890625,42828.7890625,42299.7890625
2025-08-29 00:00:00,42718.46875,42807.03125,42611.30859375
2025-09-01 00:00:00,42188.7890625,42454.98828125,41835.171875
2025-09-02 00:00:00,42310.48828125,42473.671875,42084.78125
2025-09-03 00:00:00,41938.890625,42293.5390625,41863.19921875
2025-09-04 00:00:00,42580.26953125,42608.80078125,42066.58984375
2025-09-05 00:00:00,43018.75,43220.94140625,42783.5390625
2025-09-08 00:00:00,43643.80859375,43838.6015625,43343.578125
2025-09-09 00:00:00,43459.2890625,44185.73046875,43452.73828125
2025-09-10 00:00:00,43837.671875,43848.76953125,43509.01953125
2025-09-11 00:00:00,44372.5,44396.94921875,43870.5390625
2025-09-12 00:00:00,44768.12109375,44888.01953125,44548.5703125
2025-09-16 00:00:00,44902.26953125,45055.37890625,44616.3203125
2025-09-17 00:00:00,44790.37890625,45033.33984375,44612.0703125
2025-09-18 00:00:00,45303.4296875,45508.671875,44815.3984375
2025-09-19 00:00:00,45045.80859375,45852.75,44495.4609375
2025-09-22 00:00:00,45493.66015625,45757.73828125,45193.76953125
2025-09-24 00:00:00,45630.30859375,45693.28125,45205.46875
2025-09-25 00:00:00,45754.9296875,45824.69140625,45503.30859375
2025-09-26 00:00:00,45354.98828125,45766.76953125,45354.98828125
2025-09-29 00:00:00,45043.75,45152.69921875,44890.19921875
2025-09-30 00:00:00,44932.62890625,45126.23046875,44733.6015625
2025-10-01 00:00:00,44550.8515625,44874.421875,44357.6484375
2025-10-02 00:00:00,44936.73046875,45125.9609375,44659.21875
2025-10-03 00:00:00,45769.5,45778.66015625,45042.5390625
2025-10-06 00:00:00,47944.76171875,48150.0390625,46592.98828125
2025-10-07 00:00:00,47950.87890625,48527.328125,47904.37890625
2025-10-08 00:00:00,47734.98828125,48181.12109375,47728.26953125
2025-10-09 00:00:00,48580.44140625,48597.078125,47995.21875
2025-10-10 00:00:00,48088.80078125,48510.71875,47962.609375
2025-10-14 00:00:00,46847.3203125,47865.6484375,46544.05078125
2025-10-15 00:00:00,47672.671875,47774.828125,46910.828125
2025-10-16 00:00:00,48277.73828125,48317.33984375,47937.71875
2025-10-17 00:00:00,47582.1484375,48140.8984375,47494.30859375
2025-10-20 00:00:00,49185.5,49185.5,48254.828125
2025-10-21 00:00:00,49316.05859375,49945.94921875,49127.19921875
2025-10-22 00:00:00,49307.7890625,49458.28125,48613.69921875
2025-10-23 00:00:00,48641.609375,48866.578125,48399.05078125
2025-10-24 00:00:00,49299.6484375,49435.30859375,48965.78125
2025-10-27 00:00:00,50512.3203125,50549.6015625,49838.98046875
2025-10-28 00:00:00,50219.1796875,50485.80078125,50107.76953125
2025-10-29 00:00:00,51307.6484375,51412.96875,50365.62109375
2025-10-30 00:00:00,51325.609375,51657.28125,50972.55859375
2025-10-31 00:00:00,52411.33984375,52411.33984375,51613.03125
2025-11-04 00:00:00,51497.19921875,52636.87109375,51497.19921875
2025-11-05 00:00:00,50212.26953125,51422.421875,49073.578125
2025-11-06 00:00:00,50883.6796875,51248.28125,50594.19140625
2025-11-07 00:00:00,50276.37109375,50642.7890625,49640.55859375
2025-11-10 00:00:00,50911.76171875,50969.5,50392.44140625
2025-11-11 00:00:00,50842.9296875,51513.16015625,50581.171875
2025-11-12 00:00:00,51063.30859375,51072.26171875,50537.5
2025-11-13 00:00:00,51281.828125,51338.890625,50954.26953125
2025-11-14 00:00:00,50376.53125,50767.73828125,50246.6015625
2025-11-17 00:00:00,50323.91015625,50398.16015625,49845.859375
2025-11-18 00:00:00,48702.98046875,49971.55078125,48661.51953125
2025-11-19 00:00:00,48537.69921875,49087.109375,48235.30078125
2025-11-20 00:00:00,49823.94140625,50574.8203125,49113.390625
2025-11-21 00:00:00,48625.87890625,49459.58984375,48490.03125
2025-11-25 00:00:00,48659.51953125,49182.3203125,48511.94921875
2025-11-26 00:00:00,49559.0703125,49749.58984375,48964.19140625
2025-11-27 00:00:00,50167.1015625,50322.140625,49865.171875
2025-11-28 00:00:00,50253.91015625,50258.25,49989.5390625
2025-12-01 00:00:00,49303.28125,50366.73828125,49215.9609375
2025-12-02 00:00:00,49303.44921875,49636.7890625,49243.55078125
2025-12-03 00:00:00,49864.6796875,50138.6015625,49521.23046875
2025-12-04 00:00:00,51028.421875,51028.421875,49910.05859375
2025-12-05 00:00:00,50491.87109375,50634.8515625,50215.41015625
2025-12-08 00:00:00,50581.94140625,50678.05078125,50224.6484375
2025-12-09 00:00:00,50655.1015625,50793.69140625,50417.109375
2025-12-10 00:00:00,50602.80078125,51107.76953125,50329.26953125
2025-12-11 00:00:00,50148.8203125,50875.98046875,49926.26953125
2025-12-15 00:00:00,50168.109375,50432.1015625,49965.6796875
